__layer,CEP,COD_ID,PN_CON,lon,lat,DIST,PAC,RAMAL,UNI_TR_MT,CTMT,UNI_TR_AT,SUB,CONJ,MUN,CEG_GD,BRR,CLAS_SUB,CNAE,TIP_CC,FAS_CON,GRU_TEN,TEN_FORN,GRU_TAR,SIT_ATIV,DAT_CON,CAR_INST,LIV,ARE_LOC,TIP_SIST,ENE_01,ENE_02,ENE_03,ENE_04,ENE_05,ENE_06,ENE_07,ENE_08,ENE_09,ENE_10,ENE_11,ENE_12,DIC_01,DIC_02,DIC_03,DIC_04,DIC_05,DIC_06,DIC_07,DIC_08,DIC_09,DIC_10,DIC_11,DIC_12,FIC_01,FIC_02,FIC_03,FIC_04,FIC_05,FIC_06,FIC_07,FIC_08,FIC_09,FIC_10,FIC_11,FIC_12,SEMRED,DESCR
UCBT_tab,01310-200,cb742ca258e64d08c4d3613cecb76e064a42f05b76027629b391e5273f75fb20,1310750,,,390,33090569739342260L,12307295S1,14375157,AUG0202,DAUG-EQ-TR2,DAUG,16596,3550308, ,AV PAULISTA 1682 BELA VISTA,PP1,8411-6/00,SP-Tipo06,ABCN,BT,10,B3,DS,01/04/1981,1031.9,0,UB,RD_INTERLIG,61.0,36.0,100.0,85.512,100.0,100.0,100.0,100.0,100.0,100.0,100.0,100.01,0.0,0.0,0.0,0.0,0.0,0.0,0.29,0.0,0.0,0.0,0.0,0.0,0.0,0.0,0.0,0.0,0.0,0.0,2.0,0.0,0.0,0.0,0.0,0.0,0, 
UCBT_tab,01310-200,94c14263099d2bc90d7a2f966810d34e8822ba0ff0ac01a0a12b8aff8dc23802, ,,,390,33088242739344597L,12307182S1,14375010,AUG0201,DAUG-EQ-TR2,DAUG,16596,3550308, ,AV PAULISTA 1728 BELA VISTA,CO9,6499-9/99,COM-Tipo03,ABCN,BT,10,B3,DS,01/04/1986,39.0,0,UB,RD_INTERLIG,1515.2,1424.8,1979.342,1400.0,1549.6,1033.6,682.75,691.98,1293.6,1393.6,417.72,1256.04,0.0,0.0,0.0,0.0,0.0,0.0,0.31,0.0,0.0,0.0,0.0,0.0,0.0,0.0,0.0,0.0,0.0,0.0,2.0,0.0,0.0,0.0,0.0,0.0,0, 
UCBT_tab,01310-200,f7f98023b9c90ef530ef0f689be97b891a0c96928bcf47054db37ff30a9886fd, ,,,390,33088242739344597L,12307182S1,14375010,AUG0201,DAUG-EQ-TR2,DAUG,16596,3550308, ,AV PAULISTA 1728 BELA VISTA,CO1,6422-1/00,COM-Tipo05,ABCN,BT,10,B3,DS,01/02/1986,4.5,0,UB,RD_INTERLIG,3568.8,3297.6,2081.955,5529.6,3252.8,2539.2,2001.22,1676.28,2828.0,3379.2,1517.48,2867.31,0.0,0.0,0.0,0.0,0.0,0.0,0.31,0.0,0.0,0.0,0.0,0.0,0.0,0.0,0.0,0.0,0.0,0.0,2.0,0.0,0.0,0.0,0.0,0.0,0, 
UCBT_tab,01310-200,ee398297d83cefa66317b979d485347b3d9ae3384eae2ed0a6fa792fb75bbc01, ,,,390,33088242739344597L,12307182S1,14375010,AUG0201,DAUG-EQ-TR2,DAUG,16584,3550308, ,AV PAULISTA 1728 BELA VISTA,CO9,6421-2/00,COM-Tipo02,ABCN,BT,10,B3,AT,01/07/1986,39.0,0,UB,RD_INTERLIG,0.0,41.55,108.707,102.67,100.59,29.1,0.0,0.0,300.0,100.64,59.0,38.17,0.0,0.0,0.0,0.0,0.0,0.0,0.0,0.0,0.0,0.0,0.0,0.0,0.0,0.0,0.0,0.0,0.0,0.0,0.0,0.0,0.0,0.0,0.0,0.0,0, 
UCBT_tab,01310-200,c353fb4fb23ae0e4a1293dd398fc9fd0bb481b1fef18647c4de1f11be65b74ce, ,,,390,33088242739344597L,12307182S1,14375010,AUG0201,DAUG-EQ-TR2,DAUG,16596,3550308, ,AV PAULISTA 1728 BELA VISTA,CO1,6431-0/00,COM-Tipo01,ABCN,BT,10,B3,DS,01/01/1987,44.1,0,UB,RD_INTERLIG,17073.6,16943.2,20068.203,17316.0,20141.6,18082.4,15221.47,12116.06,18571.2,20610.4,10362.76,17145.79,0.0,0.0,0.0,0.0,0.0,0.0,0.31,0.0,0.0,0.0,0.0,0.0,0.0,0.0,0.0,0.0,0.0,0.0,2.0,0.0,0.0,0.0,0.0,0.0,0, 
UCBT_tab,01310-200,1cb769682d4ad3bef515c2616b3c31a8f5d55984e169d915bbed4bfc738b2cf8, ,,,390,33088242739344597L,12307182S1,14375010,AUG0201,DAUG-EQ-TR2,DAUG,16596,3550308, ,AV PAULISTA 1728 BELA VISTA,CO9,6421-2/00,COM-Tipo01,ABCN,BT,10,B3,DS,01/08/1984,380.0,0,UB,RD_INTERLIG,14132.0,13940.0,5865.835,0.0,39208.0,10620.0,8930.88,6975.96,12152.0,13636.0,6603.28,12791.25,0.0,0.0,0.0,0.0,0.0,0.0,0.31,0.0,0.0,0.0,0.0,0.0,0.0,0.0,0.0,0.0,0.0,0.0,2.0,0.0,0.0,0.0,0.0,0.0,0, 
UCBT_tab,01310-200,d003645f9261944884305b7a1deddf96a3270c147d46ac9a5ce3c6d0681c44ce,10971552,,,390,33085305739347489L,12307074S1,14374950,AUG0202,DAUG-EQ-TR2,DAUG,16596,3550308, ,AV PAULISTA 1754 BELA VISTA,RE1, ,RES-Tipo05,ABCN,BT,10,B1,DS,01/01/1985,39.0,0,UB,RD_INTERLIG,550.37,780.0,1080.0,740.0,760.0,320.0,240.0,400.0,620.0,700.0,460.0,796.15,0.0,0.0,0.0,0.0,0.0,0.0,0.29,0.0,0.0,0.0,0.0,0.0,0.0,0.0,0.0,0.0,0.0,0.0,2.0,0.0,0.0,0.0,0.0,0.0,0, 
UCBT_tab,01310-200,9f1e6892f59a581615adc7c6d6a21994e7fb454199244ddfa48b5ba30379f4fc,10971552,,,390,33085305739347489L,12307074S1,14374950,AUG0202,DAUG-EQ-TR2,DAUG,16596,3550308, ,AV PAULISTA 1754 BELA VISTA,RE1, ,RES-Tipo03,ABCN,BT,10,B1,DS,01/09/1983,7.5,0,UB,RD_INTERLIG,362.24,613.0,861.0,572.0,527.0,301.0,258.0,1287.0,100.0,100.0,352.0,667.99,0.0,0.0,0.0,0.0,0.0,0.0,0.29,0.0,0.0,0.0,0.0,0.0,0.0,0.0,0.0,0.0,0.0,0.0,2.0,0.0,0.0,0.0,0.0,0.0,0, 
UCBT_tab,01310-200,6241095e4bff1389202a178c4b1ed0b29f1ed5d3795439004cacd0a737c6164c,10971552,,,390,33085305739347489L,12307074S1,14374950,AUG0202,DAUG-EQ-TR2,DAUG,16596,3550308, ,AV PAULISTA 1754 BELA VISTA,CO1,6810-2/02,COM-Tipo02,ABN,BT,10,B3,DS,01/08/1984,0.8,0,UB,RD_INTERLIG,387.0,296.0,355.472,139.0,186.0,109.0,83.16,64.66,144.0,197.0,76.11,210.38,0.0,0.0,0.0,0.0,0.0,0.0,0.29,0.0,0.0,0.0,0.0,0.0,0.0,0.0,0.0,0.0,0.0,0.0,2.0,0.0,0.0,0.0,0.0,0.0,0, 
UCBT_tab,01310-200,ef96fbe11565d5e4f9778252c36c60ac7a4ea1b969edab3d8d5b7e8835c941e6,10971552,,,390,33085305739347489L,12307074S1,14374950,AUG0202,DAUG-EQ-TR2,DAUG,16596,3550308, ,AV PAULISTA 1754 BELA VISTA,CO1,4755-5/02,COM-Tipo02,ABCN,BT,10,B3,DS,01/05/1984,7.2,0,UB,RD_INTERLIG,719.0,746.0,716.38,526.0,559.0,238.0,181.44,132.37,399.0,609.0,264.32,257.24,0.0,0.0,0.0,0.0,0.0,0.0,0.29,0.0,0.0,0.0,0.0,0.0,0.0,0.0,0.0,0.0,0.0,0.0,2.0,0.0,0.0,0.0,0.0,0.0,0, 
UCBT_tab,01310-200,4586a4e46fa01442dfe6233a4d6612621c3254e04e3908bf6de2a0d88c54ff2f,10971552,,,390,33085305739347489L,12307074S1,14374950,AUG0202,DAUG-EQ-TR2,DAUG,16596,3550308, ,AV PAULISTA 1754 BELA VISTA,CO1,6810-2/02,COM-Tipo02,ABCN,BT,10,B3,DS,01/10/1984,4.5,0,UB,RD_INTERLIG,100.0,130.0,260.897,140.0,170.0,110.0,84.0,54.9,110.0,100.0,41.3,105.19,0.0,0.0,0.0,0.0,0.0,0.0,0.29,0.0,0.0,0.0,0.0,0.0,0.0,0.0,0.0,0.0,0.0,0.0,2.0,0.0,0.0,0.0,0.0,0.0,0, 
UCBT_tab,01310-200,63fb67f09131ff8658a533503d967b023f92689637b05e1e14b829105d7ef59c,10971552,,,390,33085305739347489L,12307074S1,14374950,AUG0202,DAUG-EQ-TR2,DAUG,16596,3550308, ,AV PAULISTA 1754 BELA VISTA,RE1, ,RES-Tipo01,ABCN,BT,10,B1,DS,01/09/1983,8.4,0,UB,RD_INTERLIG,71.54,126.0,325.0,65.0,81.0,59.0,64.0,73.0,137.0,145.0,77.0,368.94,0.0,0.0,0.0,0.0,0.0,0.0,0.29,0.0,0.0,0.0,0.0,0.0,0.0,0.0,0.0,0.0,0.0,0.0,2.0,0.0,0.0,0.0,0.0,0.0,0, 
UCBT_tab,01310-200,4645d333dfb2b0b3e4c95e706808819eb6f368b4ce79cecf3c6ce703ed1e4fdd,10971552,,,390,33085305739347489L,12307074S1,14374950,AUG0202,DAUG-EQ-TR2,DAUG,16596,3550308, ,AV PAULISTA 1754 BELA VISTA,RE1, ,RES-Tipo03,ABCN,BT,10,B1,DS,01/04/1984,5.6,0,UB,RD_INTERLIG,155.1,240.0,430.0,150.0,160.0,100.0,100.0,100.0,100.0,50.0,100.0,58.25,0.0,0.0,0.0,0.0,0.0,0.0,0.29,0.0,0.0,0.0,0.0,0.0,0.0,0.0,0.0,0.0,0.0,0.0,2.0,0.0,0.0,0.0,0.0,0.0,0, 
UCBT_tab,01310-200,7a7e0add0e4d4abd593b6b5c2390a8dc3f14d77128829223d4bf2da17a16f8a2,10971552,,,390,33085305739347489L,12307074S1,14374950,AUG0202,DAUG-EQ-TR2,DAUG,16596,3550308, ,AV PAULISTA 1754 BELA VISTA,CO9,6499-9/99,COM-Tipo02,ABCN,BT,10,B3,DS,01/11/1985,3.6,0,UB,RD_INTERLIG,880.0,589.0,1029.456,728.0,709.0,255.0,44.52,143.35,357.0,438.0,201.78,550.81,0.0,0.0,0.0,0.0,0.0,0.0,0.29,0.0,0.0,0.0,0.0,0.0,0.0,0.0,0.0,0.0,0.0,0.0,2.0,0.0,0.0,0.0,0.0,0.0,0, 
UCBT_tab,01310-200,f2cccd8ce5f5164411fc0c67d0325b386e0a463eb9066591154f44e45e2a2e17,10971552,,,390,33085305739347489L,12307074S1,14374950,AUG0202,DAUG-EQ-TR2,DAUG,16584,3550308, ,AV PAULISTA 1754 BELA VISTA,CO1,7210-0/00,COM-Tipo01,ABC,BT,10,B3,AT,01/12/1985,3.6,0,UB,RD_INTERLIG,0.0,0.0,0.0,0.0,0.0,0.0,42.0,30.5,170.0,240.0,100.3,181.69,0.0,0.0,0.0,0.0,0.0,0.0,0.0,0.0,0.0,0.0,0.0,0.0,0.0,0.0,0.0,0.0,0.0,0.0,0.0,0.0,0.0,0.0,0.0,0.0,0, 
UCBT_tab,01310-200,74820093d7b76d54f3ee7676be3b30095aff5e9cab946eae60aaad6d423996f9,10971552,,,390,33085305739347489L,12307074S1,14374950,AUG0202,DAUG-EQ-TR2,DAUG,16596,3550308, ,AV PAULISTA 1754 BELA VISTA,CO9,6499-9/99,COM-Tipo02,ABCN,BT,10,B3,DS,01/11/1985,5.6,0,UB,RD_INTERLIG,100.0,76.0,108.707,100.0,91.8,100.0,84.0,60.51,88.8,106.4,54.16,87.02,0.0,0.0,0.0,0.0,0.0,0.0,0.29,0.0,0.0,0.0,0.0,0.0,0.0,0.0,0.0,0.0,0.0,0.0,2.0,0.0,0.0,0.0,0.0,0.0,0, 
UCBT_tab,01310-200,ff115981cf79ed22d252a9389580a992bb60e97feb5a7daab2bcc7434d484989,10971552,,,390,33085305739347489L,12307074S1,14374950,AUG0202,DAUG-EQ-TR2,DAUG,16596,3550308, ,AV PAULISTA 1754 BELA VISTA,RE1, ,RES-Tipo02,ABCN,BT,10,B1,DS,01/01/1980,3.1,0,UB,RD_INTERLIG,65.04,130.0,160.0,160.0,140.0,140.0,130.0,140.0,160.0,160.0,140.0,145.63,0.0,0.0,0.0,0.0,0.0,0.0,0.29,0.0,0.0,0.0,0.0,0.0,0.0,0.0,0.0,0.0,0.0,0.0,2.0,0.0,0.0,0.0,0.0,0.0,0, 
UCBT_tab,01310-200,fa1a73d918a2bc4a79ff389f9a4b02157b1706856073c0ba578dc0b8a8d0a747,10971552,,,390,33085305739347489L,12307074S1,14374950,AUG0202,DAUG-EQ-TR2,DAUG,16596,3550308, ,AV PAULISTA 1754 BELA VISTA,RE1, ,RES-Tipo04,ABCN,BT,10,B1,DS,01/01/1980,3.1,0,UB,RD_INTERLIG,240.16,470.0,0.0,50.0,1360.0,50.0,20.0,10.0,180.0,420.0,330.0,582.55,0.0,0.0,0.0,0.0,0.0,0.0,0.29,0.0,0.0,0.0,0.0,0.0,0.0,0.0,0.0,0.0,0.0,0.0,2.0,0.0,0.0,0.0,0.0,0.0,0, 
UCBT_tab,01310-200,4967255f7d5cac17d34f17009154d7c4007a314831560beac53611b71fb6b6a3,10971552,,,390,33085305739347489L,12307074S1,14374950,AUG0202,DAUG-EQ-TR2,DAUG,16596,3550308, ,AV PAULISTA 1754 BELA VISTA,RE1, ,RES-Tipo01,ABN,BT,10,B1,DS,01/08/1985,5.6,0,UB,RD_INTERLIG,25.01,70.0,0.0,50.0,50.0,60.0,60.0,60.0,60.0,130.0,50.0,97.09,0.0,0.0,0.0,0.0,0.0,0.0,0.29,0.0,0.0,0.0,0.0,0.0,0.0,0.0,0.0,0.0,0.0,0.0,2.0,0.0,0.0,0.0,0.0,0.0,0, 
UCBT_tab,01310-200,8b2473afe748726f4af618f7f5ef745437317d634952b51fca754ddf4256ec42,10971552,,,390,33085305739347489L,12307074S1,14374950,AUG0202,DAUG-EQ-TR2,DAUG,16596,3550308, ,AV PAULISTA 1754 BELA VISTA,RE1, ,RES-Tipo01,ABN,BT,10,B1,DS,01/01/1980,3.1,0,UB,RD_INTERLIG,5.0,50.0,50.0,10.0,10.0,10.0,10.0,10.0,10.0,50.0,10.0,48.54,0.0,0.0,0.0,0.0,0.0,0.0,0.29,0.0,0.0,0.0,0.0,0.0,0.0,0.0,0.0,0.0,0.0,0.0,2.0,0.0,0.0,0.0,0.0,0.0,0, 
UCBT_tab,01310-200,dca31318d2039b1235befc60a1c5e3256f0b61ddecd2308767b469602d5174ba,10971552,,,390,33085305739347489L,12307074S1,14374950,AUG0202,DAUG-EQ-TR2,DAUG,16596,3550308, ,AV PAULISTA 1754 BELA VISTA,CO9,9420-1/00,COM-Tipo02,ABCN,BT,10,B3,DS,01/09/1983,3.6,0,UB,RD_INTERLIG,50.0,40.0,54.354,50.0,40.0,50.0,42.0,30.5,50.0,40.0,23.6,38.25,0.0,0.0,0.0,0.0,0.0,0.0,0.29,0.0,0.0,0.0,0.0,0.0,0.0,0.0,0.0,0.0,0.0,0.0,2.0,0.0,0.0,0.0,0.0,0.0,0, 
UCBT_tab,01310-200,b5e43500eac1ee85e27d294e971eae77fa9a3237837168b3f5085f85d8d986e3,10971552,,,390,33085305739347489L,12307074S1,14374950,AUG0202,DAUG-EQ-TR2,DAUG,16596,3550308, ,AV PAULISTA 1754 BELA VISTA,CO9,8211-3/00,COM-Tipo02,ABCN,BT,10,B3,DS,01/09/1984,5.6,0,UB,RD_INTERLIG,100.0,100.0,108.707,40.0,50.0,100.0,84.0,61.0,100.0,50.0,59.0,38.25,0.0,0.0,0.0,0.0,0.0,0.0,0.29,0.0,0.0,0.0,0.0,0.0,0.0,0.0,0.0,0.0,0.0,0.0,2.0,0.0,0.0,0.0,0.0,0.0,0, 
UCBT_tab,01310-200,e2c17f08a625ef97b88238c173ae2762159c34e5c4ab22a70f0edf52c410cc80,10971552,,,390,33085305739347489L,12307074S1,14374950,AUG0202,DAUG-EQ-TR2,DAUG,16596,3550308, ,AV PAULISTA 1754 BELA VISTA,CO1,4691-5/00,COM-Tipo02,ABCN,BT,10,B3,DS,01/05/1986,4.4,0,UB,RD_INTERLIG,177.0,203.0,335.905,87.0,60.0,62.0,63.0,45.75,102.0,129.0,74.93,97.54,0.0,0.0,0.0,0.0,0.0,0.0,0.29,0.0,0.0,0.0,0.0,0.0,0.0,0.0,0.0,0.0,0.0,0.0,2.0,0.0,0.0,0.0,0.0,0.0,0, 
UCBT_tab,01310-200,8bb67bc7be4cf6ce9e361e30fe8fa8a6eb5965376fe477abe4d4f0d6ba1e54ee,10971552,,,390,33085305739347489L,12307074S1,14374950,AUG0202,DAUG-EQ-TR2,DAUG,16596,3550308, ,AV PAULISTA 1754 BELA VISTA,RE1, ,RES-Tipo02,ABN,BT,10,B1,DS,01/06/1985,3.6,0,UB,RD_INTERLIG,65.04,140.0,130.0,100.0,100.0,120.0,120.0,130.0,170.0,200.0,180.0,184.47,0.0,0.0,0.0,0.0,0.0,0.0,0.29,0.0,0.0,0.0,0.0,0.0,0.0,0.0,0.0,0.0,0.0,0.0,2.0,0.0,0.0,0.0,0.0,0.0,0, 
UCBT_tab,01310-200,c25dd3be848f3687ef465a45f573e8e9c08bde181ce954bc0990ed568e552638,10971552,,,390,33085305739347489L,12307074S1,14374950,AUG0202,DAUG-EQ-TR2,DAUG,16596,3550308, ,AV PAULISTA 1754 BELA VISTA,CO9,6499-9/99,COM-Tipo03,ABCN,BT,10,B3,DS,01/09/1983,17.3,0,UB,RD_INTERLIG,757.0,788.0,1059.894,448.0,639.0,193.0,191.52,101.26,215.0,468.0,187.03,824.31,0.0,0.0,0.0,0.0,0.0,0.0,0.29,0.0,0.0,0.0,0.0,0.0,0.0,0.0,0.0,0.0,0.0,0.0,2.0,0.0,0.0,0.0,0.0,0.0,0, 
UCBT_tab,01310-200,6c7ca9078c9fb3d8be7c06252dbcf40842f1494a744b963197b61abdff07dfc0,10971552,,,390,33085305739347489L,12307074S1,14374950,AUG0202,DAUG-EQ-TR2,DAUG,16596,3550308, ,AV PAULISTA 1754 BELA VISTA,CO9,6499-9/99,COM-Tipo03,ABCN,BT,10,B3,DS,01/09/1983,17.3,0,UB,RD_INTERLIG,1414.0,1128.0,1801.277,652.0,1133.0,461.0,412.44,236.68,505.0,540.0,171.1,817.62,0.0,0.0,0.0,0.0,0.0,0.0,0.29,0.0,0.0,0.0,0.0,0.0,0.0,0.0,0.0,0.0,0.0,0.0,2.0,0.0,0.0,0.0,0.0,0.0,0, 
UCBT_tab,01310-200,fe2ae972e9c9b2397b2333bae3bce344bfab7648ef33c416b3889379e01e51e9,10971552,,,390,33085305739347489L,12307074S1,14374950,AUG0202,DAUG-EQ-TR2,DAUG,16596,3550308, ,AV PAULISTA 1754 BELA VISTA,IN,2099-1/99,IND-Tipo01,ABCN,BT,10,B3,DS,01/02/1985,17.3,0,UB,RD_INTERLIG,81.0,34.0,103.0,33.0,60.0,271.0,80.0,48.0,6.0,3.0,100.0,15.37,0.0,0.0,0.0,0.0,0.0,0.0,0.29,0.0,0.0,0.0,0.0,0.0,0.0,0.0,0.0,0.0,0.0,0.0,2.0,0.0,0.0,0.0,0.0,0.0,0, 
UCBT_tab,01310-200,c3525eed9e2e3aa482569e129902e2919803eb2565b3dcc19f0651e62fe64091,10971552,,,390,33085305739347489L,12307074S1,14374950,AUG0202,DAUG-EQ-TR2,DAUG,16596,3550308, ,AV PAULISTA 1754 BELA VISTA,CO9,4691-5/00,COM-Tipo03,ABCN,BT,10,B3,DS,01/04/1984,17.3,0,UB,RD_INTERLIG,1388.0,1543.0,2033.91,822.0,802.0,682.0,725.76,639.28,892.0,910.0,368.16,811.88,0.0,0.0,0.0,0.0,0.0,0.0,0.29,0.0,0.0,0.0,0.0,0.0,0.0,0.0,0.0,0.0,0.0,0.0,2.0,0.0,0.0,0.0,0.0,0.0,0, 
UCBT_tab,01310-200,f66fe8ab207d3eea4353771d912b63b1b4e436d742cc0fefacb556c7f3ad02d6,10971552,,,390,33085305739347489L,12307074S1,14374950,AUG0202,DAUG-EQ-TR2,DAUG,16596,3550308, ,AV PAULISTA 1754 BELA VISTA,CO1,8610-1/01,COM-Tipo05,ABN,BT,10,B3,DS,01/02/1985,10.4,0,UB,RD_INTERLIG,2413.0,2512.0,3431.883,2170.0,2298.0,1240.0,986.16,813.74,1546.0,1862.0,855.5,2020.62,0.0,0.0,0.0,0.0,0.0,0.0,0.29,0.0,0.0,0.0,0.0,0.0,0.0,0.0,0.0,0.0,0.0,0.0,2.0,0.0,0.0,0.0,0.0,0.0,0, 
UCBT_tab,01310-200,d65e5034478e5b31d857e78d76c4e1b12222797c21854655c637d7d16e482af1,10971552,,,390,33085305739347489L,12307074S1,14374950,AUG0202,DAUG-EQ-TR2,DAUG,16596,3550308, ,AV PAULISTA 1754 BELA VISTA,CO1,6810-2/02,COM-Tipo03,ABCN,BT,10,B3,DS,01/03/1984,17.3,0,UB,RD_INTERLIG,6.0,100.0,0.0,100.0,100.0,100.0,84.0,61.0,100.0,100.0,59.0,19.12,0.0,0.0,0.0,0.0,0.0,0.0,0.29,0.0,0.0,0.0,0.0,0.0,0.0,0.0,0.0,0.0,0.0,0.0,2.0,0.0,0.0,0.0,0.0,0.0,0, 
UCBT_tab,01310-200,1c1d736f8b8c2685fd9ea29c4266ea3a8eb0be9e1d8410788f44022ecf8de4ea,10971552,,,390,33085305739347489L,12307074S1,14374950,AUG0202,DAUG-EQ-TR2,DAUG,16596,3550308, ,AV PAULISTA 1754 BELA VISTA,CO9,6399-2/00,COM-Tipo05,ABCN,BT,10,B3,DS,01/02/1985,51.6,0,UB,RD_INTERLIG,4360.0,2080.0,6826.806,3080.0,3640.0,1840.0,22915.2,1293.2,2200.0,3040.0,1439.6,3021.85,0.0,0.0,0.0,0.0,0.0,0.0,0.29,0.0,0.0,0.0,0.0,0.0,0.0,0.0,0.0,0.0,0.0,0.0,2.0,0.0,0.0,0.0,0.0,0.0,0, 
UCBT_tab,01310-200,18cb0c08db61254c71c011d0712ccf141cbcbef08318b686ef48b36bb827fb00,10971552,,,390,33085305739347489L,12307074S1,14374950,AUG0202,DAUG-EQ-TR2,DAUG,16596,3550308, ,AV PAULISTA 1754 BELA VISTA,CO1,6209-1/00,COM-Tipo05,ABCN,BT,10,B3,DS,01/10/1989,18.8,0,UB,RD_INTERLIG,3211.0,3280.0,4109.128,2847.0,3157.0,2388.0,2086.56,2216.13,4414.0,4868.0,2616.65,4463.93,0.0,0.0,0.0,0.0,0.0,0.0,0.29,0.0,0.0,0.0,0.0,0.0,0.0,0.0,0.0,0.0,0.0,0.0,2.0,0.0,0.0,0.0,0.0,0.0,0, 
UCBT_tab,01310-200,f7b025fdb17bfabfb055e5ec783c900b777b73f7d0c4966de958dae45e76fa5b,10971552,,,390,33085305739347489L,12307074S1,14374950,AUG0202,DAUG-EQ-TR2,DAUG,16596,3550308, ,AV PAULISTA 1754 BELA VISTA,CO9,4619-2/00,COM-Tipo02,ABCN,BT,10,B3,DS,01/01/1989,5.6,0,UB,RD_INTERLIG,530.0,460.0,641.372,380.0,390.0,190.0,84.0,213.5,260.0,340.0,177.0,420.76,0.0,0.0,0.0,0.0,0.0,0.0,0.29,0.0,0.0,0.0,0.0,0.0,0.0,0.0,0.0,0.0,0.0,0.0,2.0,0.0,0.0,0.0,0.0,0.0,0, 
UCBT_tab,01310-200,590cf565083d0a58679a71a19a0508bc0a64b02050470fb3f5ccb0934913346c,10971520,,,390,33083328739348867L,12307012S1,14374917,AUG0202,DAUG-EQ-TR2,DAUG,16596,3550308, ,AV PAULISTA 1776 BELA VISTA,CO1,7911-2/00,COM-Tipo03,ABCN,BT,10,B3,DS,01/01/1979,18.1,0,UB,RD_INTERLIG,1100.0,904.0,0.0,943.0,584.0,432.0,297.36,257.42,340.0,383.0,207.68,218.03,0.0,0.0,0.0,0.0,0.0,0.0,0.29,0.0,0.0,0.0,0.0,0.0,0.0,0.0,0.0,0.0,0.0,0.0,2.0,0.0,0.0,0.0,0.0,0.0,0, 
UCBT_tab,01310-200,c6fffb8af5e95cb944fa4a81806737586248306d6205c94f032d62407e058eea,10971520,,,390,33083328739348867L,12307012S1,14374917,AUG0202,DAUG-EQ-TR2,DAUG,16596,3550308, ,AV PAULISTA 1776 BELA VISTA,CO1,5250-8/03,COM-Tipo03,ABCN,BT,10,B3,DS,01/04/1974,41.0,0,UB,RD_INTERLIG,976.0,1005.0,0.0,904.0,1082.0,893.0,734.16,560.59,964.0,1065.0,512.71,837.7,0.0,0.0,0.0,0.0,0.0,0.0,0.29,0.0,0.0,0.0,0.0,0.0,0.0,0.0,0.0,0.0,0.0,0.0,2.0,0.0,0.0,0.0,0.0,0.0,0, 
UCBT_tab,01310-200,4f87078bf186a1c9a46c3a07cdbcf36ae1037da98e7b7f27ec2e4393c113e83e,1310571,,,390,33084775739339765L,12307084S1,14375004,IBP0201,DIBP-EQ-TR1,DIBP,16584,3550308, ,AV PAULISTA 1776 BELA VISTA,CO1,7020-4/00,RES-Tipo01,ABN,BT,10,B3,AT,01/01/1974,5.2,0,UB,RD_INTERLIG,105.0,105.0,0.0,268.0,71.0,92.0,68.88,50.02,77.0,0.0,47.79,125.27,0.0,0.0,0.0,0.0,0.0,0.0,0.0,0.0,0.0,0.0,0.0,0.0,0.0,0.0,0.0,0.0,0.0,0.0,0.0,0.0,0.0,0.0,0.0,0.0,0, 
UCBT_tab,01310-200,32a12e52430b08a1e4630ef0ff23dbbefbcd31b2159eef6bd736bee9c5c33b30,10971520,,,390,33083328739348867L,12307012S1,14374917,AUG0202,DAUG-EQ-TR2,DAUG,16596,3550308, ,AV PAULISTA 1776 BELA VISTA,CO1,6619-3/02,COM-Tipo03,ABC,BT,10,B3,DS,01/08/1973,28.0,0,UB,RD_INTERLIG,100.0,300.0,7.609,125.0,2642.0,3188.0,2800.56,2278.96,3460.0,3916.0,2073.26,3517.21,0.0,0.0,0.0,0.0,0.0,0.0,0.29,0.0,0.0,0.0,0.0,0.0,0.0,0.0,0.0,0.0,0.0,0.0,2.0,0.0,0.0,0.0,0.0,0.0,0, 
UCBT_tab,01310-200,e302481630e1314d5f4b9f7a7bf6b3e3285730346450ba1c4d4023ed4abeb40d,10971520,,,390,33083328739348867L,12307012S1,14374917,AUG0202,DAUG-EQ-TR2,DAUG,16596,3550308, ,AV PAULISTA 1776 BELA VISTA,CO1,5611-2/03,COM-Tipo05,ABCN,BT,10,B3,DS,01/06/1977,68.0,0,UB,RD_INTERLIG,1837.0,1665.0,2437.213,1845.0,2047.0,1452.0,1096.2,1059.57,1669.0,1861.0,880.87,1673.49,0.0,0.0,0.0,0.0,0.0,0.0,0.29,0.0,0.0,0.0,0.0,0.0,0.0,0.0,0.0,0.0,0.0,0.0,2.0,0.0,0.0,0.0,0.0,0.0,0, 
UCBT_tab,01310-200,d5a125271d3e3517f69313b6412a9c8bfed333f4a13e9e2d7eed1378f0be8819,10971520,,,390,33083328739348867L,12307012S1,14374917,AUG0202,DAUG-EQ-TR2,DAUG,16596,3550308, ,AV PAULISTA 1776 BELA VISTA,CO1,4755-5/02,COM-Tipo04,ABCN,BT,10,B3,DS,01/03/1976,68.0,0,UB,RD_INTERLIG,5560.0,5480.0,7696.463,5320.0,6000.0,4760.0,3763.2,2854.8,4640.0,5440.0,2619.6,4972.67,0.0,0.0,0.0,0.0,0.0,0.0,0.29,0.0,0.0,0.0,0.0,0.0,0.0,0.0,0.0,0.0,0.0,0.0,2.0,0.0,0.0,0.0,0.0,0.0,0, 
UCBT_tab,01310-200,01af093ad35c43d6a480ece6b9a4f2ea7f7defb3ad41556ec41165192c91308c,10971520,,,390,33083328739348867L,12307012S1,14374917,AUG0202,DAUG-EQ-TR2,DAUG,16596,3550308, ,AV PAULISTA 1776 BELA VISTA,CO1,6810-2/02,COM-Tipo02,ABCN,BT,10,B3,DS,01/04/1974,8.5,0,UB,RD_INTERLIG,100.0,100.0,108.707,100.0,100.0,100.0,84.0,61.0,100.0,100.0,59.0,95.62,0.0,0.0,0.0,0.0,0.0,0.0,0.29,0.0,0.0,0.0,0.0,0.0,0.0,0.0,0.0,0.0,0.0,0.0,2.0,0.0,0.0,0.0,0.0,0.0,0, 
UCBT_tab,01310-200,77dc25b7dc5df63392d0bd7b8307adc4b3c6386043dbbf6feaa31b6e034e2e84,10971520,,,390,33083328739348867L,12307012S1,14374917,AUG0202,DAUG-EQ-TR2,DAUG,16596,3550308, ,AV PAULISTA 1776 BELA VISTA,CO1,6810-2/02,COM-Tipo05,ABCN,BT,10,B3,DS,01/06/1977,70.8,0,UB,RD_INTERLIG,3120.0,3040.0,4609.181,3120.0,3760.0,2560.0,2150.4,1805.6,3040.0,2880.0,1368.8,3060.1,0.0,0.0,0.0,0.0,0.0,0.0,0.29,0.0,0.0,0.0,0.0,0.0,0.0,0.0,0.0,0.0,0.0,0.0,2.0,0.0,0.0,0.0,0.0,0.0,0, 
UCBT_tab,01310-200,76c366d2fba65eccbc593787b246b5273e867105cd6e2312ec3f30366cd135ee,10971520,,,390,33083328739348867L,12307012S1,14374917,AUG0202,DAUG-EQ-TR2,DAUG,16596,3550308, ,AV PAULISTA 1776 BELA VISTA,CO3,6110-8/01,COM-Tipo04,ABCN,BT,10,B3,DS,01/08/1976,24.0,0,UB,RD_INTERLIG,5158.0,5496.0,6048.463,5212.0,5762.0,5290.0,4429.32,3346.46,5396.0,5850.0,2950.59,4945.9,0.0,0.0,0.0,0.0,0.0,0.0,0.29,0.0,0.0,0.0,0.0,0.0,0.0,0.0,0.0,0.0,0.0,0.0,2.0,0.0,0.0,0.0,0.0,0.0,0, 
UCBT_tab,01310-200,af2b4d43ea82accb49f47bfb033f7f94696e885fcb9a3ee454e2bc600c768f97,10971365,,,390,33073873739357834L,12298004S1,14374600,AUG0201,DAUG-EQ-TR2,DAUG,16596,3550308, ,AV PAULISTA 1912 BELA VISTA,CO1,6810-2/02,COM-Tipo02,ABCN,BT,10,B3,DS,01/11/1983,22.4,0,UB,RD_INTERLIG,0.0,1600.0,532.665,180.0,100.0,130.0,109.2,61.0,20.0,450.0,277.3,468.57,0.0,0.0,0.0,0.0,0.0,0.0,0.31,0.0,0.0,0.0,0.0,0.0,0.0,0.0,0.0,0.0,0.0,0.0,2.0,0.0,0.0,0.0,0.0,0.0,0, 
UCBT_tab,01310-200,9d80758923b1c64b09c337bf77dfb9962e05a2dd6bf4b26c9adaf66a33a3c77a,10971365,,,390,33073873739357834L,12298004S1,14374600,AUG0201,DAUG-EQ-TR2,DAUG,16596,3550308, ,AV PAULISTA 1912 BELA VISTA,CO9,8711-5/05,COM-Tipo01,ABCN,BT,10,B3,DS,01/01/1977,739.4,0,UB,RD_INTERLIG,44400.0,40000.0,57832.176,33200.0,42400.0,29200.0,21504.0,20252.0,38400.0,44400.0,22184.0,50109.28,0.0,0.0,0.0,0.0,0.0,0.0,0.31,0.0,0.0,0.0,0.0,0.0,0.0,0.0,0.0,0.0,0.0,0.0,2.0,0.0,0.0,0.0,0.0,0.0,0, 
UCBT_tab,01310-200,ca8a3859cf4e3f147519ee617ee066e43ad8e023ac634cbf8ea3f863b4d98e9e,10971365,,,390,33073873739357834L,12298004S1,14374600,AUG0201,DAUG-EQ-TR2,DAUG,16596,3550308, ,AV PAULISTA 1912 BELA VISTA,CO1,6810-2/02,COM-Tipo02,ABCN,BT,10,B3,DS,01/03/1981,22.4,0,UB,RD_INTERLIG,100.0,100.0,108.707,180.0,610.0,610.0,58.8,48.8,100.0,200.0,177.0,47.81,0.0,0.0,0.0,0.0,0.0,0.0,0.31,0.0,0.0,0.0,0.0,0.0,0.0,0.0,0.0,0.0,0.0,0.0,2.0,0.0,0.0,0.0,0.0,0.0,0, 
UCBT_tab,01310-200,be49bbd204a227a5f2b6f0960e9eeb9833ce780329229933ee8452302c764be7,10971365,,,390,33073873739357834L,12298004S1,14374600,AUG0201,DAUG-EQ-TR2,DAUG,16596,3550308, ,AV PAULISTA 1912 BELA VISTA,PP1,6423-9/00,SP-Tipo06,ABCN,BT,10,B3,DS,01/12/1988,23.1,0,UB,RD_INTERLIG,61.0,30.0,12.8,104.324,287.0,266.6,395.8,35.8,100.0,4.8,100.0,3.0,0.0,0.0,0.0,0.0,0.0,0.0,0.31,0.0,0.0,0.0,0.0,0.0,0.0,0.0,0.0,0.0,0.0,0.0,2.0,0.0,0.0,0.0,0.0,0.0,0, 
UCBT_tab,01310-200,85aebafb955126f77f1d3d6ca3e052ffcf6ed21194ca4c7bef5b7b29ecf888e0,10971365,,,390,33073873739357834L,12298004S1,14374600,AUG0201,DAUG-EQ-TR2,DAUG,16596,3550308, ,AV PAULISTA 1912 BELA VISTA,CO1,6810-2/02,COM-Tipo03,ABCN,BT,10,B3,DS,01/11/1977,23.1,0,UB,RD_INTERLIG,620.0,640.0,837.045,700.0,730.0,410.0,235.2,85.4,880.0,1110.0,560.5,1004.09,0.0,0.0,0.0,0.0,0.0,0.0,0.31,0.0,0.0,0.0,0.0,0.0,0.0,0.0,0.0,0.0,0.0,0.0,2.0,0.0,0.0,0.0,0.0,0.0,0, 
UCBT_tab,01310-200,802efa8d3f873a480e5eeaf434e5df461342a3e23a670465bc7f98780cd45a56,10971365,,,390,33073873739357834L,12298004S1,14374600,AUG0201,DAUG-EQ-TR2,DAUG,16596,3550308, ,AV PAULISTA 1912 BELA VISTA,CO1,6810-2/02,COM-Tipo02,ABCN,BT,10,B3,DS,01/11/1983,22.4,0,UB,RD_INTERLIG,100.0,100.0,10.871,120.0,100.0,1340.0,932.4,591.7,780.0,1120.0,554.6,946.72,0.0,0.0,0.0,0.0,0.0,0.0,0.31,0.0,0.0,0.0,0.0,0.0,0.0,0.0,0.0,0.0,0.0,0.0,2.0,0.0,0.0,0.0,0.0,0.0,0, 
UCBT_tab,01310-200,758deeae858417346543f41df6a97e5bdcf0d0fbb02af14bf250e3760cc8fce2,10971365,,,390,33073873739357834L,12298004S1,14374600,AUG0201,DAUG-EQ-TR2,DAUG,16596,3550308, ,AV PAULISTA 1912 BELA VISTA,CO1,6810-2/02,COM-Tipo01,ABC,BT,10,B3,DS,01/09/1981,2.0,0,UB,RD_INTERLIG,0.0,0.0,0.0,0.0,0.0,0.0,0.84,30.5,50.0,87.0,269.63,1172.4,0.0,0.0,0.0,0.0,0.0,0.0,0.31,0.0,0.0,0.0,0.0,0.0,0.0,0.0,0.0,0.0,0.0,0.0,2.0,0.0,0.0,0.0,0.0,0.0,0, 
UCBT_tab,01310-200,8b053f85590f8098263c37853a8fac72d053bdad3803969f752480b641c37f8b,10971365,,,390,33073873739357834L,12298004S1,14374600,AUG0201,DAUG-EQ-TR2,DAUG,16596,3550308, ,AV PAULISTA 1912 BELA VISTA,CO6,6911-7/01,COM-Tipo02,ABCN,BT,10,B3,DS,01/11/1977,23.1,0,UB,RD_INTERLIG,490.0,510.0,587.018,440.0,470.0,370.0,302.4,244.0,400.0,480.0,212.4,363.38,0.0,0.0,0.0,0.0,0.0,0.0,0.31,0.0,0.0,0.0,0.0,0.0,0.0,0.0,0.0,0.0,0.0,0.0,2.0,0.0,0.0,0.0,0.0,0.0,0, 
UCBT_tab,01310-200,2d2600a27b45f0947baf40c8598e0b235246075659ee9b7b9e9c767702c965e8,10971365,,,390,33073873739357834L,12298004S1,14374600,AUG0201,DAUG-EQ-TR2,DAUG,16596,3550308, ,AV PAULISTA 1912 BELA VISTA,CO1,6810-2/02,COM-Tipo02,ABCN,BT,10,B3,DS,01/06/1979,23.1,0,UB,RD_INTERLIG,0.0,1997.0,921.836,817.6,821.0,825.6,577.58,453.47,735.2,896.0,478.49,736.91,0.0,0.0,0.0,0.0,0.0,0.0,0.31,0.0,0.0,0.0,0.0,0.0,0.0,0.0,0.0,0.0,0.0,0.0,2.0,0.0,0.0,0.0,0.0,0.0,0, 
UCBT_tab,01310-200,cc620a7ebe84680ebb434cc3665b7a6b251785b1e633f576074bd1d657137ccd,10971365,,,390,33073873739357834L,12298004S1,14374600,AUG0201,DAUG-EQ-TR2,DAUG,16596,3550308, ,AV PAULISTA 1912 BELA VISTA,CO1,6810-2/02,COM-Tipo02,ABCN,BT,10,B3,DS,01/03/1981,22.4,0,UB,RD_INTERLIG,100.0,140.0,108.707,100.0,100.0,130.0,2058.0,646.6,1220.0,1240.0,631.3,1080.6,0.0,0.0,0.0,0.0,0.0,0.0,0.31,0.0,0.0,0.0,0.0,0.0,0.0,0.0,0.0,0.0,0.0,0.0,2.0,0.0,0.0,0.0,0.0,0.0,0, 
UCBT_tab,01310-200,eed659d050175f21bcc77ae3264d34b518cc1a93b91da056b7acd36878b68d30,10971365,,,390,33073873739357834L,12298004S1,14374600,AUG0201,DAUG-EQ-TR2,DAUG,16596,3550308, ,AV PAULISTA 1912 BELA VISTA,CO1,6810-2/02,COM-Tipo02,ABCN,BT,10,B3,DS,01/06/1985,22.4,0,UB,RD_INTERLIG,580.0,590.0,510.923,170.0,240.0,10.0,25.2,158.6,110.0,70.0,112.1,678.96,0.0,0.0,0.0,0.0,0.0,0.0,0.31,0.0,0.0,0.0,0.0,0.0,0.0,0.0,0.0,0.0,0.0,0.0,2.0,0.0,0.0,0.0,0.0,0.0,0, 
UCBT_tab,01310-200,014334562b64f79959b9275105aec3fff79ffe905984c4cac176a248a20e6db6,10971365,,,390,33073873739357834L,12298004S1,14374600,AUG0201,DAUG-EQ-TR2,DAUG,16596,3550308, ,AV PAULISTA 1912 BELA VISTA,CO1,6810-2/02,COM-Tipo02,ABCN,BT,10,B3,DS,01/07/1989,23.1,0,UB,RD_INTERLIG,460.0,399.0,108.707,49.0,241.0,1010.0,883.68,477.63,963.0,1136.0,562.27,1121.72,0.0,0.0,0.0,0.0,0.0,0.0,0.31,0.0,0.0,0.0,0.0,0.0,0.0,0.0,0.0,0.0,0.0,0.0,2.0,0.0,0.0,0.0,0.0,0.0,0, 
UCBT_tab,01310-200,c71b924d41639f94c0028b4e675af1c61aed88fbf96fe32f87cfd76603dd763c, ,,,390,33068458739354574L,12297789S1,14374109,IBP0201,DIBP-EQ-TR1,DIBP,16584,3550308, ,AV PAULISTA 1948 BELA VISTA,RE1, ,RES-Tipo05,CN,BT,10,B1,AT,01/08/1986,4.4,0,UB,RD_INTERLIG,436.29,763.0,1038.0,790.0,926.0,636.0,598.0,728.0,769.0,819.0,673.0,734.01,0.0,0.0,0.0,0.0,0.0,0.0,0.0,0.0,0.0,0.0,0.0,0.0,0.0,0.0,0.0,0.0,0.0,0.0,0.0,0.0,0.0,0.0,0.0,0.0,0, 
UCBT_tab,01310-200,2a31b153c2c4588cb895b43907eec3584810f81e88eb868b5f9aa05da40c0a6a,10971323,,,390,33071144739360737L,12297875S1,14374375,AUG0201,DAUG-EQ-TR2,DAUG,16596,3550308, ,AV PAULISTA 2026 BELA VISTA,CO9,6421-2/00,COM-Tipo01,ABCN,BT,10,B3,DS,01/10/1975,238.3,0,UB,RD_INTERLIG,17008.0,20400.0,18276.71,16163.2,18681.6,14729.6,11303.04,9129.5,15638.4,18451.2,9249.31,17237.59,0.0,0.0,0.0,0.0,0.0,0.0,0.31,0.0,0.0,0.0,0.0,0.0,0.0,0.0,0.0,0.0,0.0,0.0,2.0,0.0,0.0,0.0,0.0,0.0,0, 
UCBT_tab,01310-200,06e9223962ba298a8e9d7ae80b3d581b1cebec4ef9044e3d7b631e7089122cbc,10971323,,,390,33071144739360737L,12297875S1,14374375,AUG0201,DAUG-EQ-TR2,DAUG,16596,3550308, ,AV PAULISTA 2006 BELA VISTA,RE1, ,RES-Tipo05,ABCN,BT,10,B1,DS,01/12/1972,41.1,0,UB,RD_INTERLIG,2536.04,5979.6,6818.4,6679.2,7315.2,5406.0,5868.0,5257.2,5770.8,6228.0,4054.8,6565.36,0.0,0.0,0.0,0.0,0.0,0.0,0.31,0.0,0.0,0.0,0.0,0.0,0.0,0.0,0.0,0.0,0.0,0.0,2.0,0.0,0.0,0.0,0.0,0.0,0, 
UCBT_tab,01310-200,47d63f6d090a9c58f59443478cfb3cee0bedd4f7c3becb64867aacbf3c24ae68,10971323,,,390,33071144739360737L,12297875S1,14374375,AUG0201,DAUG-EQ-TR2,DAUG,16596,3550308, ,AV PAULISTA 2006 BELA VISTA,CO1,6550-2/00,COM-Tipo05,ABCN,BT,10,B3,DS,01/12/1989,64.9,0,UB,RD_INTERLIG,3170.4,3175.2,4586.567,2791.2,3973.2,2463.6,1658.16,1425.94,2820.0,3414.0,1434.41,2939.99,0.0,0.0,0.0,0.0,0.0,0.0,0.31,0.0,0.0,0.0,0.0,0.0,0.0,0.0,0.0,0.0,0.0,0.0,2.0,0.0,0.0,0.0,0.0,0.0,0, 
UCBT_tab,01310-200,c59b70eb87592b156609f396006874b169e215bdd00b2f940c4c5cf60377931c,10971323,,,390,33071144739360737L,12297875S1,14374375,AUG0201,DAUG-EQ-TR2,DAUG,16596,3550308, ,AV PAULISTA 2006 BELA VISTA,CO1,4649-4/99,COM-Tipo04,ABCN,BT,10,B3,DS,01/05/1984,48.8,0,UB,RD_INTERLIG,5760.0,7120.0,9740.156,6560.0,7520.0,4480.0,3494.4,2976.8,5760.0,7280.0,2879.2,5431.69,0.0,0.0,0.0,0.0,0.0,0.0,0.31,0.0,0.0,0.0,0.0,0.0,0.0,0.0,0.0,0.0,0.0,0.0,2.0,0.0,0.0,0.0,0.0,0.0,0, 
UCBT_tab,01310-200,a58b2e83c67236060ec645a71f1d3f1b53c70f6157a2dce8b9685f09dccc4e29,10971323,,,390,33071144739360737L,12297875S1,14374375,AUG0201,DAUG-EQ-TR2,DAUG,16596,3550308, ,AV PAULISTA 2006 BELA VISTA,RE1, ,RES-Tipo01,ABN,BT,10,B1,DS,01/08/1973,0.7,0,UB,RD_INTERLIG,25.01,70.0,80.0,70.0,70.0,50.0,50.0,50.0,70.0,70.0,70.0,87.38,0.0,0.0,0.0,0.0,0.0,0.0,0.31,0.0,0.0,0.0,0.0,0.0,0.0,0.0,0.0,0.0,0.0,0.0,2.0,0.0,0.0,0.0,0.0,0.0,0, 
UCBT_tab,01310-200,7072dc69138d469ff5d186fd469a313fdbb1d25eda1b3630087f745e8a90e4bc,10971323,,,390,33071144739360737L,12297875S1,14374375,AUG0201,DAUG-EQ-TR2,DAUG,16596,3550308, ,AV PAULISTA 2006 BELA VISTA,RE1, ,RES-Tipo01,ABN,BT,10,B1,DS,01/12/1973,8.1,0,UB,RD_INTERLIG,11.0,50.0,19.0,50.0,50.0,50.0,50.0,50.0,50.0,91.0,67.0,154.37,0.0,0.0,0.0,0.0,0.0,0.0,0.31,0.0,0.0,0.0,0.0,0.0,0.0,0.0,0.0,0.0,0.0,0.0,2.0,0.0,0.0,0.0,0.0,0.0,0, 
UCBT_tab,01310-200,b78e020bd150c7a491130f28c9fc328e52d6ea22202da28ce9d5c7eefea08568,10971323,,,390,33071144739360737L,12297875S1,14374375,AUG0201,DAUG-EQ-TR2,DAUG,16596,3550308, ,AV PAULISTA 2006 BELA VISTA,CO3,6110-8/03,COM-Tipo02,ABN,BT,10,B3,DS,01/05/1973,2.5,0,UB,RD_INTERLIG,369.0,438.0,485.921,451.0,428.0,289.0,213.36,190.93,348.0,446.0,204.73,366.25,0.0,0.0,0.0,0.0,0.0,0.0,0.31,0.0,0.0,0.0,0.0,0.0,0.0,0.0,0.0,0.0,0.0,0.0,2.0,0.0,0.0,0.0,0.0,0.0,0, 
UCBT_tab,01310-200,8df36253a63a6b50894d68e5f4890febaa39566118d6b77c936c57e86a3d31f9,10971323,,,390,33071144739360737L,12297875S1,14374375,AUG0201,DAUG-EQ-TR2,DAUG,16596,3550308, ,AV PAULISTA 2006 BELA VISTA,CO3,6110-8/99,COM-Tipo02,BCN,BT,10,B3,DS,01/12/1988,3.0,0,UB,RD_INTERLIG,90.0,80.0,108.707,80.0,110.0,90.0,84.0,73.2,110.0,110.0,59.0,114.75,0.0,0.0,0.0,0.0,0.0,0.0,0.31,0.0,0.0,0.0,0.0,0.0,0.0,0.0,0.0,0.0,0.0,0.0,2.0,0.0,0.0,0.0,0.0,0.0,0, 
UCBT_tab,01310-200,58d97b94f9248cb88a302255bb1aaf6d42d57ad04cb151d1549ae3c0fe3fdf32,10971323,,,390,33071144739360737L,12297875S1,14374375,AUG0201,DAUG-EQ-TR2,DAUG,16596,3550308, ,AV PAULISTA 2006 BELA VISTA,RE1, ,RES-Tipo04,ABN,BT,10,B1,DS,01/03/1973,2.7,0,UB,RD_INTERLIG,115.07,230.0,430.0,280.0,360.0,250.0,240.0,290.0,300.0,250.0,220.0,339.82,0.0,0.0,0.0,0.0,0.0,0.0,0.31,0.0,0.0,0.0,0.0,0.0,0.0,0.0,0.0,0.0,0.0,0.0,2.0,0.0,0.0,0.0,0.0,0.0,0, 
UCBT_tab,01310-200,6848febf9cc7fe08146477834b7ebcbd030be2d819ec7fcf16e64ad81b2c1347,10971323,,,390,33071144739360737L,12297875S1,14374375,AUG0201,DAUG-EQ-TR2,DAUG,16596,3550308, ,AV PAULISTA 2006 BELA VISTA,RE1, ,RES-Tipo03,ABN,BT,10,B1,DS,01/05/1974,5.8,0,UB,RD_INTERLIG,85.05,180.0,180.0,50.0,250.0,90.0,100.0,90.0,110.0,80.0,100.0,174.76,0.0,0.0,0.0,0.0,0.0,0.0,0.31,0.0,0.0,0.0,0.0,0.0,0.0,0.0,0.0,0.0,0.0,0.0,2.0,0.0,0.0,0.0,0.0,0.0,0, 
UCBT_tab,01310-200,4c2c34648cc1d0379c7f42b3c0e7e5be4d5f3d39de648cc370db2f585c8f97c9,1309838,,,390,33065242739366097L,12297660S1,14374078,AUG0202,DAUG-EQ-TR2,DAUG,16596,3550308, ,AV PAULISTA 2006 BELA VISTA,RE1, ,RES-Tipo02,ABC,BT,10,B1,DS,01/09/1974,2.7,0,UB,RD_INTERLIG,70.04,170.0,170.0,120.0,110.0,90.0,80.0,120.0,110.0,170.0,130.0,281.56,0.0,0.0,0.0,0.0,0.0,0.0,0.29,0.0,0.0,0.0,0.0,0.0,0.0,0.0,0.0,0.0,0.0,0.0,2.0,0.0,0.0,0.0,0.0,0.0,0, 
UCBT_tab,01310-200,a61307c89f96be3347faa8526d91e755fb582458ce7677510a03a08f46091d98,10971323,,,390,33071144739360737L,12297875S1,14374375,AUG0201,DAUG-EQ-TR2,DAUG,16596,3550308, ,AV PAULISTA 2006 BELA VISTA,RE1, ,RES-Tipo04,ABCN,BT,10,B1,DS,01/07/1973,2.5,0,UB,RD_INTERLIG,194.13,338.0,354.0,313.0,338.0,223.0,167.0,196.0,280.0,314.0,251.0,314.57,0.0,0.0,0.0,0.0,0.0,0.0,0.31,0.0,0.0,0.0,0.0,0.0,0.0,0.0,0.0,0.0,0.0,0.0,2.0,0.0,0.0,0.0,0.0,0.0,0, 
UCBT_tab,01310-200,e07834746495e106ef0ac4b0f82e2b805ccc01e83caed9152e563dc13030c7aa,10971323,,,390,33071144739360737L,12297875S1,14374375,AUG0201,DAUG-EQ-TR2,DAUG,16596,3550308, ,AV PAULISTA 2006 BELA VISTA,RE1, ,RES-Tipo04,ABN,BT,10,B1,DS,01/09/1975,7.4,0,UB,RD_INTERLIG,211.64,381.0,512.0,327.0,496.0,324.0,264.0,396.0,498.0,623.0,449.0,512.64,0.0,0.0,0.0,0.0,0.0,0.0,0.31,0.0,0.0,0.0,0.0,0.0,0.0,0.0,0.0,0.0,0.0,0.0,2.0,0.0,0.0,0.0,0.0,0.0,0, 
UCBT_tab,01310-200,0c60631e27f439549750c688fd9d7bc4fe27e3dcd3ceef47239ca64cdf1d0a36,10971323,,,390,33071144739360737L,12297875S1,14374375,AUG0201,DAUG-EQ-TR2,DAUG,16596,3550308, ,AV PAULISTA 2006 BELA VISTA,CO1,6911-7/01,COM-Tipo02,ABN,BT,10,B3,DS,01/03/1974,7.5,0,UB,RD_INTERLIG,50.0,50.0,54.354,50.0,50.0,50.0,42.0,30.5,50.0,50.0,29.5,47.81,0.0,0.0,0.0,0.0,0.0,0.0,0.31,0.0,0.0,0.0,0.0,0.0,0.0,0.0,0.0,0.0,0.0,0.0,2.0,0.0,0.0,0.0,0.0,0.0,0, 
UCBT_tab,01310-200,2488b5245354c12884c85da82a4fe25e846c6918f52d96ceab362f6ed42049b7,10971323,,,390,33071144739360737L,12297875S1,14374375,AUG0201,DAUG-EQ-TR2,DAUG,16596,3550308, ,AV PAULISTA 2006 BELA VISTA,CO1,4649-4/10,COM-Tipo02,ABN,BT,10,B3,DS,01/06/1983,1.0,0,UB,RD_INTERLIG,50.0,6.0,54.354,50.0,2.0,50.0,42.0,0.61,50.0,50.0,1.18,47.81,0.0,0.0,0.0,0.0,0.0,0.0,0.31,0.0,0.0,0.0,0.0,0.0,0.0,0.0,0.0,0.0,0.0,0.0,2.0,0.0,0.0,0.0,0.0,0.0,0, 
UCBT_tab,01310-200,9732c3c268c03d7cdc7c2393737d1da9532b1466be0f2ef53924ce3481e1ab47,10971323,,,390,33071144739360737L,12297875S1,14374375,AUG0201,DAUG-EQ-TR2,DAUG,16596,3550308, ,AV PAULISTA 2006 BELA VISTA,RE1, ,RES-Tipo04,ABCN,BT,10,B1,DS,01/03/1973,6.5,0,UB,RD_INTERLIG,168.28,403.56,647.1,434.88,345.42,156.06,178.02,181.98,263.7,359.82,230.04,229.26,0.0,0.0,0.0,0.0,0.0,0.0,0.31,0.0,0.0,0.0,0.0,0.0,0.0,0.0,0.0,0.0,0.0,0.0,2.0,0.0,0.0,0.0,0.0,0.0,0, 
UCBT_tab,01310-200,e1ad9061d28c7216c3892db7bedf90e7575be79c38b179cf76cfd47714174c0f,10971323,,,390,33071144739360737L,12297875S1,14374375,AUG0201,DAUG-EQ-TR2,DAUG,16596,3550308, ,AV PAULISTA 2006 BELA VISTA,RE1, ,RES-Tipo01,ABCN,BT,10,B1,DS,01/10/1980,6.5,0,UB,RD_INTERLIG,25.01,62.0,101.0,98.0,41.0,27.0,28.0,36.0,32.0,52.0,50.0,39.8,0.0,0.0,0.0,0.0,0.0,0.0,0.31,0.0,0.0,0.0,0.0,0.0,0.0,0.0,0.0,0.0,0.0,0.0,2.0,0.0,0.0,0.0,0.0,0.0,0, 
UCBT_tab,01310-200,0dfb0ef5238194d85c8c4374c7ab6dd5fdbd4a5492aff1621748b9680fd15a0c,10971323,,,390,33071144739360737L,12297875S1,14374375,AUG0201,DAUG-EQ-TR2,DAUG,16596,3550308, ,AV PAULISTA 2006 BELA VISTA,RE1, ,RES-Tipo01,ABCN,BT,10,B1,DS,01/07/1974,8.5,0,UB,RD_INTERLIG,25.01,40.0,0.0,50.0,40.0,40.0,30.0,0.0,60.0,50.0,30.0,48.54,0.0,0.0,0.0,0.0,0.0,0.0,0.31,0.0,0.0,0.0,0.0,0.0,0.0,0.0,0.0,0.0,0.0,0.0,2.0,0.0,0.0,0.0,0.0,0.0,0, 
UCBT_tab,01310-200,bcdde77b3adf08f8b44654e27483f494f16cd934690d797468dec64c5df0d6e8,10971323,,,390,33071144739360737L,12297875S1,14374375,AUG0201,DAUG-EQ-TR2,DAUG,16596,3550308, ,AV PAULISTA 2006 BELA VISTA,RE1, ,RES-Tipo01,BCN,BT,10,B1,DS,01/05/1975,2.4,0,UB,RD_INTERLIG,14.5,50.0,102.0,50.0,70.0,28.0,25.0,33.0,58.0,51.0,23.0,21.36,0.0,0.0,0.0,0.0,0.0,0.0,0.31,0.0,0.0,0.0,0.0,0.0,0.0,0.0,0.0,0.0,0.0,0.0,2.0,0.0,0.0,0.0,0.0,0.0,0, 
UCBT_tab,01310-200,ef89c11b9c559e2e5decba6e69730cce0ffbc1b75f7f39ac476995ff1e87e62b,10971323,,,390,33071144739360737L,12297875S1,14374375,AUG0201,DAUG-EQ-TR2,DAUG,16596,3550308, ,AV PAULISTA 2006 BELA VISTA,RE1, ,RES-Tipo01,ABN,BT,10,B1,DS,01/10/1976,5.8,0,UB,RD_INTERLIG,25.01,50.0,60.0,40.0,50.0,50.0,50.0,50.0,50.0,40.0,40.0,48.54,0.0,0.0,0.0,0.0,0.0,0.0,0.31,0.0,0.0,0.0,0.0,0.0,0.0,0.0,0.0,0.0,0.0,0.0,2.0,0.0,0.0,0.0,0.0,0.0,0, 
UCBT_tab,01310-200,e8c52cf164314a2c2048f1c391e8a3ea19b541517190218d4cd39cc9bb02f7ca,10971323,,,390,33071144739360737L,12297875S1,14374375,AUG0201,DAUG-EQ-TR2,DAUG,16596,3550308, ,AV PAULISTA 2006 BELA VISTA,RE1, ,RES-Tipo01,ABN,BT,10,B1,DS,01/08/1976,2.5,0,UB,RD_INTERLIG,25.01,30.0,50.0,20.0,10.0,10.0,70.0,50.0,50.0,50.0,30.0,145.63,0.0,0.0,0.0,0.0,0.0,0.0,0.31,0.0,0.0,0.0,0.0,0.0,0.0,0.0,0.0,0.0,0.0,0.0,2.0,0.0,0.0,0.0,0.0,0.0,0, 
UCBT_tab,01310-200,1c2433297e96bad6add54ab9575e7305bba2e2b2050250ee2e7b4df55117cb45,10971323,,,390,33071144739360737L,12297875S1,14374375,AUG0201,DAUG-EQ-TR2,DAUG,16596,3550308, ,AV PAULISTA 2006 BELA VISTA,RE2, ,RES-Tipo01,ABN,BT,10,B1BR,DS,01/06/1974,6.8,0,UB,RD_INTERLIG,10.0,30.0,50.0,20.0,30.0,50.0,30.0,30.0,20.0,30.0,20.0,48.54,0.0,0.0,0.0,0.0,0.0,0.0,0.31,0.0,0.0,0.0,0.0,0.0,0.0,0.0,0.0,0.0,0.0,0.0,2.0,0.0,0.0,0.0,0.0,0.0,0, 
UCBT_tab,01310-200,201c325aaa86a6b45dcc0c536202018bbf097b304354d61ea7a6d528359642ab,10971323,,,390,33071144739360737L,12297875S1,14374375,AUG0201,DAUG-EQ-TR2,DAUG,16596,3550308, ,AV PAULISTA 2006 BELA VISTA,RE1, ,RES-Tipo01,ABN,BT,10,B1,DS,01/08/1973,2.5,0,UB,RD_INTERLIG,10.0,10.0,50.0,50.0,50.0,50.0,50.0,50.0,50.0,50.0,10.0,9.7,0.0,0.0,0.0,0.0,0.0,0.0,0.31,0.0,0.0,0.0,0.0,0.0,0.0,0.0,0.0,0.0,0.0,0.0,2.0,0.0,0.0,0.0,0.0,0.0,0, 
UCBT_tab,01310-200,0cfdf6acfac8b001dc69155671a88d0ca6f4049888189d9956eaaeec98a91f34,10971323,,,390,33071144739360737L,12297875S1,14374375,AUG0201,DAUG-EQ-TR2,DAUG,16596,3550308, ,AV PAULISTA 2006 BELA VISTA,RE1, ,RES-Tipo01,BCN,BT,10,B1,DS,01/05/1975,2.4,0,UB,RD_INTERLIG,34.02,87.0,115.0,78.0,102.0,66.0,63.0,75.0,74.0,72.0,53.0,65.05,0.0,0.0,0.0,0.0,0.0,0.0,0.31,0.0,0.0,0.0,0.0,0.0,0.0,0.0,0.0,0.0,0.0,0.0,2.0,0.0,0.0,0.0,0.0,0.0,0, 
UCBT_tab,01310-200,97205e7b171855144c3661e8d4ffce586ba159f8e37405b33f0a075c7c1dd5eb,10971323,,,390,33071144739360737L,12297875S1,14374375,AUG0201,DAUG-EQ-TR2,DAUG,16596,3550308, ,AV PAULISTA 2006 BELA VISTA,RE1, ,RES-Tipo01,ABN,BT,10,B1,DS,01/04/1976,5.6,0,UB,RD_INTERLIG,10.0,50.0,50.0,40.0,30.0,30.0,30.0,50.0,20.0,120.0,50.0,48.54,0.0,0.0,0.0,0.0,0.0,0.0,0.31,0.0,0.0,0.0,0.0,0.0,0.0,0.0,0.0,0.0,0.0,0.0,2.0,0.0,0.0,0.0,0.0,0.0,0, 
UCBT_tab,01310-200,01206e5037f79a27f8f0409e9ad975143ed243419e4614c0c91efbb237f4f213,10971323,,,390,33071144739360737L,12297875S1,14374375,AUG0201,DAUG-EQ-TR2,DAUG,16596,3550308, ,AV PAULISTA 2006 BELA VISTA,RE1, ,RES-Tipo01,ABN,BT,10,B1,DS,01/04/1973,6.6,0,UB,RD_INTERLIG,10.0,50.0,50.0,20.0,30.0,30.0,50.0,30.0,30.0,50.0,20.0,48.54,0.0,0.0,0.0,0.0,0.0,0.0,0.31,0.0,0.0,0.0,0.0,0.0,0.0,0.0,0.0,0.0,0.0,0.0,2.0,0.0,0.0,0.0,0.0,0.0,0, 
UCBT_tab,01310-200,4bf211a61149c671338aa773a44e963b9abe85a6e4450139be4a6270c2c7b8ac,10971323,,,390,33071144739360737L,12297875S1,14374375,AUG0201,DAUG-EQ-TR2,DAUG,16596,3550308, ,AV PAULISTA 2006 BELA VISTA,CO9,6499-9/99,COM-Tipo02,ABN,BT,10,B3,DS,01/08/1973,2.8,0,UB,RD_INTERLIG,50.0,50.0,54.354,50.0,50.0,50.0,42.0,24.4,50.0,50.0,29.5,47.81,0.0,0.0,0.0,0.0,0.0,0.0,0.31,0.0,0.0,0.0,0.0,0.0,0.0,0.0,0.0,0.0,0.0,0.0,2.0,0.0,0.0,0.0,0.0,0.0,0, 
UCBT_tab,01310-200,233598aaabfd71453013cd45e29d4301b1a79fb10370a6cbd8a9cd6b8e821649,10971323,,,390,33071144739360737L,12297875S1,14374375,AUG0201,DAUG-EQ-TR2,DAUG,16596,3550308, ,AV PAULISTA 2006 BELA VISTA,RE1, ,RES-Tipo04,ABN,BT,10,B1,DS,01/09/1974,2.8,0,UB,RD_INTERLIG,130.08,290.0,300.0,270.0,320.0,260.0,250.0,270.0,280.0,360.0,330.0,281.56,0.0,0.0,0.0,0.0,0.0,0.0,0.31,0.0,0.0,0.0,0.0,0.0,0.0,0.0,0.0,0.0,0.0,0.0,2.0,0.0,0.0,0.0,0.0,0.0,0, 
UCBT_tab,01310-200,6e21c2b18e158f22ef5b623e47b288dc7994cd0d9a26514698f256dd73625048,10971323,,,390,33071144739360737L,12297875S1,14374375,AUG0201,DAUG-EQ-TR2,DAUG,16596,3550308, ,AV PAULISTA 2006 BELA VISTA,RE1, ,RES-Tipo01,ABN,BT,10,B1,DS,01/09/1974,3.0,0,UB,RD_INTERLIG,55.03,100.0,150.0,130.0,80.0,50.0,50.0,50.0,90.0,100.0,60.0,77.67,0.0,0.0,0.0,0.0,0.0,0.0,0.31,0.0,0.0,0.0,0.0,0.0,0.0,0.0,0.0,0.0,0.0,0.0,2.0,0.0,0.0,0.0,0.0,0.0,0, 
UCBT_tab,01310-200,bdfaf47aa219c61635c53f96059ba290bd904e658ff8d64dc4743bd27f06147a,10971323,,,390,33071144739360737L,12297875S1,14374375,AUG0201,DAUG-EQ-TR2,DAUG,16596,3550308, ,AV PAULISTA 2006 BELA VISTA,RE1, ,RES-Tipo01,CAN,BT,10,B1,DS,01/07/1974,2.5,0,UB,RD_INTERLIG,25.01,50.0,50.0,50.0,10.0,50.0,50.0,50.0,50.0,50.0,50.0,9.7,0.0,0.0,0.0,0.0,0.0,0.0,0.31,0.0,0.0,0.0,0.0,0.0,0.0,0.0,0.0,0.0,0.0,0.0,2.0,0.0,0.0,0.0,0.0,0.0,0, 
UCBT_tab,01310-200,5d6bd0836a9b7e9effa059d8a0a78dfb815271c5eb79f03f3ee772ba32b7190b,10971323,,,390,33071144739360737L,12297875S1,14374375,AUG0201,DAUG-EQ-TR2,DAUG,16596,3550308, ,AV PAULISTA 2006 BELA VISTA,RE1, ,RES-Tipo01,CAN,BT,10,B1,DS,01/04/1973,2.5,0,UB,RD_INTERLIG,25.01,50.0,40.0,50.0,60.0,40.0,50.0,50.0,50.0,50.0,40.0,29.12,0.0,0.0,0.0,0.0,0.0,0.0,0.31,0.0,0.0,0.0,0.0,0.0,0.0,0.0,0.0,0.0,0.0,0.0,2.0,0.0,0.0,0.0,0.0,0.0,0, 
UCBT_tab,01310-200,bbd94d9686de4371c2048d3f035d71abaf6a9ea9f10e2f722efd5bd169b4c19e,10971323,,,390,33071144739360737L,12297875S1,14374375,AUG0201,DAUG-EQ-TR2,DAUG,16596,3550308, ,AV PAULISTA 2006 BELA VISTA,CO1,6911-7/01,COM-Tipo02,CAN,BT,10,B3,DS,01/05/1974,3.0,0,UB,RD_INTERLIG,490.0,380.0,891.398,560.0,670.0,420.0,226.8,244.0,440.0,480.0,194.7,430.32,0.0,0.0,0.0,0.0,0.0,0.0,0.31,0.0,0.0,0.0,0.0,0.0,0.0,0.0,0.0,0.0,0.0,0.0,2.0,0.0,0.0,0.0,0.0,0.0,0, 
UCBT_tab,01310-200,0f02681e3c81484fd549b6335657a6c9c9aa6e41cd917680d892af0f167c5999,10971323,,,390,33071144739360737L,12297875S1,14374375,AUG0201,DAUG-EQ-TR2,DAUG,16596,3550308, ,AV PAULISTA 2006 BELA VISTA,RE1, ,RES-Tipo01,ABN,BT,10,B1,DS,01/04/1976,10.0,0,UB,RD_INTERLIG,45.03,50.0,70.0,50.0,90.0,50.0,50.0,60.0,50.0,50.0,50.0,58.25,0.0,0.0,0.0,0.0,0.0,0.0,0.31,0.0,0.0,0.0,0.0,0.0,0.0,0.0,0.0,0.0,0.0,0.0,2.0,0.0,0.0,0.0,0.0,0.0,0, 
UCBT_tab,01310-200,d7259a586a729a8a83b1e36c49c41321bb6fcdd906f3402a0fb96075f2ebd6f0,10971323,,,390,33071144739360737L,12297875S1,14374375,AUG0201,DAUG-EQ-TR2,DAUG,16596,3550308, ,AV PAULISTA 2006 BELA VISTA,RE1, ,RES-Tipo04,ABN,BT,10,B1,DS,01/07/1975,3.0,0,UB,RD_INTERLIG,125.08,310.0,360.0,310.0,270.0,250.0,230.0,270.0,170.0,200.0,160.0,145.63,0.0,0.0,0.0,0.0,0.0,0.0,0.31,0.0,0.0,0.0,0.0,0.0,0.0,0.0,0.0,0.0,0.0,0.0,2.0,0.0,0.0,0.0,0.0,0.0,0, 
UCBT_tab,01310-200,c29bd6a794e85e9fb8c5fb3ddee17733603004616a535f3a68659ba4a4c4ebe1,10971323,,,390,33071144739360737L,12297875S1,14374375,AUG0201,DAUG-EQ-TR2,DAUG,16596,3550308, ,AV PAULISTA 2006 BELA VISTA,CO1,6201-5/01,COM-Tipo02,ABCN,BT,10,B3,DS,01/05/1974,2.5,0,UB,RD_INTERLIG,440.0,370.0,521.794,300.0,340.0,210.0,193.2,152.5,340.0,440.0,200.6,210.38,0.0,0.0,0.0,0.0,0.0,0.0,0.31,0.0,0.0,0.0,0.0,0.0,0.0,0.0,0.0,0.0,0.0,0.0,2.0,0.0,0.0,0.0,0.0,0.0,0, 
UCBT_tab,01310-200,811f00b28ebb25cf7d4ca4305abc3c468d88b9ac97ae4dbf7046026b1dcff99d,10971323,,,390,33071144739360737L,12297875S1,14374375,AUG0201,DAUG-EQ-TR2,DAUG,16596,3550308, ,AV PAULISTA 2006 BELA VISTA,CO1,6201-5/01,COM-Tipo02,BCN,BT,10,B3,DS,01/02/1973,2.7,0,UB,RD_INTERLIG,50.0,24.0,54.354,28.0,50.0,44.0,56.28,35.38,59.0,72.0,35.99,40.16,0.0,0.0,0.0,0.0,0.0,0.0,0.31,0.0,0.0,0.0,0.0,0.0,0.0,0.0,0.0,0.0,0.0,0.0,2.0,0.0,0.0,0.0,0.0,0.0,0, 
UCBT_tab,01310-200,afea3228a70bc4f10e4c78810d50c37b78bc65ceb13ed405fe7a0b697dea62db,10971323,,,390,33071144739360737L,12297875S1,14374375,AUG0201,DAUG-EQ-TR2,DAUG,16596,3550308, ,AV PAULISTA 2006 BELA VISTA,RE1, ,RES-Tipo01,BCN,BT,10,B1,DS,01/07/1982,1.0,0,UB,RD_INTERLIG,30.02,160.0,50.0,50.0,60.0,50.0,40.0,50.0,50.0,60.0,50.0,48.54,0.0,0.0,0.0,0.0,0.0,0.0,0.31,0.0,0.0,0.0,0.0,0.0,0.0,0.0,0.0,0.0,0.0,0.0,2.0,0.0,0.0,0.0,0.0,0.0,0, 
UCBT_tab,01310-200,7109a3ef090ab5aaad9e9e638ffd8773e0c8997cce392a54e3a85fbccbeb4799,10971323,,,390,33071144739360737L,12297875S1,14374375,AUG0201,DAUG-EQ-TR2,DAUG,16596,3550308, ,AV PAULISTA 2006 BELA VISTA,RE1, ,RES-Tipo01,CAN,BT,10,B1,DS,01/04/1982,3.0,0,UB,RD_INTERLIG,5.0,50.0,10.0,50.0,50.0,50.0,50.0,50.0,50.0,30.0,50.0,48.54,0.0,0.0,0.0,0.0,0.0,0.0,0.31,0.0,0.0,0.0,0.0,0.0,0.0,0.0,0.0,0.0,0.0,0.0,2.0,0.0,0.0,0.0,0.0,0.0,0, 
UCBT_tab,01310-200,66a34edd61721b51f2cb8a9d9c6a083fa1334c1a9098e02d438d9361a7abafd1,10971323,,,390,33071144739360737L,12297875S1,14374375,AUG0201,DAUG-EQ-TR2,DAUG,16596,3550308, ,AV PAULISTA 2006 BELA VISTA,RE1, ,RES-Tipo01,CAN,BT,10,B1,DS,01/06/1983,2.0,0,UB,RD_INTERLIG,17.01,28.0,51.0,68.0,50.0,50.0,43.0,40.0,50.0,41.0,50.0,48.54,0.0,0.0,0.0,0.0,0.0,0.0,0.31,0.0,0.0,0.0,0.0,0.0,0.0,0.0,0.0,0.0,0.0,0.0,2.0,0.0,0.0,0.0,0.0,0.0,0, 
UCBT_tab,01310-200,9acb8e92592b6b263fe0119e8e5350bed06e1c90169b720666f76efd7c52a39c,10971323,,,390,33071144739360737L,12297875S1,14374375,AUG0201,DAUG-EQ-TR2,DAUG,16584,3550308, ,AV PAULISTA 2006 BELA VISTA,CO9,8640-2/06,COM-Tipo01,ABCN,BT,10,B3,AT,01/06/1983,2.0,0,UB,RD_INTERLIG,0.0,0.0,0.0,0.0,0.0,0.0,0.0,0.0,0.0,30.0,17.7,28.68,0.0,0.0,0.0,0.0,0.0,0.0,0.0,0.0,0.0,0.0,0.0,0.0,0.0,0.0,0.0,0.0,0.0,0.0,0.0,0.0,0.0,0.0,0.0,0.0,0, 
UCBT_tab,01310-200,e53c0993ac972572144a383f420514873862e3c7d218d23bd6df409f642102b4,10971323,,,390,33071144739360737L,12297875S1,14374375,AUG0201,DAUG-EQ-TR2,DAUG,16596,3550308, ,AV PAULISTA 2006 BELA VISTA,CO9,8219-9/01,COM-Tipo02,BCN,BT,10,B3,DS,01/06/1983,4.3,0,UB,RD_INTERLIG,30.0,31.0,27.177,22.0,32.0,21.0,20.16,14.64,50.0,24.0,29.5,47.81,0.0,0.0,0.0,0.0,0.0,0.0,0.31,0.0,0.0,0.0,0.0,0.0,0.0,0.0,0.0,0.0,0.0,0.0,2.0,0.0,0.0,0.0,0.0,0.0,0, 
UCBT_tab,01310-200,255aa893130169c1ab03c5bb84da176cef1333976469ed49eaa0c269b0c44cb4,10971323,,,390,33071144739360737L,12297875S1,14374375,AUG0201,DAUG-EQ-TR2,DAUG,16596,3550308, ,AV PAULISTA 2006 BELA VISTA,RE1, ,RES-Tipo01,BCN,BT,10,B1,DS,01/10/1983,4.3,0,UB,RD_INTERLIG,26.51,65.0,68.0,56.0,63.0,49.0,50.0,67.0,66.0,53.0,50.0,59.22,0.0,0.0,0.0,0.0,0.0,0.0,0.31,0.0,0.0,0.0,0.0,0.0,0.0,0.0,0.0,0.0,0.0,0.0,2.0,0.0,0.0,0.0,0.0,0.0,0, 
UCBT_tab,01310-200,374699439db5cb6e52ce31e8d9f8516a5530a3fdf591a170839c6a8c456b2cbc,10971323,,,390,33071144739360737L,12297875S1,14374375,AUG0201,DAUG-EQ-TR2,DAUG,16596,3550308, ,AV PAULISTA 2006 BELA VISTA,CO9,8211-3/00,COM-Tipo02,BCN,BT,10,B3,DS,01/10/1983,1.0,0,UB,RD_INTERLIG,29.0,50.0,32.612,25.0,28.0,21.0,42.0,17.69,44.0,25.0,12.39,26.77,0.0,0.0,0.0,0.0,0.0,0.0,0.31,0.0,0.0,0.0,0.0,0.0,0.0,0.0,0.0,0.0,0.0,0.0,2.0,0.0,0.0,0.0,0.0,0.0,0, 
UCBT_tab,01310-200,ebecc025d07d66466475f8d0228f2db2471e7258309fdd7ba31371caf726cfb7,10971323,,,390,33071144739360737L,12297875S1,14374375,AUG0201,DAUG-EQ-TR2,DAUG,16596,3550308, ,AV PAULISTA 2006 BELA VISTA,RE1, ,RES-Tipo02,ABN,BT,10,B1,DS,01/06/1983,3.5,0,UB,RD_INTERLIG,62.54,170.0,199.0,153.0,124.0,188.0,88.0,81.0,131.0,103.0,72.0,107.77,0.0,0.0,0.0,0.0,0.0,0.0,0.31,0.0,0.0,0.0,0.0,0.0,0.0,0.0,0.0,0.0,0.0,0.0,2.0,0.0,0.0,0.0,0.0,0.0,0, 
UCBT_tab,01310-200,6190ede032619a7478ce1dae61907374212800e8f5799a8c0b6b2972920ed20f,10971323,,,390,33071144739360737L,12297875S1,14374375,AUG0201,DAUG-EQ-TR2,DAUG,16596,3550308, ,AV PAULISTA 2006 BELA VISTA,RE1, ,RES-Tipo04,ABN,BT,10,B1,DS,01/06/1983,3.5,0,UB,RD_INTERLIG,115.07,270.0,350.0,260.0,290.0,210.0,180.0,190.0,300.0,310.0,190.0,281.56,0.0,0.0,0.0,0.0,0.0,0.0,0.31,0.0,0.0,0.0,0.0,0.0,0.0,0.0,0.0,0.0,0.0,0.0,2.0,0.0,0.0,0.0,0.0,0.0,0, 
UCBT_tab,01310-200,d0d6f93fe2580fac87ca9a465124b1b787b16b328de7a799b58b2f2431bbd79f,10971323,,,390,33071144739360737L,12297875S1,14374375,AUG0201,DAUG-EQ-TR2,DAUG,16596,3550308, ,AV PAULISTA 2006 BELA VISTA,CO1,7311-4/00,RES-Tipo03,ABCN,BT,10,B3,DS,01/06/1975,0.5,0,UB,RD_INTERLIG,0.0,0.0,0.0,0.0,0.0,479.0,93.24,95.77,179.0,150.0,95.58,72.67,0.0,0.0,0.0,0.0,0.0,0.0,0.31,0.0,0.0,0.0,0.0,0.0,0.0,0.0,0.0,0.0,0.0,0.0,2.0,0.0,0.0,0.0,0.0,0.0,0, 
UCBT_tab,01310-200,c43a3d0a5aa142b53bf246c8b5b8c6fc014ddcc8e343af5efbd4db2f037d57c3,10971323,,,390,33071144739360737L,12297875S1,14374375,AUG0201,DAUG-EQ-TR2,DAUG,16596,3550308, ,AV PAULISTA 2006 BELA VISTA,RE1, ,RES-Tipo01,ABCN,BT,10,B1,DS,01/06/1974,7.5,0,UB,RD_INTERLIG,0.0,0.0,0.0,89.0,113.0,97.0,93.0,184.0,239.0,284.0,198.0,246.61,0.0,0.0,0.0,0.0,0.0,0.0,0.31,0.0,0.0,0.0,0.0,0.0,0.0,0.0,0.0,0.0,0.0,0.0,2.0,0.0,0.0,0.0,0.0,0.0,0, 
UCBT_tab,01310-200,1bc072a753423527b6c9e33c2742dfc21d93f4907fabb1d11483d2fc0974ee1f,10971323,,,390,33071144739360737L,12297875S1,14374375,AUG0201,DAUG-EQ-TR2,DAUG,16596,3550308, ,AV PAULISTA 2006 BELA VISTA,CO9,7112-0/00,COM-Tipo02,ABN,BT,10,B3,DS,01/02/1973,7.5,0,UB,RD_INTERLIG,688.0,597.0,905.53,493.0,553.0,428.0,388.92,275.72,537.0,612.0,282.02,602.45,0.0,0.0,0.0,0.0,0.0,0.0,0.31,0.0,0.0,0.0,0.0,0.0,0.0,0.0,0.0,0.0,0.0,0.0,2.0,0.0,0.0,0.0,0.0,0.0,0, 
UCBT_tab,01310-200,78aa30a4e5e4c5c5fd3fc4f49858f3002f41d80f938a1eb9f310988238495f2c,10971323,,,390,33071144739360737L,12297875S1,14374375,AUG0201,DAUG-EQ-TR2,DAUG,16596,3550308, ,AV PAULISTA 2006 BELA VISTA,CO1,8291-1/00,COM-Tipo02,ABN,BT,10,B3,DS,01/10/1980,2.4,0,UB,RD_INTERLIG,521.0,465.0,730.512,358.0,433.0,267.0,242.76,220.21,401.0,497.0,232.46,430.32,0.0,0.0,0.0,0.0,0.0,0.0,0.31,0.0,0.0,0.0,0.0,0.0,0.0,0.0,0.0,0.0,0.0,0.0,2.0,0.0,0.0,0.0,0.0,0.0,0, 
UCBT_tab,01310-200,4d17aa726e89dd572bf0c5e155d4dd219edc5323347e58da4d0137d48f30aea7,10971323,,,390,33071144739360737L,12297875S1,14374375,AUG0201,DAUG-EQ-TR2,DAUG,16596,3550308, ,AV PAULISTA 2006 BELA VISTA,RE1, ,RES-Tipo04,ABN,BT,10,B1,DS,01/05/1989,11.4,0,UB,RD_INTERLIG,127.58,319.0,304.0,50.0,1.0,50.0,50.0,28.0,504.0,507.0,369.0,416.52,0.0,0.0,0.0,0.0,0.0,0.0,0.31,0.0,0.0,0.0,0.0,0.0,0.0,0.0,0.0,0.0,0.0,0.0,2.0,0.0,0.0,0.0,0.0,0.0,0, 
UCBT_tab,01310-200,bbebbc2d7af0ad8fa72ff1009cd31b89952c045c043eb21887cff42e5ef22e48,10971323,,,390,33071144739360737L,12297875S1,14374375,AUG0201,DAUG-EQ-TR2,DAUG,16596,3550308, ,AV PAULISTA 2006 BELA VISTA,CO9,4619-2/00,COM-Tipo02,ABCN,BT,10,B3,DS,01/06/1975,31.2,0,UB,RD_INTERLIG,100.0,100.0,108.707,20.0,100.0,20.0,84.0,85.4,100.0,100.0,59.0,19.12,0.0,0.0,0.0,0.0,0.0,0.0,0.31,0.0,0.0,0.0,0.0,0.0,0.0,0.0,0.0,0.0,0.0,0.0,2.0,0.0,0.0,0.0,0.0,0.0,0, 
UCBT_tab,01310-200,80e9405d8fd3edca6df0a09650131f27fc11eb731bab9ae307afdfdf178e29d5,1309239,,,390,33046946739376413L,12296951S1,14372994,IBP0201,DIBP-EQ-TR1,DIBP,16584,3550308, ,AV PAULISTA 2028 BELA VISTA,CO9,6421-2/00,COM-Tipo05,ABN,BT,10,B3,AT,01/08/1977,61.4,0,UB,RD_INTERLIG,2480.0,3160.0,3217.73,3120.0,2600.0,2320.0,1612.8,1000.4,2240.0,3240.0,1486.8,2448.08,0.0,0.0,0.0,0.0,0.0,0.0,0.0,0.0,0.0,0.0,0.0,0.0,0.0,0.0,0.0,0.0,0.0,0.0,0.0,0.0,0.0,0.0,0.0,0.0,0, 
UCBT_tab,01310-200,0fa7ee9f67bb2c7f63a265f5a80f31f084aa17bf3a00f7610263159d09a3ddc9,10971152,,,390,33061008739369866L,12297501S1,14373896,AUG0201,DAUG-EQ-TR2,DAUG,16596,3550308, ,AV PAULISTA 2064 BELA VISTA,CO1,5611-2/03,COM-Tipo04,ABN,BT,10,B3,DS,01/12/1989,5.6,0,UB,RD_INTERLIG,4455.0,4911.0,4714.627,5034.0,6250.0,5272.0,3995.04,2867.0,5028.0,5368.0,2529.92,3915.98,0.0,0.0,0.0,0.0,0.0,0.0,0.31,0.0,0.0,0.0,0.0,0.0,0.0,0.0,0.0,0.0,0.0,0.0,2.0,0.0,0.0,0.0,0.0,0.0,0, 
UCBT_tab,01310-200,d778eaec49de98afee2db862f169fda3413279790c371246b9b69b870e00b4c3,10971152,,,390,33061008739369866L,12297501S1,14373896,AUG0201,DAUG-EQ-TR2,DAUG,16596,3550308, ,AV PAULISTA 2064 BELA VISTA,CO1,8112-5/00,COM-Tipo02,ABCN,BT,10,B3,DS,01/11/1987,13.5,0,UB,RD_INTERLIG,445.0,158.0,101.098,149.0,117.0,42.0,488.88,538.02,694.0,706.0,554.6,386.33,0.0,0.0,0.0,0.0,0.0,0.0,0.31,0.0,0.0,0.0,0.0,0.0,0.0,0.0,0.0,0.0,0.0,0.0,2.0,0.0,0.0,0.0,0.0,0.0,0, 
UCBT_tab,01310-200,34280940ffda6afaaeecff1bcc5ee04fedbb5f0887848f53a00b42da69d894bb,10971365,,,390,33073873739357834L,12298004S1,14374600,AUG0201,DAUG-EQ-TR2,DAUG,16596,3550308, ,AV PAULISTA 1904 BELA VISTA,CO9,8711-5/05,COM-Tipo02,ABCN,BT,10,B3,AT,07/11/1991,11.0,0,UB,RD_INTERLIG,100.0,40.0,54.354,40.0,30.0,20.0,100.8,61.0,100.0,100.0,17.7,19.12,0.0,0.0,0.0,0.0,0.0,0.0,0.31,0.0,0.0,0.0,0.0,0.0,0.0,0.0,0.0,0.0,0.0,0.0,2.0,0.0,0.0,0.0,0.0,0.0,0, 
UCBT_tab,01310-200,7181fbcc4ec7eea3d14b4479a1adf439c1a2456b9b27a142bc754a4cc81154ae,10971365,,,390,33073873739357834L,12298004S1,14374600,AUG0201,DAUG-EQ-TR2,DAUG,16596,3550308, ,AV PAULISTA 1912 BELA VISTA,PP1,8423-0/00,SP-Tipo07,ABCN,BT,10,B3,AT,10/01/1992,22.8,0,UB,RD_INTERLIG,695.4,402.0,1750.0,1188.61,1570.0,1020.0,1490.0,1510.0,1250.0,1470.0,1240.0,1320.25,0.0,0.0,0.0,0.0,0.0,0.0,0.31,0.0,0.0,0.0,0.0,0.0,0.0,0.0,0.0,0.0,0.0,0.0,2.0,0.0,0.0,0.0,0.0,0.0,0, 
UCBT_tab,01310-200,3b99efb20e544b4bdd1e8e18b32c35892b39118233694659dd6290e9f452e28d,10971365,,,390,33073873739357834L,12298004S1,14374600,AUG0201,DAUG-EQ-TR2,DAUG,16596,3550308, ,AV PAULISTA 1904 BELA VISTA,PP1,8423-0/00,SP-Tipo06,ABCN,BT,10,B3,AT,10/01/1992,22.8,0,UB,RD_INTERLIG,152.5,105.0,610.0,436.109,510.0,480.0,300.0,490.0,460.0,610.0,470.0,490.09,0.0,0.0,0.0,0.0,0.0,0.0,0.31,0.0,0.0,0.0,0.0,0.0,0.0,0.0,0.0,0.0,0.0,0.0,2.0,0.0,0.0,0.0,0.0,0.0,0, 
UCBT_tab,01310-200,b0de2775831b11113c51e8d3b2792899420c639b6a8a9755c0f399ea2fa55727,10971365,,,390,33073873739357834L,12298004S1,14374600,AUG0201,DAUG-EQ-TR2,DAUG,16596,3550308, ,AV PAULISTA 1904 BELA VISTA,CO1,6810-2/02,COM-Tipo02,ABCN,BT,10,B3,AT,10/01/1992,23.2,0,UB,RD_INTERLIG,400.0,1150.0,1619.736,1260.0,1310.0,1300.0,1092.0,732.0,830.0,1260.0,578.2,765.02,0.0,0.0,0.0,0.0,0.0,0.0,0.31,0.0,0.0,0.0,0.0,0.0,0.0,0.0,0.0,0.0,0.0,0.0,2.0,0.0,0.0,0.0,0.0,0.0,0, 
UCBT_tab,01310-200,416cabb103985d5257ff594a339a9a9c632f9ef5448bee09ac2866498a1ef586,10971365,,,390,33073873739357834L,12298004S1,14374600,AUG0201,DAUG-EQ-TR2,DAUG,16596,3550308, ,AV PAULISTA 1904 BELA VISTA,PP1,6423-9/00,SP-Tipo06,ABCN,BT,10,B3,AT,10/01/1992,23.2,0,UB,RD_INTERLIG,61.0,30.0,100.0,162.472,270.0,140.0,270.0,100.0,100.0,100.0,100.0,10.0,0.0,0.0,0.0,0.0,0.0,0.0,0.31,0.0,0.0,0.0,0.0,0.0,0.0,0.0,0.0,0.0,0.0,0.0,2.0,0.0,0.0,0.0,0.0,0.0,0, 
UCBT_tab,01310-200,8114f4726d168d9887b93dab959f90bbb3887a326ad39385c89153bcc3594139,10971365,,,390,33073873739357834L,12298004S1,14374600,AUG0201,DAUG-EQ-TR2,DAUG,16596,3550308, ,AV PAULISTA 1904 BELA VISTA,CO1,6911-7/01,COM-Tipo02,ABCN,BT,10,B3,AT,10/01/1992,23.2,0,UB,RD_INTERLIG,320.0,370.0,467.441,300.0,360.0,220.0,235.2,195.2,320.0,340.0,200.6,315.57,0.0,0.0,0.0,0.0,0.0,0.0,0.31,0.0,0.0,0.0,0.0,0.0,0.0,0.0,0.0,0.0,0.0,0.0,2.0,0.0,0.0,0.0,0.0,0.0,0, 
UCBT_tab,01310-200,269a9075451f76b49953d4c34a1ad0e7463554146cdb8d0f53975e815e7128d4,10971365,,,390,33073873739357834L,12298004S1,14374600,AUG0201,DAUG-EQ-TR2,DAUG,16596,3550308, ,AV PAULISTA 1904 BELA VISTA,CO1,6810-2/02,COM-Tipo02,ABCN,BT,10,B3,AT,10/01/1992,23.2,0,UB,RD_INTERLIG,100.0,100.0,108.707,30.0,40.0,100.0,84.0,48.8,150.0,570.0,424.8,612.02,0.0,0.0,0.0,0.0,0.0,0.0,0.31,0.0,0.0,0.0,0.0,0.0,0.0,0.0,0.0,0.0,0.0,0.0,2.0,0.0,0.0,0.0,0.0,0.0,0, 
UCBT_tab,01310-200,21cea8c180ea64dc59b9c2e376000534b7dd431f0b8bc883c1b6521232a87f1b,10971323,,,390,33071144739360737L,12297875S1,14374375,AUG0201,DAUG-EQ-TR2,DAUG,16596,3550308, ,AV PAULISTA 2006 BELA VISTA,CO1,9602-5/02,COM-Tipo02,ABN,BT,10,B3,AT,24/03/1992,2.7,0,UB,RD_INTERLIG,400.0,480.0,619.63,490.0,510.0,450.0,394.8,305.0,410.0,470.0,259.6,459.01,0.0,0.0,0.0,0.0,0.0,0.0,0.31,0.0,0.0,0.0,0.0,0.0,0.0,0.0,0.0,0.0,0.0,0.0,2.0,0.0,0.0,0.0,0.0,0.0,0, 
UCBT_tab,01310-200,76601591c663fc1178c3d0d08191ca122d27faab2828ce4f7d3abe19d0c3a3c8,10971323,,,390,33071144739360737L,12297875S1,14374375,AUG0201,DAUG-EQ-TR2,DAUG,16596,3550308, ,AV PAULISTA 2006 BELA VISTA,RE1, ,RES-Tipo03,ABCN,BT,10,B1,DS,08/02/1993,6.5,0,UB,RD_INTERLIG,35.02,120.0,130.0,110.0,100.0,90.0,100.0,100.0,120.0,140.0,100.0,0.0,0.0,0.0,0.0,0.0,0.0,0.0,0.31,0.0,0.0,0.0,0.0,0.0,0.0,0.0,0.0,0.0,0.0,0.0,2.0,0.0,0.0,0.0,0.0,0.0,0, 
UCBT_tab,01310-200,d85fadaec28a16e97263a82a724d21e2fcd7ccf6844fc46b742ba01156574a36,10971323,,,390,33071144739360737L,12297875S1,14374375,AUG0201,DAUG-EQ-TR2,DAUG,16596,3550308, ,AV PAULISTA 2006 BELA VISTA,RE1, ,RES-Tipo03,ABCN,BT,10,B1,DS,16/03/1993,0.3,0,UB,RD_INTERLIG,100.06,0.0,0.0,0.0,0.0,20.0,50.0,20.0,50.0,10.0,10.0,0.0,0.0,0.0,0.0,0.0,0.0,0.0,0.31,0.0,0.0,0.0,0.0,0.0,0.0,0.0,0.0,0.0,0.0,0.0,2.0,0.0,0.0,0.0,0.0,0.0,0, 
UCBT_tab,01310-200,2989996b9b75371dabf36859b3610c4db563ae57ff9e26389425a500d1934d6d,10971152,,,390,33061008739369866L,12297501S1,14373896,AUG0201,DAUG-EQ-TR2,DAUG,16584,3550308, ,AV PAULISTA 2064 BELA VISTA,RE1, ,COM-Tipo02,ABCN,BT,10,B1,AT,07/07/1994,2.0,0,UB,RD_INTERLIG,138.59,237.0,212.0,320.0,282.0,276.0,0.0,0.0,0.0,0.0,95.0,208.74,0.0,0.0,0.0,0.0,0.0,0.0,0.0,0.0,0.0,0.0,0.0,0.0,0.0,0.0,0.0,0.0,0.0,0.0,0.0,0.0,0.0,0.0,0.0,0.0,0, 
UCBT_tab,01310-200,1ded1d1de14d3c291f6da3cabffae40461f6a7e778c1495a192632a4f2a8fd08,10971323,,,390,33071144739360737L,12297875S1,14374375,AUG0201,DAUG-EQ-TR2,DAUG,16596,3550308, ,AV PAULISTA 2006 BELA VISTA,CO9,6399-2/00,COM-Tipo02,ABN,BT,10,B3,AT,06/12/1994,4.0,0,UB,RD_INTERLIG,29.0,30.0,54.354,32.0,38.0,50.0,42.0,15.86,51.0,45.0,29.5,49.72,0.0,0.0,0.0,0.0,0.0,0.0,0.31,0.0,0.0,0.0,0.0,0.0,0.0,0.0,0.0,0.0,0.0,0.0,3.0,0.0,0.0,0.0,0.0,0.0,0, 
UCBT_tab,01310-200,1efd4d8b08ca7ca622f169dec9018f4fb968cf79a43d4031358d276349a29dee,10971552,,,390,33085305739347489L,12307074S1,14374950,AUG0202,DAUG-EQ-TR2,DAUG,16596,3550308, ,AV PAULISTA 1754 BELA VISTA,CO9,6399-2/00,COM-Tipo02,ABCN,BT,10,B3,AT,19/11/1996,5.4,0,UB,RD_INTERLIG,100.0,6.0,7.609,5.0,100.0,16.0,84.0,7.32,6.0,100.0,3.54,95.62,0.0,0.0,0.0,0.0,0.0,0.0,0.29,0.0,0.0,0.0,0.0,0.0,0.0,0.0,0.0,0.0,0.0,0.0,2.0,0.0,0.0,0.0,0.0,0.0,0, 
UCBT_tab,01310-200,6263d081d51823dcdfeaca819ca2ae319a7f53a607cf0b2f069b116ca3d2274a,1310925,,,390,33093860739338162L, ,14375157,AUG0202,DAUG-EQ-TR2,DAUG,16573,3550308, ,AV PAULISTA 1636 BELA VISTA,RE1, ,RES-Tipo05,ABN,BT,10,B1,AT,26/06/2001,1.9,0,UB,RD_INTERLIG,367.24,658.0,887.0,659.0,767.0,620.0,575.0,672.0,656.0,738.0,616.0,765.08,0.0,0.0,0.0,0.0,0.0,0.0,0.0,0.0,0.0,0.0,0.0,0.0,0.0,0.0,0.0,0.0,0.0,0.0,0.0,0.0,0.0,0.0,0.0,0.0,0, 
UCBT_tab,01310-200,aa0f6f29d692c7667534fab35e23fffb55db9c8c1ffa2f3f4852ebddf1192583,10971323,,,390,33071144739360737L,12297875S1,14374375,AUG0201,DAUG-EQ-TR2,DAUG,16596,3550308, ,AV PAULISTA 2006 BELA VISTA,CO3,6110-8/01,COM-Tipo04,ABCN,BT,10,B3,AT,27/01/2003,19.0,0,UB,RD_INTERLIG,6288.0,0.0,7079.006,6141.0,0.0,0.0,0.0,0.0,19169.0,19273.0,3524.07,5840.98,0.0,0.0,0.0,0.0,0.0,0.0,0.0,0.0,0.0,0.0,0.0,0.0,0.0,0.0,0.0,0.0,0.0,0.0,0.0,0.0,0.0,0.0,0.0,0.0,0, 
UCBT_tab,01310-200,aa481ffaf4ae908563b5dd83023cd168e6d44086f9bbcfc6f4a0b3aa922c0c1f,10971323,,,390,33071144739360737L,12297875S1,14374375,AUG0201,DAUG-EQ-TR2,DAUG,16596,3550308, ,AV PAULISTA 2006 BELA VISTA,CO1,7740-3/00,COM-Tipo02,ABN,BT,10,B3,AT,31/05/2003,11.6,0,UB,RD_INTERLIG,170.0,134.0,222.85,120.0,136.0,81.0,60.48,53.07,120.0,124.0,49.56,102.32,0.0,0.0,0.0,0.0,0.0,0.0,0.31,0.0,0.0,0.0,0.0,0.0,0.0,0.0,0.0,0.0,0.0,0.0,2.0,0.0,0.0,0.0,0.0,0.0,0, 
UCBT_tab,01310-200,e3d0e8a198ae3582aa7ee85cb4206e8a0efd0b672b488efde252dfe45258d630,10971323,,,390,33071144739360737L,12297875S1,14374375,AUG0201,DAUG-EQ-TR2,DAUG,16596,3550308, ,AV PAULISTA 2006 BELA VISTA,RE1, ,RES-Tipo04,ABCN,BT,10,B1,AT,23/07/2003,13.3,0,UB,RD_INTERLIG,180.12,440.0,430.0,310.0,520.0,250.0,190.0,220.0,240.0,250.0,110.0,213.6,0.0,0.0,0.0,0.0,0.0,0.0,0.31,0.0,0.0,0.0,0.0,0.0,0.0,0.0,0.0,0.0,0.0,0.0,2.0,0.0,0.0,0.0,0.0,0.0,0, 
UCBT_tab,01310-200,3fc2c1e01b07d06f894f08db61394f80eb1873072d0329bc1d4267e3a82f58af,10971152,,,390,33061008739369866L,12297501S1,14373896,AUG0201,DAUG-EQ-TR2,DAUG,16596,3550308, ,AV PAULISTA 2064 BELA VISTA,CO1,4721-1/02,COM-Tipo01,ABCN,BT,10,B3,AT,12/12/2003,56.7,0,UB,RD_INTERLIG,9969.0,10153.0,9367.291,10245.0,13365.0,10181.0,7733.04,6104.88,10461.0,10631.0,6581.45,10112.7,0.0,0.0,0.0,0.0,0.0,0.0,0.31,0.0,0.0,0.0,0.0,0.0,0.0,0.0,0.0,0.0,0.0,0.0,2.0,0.0,0.0,0.0,0.0,0.0,0, 
UCBT_tab,01310-200,afd03017394be87118d836b5a2bcb3a5892956fb44b285bcd7e79969c91ff006,10971323,,,390,33071144739360737L,12297875S1,14374375,AUG0201,DAUG-EQ-TR2,DAUG,16596,3550308, ,AV PAULISTA 2006 BELA VISTA,RE1, ,RES-Tipo01,ABN,BT,10,B1,DS,12/06/2004,8.0,0,UB,RD_INTERLIG,25.01,46.0,49.0,40.0,48.0,38.0,36.0,39.0,37.0,41.0,37.0,0.0,0.0,0.0,0.0,0.0,0.0,0.0,0.31,0.0,0.0,0.0,0.0,0.0,0.0,0.0,0.0,0.0,0.0,0.0,2.0,0.0,0.0,0.0,0.0,0.0,0, 
UCBT_tab,01310-200,a7ff98a6333da7bffc32bb0e31d9a794075fe761b4e42e4990ee1b90079986dc,10971323,,,390,33071144739360737L,12297875S1,14374375,AUG0201,DAUG-EQ-TR2,DAUG,16596,3550308, ,AV PAULISTA 2006 BELA VISTA,CO9,7319-0/01,COM-Tipo03,ABCN,BT,10,B3,AT,03/01/2006,4.3,0,UB,RD_INTERLIG,1299.0,1111.0,1336.01,968.0,954.0,632.0,554.4,447.13,294.0,895.0,394.12,824.31,0.0,0.0,0.0,0.0,0.0,0.0,0.31,0.0,0.0,0.0,0.0,0.0,0.0,0.0,0.0,0.0,0.0,0.0,2.0,0.0,0.0,0.0,0.0,0.0,0, 
UCBT_tab,01310-200,a303890f06c2f14f73f8118f162da0adee6cb70ae9df38e9fbfe59612a147d38,10971323,,,390,33071144739360737L,12297875S1,14374375,AUG0201,DAUG-EQ-TR2,DAUG,16596,3550308, ,AV PAULISTA 2006 BELA VISTA,IN,3821-1/00,IND-Tipo05,ABN,BT,10,B3,AT,15/09/2006,6.9,0,UB,RD_INTERLIG,221.0,223.0,478.0,252.0,382.0,198.0,190.0,349.0,379.0,590.0,452.0,643.97,0.0,0.0,0.0,0.0,0.0,0.0,0.31,0.0,0.0,0.0,0.0,0.0,0.0,0.0,0.0,0.0,0.0,0.0,2.0,0.0,0.0,0.0,0.0,0.0,0, 
UCBT_tab,01310-200,71cddc40b1d656b1f497912ba476a48c81a9341df24545806aa1f7da1544e413,10971152,,,390,33061008739369866L,12297501S1,14373896,AUG0201,DAUG-EQ-TR2,DAUG,16596,3550308, ,AV PAULISTA 2064 BELA VISTA,CO1,4781-4/00,COM-Tipo03,ABN,BT,10,B3,AT,24/10/2006,8.9,0,UB,RD_INTERLIG,1449.0,1524.0,1592.559,1459.0,1449.0,1794.0,1175.16,895.48,1400.0,1544.0,897.39,1351.22,0.0,0.0,0.0,0.0,0.0,0.0,0.31,0.0,0.0,0.0,0.0,0.0,0.0,0.0,0.0,0.0,0.0,0.0,2.0,0.0,0.0,0.0,0.0,0.0,0, 
UCBT_tab,01310-200,efb23b754baaf2170a9c1684b206a61826b945c8e93fb2c422867a6efa5f6e93,10971365,,,390,33073873739357834L,12298004S1,14374600,AUG0201,DAUG-EQ-TR2,DAUG,16596,3550308, ,AV PAULISTA 1912 BELA VISTA,CO1,6810-2/02,COM-Tipo02,ABCN,BT,10,B3,AT,20/11/2007,23.1,0,UB,RD_INTERLIG,255.0,2.0,108.707,187.0,1287.0,1409.0,1198.68,952.82,1412.0,1548.0,803.58,1511.88,0.0,0.0,0.0,0.0,0.0,0.0,0.31,0.0,0.0,0.0,0.0,0.0,0.0,0.0,0.0,0.0,0.0,0.0,2.0,0.0,0.0,0.0,0.0,0.0,0, 
UCBT_tab,01310-200,63c0fef1b1eb7e6be6c0fa2890836a43e44501c82f97ac0adf9e10938655f4b2,10971365,,,390,33073873739357834L,12298004S1,14374600,AUG0201,DAUG-EQ-TR2,DAUG,16596,3550308, ,AV PAULISTA 1912 BELA VISTA,CO1,6810-2/02,COM-Tipo02,ABCN,BT,10,B3,AT,20/11/2007,22.4,0,UB,RD_INTERLIG,103.0,100.0,2.602,42.6,368.2,559.4,1008.5,990.15,2010.2,2491.4,1312.51,2330.27,0.0,0.0,0.0,0.0,0.0,0.0,0.31,0.0,0.0,0.0,0.0,0.0,0.0,0.0,0.0,0.0,0.0,0.0,2.0,0.0,0.0,0.0,0.0,0.0,0, 
UCBT_tab,01310-200,157a873908406e5193e9394afbc86cbb26d22a20f54c30e44416715bc25021b7, ,,,390,33088242739344597L,12307182S1,14375010,AUG0201,DAUG-EQ-TR2,DAUG,16596,3550308, ,AV PAULISTA 1728 BELA VISTA,CO1,6622-3/00,COM-Tipo05,ABCN,BT,10,B3,AT,22/11/2007,4.5,0,UB,RD_INTERLIG,3140.0,3137.6,4516.994,3125.6,3348.8,2458.4,1866.14,1593.32,2928.0,3331.2,1708.17,3133.55,0.0,0.0,0.0,0.0,0.0,0.0,0.31,0.0,0.0,0.0,0.0,0.0,0.0,0.0,0.0,0.0,0.0,0.0,2.0,0.0,0.0,0.0,0.0,0.0,0, 
UCBT_tab,01310-200,a2837e20bfe2d4ee8fee7e4d6327fe5002d379e4b8fc964ea372e7fffbdbd10f,10971552,,,390,33085305739347489L,12307074S1,14374950,AUG0202,DAUG-EQ-TR2,DAUG,16596,3550308, ,AV PAULISTA 1754 BELA VISTA,CO1,6202-3/00,COM-Tipo01,ABCN,BT,10,B3,AT,22/11/2007,7.6,0,UB,RD_INTERLIG,1.0,50.0,1139.25,1468.0,1546.0,1023.0,765.24,639.89,1520.0,1798.0,995.33,1907.78,0.0,0.0,0.0,0.0,0.0,0.0,0.29,0.0,0.0,0.0,0.0,0.0,0.0,0.0,0.0,0.0,0.0,0.0,2.0,0.0,0.0,0.0,0.0,0.0,0, 
UCBT_tab,01310-200,54e408b819d36ce32bfae394d8d896693a0ae7f8f24bf69b8f7078230054219f, ,,,390,33088242739344597L,12307182S1,14375010,AUG0201,DAUG-EQ-TR2,DAUG,16596,3550308, ,AV PAULISTA 1728 BELA VISTA,CO1,6619-3/99,COM-Tipo01,ABCN,BT,10,B3,AT,23/11/2007,39.0,0,UB,RD_INTERLIG,13392.8,14081.6,16121.691,14080.0,15528.0,14042.4,11097.41,9084.61,13308.8,13429.6,6105.32,11073.76,0.0,0.0,0.0,0.0,0.0,0.0,0.31,0.0,0.0,0.0,0.0,0.0,0.0,0.0,0.0,0.0,0.0,0.0,2.0,0.0,0.0,0.0,0.0,0.0,0, 
UCBT_tab,01310-200,53a8007c3841aa71c56e0c867bda5fc25c3a46ff9fb73d19436782e536a02872, ,,,390,33088242739344597L,12307182S1,14375010,AUG0201,DAUG-EQ-TR2,DAUG,16596,3550308, ,AV PAULISTA 1728 BELA VISTA,CO1,6612-6/04,COM-Tipo02,ABCN,BT,10,B3,AT,23/11/2007,37.0,0,UB,RD_INTERLIG,459.2,433.6,699.201,440.0,475.2,372.8,247.3,222.53,483.2,324.8,193.52,374.86,0.0,0.0,0.0,0.0,0.0,0.0,0.31,0.0,0.0,0.0,0.0,0.0,0.0,0.0,0.0,0.0,0.0,0.0,2.0,0.0,0.0,0.0,0.0,0.0,0, 
UCBT_tab,01310-200,4990b625c9de85aca45922a16bb268d4aabcbf58e30c25194127a0eec9bdf287,10971552,,,390,33085305739347489L,12307074S1,14374950,AUG0202,DAUG-EQ-TR2,DAUG,16596,3550308, ,AV PAULISTA 1754 BELA VISTA,CO1,4691-5/00,COM-Tipo05,ABCN,BT,10,B3,AT,23/11/2007,17.3,0,UB,RD_INTERLIG,2215.0,2132.0,2616.58,1746.0,3522.0,3230.0,2477.16,1848.3,2865.0,2204.0,918.04,1721.31,0.0,0.0,0.0,0.0,0.0,0.0,0.29,0.0,0.0,0.0,0.0,0.0,0.0,0.0,0.0,0.0,0.0,0.0,2.0,0.0,0.0,0.0,0.0,0.0,0, 
UCBT_tab,01310-200,5d9833b507688ea019788f0126eb628099a81ebd7285cd4873ea1dbb53b4d03d,10971520,,,390,33083328739348867L,12307012S1,14374917,AUG0202,DAUG-EQ-TR2,DAUG,16596,3550308, ,AV PAULISTA 1776 BELA VISTA,CO1,9430-8/00,COM-Tipo05,ABCN,BT,10,B3,AT,23/11/2007,68.0,0,UB,RD_INTERLIG,2160.0,2120.0,2826.385,1960.0,2400.0,1760.0,1612.8,1317.6,2080.0,2240.0,1156.4,2027.32,0.0,0.0,0.0,0.0,0.0,0.0,0.29,0.0,0.0,0.0,0.0,0.0,0.0,0.0,0.0,0.0,0.0,0.0,2.0,0.0,0.0,0.0,0.0,0.0,0, 
UCBT_tab,01310-200,76ec73c5f0d26834e5bb273b4e6a5082cadfcce125af2eb81aef6dc9909b5b4f,10971365,,,390,33073873739357834L,12298004S1,14374600,AUG0201,DAUG-EQ-TR2,DAUG,16596,3550308, ,AV PAULISTA 1904 BELA VISTA,CO1,6810-2/02,COM-Tipo02,ABCN,BT,10,B3,AT,23/11/2007,23.2,0,UB,RD_INTERLIG,1239.6,1289.0,1614.959,1356.8,1441.0,1358.6,1142.9,920.49,1489.6,1726.2,877.8,1415.87,0.0,0.0,0.0,0.0,0.0,0.0,0.31,0.0,0.0,0.0,0.0,0.0,0.0,0.0,0.0,0.0,0.0,0.0,2.0,0.0,0.0,0.0,0.0,0.0,0, 
UCBT_tab,01310-200,f00a83414c68db66a562122ccdeea50d20ef2ab1d1765133e8c3ec574fa0f388,10971552,,,390,33085305739347489L,12307074S1,14374950,AUG0202,DAUG-EQ-TR2,DAUG,16596,3550308, ,AV PAULISTA 1754 BELA VISTA,CO1,6612-6/01,COM-Tipo03,ABCN,BT,10,B3,AT,23/11/2007,7.0,0,UB,RD_INTERLIG,80.0,50.0,86.966,50.0,80.0,50.0,42.0,97.6,160.0,160.0,141.6,153.0,0.0,0.0,0.0,0.0,0.0,0.0,0.29,0.0,0.0,0.0,0.0,0.0,0.0,0.0,0.0,0.0,0.0,0.0,2.0,0.0,0.0,0.0,0.0,0.0,0, 
UCBT_tab,01310-200,b050d44772c5a5e508e12e87028f67d6ce2d6d7bba0f1e04b8428ac229d1759f,10971520,,,390,33083328739348867L,12307012S1,14374917,AUG0202,DAUG-EQ-TR2,DAUG,16596,3550308, ,AV PAULISTA 1776 BELA VISTA,CO1,6421-2/00,COM-Tipo05,ABCN,BT,10,B3,AT,23/11/2007,9.0,0,UB,RD_INTERLIG,4120.0,4280.0,5087.492,3680.0,4000.0,3000.0,2520.0,2098.4,3400.0,3680.0,1817.2,3480.87,0.0,0.0,0.0,0.0,0.0,0.0,0.29,0.0,0.0,0.0,0.0,0.0,0.0,0.0,0.0,0.0,0.0,0.0,2.0,0.0,0.0,0.0,0.0,0.0,0, 
UCBT_tab,01310-200,38bbaee2459e1251595e0b9583beb3c14c547a2896c00d262d7dc5c653382860,10971552,,,390,33085305739347489L,12307074S1,14374950,AUG0202,DAUG-EQ-TR2,DAUG,16596,3550308, ,AV PAULISTA 1754 BELA VISTA,CO1,8299-7/99,COM-Tipo03,ABCN,BT,10,B3,AT,23/11/2007,17.3,0,UB,RD_INTERLIG,50.0,5.0,52.179,50.0,50.0,155.0,59.64,24.4,6.0,50.0,21.83,36.33,0.0,0.0,0.0,0.0,0.0,0.0,0.29,0.0,0.0,0.0,0.0,0.0,0.0,0.0,0.0,0.0,0.0,0.0,2.0,0.0,0.0,0.0,0.0,0.0,0, 
UCBT_tab,01310-200,edca72ea6cb616f12057019d123a48c3aadd40c36a3e06aa5e985b77e0af1a75,10971520,,,390,33083328739348867L,12307012S1,14374917,AUG0202,DAUG-EQ-TR2,DAUG,16596,3550308, ,AV PAULISTA 1776 BELA VISTA,RE1, ,RES-Tipo05,ABC,BT,10,B1,AT,23/11/2007,8.4,0,UB,RD_INTERLIG,1679.13,3305.0,4264.0,2740.0,3631.0,2712.0,2798.0,3350.0,3440.0,3934.0,2835.0,3334.14,0.0,0.0,0.0,0.0,0.0,0.0,0.29,0.0,0.0,0.0,0.0,0.0,0.0,0.0,0.0,0.0,0.0,0.0,2.0,0.0,0.0,0.0,0.0,0.0,0, 
UCBT_tab,01310-200,2b708b8c25f1359b46037124173c90e1ad38fe87e78dc3a20e9544b6612f34bf,10971520,,,390,33083328739348867L,12307012S1,14374917,AUG0202,DAUG-EQ-TR2,DAUG,16596,3550308, ,AV PAULISTA 1776 BELA VISTA,CO5,6920-6/01,COM-Tipo03,ABCN,BT,10,B3,AT,03/12/2007,68.0,0,UB,RD_INTERLIG,213.0,503.0,1160.992,611.0,723.0,552.0,414.96,348.31,654.0,795.0,286.15,833.87,0.0,0.0,0.0,0.0,0.0,0.0,0.29,0.0,0.0,0.0,0.0,0.0,0.0,0.0,0.0,0.0,0.0,0.0,2.0,0.0,0.0,0.0,0.0,0.0,0, 
UCBT_tab,01310-200,9ad7cf9b117aaa9c2dc2828e85951446ed378d15ffa3e706f1704a39677bccce, ,,,390,33088242739344597L,12307182S1,14375010,AUG0201,DAUG-EQ-TR2,DAUG,16596,3550308, ,AV PAULISTA 1728 BELA VISTA,CO1,6613-4/00,COM-Tipo04,ABCN,BT,10,B3,AT,03/01/2008,5.0,0,UB,RD_INTERLIG,4520.8,4032.8,5339.693,3655.2,4174.4,2048.8,42.0,256.69,13.6,14.4,8.5,461.3,0.0,0.0,0.0,0.0,0.0,0.0,0.31,0.0,0.0,0.0,0.0,0.0,0.0,0.0,0.0,0.0,0.0,0.0,2.0,0.0,0.0,0.0,0.0,0.0,0, 
UCBT_tab,01310-200,937af948f8b4a7e701c38dc76bc99911cc80035018dcc049570bbb4e40b41da7,10971520,,,390,33083328739348867L,12307012S1,14374917,AUG0202,DAUG-EQ-TR2,DAUG,16596,3550308, ,AV PAULISTA 1776 BELA VISTA,CO1,6911-7/01,COM-Tipo05,ABCN,BT,10,B3,AT,03/01/2008,41.0,0,UB,RD_INTERLIG,1693.0,1879.0,2136.094,1446.0,1503.0,979.0,725.76,660.02,1510.0,1308.0,578.2,1652.45,0.0,0.0,0.0,0.0,0.0,0.0,0.29,0.0,0.0,0.0,0.0,0.0,0.0,0.0,0.0,0.0,0.0,0.0,2.0,0.0,0.0,0.0,0.0,0.0,0, 
UCBT_tab,01310-200,408b440f63fc7c81cf7b132c07733999e85105eeb369fc9cc670b1094b2cd1cf,10971520,,,390,33083328739348867L,12307012S1,14374917,AUG0202,DAUG-EQ-TR2,DAUG,16596,3550308, ,AV PAULISTA 1776 BELA VISTA,CO1,8121-4/00,COM-Tipo03,ABCN,BT,10,B3,AT,03/01/2008,68.0,0,UB,RD_INTERLIG,1841.0,1737.0,2461.129,1101.0,1487.0,990.0,607.32,455.06,988.0,956.0,405.33,1215.43,0.0,0.0,0.0,0.0,0.0,0.0,0.29,0.0,0.0,0.0,0.0,0.0,0.0,0.0,0.0,0.0,0.0,0.0,2.0,0.0,0.0,0.0,0.0,0.0,0, 
UCBT_tab,01310-200,ea1e94c0d39a5856ee50619609fc09d73547767d0bf0c8e4441475609c44b3b2,1310571,,,390,33084737739339721L,12307081S1,14375004,IBP0201,DIBP-EQ-TR1,DIBP,16573,3550308, ,AV PAULISTA 1708 BELA VISTA,CO9,6423-9/00,COM-Tipo01,ABN,BT,10,B3,AT,28/04/2008,5.0,0,UB,RD_INTERLIG,14784.0,14609.6,16652.181,13252.8,14366.4,12200.0,8995.39,6907.15,11491.2,13777.6,6919.52,13066.66,0.0,0.0,0.0,0.0,0.0,0.0,0.0,0.0,0.0,0.0,0.0,0.0,0.0,0.0,0.0,0.0,0.0,0.0,0.0,0.0,0.0,0.0,0.0,0.0,0, 
UCBT_tab,01310-200,9e17d3cc56a130bfe21e6dc6f2b45af6ff68c3d7669a99faa213ac1c638a90c3,10971152,,,390,33061008739369866L,12297501S1,14373896,AUG0201,DAUG-EQ-TR2,DAUG,16596,3550308, ,AV PAULISTA 2064 BELA VISTA,CO1,8112-5/00,COM-Tipo02,ABCN,BT,10,B3,AT,29/11/2011,5.5,0,UB,RD_INTERLIG,100.0,100.0,108.707,100.0,100.0,16.0,14.28,10.98,100.0,100.0,59.0,95.62,0.0,0.0,0.0,0.0,0.0,0.0,0.31,0.0,0.0,0.0,0.0,0.0,0.0,0.0,0.0,0.0,0.0,0.0,2.0,0.0,0.0,0.0,0.0,0.0,0, 
UCBT_tab,01310-200,62592753d566731c133ca72163edefe9faaf6b9b8bb4f4befe25fadf1e701483,10971323,,,390,33071144739360737L,12297875S1,14374375,AUG0201,DAUG-EQ-TR2,DAUG,16596,3550308, ,AV PAULISTA 2006 BELA VISTA,IN,3821-1/00,IND-Tipo05,ABN,BT,10,B3,AT,08/01/2012,6.9,0,UB,RD_INTERLIG,80.0,33.0,50.0,50.0,73.0,37.0,50.0,45.0,86.0,112.0,70.0,109.57,0.0,0.0,0.0,0.0,0.0,0.0,0.31,0.0,0.0,0.0,0.0,0.0,0.0,0.0,0.0,0.0,0.0,0.0,2.0,0.0,0.0,0.0,0.0,0.0,0, 
UCBT_tab,01310-200,4d1151cd2df82c5a4fbfd9c829ec28f8dccc216dbab965a22c4c7d644626f39b,10971323,,,390,33071144739360737L,12297875S1,14374375,AUG0201,DAUG-EQ-TR2,DAUG,16596,3550308, ,AV PAULISTA 2006 BELA VISTA,CO3,6110-8/01,COM-Tipo04,ABN,BT,10,B3,AT,08/03/2012,13.6,0,UB,RD_INTERLIG,4741.0,4991.0,5506.014,4772.0,5320.0,4891.0,4074.0,3195.79,4850.0,5237.0,2755.3,4692.48,0.0,0.0,0.0,0.0,0.0,0.0,0.31,0.0,0.0,0.0,0.0,0.0,0.0,0.0,0.0,0.0,0.0,0.0,2.0,0.0,0.0,0.0,0.0,0.0,0, 
UCBT_tab,01310-200,934cc05a6e89e714e2177961f9c71b8ef5d8ddfbc3735c241c5e3d8994a25113,10971152,,,390,33061008739369866L,12297501S1,14373896,AUG0201,DAUG-EQ-TR2,DAUG,16596,3550308, ,AV PAULISTA 2064 BELA VISTA,CO1,8610-1/01,COM-Tipo04,ABCN,BT,10,B3,AT,29/05/2012,121.4,0,UB,RD_INTERLIG,7440.0,7360.0,8870.499,8080.0,9040.0,8640.0,6451.2,4733.6,8800.0,8960.0,5050.4,7650.27,0.0,0.0,0.0,0.0,0.0,0.0,0.31,0.0,0.0,0.0,0.0,0.0,0.0,0.0,0.0,0.0,0.0,0.0,2.0,0.0,0.0,0.0,0.0,0.0,0, 
UCBT_tab,01310-200,03187d71a635f56e9d4f8df32c137a7281d80943f45ffc7b61b811c0d8f8c74e,10971152,,,390,33061008739369866L,12297501S1,14373896,AUG0201,DAUG-EQ-TR2,DAUG,16596,3550308, ,AV PAULISTA 2064 BELA VISTA,CO1,6311-9/00,COM-Tipo04,ABCN,BT,10,B3,AT,29/05/2012,74.2,0,UB,RD_INTERLIG,9050.0,9210.0,10372.831,9117.0,9721.0,9640.0,6995.52,4987.97,8318.0,9021.0,5517.68,8111.2,0.0,0.0,0.0,0.0,0.0,0.0,0.31,0.0,0.0,0.0,0.0,0.0,0.0,0.0,0.0,0.0,0.0,0.0,2.0,0.0,0.0,0.0,0.0,0.0,0, 
UCBT_tab,01310-200,f780aaa0876cbdce3576cb66c707cc7c33d5b7978f219194e6284afc7c489e44,1310925,,,390,33093860739338162L, ,14375157,AUG0202,DAUG-EQ-TR2,DAUG,16573,3550308, ,AV PAULISTA 1636 BELA VISTA,CO1,4110-7/00,COM-Tipo02,ABN,BT,10,B3,AT,30/08/2012,4.8,0,UB,RD_INTERLIG,26.0,48.0,31.525,133.0,387.0,71.0,151.2,139.69,289.0,454.0,345.15,345.21,0.0,0.0,0.0,0.0,0.0,0.0,0.28,0.0,0.0,0.0,0.0,0.0,0.0,0.0,0.0,0.0,0.0,0.0,1.0,0.0,0.0,0.0,0.0,0.0,0, 
UCBT_tab,01310-200,a5b60b414109bafa8bd3c0ebffbf50eb717ab1ee2954dd4452dad0b43e89e7b1,10971152,,,390,33061008739369866L,12297501S1,14373896,AUG0201,DAUG-EQ-TR2,DAUG,16596,3550308, ,AV PAULISTA 2064 BELA VISTA,CO1,8112-5/00,COM-Tipo04,ABCN,BT,10,B3,AT,04/12/2012,9.4,0,UB,RD_INTERLIG,3781.0,3867.0,4715.714,4471.0,4804.0,4789.0,3433.08,2458.91,5241.0,4930.0,2437.88,4051.77,0.0,0.0,0.0,0.0,0.0,0.0,0.31,0.0,0.0,0.0,0.0,0.0,0.0,0.0,0.0,0.0,0.0,0.0,2.0,0.0,0.0,0.0,0.0,0.0,0, 
UCBT_tab,01310-200,1cc9dc0713e416ea684062e7faad6bdf31fa1837b8cd6b18dfe4f7b41eac7a1d,10971152,,,390,33061008739369866L,12297501S1,14373896,AUG0201,DAUG-EQ-TR2,DAUG,16596,3550308, ,AV PAULISTA 2064 BELA VISTA,CO1,8112-5/00,COM-Tipo05,ABCN,BT,10,B3,AT,04/12/2012,11.9,0,UB,RD_INTERLIG,3347.0,3401.0,4587.44,4229.0,4611.0,4601.0,3297.0,2183.8,4182.0,4771.0,2486.26,3453.14,0.0,0.0,0.0,0.0,0.0,0.0,0.31,0.0,0.0,0.0,0.0,0.0,0.0,0.0,0.0,0.0,0.0,0.0,2.0,0.0,0.0,0.0,0.0,0.0,0, 
UCBT_tab,01310-200,cb44d66ce87096abe90ba69f36e479e08601b6f54516433da7fc44b94fdf526d,10971152,,,390,33061008739369866L,12297501S1,14373896,AUG0201,DAUG-EQ-TR2,DAUG,16596,3550308, ,AV PAULISTA 2064 BELA VISTA,CO1,6311-9/00,COM-Tipo03,ABCN,BT,10,B3,AT,04/12/2012,26.6,0,UB,RD_INTERLIG,2817.0,3096.0,2934.005,2800.0,3235.0,2987.0,2820.72,1853.79,3005.0,3048.0,1693.89,2537.02,0.0,0.0,0.0,0.0,0.0,0.0,0.31,0.0,0.0,0.0,0.0,0.0,0.0,0.0,0.0,0.0,0.0,0.0,2.0,0.0,0.0,0.0,0.0,0.0,0, 
UCBT_tab,01310-200,0e4762487425f31466da77ab46fd4b0df9470ff0beebeb58787876a22bd443b3,10971152,,,390,33061008739369866L,12297501S1,14373896,AUG0201,DAUG-EQ-TR2,DAUG,16596,3550308, ,AV PAULISTA 2064 BELA VISTA,CO1,4713-0/04,COM-Tipo05,ABN,BT,10,B3,AT,04/12/2012,26.6,0,UB,RD_INTERLIG,1728.0,1967.0,1958.902,2001.0,2282.0,2136.0,1777.44,1276.73,2050.0,2185.0,1152.27,1884.83,0.0,0.0,0.0,0.0,0.0,0.0,0.31,0.0,0.0,0.0,0.0,0.0,0.0,0.0,0.0,0.0,0.0,0.0,2.0,0.0,0.0,0.0,0.0,0.0,0, 
UCBT_tab,01310-200,69eae3ac4b93bd12bcaddccac2e3620b193e87385b01d9638b1e961d3538b539,10971152,,,390,33061008739369866L,12297501S1,14373896,AUG0201,DAUG-EQ-TR2,DAUG,16596,3550308, ,AV PAULISTA 2064 BELA VISTA,CO1,8211-3/00,COM-Tipo03,BN,BT,10,B3,AT,04/12/2012,5.2,0,UB,RD_INTERLIG,2913.0,3187.0,3435.144,2369.0,2395.0,2478.0,1865.64,1407.27,2362.0,2503.0,1069.08,332.78,0.0,0.0,0.0,0.0,0.0,0.0,0.31,0.0,0.0,0.0,0.0,0.0,0.0,0.0,0.0,0.0,0.0,0.0,2.0,0.0,0.0,0.0,0.0,0.0,0, 
UCBT_tab,01310-200,1c99146eb48df95d742cfb9426e497a898e5f2ff3343f329a62fd3deb0f5b58b,10971152,,,390,33061008739369866L,12297501S1,14373896,AUG0201,DAUG-EQ-TR2,DAUG,16596,3550308, ,AV PAULISTA 2064 BELA VISTA,CO1,7490-1/04,COM-Tipo05,ABN,BT,10,B3,AT,04/12/2012,26.6,0,UB,RD_INTERLIG,2094.0,1396.0,1315.356,998.0,1244.0,2477.0,1552.32,1179.74,2019.0,1931.0,1218.35,1696.44,0.0,0.0,0.0,0.0,0.0,0.0,0.31,0.0,0.0,0.0,0.0,0.0,0.0,0.0,0.0,0.0,0.0,0.0,2.0,0.0,0.0,0.0,0.0,0.0,0, 
UCBT_tab,01310-200,09c978fc1a30564495dcd63c24753e6b377447ebab29243ddbc8d45a4de23493,10971152,,,390,33061008739369866L,12297501S1,14373896,AUG0201,DAUG-EQ-TR2,DAUG,16596,3550308, ,AV PAULISTA 2064 BELA VISTA,CO1,4713-0/04,COM-Tipo05,ABN,BT,10,B3,AT,04/12/2012,26.6,0,UB,RD_INTERLIG,1932.0,1228.0,1390.364,1371.0,1496.0,1436.0,1101.24,842.41,1267.0,1271.0,815.97,990.71,0.0,0.0,0.0,0.0,0.0,0.0,0.31,0.0,0.0,0.0,0.0,0.0,0.0,0.0,0.0,0.0,0.0,0.0,2.0,0.0,0.0,0.0,0.0,0.0,0, 
UCBT_tab,01310-200,6e60dc8d97ea887e994350706c0f9df72eaf8f58f35097b69a666677b76feaf8,10971152,,,390,33061008739369866L,12297501S1,14373896,AUG0201,DAUG-EQ-TR2,DAUG,16596,3550308, ,AV PAULISTA 2064 BELA VISTA,CO1,7112-0/00,COM-Tipo05,ABCN,BT,10,B3,AT,04/12/2012,2.9,0,UB,RD_INTERLIG,2009.0,2158.0,2518.743,2197.0,2382.0,2224.0,1578.36,1147.41,2013.0,2034.0,1184.72,1982.37,0.0,0.0,0.0,0.0,0.0,0.0,0.31,0.0,0.0,0.0,0.0,0.0,0.0,0.0,0.0,0.0,0.0,0.0,2.0,0.0,0.0,0.0,0.0,0.0,0, 
UCBT_tab,01310-200,8cec0e4cbdfeeff49460d4ccf7de5b29398e6ddcbc45e0c62c0ea392eebc4e77,10971152,,,390,33061008739369866L,12297501S1,14373896,AUG0201,DAUG-EQ-TR2,DAUG,16596,3550308, ,AV PAULISTA 2064 BELA VISTA,CO1,7911-2/00,COM-Tipo02,ABCN,BT,10,B3,AT,04/12/2012,6.0,0,UB,RD_INTERLIG,19.0,55.0,241.33,124.0,187.0,1133.0,2269.68,2023.37,3459.0,3128.0,1943.46,2958.74,0.0,0.0,0.0,0.0,0.0,0.0,0.31,0.0,0.0,0.0,0.0,0.0,0.0,0.0,0.0,0.0,0.0,0.0,2.0,0.0,0.0,0.0,0.0,0.0,0, 
UCBT_tab,01310-200,6ba400b9ddba5c34b72402d0284eb40f27031acf08ed4b9c9fe84920c782c4e7,10971152,,,390,33061008739369866L,12297501S1,14373896,AUG0201,DAUG-EQ-TR2,DAUG,16596,3550308, ,AV PAULISTA 2064 BELA VISTA,CO1,6311-9/00,COM-Tipo05,ABN,BT,10,B3,AT,04/12/2012,26.6,0,UB,RD_INTERLIG,2030.0,2210.0,2219.799,2113.0,2057.0,2071.0,1462.44,1135.21,2101.0,1941.0,1167.02,1949.86,0.0,0.0,0.0,0.0,0.0,0.0,0.31,0.0,0.0,0.0,0.0,0.0,0.0,0.0,0.0,0.0,0.0,0.0,2.0,0.0,0.0,0.0,0.0,0.0,0, 
UCBT_tab,01310-200,8dc105c257e0671ea1e63598fecccbe4acd12c5988c0c34a52b31313d498e8bc,10971152,,,390,33061008739369866L,12297501S1,14373896,AUG0201,DAUG-EQ-TR2,DAUG,16596,3550308, ,AV PAULISTA 2064 BELA VISTA,CO1,8220-2/00,COM-Tipo02,ABCN,BT,10,B3,AT,04/12/2012,178.7,0,UB,RD_INTERLIG,34440.0,2080.0,2261.108,2080.0,32200.0,2880.0,84.0,61.0,100.0,40960.0,2454.4,19087.42,0.0,0.0,0.0,0.0,0.0,0.0,0.31,0.0,0.0,0.0,0.0,0.0,0.0,0.0,0.0,0.0,0.0,0.0,2.0,0.0,0.0,0.0,0.0,0.0,0, 
UCBT_tab,01310-200,017deaf3f35b57a12dc72d7a56da2dca0da541896e7043db1bfb5bc4f49cb8fe,10971152,,,390,33061008739369866L,12297501S1,14373896,AUG0201,DAUG-EQ-TR2,DAUG,16596,3550308, ,AV PAULISTA 2064 BELA VISTA,CO1,8220-2/00,COM-Tipo01,ABCN,BT,10,B3,AT,04/12/2012,95.8,0,UB,RD_INTERLIG,6000.0,6000.0,6522.426,100.0,5560.0,100.0,84.0,61.0,100.0,170720.0,3964.8,51983.59,0.0,0.0,0.0,0.0,0.0,0.0,0.31,0.0,0.0,0.0,0.0,0.0,0.0,0.0,0.0,0.0,0.0,0.0,2.0,0.0,0.0,0.0,0.0,0.0,0, 
UCBT_tab,01310-200,7a3c81c0105b29a2cebe38e79ace7b8649187f1d7254c0d72186e34b99c148d7,10971152,,,390,33061008739369866L,12297501S1,14373896,AUG0201,DAUG-EQ-TR2,DAUG,16596,3550308, ,AV PAULISTA 2064 BELA VISTA,CO1,6311-9/00,COM-Tipo05,ABN,BT,10,B3,AT,04/12/2012,26.6,0,UB,RD_INTERLIG,1354.0,1990.0,2089.35,1795.0,1620.0,2197.0,1755.6,1270.63,1736.0,2795.0,1528.69,2509.28,0.0,0.0,0.0,0.0,0.0,0.0,0.31,0.0,0.0,0.0,0.0,0.0,0.0,0.0,0.0,0.0,0.0,0.0,2.0,0.0,0.0,0.0,0.0,0.0,0, 
UCBT_tab,01310-200,10800b175d94cf0355237d8c3180604f0f4bdf8f9d4e3075eff7893d8755239e,10971152,,,390,33061008739369866L,12297501S1,14373896,AUG0201,DAUG-EQ-TR2,DAUG,16596,3550308, ,AV PAULISTA 2064 BELA VISTA,CO1,8112-5/00,COM-Tipo05,ABCN,BT,10,B3,AT,04/12/2012,4.9,0,UB,RD_INTERLIG,3440.0,3456.0,3808.01,3912.0,3968.0,3730.0,2806.44,2170.99,3587.0,3730.0,2254.98,3142.34,0.0,0.0,0.0,0.0,0.0,0.0,0.31,0.0,0.0,0.0,0.0,0.0,0.0,0.0,0.0,0.0,0.0,0.0,2.0,0.0,0.0,0.0,0.0,0.0,0, 
UCBT_tab,01310-200,b4c0ef1c5f5a24e924b494067b303028eefbfdebb5c0d88179971512c7605f5a,10971152,,,390,33061008739369866L,12297501S1,14373896,AUG0201,DAUG-EQ-TR2,DAUG,16596,3550308, ,AV PAULISTA 2064 BELA VISTA,CO1,8211-3/00,COM-Tipo03,ABCN,BT,10,B3,AT,04/12/2012,9.1,0,UB,RD_INTERLIG,577.0,522.0,1316.443,2177.0,1162.0,198.0,1475.88,777.14,952.0,1042.0,714.49,510.65,0.0,0.0,0.0,0.0,0.0,0.0,0.31,0.0,0.0,0.0,0.0,0.0,0.0,0.0,0.0,0.0,0.0,0.0,2.0,0.0,0.0,0.0,0.0,0.0,0, 
UCBT_tab,01310-200,b257d6d66319cc9e3d6764e042ccfc244b22b45840ff1f50921f981f8d42d036,10971152,,,390,33061008739369866L,12297501S1,14373896,AUG0201,DAUG-EQ-TR2,DAUG,16596,3550308, ,AV PAULISTA 2064 BELA VISTA,RE1, ,RES-Tipo05,ABN,BT,10,B1,AT,04/12/2012,5.0,0,UB,RD_INTERLIG,25.01,50.0,50.0,50.0,1147.0,1161.0,1171.0,934.0,50.0,715.0,613.0,488.37,0.0,0.0,0.0,0.0,0.0,0.0,0.31,0.0,0.0,0.0,0.0,0.0,0.0,0.0,0.0,0.0,0.0,0.0,2.0,0.0,0.0,0.0,0.0,0.0,0, 
UCBT_tab,01310-200,a614cc71c781a0649a8bd5e7de61416707fd5ee652aa58c1be1f78e916bd812f,10971152,,,390,33061008739369866L,12297501S1,14373896,AUG0201,DAUG-EQ-TR2,DAUG,16596,3550308, ,AV PAULISTA 2064 BELA VISTA,CO9,8211-3/00,COM-Tipo02,ABN,BT,10,B3,AT,04/12/2012,47.2,0,UB,RD_INTERLIG,304.0,126.0,108.707,4724.0,5697.0,4937.0,3364.2,852.78,1506.0,100.0,957.57,1673.49,0.0,0.0,0.0,0.0,0.0,0.0,0.31,0.0,0.0,0.0,0.0,0.0,0.0,0.0,0.0,0.0,0.0,0.0,2.0,0.0,0.0,0.0,0.0,0.0,0, 
UCBT_tab,01310-200,892f43841c2be9fa94a4f552d77c7f00e97a664486d5ff35c8b625a2122c6164,10971152,,,390,33061008739369866L,12297501S1,14373896,AUG0201,DAUG-EQ-TR2,DAUG,16596,3550308, ,AV PAULISTA 2064 BELA VISTA,CO1,8610-1/01,COM-Tipo05,ABCN,BT,10,B3,AT,04/12/2012,47.2,0,UB,RD_INTERLIG,4322.0,2881.0,3399.271,3214.0,4375.0,2593.0,1788.36,1125.45,2716.0,2973.0,1831.36,2449.99,0.0,0.0,0.0,0.0,0.0,0.0,0.31,0.0,0.0,0.0,0.0,0.0,0.0,0.0,0.0,0.0,0.0,0.0,2.0,0.0,0.0,0.0,0.0,0.0,0, 
UCBT_tab,01310-200,6dd9eca031de582901aed2a7c6474a427efd1daca0df4892dd4278f3539d578c,1310925,,,390,33093860739338162L, ,14375157,AUG0202,DAUG-EQ-TR2,DAUG,16573,3550308, ,AV PAULISTA 1636 BELA VISTA,RE1, ,RES-Tipo05,ABN,BT,10,B1,AT,11/12/2012,3.5,0,UB,RD_INTERLIG,225.15,471.0,602.0,446.0,496.0,366.0,486.0,480.0,502.0,554.0,459.0,533.03,0.0,0.0,0.0,0.0,0.0,0.0,0.28,0.0,0.0,0.0,0.0,0.0,0.0,0.0,0.0,0.0,0.0,0.0,1.0,0.0,0.0,0.0,0.0,0.0,0, 
UCBT_tab,01310-200,ad3736151fd0416b2060665f2e96048a9215c7d971fa73f1f735566842616ce4,1310925,,,390,33093860739338162L, ,14375157,AUG0202,DAUG-EQ-TR2,DAUG,16573,3550308, ,AV PAULISTA 1636 BELA VISTA,RE1, ,RES-Tipo02,ABN,BT,10,B1,AT,26/01/2013,5.5,0,UB,RD_INTERLIG,223.15,378.0,523.0,266.0,245.0,147.0,167.0,168.0,211.0,293.0,215.0,304.86,0.0,0.0,0.0,0.0,0.0,0.0,0.28,0.0,0.0,0.0,0.0,0.0,0.0,0.0,0.0,0.0,0.0,0.0,1.0,0.0,0.0,0.0,0.0,0.0,0, 
UCBT_tab,01310-200,4108f353691ad1f55111c85710821cfadaec06c772bbfbdd4007a17e4d0093a4,1310925,,,390,33093860739338162L, ,14375157,AUG0202,DAUG-EQ-TR2,DAUG,16573,3550308, ,AV PAULISTA 1636 BELA VISTA,CO1,6491-3/00,COM-Tipo03,ABN,BT,10,B3,AT,14/05/2013,3.6,0,UB,RD_INTERLIG,928.0,957.0,1359.926,878.0,894.0,685.0,513.24,408.09,726.0,690.0,350.46,509.69,0.0,0.0,0.0,0.0,0.0,0.0,0.0,0.0,0.0,0.0,0.0,0.0,0.0,0.0,0.0,0.0,0.0,0.0,0.0,0.0,0.0,0.0,0.0,0.0,0, 
UCBT_tab,01310-200,3e0741d92f450a761f4ec1db7936f7bcb528a76b4110f0208f1b5d46cab23f1a,1310925,,,390,33093860739338162L, ,14375157,AUG0202,DAUG-EQ-TR2,DAUG,16573,3550308, ,AV PAULISTA 1636 BELA VISTA,CO1,7490-1/04,RES-Tipo01,ABCN,BT,10,B3,AT,14/05/2013,4.8,0,UB,RD_INTERLIG,4.0,50.0,54.354,26.0,50.0,4.0,5.88,4.88,8.0,55.0,102.07,127.18,0.0,0.0,0.0,0.0,0.0,0.0,0.0,0.0,0.0,0.0,0.0,0.0,0.0,0.0,0.0,0.0,0.0,0.0,0.0,0.0,0.0,0.0,0.0,0.0,0, 
UCBT_tab,01310-200,c5a86abe4fe7fabff6ea4afd8565654cad85ab44a25f0fef8c20c7d4a3d124d5,10971323,,,390,33071144739360737L,12297875S1,14374375,AUG0201,DAUG-EQ-TR2,DAUG,16596,3550308, ,AV PAULISTA 2006 BELA VISTA,CO9,8711-5/05,COM-Tipo03,ABN,BT,10,B3,AT,24/06/2013,33.1,0,UB,RD_INTERLIG,100.0,36.0,39.135,34.0,33.0,0.0,0.0,0.0,65.0,52.0,20.06,95.62,0.0,0.0,0.0,0.0,0.0,0.0,0.0,0.0,0.0,0.0,0.0,0.0,0.0,0.0,0.0,0.0,0.0,0.0,0.0,0.0,0.0,0.0,0.0,0.0,0, 
UCBT_tab,01310-200,dd76bc1ba592c229d730b65847a91c1dc863abfa6a4bdab91be29e3a69898f0b,1310925,,,390,33093860739338162L, ,14375157,AUG0202,DAUG-EQ-TR2,DAUG,16573,3550308, ,AV PAULISTA 1636 BELA VISTA,RE1, ,RES-Tipo05,ABN,BT,10,B1,AT,30/07/2013,1.2,0,UB,RD_INTERLIG,267.68,491.0,717.0,578.0,628.0,376.0,353.0,404.0,441.0,546.0,364.0,416.52,0.0,0.0,0.0,0.0,0.0,0.0,0.0,0.0,0.0,0.0,0.0,0.0,0.0,0.0,0.0,0.0,0.0,0.0,0.0,0.0,0.0,0.0,0.0,0.0,0, 
UCBT_tab,01310-200,8d67a00e50393a239d275778d0b22a24af903c99265d15d5c66cf83be0a291f8,10971152,,,390,33061008739369866L,12297501S1,14373896,AUG0201,DAUG-EQ-TR2,DAUG,16596,3550308, ,AV PAULISTA 2064 BELA VISTA,CO1,8299-7/06,COM-Tipo02,ABCN,BT,10,B3,AT,30/10/2013,5.2,0,UB,RD_INTERLIG,317.0,307.0,303.293,150.0,594.0,340.0,227.64,171.41,292.0,305.0,178.18,310.79,0.0,0.0,0.0,0.0,0.0,0.0,0.31,0.0,0.0,0.0,0.0,0.0,0.0,0.0,0.0,0.0,0.0,0.0,2.0,0.0,0.0,0.0,0.0,0.0,0, 
UCBT_tab,01310-200,4d39d049750c6feca89075f72352c939e51050c41bddbe524d32297abead2d0e,1310925,,,390,33093860739338162L, ,14375157,AUG0202,DAUG-EQ-TR2,DAUG,16573,3550308, ,AV PAULISTA 1636 BELA VISTA,CO1,9491-0/00,COM-Tipo03,ABN,BT,10,B3,AT,20/01/2014,8.9,0,UB,RD_INTERLIG,50.0,50.0,140.232,50.0,180.0,78.0,179.76,203.13,167.0,93.0,107.38,91.8,0.0,0.0,0.0,0.0,0.0,0.0,0.0,0.0,0.0,0.0,0.0,0.0,0.0,0.0,0.0,0.0,0.0,0.0,0.0,0.0,0.0,0.0,0.0,0.0,0, 
UCBT_tab,01310-200,01126cfb027904e67cfbf26b5cb9a2cd4abcda79f945bf3af69961e7ac39bb48,10971152,,,390,33061008739369866L,12297501S1,14373896,AUG0201,DAUG-EQ-TR2,DAUG,16596,3550308, ,AV PAULISTA 2064 BELA VISTA,CO1,5611-2/03,COM-Tipo04,ABCN,BT,10,B3,AT,16/05/2014,8.8,0,UB,RD_INTERLIG,3640.0,4037.0,3706.912,4080.0,4430.0,4209.0,3071.04,2372.29,3638.0,4017.0,2537.0,3862.43,0.0,0.0,0.0,0.0,0.0,0.0,0.31,0.0,0.0,0.0,0.0,0.0,0.0,0.0,0.0,0.0,0.0,0.0,2.0,0.0,0.0,0.0,0.0,0.0,0, 
UCBT_tab,01310-200,a51fc0be96b4de4263e306ed1a716292d68c476645a733f81a258b02cbbf272b,1309838,,,390,33065242739366097L,12297660S1,14374078,AUG0202,DAUG-EQ-TR2,DAUG,16596,3550308, ,AV PAULISTA 2028 BELA VISTA,CO9,8112-5/00,COM-Tipo05,ABCN,BT,10,B3,AT,18/12/2014,49.6,0,UB,RD_INTERLIG,4360.0,4480.0,5261.424,4560.0,4720.0,4480.0,3091.2,2244.8,4040.0,4560.0,778.8,153.0,0.0,0.0,0.0,0.0,0.0,0.0,0.29,0.0,0.0,0.0,0.0,0.0,0.0,0.0,0.0,0.0,0.0,0.0,2.0,0.0,0.0,0.0,0.0,0.0,0, 
UCBT_tab,01310-200,8ec70a975db789d0bf20edc1318b2ecb359637c503d281d05583772ffc0c97e0,1309838,,,390,33065242739366097L,12297660S1,14374078,AUG0202,DAUG-EQ-TR2,DAUG,16596,3550308, ,AV PAULISTA 2028 BELA VISTA,CO9,8112-5/00,COM-Tipo05,ABCN,BT,10,B3,AT,18/12/2014,49.6,0,UB,RD_INTERLIG,3400.0,3440.0,3869.973,3640.0,3760.0,3440.0,2452.8,1659.2,2880.0,3040.0,684.4,344.26,0.0,0.0,0.0,0.0,0.0,0.0,0.29,0.0,0.0,0.0,0.0,0.0,0.0,0.0,0.0,0.0,0.0,0.0,2.0,0.0,0.0,0.0,0.0,0.0,0, 
UCBT_tab,01310-200,248ed09ea6c642adda71ad9306243a8e9d44e75f7e55f8647d997b62fb6654ac,1309838,,,390,33065242739366097L,12297660S1,14374078,AUG0202,DAUG-EQ-TR2,DAUG,16596,3550308, ,AV PAULISTA 2028 BELA VISTA,CO9,8112-5/00,COM-Tipo05,ABN,BT,10,B3,AT,18/12/2014,49.6,0,UB,RD_INTERLIG,2120.0,2160.0,2304.59,2760.0,2080.0,1680.0,1041.6,732.0,1560.0,2080.0,1062.0,1568.3,0.0,0.0,0.0,0.0,0.0,0.0,0.29,0.0,0.0,0.0,0.0,0.0,0.0,0.0,0.0,0.0,0.0,0.0,2.0,0.0,0.0,0.0,0.0,0.0,0, 
UCBT_tab,01310-200,57ac389432df61479a84e8e5e2535b43f26eed553d8141c3aae3f7c7e1d2a244,10971323,,,390,33071144739360737L,12297875S1,14374375,AUG0201,DAUG-EQ-TR2,DAUG,16596,3550308, ,AV PAULISTA 2028 BELA VISTA,CO1,4645-1/03,COM-Tipo05,ABCN,BT,10,B3,AT,18/12/2014,7.9,0,UB,RD_INTERLIG,2240.0,2200.0,2261.108,2280.0,1920.0,1040.0,134.4,97.6,240.0,1160.0,94.4,191.25,0.0,0.0,0.0,0.0,0.0,0.0,0.31,0.0,0.0,0.0,0.0,0.0,0.0,0.0,0.0,0.0,0.0,0.0,2.0,0.0,0.0,0.0,0.0,0.0,0, 
UCBT_tab,01310-200,1aad1706aaa2f422ea054b37124528e37a37ec125208c3580a5f6dfd84477f80,1309838,,,390,33065242739366097L,12297660S1,14374078,AUG0202,DAUG-EQ-TR2,DAUG,16596,3550308, ,AV PAULISTA 2028 BELA VISTA,CO9,8112-5/00,COM-Tipo05,ABCN,BT,10,B3,AT,18/12/2014,49.6,0,UB,RD_INTERLIG,2960.0,2800.0,3478.627,3360.0,3040.0,2560.0,1680.0,1122.4,2240.0,2800.0,1510.4,2524.58,0.0,0.0,0.0,0.0,0.0,0.0,0.29,0.0,0.0,0.0,0.0,0.0,0.0,0.0,0.0,0.0,0.0,0.0,2.0,0.0,0.0,0.0,0.0,0.0,0, 
UCBT_tab,01310-200,21a519a8c4193efc376f480619e10bb6cece1239671ba3fe8977c466821ef515,1309838,,,390,33065242739366097L,12297660S1,14374078,AUG0202,DAUG-EQ-TR2,DAUG,16596,3550308, ,AV PAULISTA 2028 BELA VISTA,CO9,8112-5/00,COM-Tipo02,ABCN,BT,10,B3,AT,18/12/2014,61.4,0,UB,RD_INTERLIG,100.0,100.0,108.707,100.0,100.0,1.0,84.0,61.0,100.0,100.0,59.0,95.62,0.0,0.0,0.0,0.0,0.0,0.0,0.29,0.0,0.0,0.0,0.0,0.0,0.0,0.0,0.0,0.0,0.0,0.0,2.0,0.0,0.0,0.0,0.0,0.0,0, 
UCBT_tab,01310-200,100c4752151628391e3d1b16a767f4eff8dd869132f4cbd38e8bed7b3936a7cf,1310925,,,390,33093860739338162L, ,14375157,AUG0202,DAUG-EQ-TR2,DAUG,16573,3550308, ,AV PAULISTA 1636 BELA VISTA,RE2, ,RES-Tipo01,BCN,BT,10,B1BR,AT,03/06/2015,5.4,0,UB,RD_INTERLIG,14.5,37.0,36.0,50.0,50.0,35.0,33.0,30.0,13.0,50.0,50.0,48.54,0.0,0.0,0.0,0.0,0.0,0.0,0.0,0.0,0.0,0.0,0.0,0.0,0.0,0.0,0.0,0.0,0.0,0.0,0.0,0.0,0.0,0.0,0.0,0.0,0, 
UCBT_tab,01310-200,1deb7645d8c551b311729d5ec60147043e6d79a79b8fb28b03486f534bcf813a,10971520,,,390,33083328739348867L,12307012S1,14374917,AUG0202,DAUG-EQ-TR2,DAUG,16596,3550308, ,AV PAULISTA 1776 BELA VISTA,CO1,6612-6/03,COM-Tipo03,ABCN,BT,10,B3,AT,23/06/2015,6.8,0,UB,RD_INTERLIG,2880.0,1760.0,3739.524,1280.0,1400.0,1400.0,1108.8,927.2,1440.0,1520.0,708.0,1568.3,0.0,0.0,0.0,0.0,0.0,0.0,0.29,0.0,0.0,0.0,0.0,0.0,0.0,0.0,0.0,0.0,0.0,0.0,2.0,0.0,0.0,0.0,0.0,0.0,0, 
UCBT_tab,01310-200,9242ac5e1922ffa911e8c353ef9553d379d299adc02bf091f53fe0e2d0aa07bb,10971520,,,390,33083328739348867L,12307012S1,14374917,AUG0202,DAUG-EQ-TR2,DAUG,16596,3550308, ,AV PAULISTA 1776 BELA VISTA,CO1,6912-5/00,COM-Tipo04,ABCN,BT,10,B3,AT,23/06/2015,6.8,0,UB,RD_INTERLIG,6360.0,5440.0,8174.774,5680.0,6560.0,4320.0,3326.4,2903.6,4720.0,6160.0,2572.4,5316.93,0.0,0.0,0.0,0.0,0.0,0.0,0.29,0.0,0.0,0.0,0.0,0.0,0.0,0.0,0.0,0.0,0.0,0.0,2.0,0.0,0.0,0.0,0.0,0.0,0, 
UCBT_tab,01310-200,4d9e01b33c6922f91da512d502e48946785afa6779bc3ee806b314e1304aac1b,10971520,,,390,33083328739348867L,12307012S1,14374917,AUG0202,DAUG-EQ-TR2,DAUG,16596,3550308, ,AV PAULISTA 1776 BELA VISTA,CO6,7112-0/00,COM-Tipo03,ABCN,BT,10,B3,AT,23/06/2015,6.8,0,UB,RD_INTERLIG,928.0,956.0,1491.461,1134.0,1595.0,1585.0,1018.92,1111.42,1925.0,1704.0,634.25,1743.3,0.0,0.0,0.0,0.0,0.0,0.0,0.29,0.0,0.0,0.0,0.0,0.0,0.0,0.0,0.0,0.0,0.0,0.0,2.0,0.0,0.0,0.0,0.0,0.0,0, 
UCBT_tab,01310-200,8598101b6a00dc880c55958a9ed897b22ff31574ea339b8ae5231b497427cf2b,10971520,,,390,33083328739348867L,12307012S1,14374917,AUG0202,DAUG-EQ-TR2,DAUG,16596,3550308, ,AV PAULISTA 1776 BELA VISTA,CO1,6619-3/02,COM-Tipo04,ABCN,BT,10,B3,AT,23/06/2015,6.8,0,UB,RD_INTERLIG,9760.0,9720.0,11870.815,8560.0,9080.0,6160.0,5040.0,3904.0,6760.0,8040.0,3658.0,7535.51,0.0,0.0,0.0,0.0,0.0,0.0,0.29,0.0,0.0,0.0,0.0,0.0,0.0,0.0,0.0,0.0,0.0,0.0,2.0,0.0,0.0,0.0,0.0,0.0,0, 
UCBT_tab,01310-200,6c78a4f83ac924325a585a37a28de25086948be89532eb0c78f9d5c0b9081bce,1310925,,,390,33093860739338162L, ,14375157,AUG0202,DAUG-EQ-TR2,DAUG,16573,3550308, ,AV PAULISTA 1636 BELA VISTA,CO1,6462-0/00,COM-Tipo02,ABN,BT,10,B3,AT,10/09/2015,8.8,0,UB,RD_INTERLIG,221.0,191.0,146.755,130.0,116.0,65.0,58.8,50.02,108.0,170.0,88.5,213.25,0.0,0.0,0.0,0.0,0.0,0.0,0.0,0.0,0.0,0.0,0.0,0.0,0.0,0.0,0.0,0.0,0.0,0.0,0.0,0.0,0.0,0.0,0.0,0.0,0, 
UCBT_tab,01310-200,23b1f5406cecd0957ab3579a2ae8a3c45cdc74086a272cc486c624cfc1fc85c3,10971152,,,390,33061008739369866L,12297501S1,14373896,AUG0201,DAUG-EQ-TR2,DAUG,16596,3550308, ,AV PAULISTA 2064 BELA VISTA,CO9,8211-3/00,COM-Tipo05,ABN,BT,10,B3,AT,18/01/2017,10.3,0,UB,RD_INTERLIG,3190.0,3348.0,3783.007,3365.0,3489.0,3648.0,2697.24,2196.61,3733.0,3513.0,2318.11,3356.55,0.0,0.0,0.0,0.0,0.0,0.0,0.31,0.0,0.0,0.0,0.0,0.0,0.0,0.0,0.0,0.0,0.0,0.0,2.0,0.0,0.0,0.0,0.0,0.0,0, 
UCBT_tab,01310-200,04c14c8c6f76eaf350938d3d97dfb7020c503391d96d20ba0ec4ae90a5d8d5ea, ,,,390,0-16600015A76842L_14374038, ,14374038,AUG0204,DAUG-EQ-TR2,DAUG,0,3550308, ,AV PAULISTA 2034 BELA VISTA,CO9,8211-3/00,COM-Tipo01,ABC,BT,06,AS,AT,28/08/1990,3000.0,1,UB,RD_INTERLIG,47013.28,45221.71,42881.66,50018.13,47183.87,42470.66,41788.55,41070.4,38638.08,39591.83,41804.31,43339.37,0.0,0.0,0.0,0.0,0.0,0.0,0.0,0.0,0.0,0.0,0.0,0.0,0.0,0.0,0.0,0.0,0.0,0.0,0.0,0.0,0.0,0.0,0.0,0.0,0, 
UCBT_tab,01310-200,1442fca32d0109478c2cab039ce1bcd1260167282b15efa506ba58baee5a93c0, ,,,390,0-16600015A769A0L, ,14374950,AUG0202,DAUG-EQ-TR2,DAUG,0,3550308, ,AV PAULISTA 1754 BELA VISTA,CO3,6021-7/00,COM-Tipo01,ABC,BT,06,AS,AT,24/03/1984,2198.0,1,UB,RD_INTERLIG,134458.2,131801.26,369125.1,127819.43,122499.05,128603.14,123525.57,124427.8,120993.0,119095.15,117131.66,113794.12,0.0,0.0,0.0,0.0,0.0,0.0,0.0,0.0,0.0,0.0,0.0,0.0,0.0,0.0,0.0,0.0,0.0,0.0,0.0,0.0,0.0,0.0,0.0,0.0,0, 
UCBT_tab,01310-200,fc54275cf11f799c9dba8622384541cb78c9778fe89e271d1c95f26103a8f4fc, ,,,390,0-16600015A76AB6L_14375671, ,14375671,BRG0203,DBRG-EQ-TR1,DBRG,0,3550308, ,AV PAULISTA 1578 BELA VISTA,CO9,9102-3/01,COM-Tipo01,ABC,BT,06,AS,AT,17/12/1981,20120.0,1,UB,RD_INTERLIG,259199.33,270764.14,246393.3,202947.18,349629.75,267564.25,204584.79,230053.3,179706.49,202133.68,285622.88,236585.8,0.0,0.0,0.0,0.0,0.0,0.0,0.0,0.0,0.0,0.0,0.0,0.0,0.0,0.0,0.0,0.0,0.0,0.0,0.0,0.0,0.0,0.0,0.0,0.0,0, 
UCBT_tab,01310-200,409f96a3e9f5327a4054970306fd34ad816e103b80e7a21ac976a5923ef35001, ,,,390,0-16600015A767F5L_14373820, ,14373820,CTR0211, ,TCTR,0,3550308, ,AV PAULISTA 2100 BELA VISTA,CO6,6422-1/00,COM-Tipo01,ABC,BT,10,AS,AT,04/05/1989,41465.0,1,UB,RD_INTERLIG,562898.56,571219.37,514918.27,593157.47,552590.45,530081.11,467683.37,474184.75,486767.05,521658.51,539891.7,500553.38,0.0,0.0,0.0,0.0,0.0,0.0,0.0,0.0,0.0,0.0,0.0,0.0,0.0,0.0,0.0,0.0,0.0,0.0,0.0,0.0,0.0,0.0,0.0,0.0,0, 
UCBT_tab,01310-200,47192b3fc5666aac178572ba39476a4afe8840f8ebd52914347aa888abec9a22, ,,,390,0-16600015A76989L_14374909, ,14374909,AUG0204,DAUG-EQ-TR2,DAUG,0,3550308, ,AV PAULISTA 1804 BELA VISTA,PP1,6410-7/00,SP-Tipo01,ABC,BT,10,AS,AT,01/04/1987,412.03,0,UB,RD_INTERLIG,208174.98,98442.54,287290.08,258871.57,296661.24,279342.54,243200.34,240873.66,242844.48,260202.6,267739.92,245839.91,0.0,0.0,0.0,0.0,0.0,0.0,0.0,0.0,0.0,0.0,0.0,0.0,0.0,0.0,0.0,0.0,0.0,0.0,0.0,0.0,0.0,0.0,0.0,0.0,0, 
UCBT_tab,01310-200,68a532ad189e9f67dadff9ac3b21fb34941a18af713717fe923ca74539221806, ,,,390,0-16600015A76910L, ,14374600,AUG0201,DAUG-EQ-TR2,DAUG,0,3550308, ,AV PAULISTA 1842 BELA VISTA,PP1,8423-0/00,SP-Tipo01,ABC,BT,10,AS,AT,04/11/1990,42934.0,0,UB,RD_INTERLIG,272467.09,136090.58,454986.24,394933.69,480789.12,443254.8,404906.88,383246.16,389357.52,421304.88,447919.2,384298.6,0.0,0.0,0.0,0.0,0.0,0.0,0.0,0.0,0.0,0.0,0.0,0.0,0.0,0.0,0.0,0.0,0.0,0.0,0.0,0.0,0.0,0.0,0.0,0.0,0, 
UCBT_tab,01310-200,0725a16357e621a19e05dbb9af2e5c4ffa4963cf8c8ee83097510ee733a6dafa, ,,,390,0-16600015A76980L_14374884, ,14374884,AUG0204,DAUG-EQ-TR2,DAUG,0,3550308, ,AV PAULISTA 1776 BELA VISTA,CO9,8112-5/00,COM-Tipo01,ABC,BT,06,AS,AT,14/12/2004,36.791,0,UB,RD_INTERLIG,25103.14,23254.18,15312.13,26489.25,23935.39,22739.17,16020.83,11185.12,18996.64,20521.02,12309.85,18972.55,0.0,0.0,0.0,0.0,0.0,0.0,0.0,0.0,0.0,0.0,0.0,0.0,0.0,0.0,0.0,0.0,0.0,0.0,0.0,0.0,0.0,0.0,0.0,0.0,0, 
UCBT_tab,01310-200,e130c9e8c776e81e355d6f7c0633dd635493e4c3bd75cb60c41e733f7d3931ef, ,,,390,0-16600015A768C2L, ,14374363,AUG0201,DAUG-EQ-TR2,DAUG,0,3550308, ,AV PAULISTA 2000 BELA VISTA,CO9,8531-7/00,COM-Tipo01,ABC,BT,06,AS,AT,18/05/2005,178.677,1,UB,RD_INTERLIG,63893.07,45007.13,53343.53,82211.92,70180.33,66157.12,45627.99,39611.5,52952.61,62524.5,66791.69,63094.98,0.0,0.0,0.0,0.0,0.0,0.0,0.0,0.0,0.0,0.0,0.0,0.0,0.0,0.0,0.0,0.0,0.0,0.0,0.0,0.0,0.0,0.0,0.0,0.0,0, 
UCBT_tab,01310-200,b8c406dfb491ccf5a7cc11e4f500999064d5748a4d73f95db1f7494150fcda42,10971552,,,390,33085305739347489L,12307074S1,14374950,AUG0202,DAUG-EQ-TR2,DAUG,16596,3550308, ,AV PAULISTA 1754 BELA VISTA,CO1,6822-6/00,COM-Tipo03,ABC,BT,10,B3,DS,01/03/1986,7.6,0,UB,RD_INTERLIG,1622.0,1384.0,2203.493,1280.0,1261.0,660.0,426.72,360.51,988.0,1063.0,0.0,0.0,0.0,0.0,0.0,0.0,0.0,0.0,0.29,0.0,0.0,0.0,0.0,0.0,0.0,0.0,0.0,0.0,0.0,0.0,2.0,0.0,0.0,0.0,0.0,0.0,0, 
UCBT_tab,01310-200,9dcfa4060b5b870e35d77087f23d2d4eff0fcd8676555d9ea6bbd19b2700cb68,10971323,,,390,33071144739360737L,12297875S1,14374375,AUG0201,DAUG-EQ-TR2,DAUG,16596,3550308, ,AV PAULISTA 2006 BELA VISTA,RE1, ,RES-Tipo03,BCN,BT,10,B1,DS,01/10/1979,2.8,0,UB,RD_INTERLIG,45.03,100.0,100.0,90.0,90.0,70.0,100.0,100.0,90.0,30.0,0.0,0.0,0.0,0.0,0.0,0.0,0.0,0.0,0.31,0.0,0.0,0.0,0.0,0.0,0.0,0.0,0.0,0.0,0.0,0.0,2.0,0.0,0.0,0.0,0.0,0.0,0, 
UCBT_tab,01310-200,c4b2af7883c56fba85629fb273fcb09672497e4cd522158859926d43ea82ecaa,10971323,,,390,33071144739360737L,12297875S1,14374375,AUG0201,DAUG-EQ-TR2,DAUG,16596,3550308, ,AV PAULISTA 2006 BELA VISTA,CO6,4642-7/01,COM-Tipo02,CAN,BT,10,B3,DS,01/06/1983,1.0,0,UB,RD_INTERLIG,110.0,90.0,86.966,110.0,90.0,50.0,33.6,48.8,80.0,80.0,29.5,0.0,0.0,0.0,0.0,0.0,0.0,0.0,0.31,0.0,0.0,0.0,0.0,0.0,0.0,0.0,0.0,0.0,0.0,0.0,2.0,0.0,0.0,0.0,0.0,0.0,0, 
UCBT_tab,01310-200,ef0cdf80ca0e19b0afe7f0b30a1d7cf2d1b6991394ee99d1a678da0658a744ff,10971323,,,390,33071144739360737L,12297875S1,14374375,AUG0201,DAUG-EQ-TR2,DAUG,16596,3550308, ,AV PAULISTA 2006 BELA VISTA,CO1,6822-6/00,COM-Tipo02,ABCN,BT,10,B3,DS,01/01/1973,9.7,0,UB,RD_INTERLIG,98.0,94.0,142.406,75.0,78.0,67.0,52.08,40.26,35.0,50.0,6.49,0.0,0.0,0.0,0.0,0.0,0.0,0.0,0.31,0.0,0.0,0.0,0.0,0.0,0.0,0.0,0.0,0.0,0.0,0.0,2.0,0.0,0.0,0.0,0.0,0.0,0, 
UCBT_tab,01310-200,c03cd0a3574b21efdf084e1eae6fb169194ad361160c67173131b1ffa631bf15,10971365,,,390,33073873739357834L,12298004S1,14374600,AUG0201,DAUG-EQ-TR2,DAUG,16596,3550308, ,AV PAULISTA 1912 BELA VISTA,CO1,6810-2/02,COM-Tipo02,ABCN,BT,10,B3,DS,10/01/1992,23.8,0,UB,RD_INTERLIG,871.74,1517.04,1780.622,1495.8,1549.26,1440.9,1223.66,835.69,1371.06,1686.24,874.29,0.0,0.0,0.0,0.0,0.0,0.0,0.0,0.31,0.0,0.0,0.0,0.0,0.0,0.0,0.0,0.0,0.0,0.0,0.0,2.0,0.0,0.0,0.0,0.0,0.0,0, 
UCBT_tab,01310-200,74177c66704331f1fde6b1d193f9749896d4d0241e6a4fa329efc56c8e943dcd,10971323,,,390,33071144739360737L,12297875S1,14374375,AUG0201,DAUG-EQ-TR2,DAUG,16596,3550308, ,AV PAULISTA 2006 BELA VISTA,RE1, ,RES-Tipo01,ABN,BT,10,B1,DS,30/06/1992,5.5,0,UB,RD_INTERLIG,25.01,50.0,50.0,50.0,50.0,50.0,50.0,50.0,50.0,50.0,50.0,0.0,0.0,0.0,0.0,0.0,0.0,0.0,0.31,0.0,0.0,0.0,0.0,0.0,0.0,0.0,0.0,0.0,0.0,0.0,2.0,0.0,0.0,0.0,0.0,0.0,0, 
UCBT_tab,01310-200,3b9f7b867b733f5d7b07072f3d54e039bb468314a4766f25b8d84c607c2f2461,10971520,,,390,33083328739348867L,12307012S1,14374917,AUG0202,DAUG-EQ-TR2,DAUG,16596,3550308, ,AV PAULISTA 1776 BELA VISTA,CO1,6912-5/00,COM-Tipo04,ABC,BT,10,B3,AT,21/09/2016,51.1,0,UB,RD_INTERLIG,0.0,3480.0,0.0,0.0,12600.0,0.0,0.0,13322.4,3400.0,2920.0,0.0,6196.72,0.0,0.0,0.0,0.0,0.0,0.0,0.0,0.0,0.0,0.0,0.0,0.0,0.0,0.0,0.0,0.0,0.0,0.0,0.0,0.0,0.0,0.0,0.0,0.0,0, 
UCBT_tab,01310-200,ddca4a45c64a255d6e9de3e92ad07c38256d91eed408813d5ffed8d8e949fb43,10971520,,,390,33083328739348867L,12307012S1,14374917,AUG0202,DAUG-EQ-TR2,DAUG,16596,3550308, ,AV PAULISTA 1776 BELA VISTA,CO1,7740-3/00,COM-Tipo03,ABCN,BT,10,B3,AT,21/09/2016,17.6,0,UB,RD_INTERLIG,740.0,717.0,1144.686,770.0,992.0,795.0,621.6,519.72,1026.0,957.0,497.96,1047.13,0.0,0.0,0.0,0.0,0.0,0.0,0.29,0.0,0.0,0.0,0.0,0.0,0.0,0.0,0.0,0.0,0.0,0.0,2.0,0.0,0.0,0.0,0.0,0.0,0, 
UCBT_tab,01310-200,e799bb880831e295a4f92c6b4bbb360696890ed797b6affee206803014927bdc,1310750,,,390,33090569739342260L,12307295S1,14375157,AUG0202,DAUG-EQ-TR2,DAUG,16596,3550308, ,AV PAULISTA 1682 BELA VISTA,PP1,8423-0/00,SP-Tipo05,ABCN,BT,10,B3,AT,09/10/2017,2.2,0,UB,RD_INTERLIG,67100.0,32160.0,0.0,102271.769,136800.0,102000.0,95200.0,115200.0,121600.0,136800.0,112000.0,124824.33,0.0,0.0,0.0,0.0,0.0,0.0,0.29,0.0,0.0,0.0,0.0,0.0,0.0,0.0,0.0,0.0,0.0,0.0,2.0,0.0,0.0,0.0,0.0,0.0,0, 
UCBT_tab,01310-200,4ec6e2e4ae57fbeb8e3a486a0934bcccd8fc64eed0353d443da07072f7598b88,10971152,,,390,33061008739369866L,12297501S1,14373896,AUG0201,DAUG-EQ-TR2,DAUG,16596,3550308, ,AV PAULISTA 2064 BELA VISTA,RE1, ,RES-Tipo05,ABCN,BT,10,B1,AT,18/01/2018,1.7,0,UB,RD_INTERLIG,4142.79,8360.0,7640.0,8560.0,9640.0,8520.0,7160.0,8200.0,8480.0,8240.0,8720.0,7883.87,0.0,0.0,0.0,0.0,0.0,0.0,0.31,0.0,0.0,0.0,0.0,0.0,0.0,0.0,0.0,0.0,0.0,0.0,2.0,0.0,0.0,0.0,0.0,0.0,0, 
UCBT_tab,01310-200,77fd50cf78a630ed8775ba466693294a44a9b063bbafd26d2ce492693667a168,10971323,,,390,33071144739360737L,12297875S1,14374375,AUG0201,DAUG-EQ-TR2,DAUG,16596,3550308, ,AV PAULISTA 2006 BELA VISTA,RE1, ,RES-Tipo01,ABN,BT,10,B1,AT,29/01/2019,6.4,0,UB,RD_INTERLIG,0.0,0.0,0.0,50.0,50.0,50.0,32.0,70.0,93.0,98.0,85.0,98.06,0.0,0.0,0.0,0.0,0.0,0.0,0.31,0.0,0.0,0.0,0.0,0.0,0.0,0.0,0.0,0.0,0.0,0.0,2.0,0.0,0.0,0.0,0.0,0.0,0, 
UCBT_tab,01310-200,15ea6aea05193a253752460c5018d15864667939391198fa5e23d34085ad97f5,10971552,,,390,33085305739347489L,12307074S1,14374950,AUG0202,DAUG-EQ-TR2,DAUG,16596,3550308, ,AV PAULISTA 1754 BELA VISTA,CO9,8112-5/00,COM-Tipo01,ABCN,BT,10,B3,AT,18/03/2019,161.0,0,UB,RD_INTERLIG,27040.0,26240.0,36351.653,29760.0,29280.0,26400.0,21638.4,15811.2,25280.0,28800.0,14537.6,26010.92,0.0,0.0,0.0,0.0,0.0,0.0,0.29,0.0,0.0,0.0,0.0,0.0,0.0,0.0,0.0,0.0,0.0,0.0,2.0,0.0,0.0,0.0,0.0,0.0,0, 
UCBT_tab,01310-200,cbfbac7ba06981252f05d64f8a8267fd3ea5e64b1448c7e9b72e82fb2d1e0317, ,,,390,0-16600015A768BBL_14374355, ,14374355,AUG0202,DAUG-EQ-TR2,DAUG,0,3550308, ,AV PAULISTA 1938 BELA VISTA,CO1,8112-5/00,COM-Tipo01,ABC,BT,06,AS,AT,04/01/2021,967.0,0,UB,RD_INTERLIG,116570.88,0.0,0.0,0.0,0.0,0.0,0.0,0.0,0.0,0.0,0.0,0.0,0.0,0.0,0.0,0.0,0.0,0.0,0.0,0.0,0.0,0.0,0.0,0.0,0.0,0.0,0.0,0.0,0.0,0.0,0.0,0.0,0.0,0.0,0.0,0.0,0, 
UCBT_tab,01310-200,ec8ccbb46c7bb5ab7da4d63f2e3d1c7aa83b1e1b89e99d08ec6e63ee53d8582f, ,,,390,0-16600015A768BBL_14374355, ,14374355,AUG0202,DAUG-EQ-TR2,DAUG,0,3550308, ,AV PAULISTA 1938 BELA VISTA,CO1,8112-5/00,COM-Tipo01,ABC,BT,06,AS,DS,04/01/2021,967.0,1,UB,RD_INTERLIG,0.0,111301.09,98798.14,110161.85,103793.52,99748.18,90898.21,87670.61,90700.31,97197.13,96851.03,88746.64,0.0,0.0,0.0,0.0,0.0,0.0,0.0,0.0,0.0,0.0,0.0,0.0,0.0,0.0,0.0,0.0,0.0,0.0,0.0,0.0,0.0,0.0,0.0,0.0,0, 
UCBT_tab,01310-200,6c2095c0d73a5503bda9fee1df0d6958594f5c928edf6265d4cc13b1d05631af, ,,,390,0-16600015A767F9L_14373828, ,14373828,CTR0210, ,TCTR,0,3550308, ,AV PAULISTA 2064 BELA VISTA,CO9,8112-5/00,COM-Tipo01,ABC,BT,06,AS,AT,16/11/2022,396.163,1,UB,RD_INTERLIG,182279.92,177084.14,167359.44,177049.24,167348.52,166630.99,150967.72,157266.75,172004.33,177240.03,165182.97,153848.97,0.0,0.0,0.0,0.0,0.0,0.0,0.0,0.0,0.0,0.0,0.0,0.0,0.0,0.0,0.0,0.0,0.0,0.0,0.0,0.0,0.0,0.0,0.0,0.0,0, 
UCBT_tab,01310-200,f667b225109313398b92dbe8b0273653e3d627646dbbba131b349ab3bc778c38,445547744,,,390,33092813739339446L,445547910S1,14375157,AUG0202,DAUG-EQ-TR2,DAUG,16573,3550308, ,AV PAULISTA 1650 BELA VISTA,CO1,4110-7/00,COM-Tipo02,ABCN,BT,10,B3,AT,25/07/2023,59.6,0,UB,RD_INTERLIG,100.0,360.0,108.707,100.0,100.0,100.0,84.0,61.0,100.0,100.0,59.0,95.62,0.0,0.0,0.0,0.0,0.0,0.0,0.0,0.0,0.0,0.0,0.0,0.0,0.0,0.0,0.0,0.0,0.0,0.0,0.0,0.0,0.0,0.0,0.0,0.0,0, 
UCBT_tab,01310-200,e093d3a7b363dbd6a83fdb69bd569266b1c3097f236d05201261e42fc73db10e, ,,,390,33088242739344597L,12307182S1,14375010,AUG0201,DAUG-EQ-TR2,DAUG,16596,3550308, ,AV PAULISTA 1728 BELA VISTA,CO9,6421-2/00,COM-Tipo05,ABCN,BT,10,B3,DS,01/02/1986,45.0,0,UB,RD_INTERLIG,1920.0,1880.0,2565.488,1840.0,2000.0,1400.0,1243.2,1000.4,1840.0,1880.0,944.0,1797.81,0.0,0.0,0.0,0.0,0.0,0.0,0.31,0.0,0.0,0.0,0.0,0.0,0.0,0.0,0.0,0.0,0.0,0.0,2.0,0.0,0.0,0.0,0.0,0.0,0, 
UCBT_tab,01310-200,7aac832548defff8d69d227d282a67bf2036f84dc12c57b48f6be0a716319caa, ,,,390,33088242739344597L,12307182S1,14375010,AUG0201,DAUG-EQ-TR2,DAUG,16596,3550308, ,AV PAULISTA 1728 BELA VISTA,CO1,6619-3/99,COM-Tipo04,ABCN,BT,10,B3,DS,01/02/1986,39.0,0,UB,RD_INTERLIG,3360.0,2520.0,4739.629,2680.0,3440.0,1080.0,84.0,73.2,100.0,100.0,59.0,95.62,0.0,0.0,0.0,0.0,0.0,0.0,0.31,0.0,0.0,0.0,0.0,0.0,0.0,0.0,0.0,0.0,0.0,0.0,2.0,0.0,0.0,0.0,0.0,0.0,0, 
UCBT_tab,01310-200,5f98fb1a1562076a4b30f95ee15ff732f04522b1d2f9a0b01437066897bfa6df,10971552,,,390,33085305739347489L,12307074S1,14374950,AUG0202,DAUG-EQ-TR2,DAUG,16596,3550308, ,AV PAULISTA 1754 BELA VISTA,CO1,4691-5/00,COM-Tipo02,ABCN,BT,10,B3,DS,01/09/1985,0.4,0,UB,RD_INTERLIG,290.0,500.0,304.38,260.0,210.0,170.0,117.6,103.7,190.0,210.0,118.0,248.63,0.0,0.0,0.0,0.0,0.0,0.0,0.29,0.0,0.0,0.0,0.0,0.0,0.0,0.0,0.0,0.0,0.0,0.0,2.0,0.0,0.0,0.0,0.0,0.0,0, 
UCBT_tab,01310-200,43c25071f8354025c63ebce5a3689441a1b338cbb600c2086eebce982c039103,10971552,,,390,33085305739347489L,12307074S1,14374950,AUG0202,DAUG-EQ-TR2,DAUG,16596,3550308, ,AV PAULISTA 1754 BELA VISTA,CO9,6399-2/00,COM-Tipo02,ABCN,BT,10,B3,DS,01/09/1985,3.6,0,UB,RD_INTERLIG,70.0,50.0,130.449,40.0,50.0,50.0,42.0,30.5,30.0,50.0,29.5,66.93,0.0,0.0,0.0,0.0,0.0,0.0,0.29,0.0,0.0,0.0,0.0,0.0,0.0,0.0,0.0,0.0,0.0,0.0,2.0,0.0,0.0,0.0,0.0,0.0,0, 
UCBT_tab,01310-200,87f7a09241d4b011590fb6fb364290233521ba282e61e4baee491f77288b7f92,10971552,,,390,33085305739347489L,12307074S1,14374950,AUG0202,DAUG-EQ-TR2,DAUG,16596,3550308, ,AV PAULISTA 1754 BELA VISTA,RE1, ,RES-Tipo01,ABN,BT,10,B1,DS,01/01/1980,3.6,0,UB,RD_INTERLIG,60.04,90.0,100.0,90.0,120.0,70.0,70.0,90.0,100.0,120.0,110.0,87.38,0.0,0.0,0.0,0.0,0.0,0.0,0.29,0.0,0.0,0.0,0.0,0.0,0.0,0.0,0.0,0.0,0.0,0.0,2.0,0.0,0.0,0.0,0.0,0.0,0, 
UCBT_tab,01310-200,ec32e5bc4b27ff527ca7122cd87279d02173bf5218a0d91f6821e72ff3e7d150,10971552,,,390,33085305739347489L,12307074S1,14374950,AUG0202,DAUG-EQ-TR2,DAUG,16596,3550308, ,AV PAULISTA 1754 BELA VISTA,CO9,6499-9/99,COM-Tipo02,ABCN,BT,10,B3,DS,01/09/1983,3.6,0,UB,RD_INTERLIG,290.0,170.0,445.699,400.0,1270.0,50.0,42.0,30.5,50.0,50.0,29.5,47.81,0.0,0.0,0.0,0.0,0.0,0.0,0.29,0.0,0.0,0.0,0.0,0.0,0.0,0.0,0.0,0.0,0.0,0.0,2.0,0.0,0.0,0.0,0.0,0.0,0, 
UCBT_tab,01310-200,5e440be7571dfc7127f07feba4fb03a9a0a7b852444798566af74e053e538dcf,10971552,,,390,33085305739347489L,12307074S1,14374950,AUG0202,DAUG-EQ-TR2,DAUG,16596,3550308, ,AV PAULISTA 1754 BELA VISTA,CO9,4619-2/00,COM-Tipo02,ABCN,BT,10,B3,DS,01/02/1985,4.5,0,UB,RD_INTERLIG,322.0,257.0,0.0,280.0,217.0,95.0,68.88,71.98,115.0,218.0,94.4,241.93,0.0,0.0,0.0,0.0,0.0,0.0,0.29,0.0,0.0,0.0,0.0,0.0,0.0,0.0,0.0,0.0,0.0,0.0,2.0,0.0,0.0,0.0,0.0,0.0,0, 
UCBT_tab,01310-200,88e36082b343aba8dd082e7ae76326a862bc0389222ef21f6801d67ecf5d3ca3,10971552,,,390,33085305739347489L,12307074S1,14374950,AUG0202,DAUG-EQ-TR2,DAUG,16596,3550308, ,AV PAULISTA 1754 BELA VISTA,CO1,9411-1/00,COM-Tipo02,ABN,BT,10,B3,DS,01/01/1985,0.8,0,UB,RD_INTERLIG,37.0,13.0,64.137,23.0,50.0,50.0,10.08,7.93,12.0,18.0,29.5,35.38,0.0,0.0,0.0,0.0,0.0,0.0,0.29,0.0,0.0,0.0,0.0,0.0,0.0,0.0,0.0,0.0,0.0,0.0,2.0,0.0,0.0,0.0,0.0,0.0,0, 
UCBT_tab,01310-200,eeb2a668d72b4efff2f2e3c11f04347e048bbc39e6ce6bc440acc75969aa4f37,10971552,,,390,33085305739347489L,12307074S1,14374950,AUG0202,DAUG-EQ-TR2,DAUG,16596,3550308, ,AV PAULISTA 1754 BELA VISTA,CO9,4691-5/00,COM-Tipo02,ABCN,BT,10,B3,DS,01/10/1985,3.6,0,UB,RD_INTERLIG,50.0,10.0,54.354,50.0,50.0,50.0,42.0,30.5,50.0,50.0,5.9,76.5,0.0,0.0,0.0,0.0,0.0,0.0,0.29,0.0,0.0,0.0,0.0,0.0,0.0,0.0,0.0,0.0,0.0,0.0,2.0,0.0,0.0,0.0,0.0,0.0,0, 
UCBT_tab,01310-200,9e1637f5acf02cf19b66b8b7a1558046e75ba6e910a0cec560e1458081e62734,10971552,,,390,33085305739347489L,12307074S1,14374950,AUG0202,DAUG-EQ-TR2,DAUG,16596,3550308, ,AV PAULISTA 1754 BELA VISTA,CO9,4771-7/01,COM-Tipo04,ABCN,BT,10,B3,DS,01/09/1983,12.9,0,UB,RD_INTERLIG,7760.0,7440.0,9392.293,7120.0,8120.0,5520.0,4132.8,3464.8,6320.0,7040.0,3681.6,7573.76,0.0,0.0,0.0,0.0,0.0,0.0,0.29,0.0,0.0,0.0,0.0,0.0,0.0,0.0,0.0,0.0,0.0,0.0,2.0,0.0,0.0,0.0,0.0,0.0,0, 
UCBT_tab,01310-200,21eca47107dbf19c0ef079903efbea6444dc50a8dc73d3f1fc213763505623bf,10971552,,,390,33085305739347489L,12307074S1,14374950,AUG0202,DAUG-EQ-TR2,DAUG,16596,3550308, ,AV PAULISTA 1754 BELA VISTA,CO1,4691-5/00,COM-Tipo03,ABC,BT,10,B3,DS,01/02/1985,0.4,0,UB,RD_INTERLIG,860.0,833.0,1469.72,579.0,852.0,465.0,457.8,392.84,723.0,813.0,349.87,790.84,0.0,0.0,0.0,0.0,0.0,0.0,0.29,0.0,0.0,0.0,0.0,0.0,0.0,0.0,0.0,0.0,0.0,0.0,2.0,0.0,0.0,0.0,0.0,0.0,0, 
UCBT_tab,01310-200,a88428cd3f209e01100fa429bd449d76953ed7d78acad201abd8c332d5553f94,10971552,,,390,33085305739347489L,12307074S1,14374950,AUG0202,DAUG-EQ-TR2,DAUG,16596,3550308, ,AV PAULISTA 1754 BELA VISTA,CO1,7112-0/00,IND-Tipo05,ABCN,BT,10,B3,DS,01/02/1985,17.3,0,UB,RD_INTERLIG,1760.0,0.0,0.0,0.0,2000.0,1360.0,1075.2,829.6,1520.0,1760.0,802.4,1530.05,0.0,0.0,0.0,0.0,0.0,0.0,0.29,0.0,0.0,0.0,0.0,0.0,0.0,0.0,0.0,0.0,0.0,0.0,2.0,0.0,0.0,0.0,0.0,0.0,0, 
UCBT_tab,01310-200,240043d8f1da4018da330f1060ef809f4fe342fe3ba9c4930f2dc71562786a89,10971520,,,390,33083328739348867L,12307012S1,14374917,AUG0202,DAUG-EQ-TR2,DAUG,16584,3550308, ,AV PAULISTA 1776 BELA VISTA,CO1,6822-6/00,COM-Tipo03,ABN,BT,10,B3,AT,01/01/1974,6.0,0,UB,RD_INTERLIG,102.0,279.0,860.96,190.0,534.0,0.0,0.0,0.0,0.0,0.0,29.5,47.81,0.0,0.0,0.0,0.0,0.0,0.0,0.0,0.0,0.0,0.0,0.0,0.0,0.0,0.0,0.0,0.0,0.0,0.0,0.0,0.0,0.0,0.0,0.0,0.0,0, 
UCBT_tab,01310-200,169f950e6847c0f47de534cb4f0e4bac864d1c1d9d44a37283f9d0576228de2d,1310571,,,390,33084775739339765L,12307084S1,14375004,IBP0201,DIBP-EQ-TR1,DIBP,16584,3550308, ,AV PAULISTA 1776 BELA VISTA,CO1,6911-7/01,COM-Tipo05,ABN,BT,10,B3,AT,01/04/1974,1.1,0,UB,RD_INTERLIG,2065.0,2103.0,2707.894,1641.0,2092.0,1499.0,1116.36,957.7,1748.0,1592.0,714.49,1877.18,0.0,0.0,0.0,0.0,0.0,0.0,0.0,0.0,0.0,0.0,0.0,0.0,0.0,0.0,0.0,0.0,0.0,0.0,0.0,0.0,0.0,0.0,0.0,0.0,0, 
UCBT_tab,01310-200,3067f6871eb3577df55a1d1af21ec05b745849828776391f7e8ea769f3b41785,1310571,,,390,33084775739339765L,12307084S1,14375004,IBP0201,DIBP-EQ-TR1,DIBP,16584,3550308, ,AV PAULISTA 1776 BELA VISTA,CO9,6499-9/99,COM-Tipo03,AB,BT,10,B3,AT,01/01/1974,8.4,0,UB,RD_INTERLIG,1526.0,1644.0,2341.551,1416.0,1725.0,1434.0,1029.84,872.3,1639.0,1781.0,665.52,1431.55,0.0,0.0,0.0,0.0,0.0,0.0,0.0,0.0,0.0,0.0,0.0,0.0,0.0,0.0,0.0,0.0,0.0,0.0,0.0,0.0,0.0,0.0,0.0,0.0,0, 
UCBT_tab,01310-200,26a104d26ff0854a4653ac39682785cf45e3e0e53ee997a968642cb204163989,10971520,,,390,33083328739348867L,12307012S1,14374917,AUG0202,DAUG-EQ-TR2,DAUG,16596,3550308, ,AV PAULISTA 1776 BELA VISTA,CO1,6912-5/00,COM-Tipo04,ABCN,BT,10,B3,DS,01/02/1976,1.4,0,UB,RD_INTERLIG,6280.0,5040.0,8653.085,4560.0,5520.0,3520.0,2520.0,2220.4,4800.0,4440.0,2053.2,4857.92,0.0,0.0,0.0,0.0,0.0,0.0,0.29,0.0,0.0,0.0,0.0,0.0,0.0,0.0,0.0,0.0,0.0,0.0,2.0,0.0,0.0,0.0,0.0,0.0,0, 
UCBT_tab,01310-200,2e7e8b5169d1d1919f5020b55a604813b484a36f80d612d9c7a7dfa9457a4c11,10971365,,,390,33073873739357834L,12298004S1,14374600,AUG0201,DAUG-EQ-TR2,DAUG,16596,3550308, ,AV PAULISTA 1912 BELA VISTA,CO1,6810-2/02,COM-Tipo02,ABCN,BT,10,B3,DS,01/11/1977,23.1,0,UB,RD_INTERLIG,1320.0,1280.0,1608.865,1370.0,1460.0,1410.0,1184.4,1024.8,1400.0,1680.0,826.0,1424.86,0.0,0.0,0.0,0.0,0.0,0.0,0.31,0.0,0.0,0.0,0.0,0.0,0.0,0.0,0.0,0.0,0.0,0.0,2.0,0.0,0.0,0.0,0.0,0.0,0, 
UCBT_tab,01310-200,bf3f1c23b58339a0480aa6b28ca6959d30ce9993ce06edd0f788766e39a6c272,10971323,,,390,33071144739360737L,12297875S1,14374375,AUG0201,DAUG-EQ-TR2,DAUG,16596,3550308, ,AV PAULISTA 2006 BELA VISTA,CO1,4789-0/99,COM-Tipo02,ABN,BT,10,B3,DS,01/05/1973,2.5,0,UB,RD_INTERLIG,300.0,330.0,467.441,400.0,510.0,360.0,268.8,231.8,440.0,1630.0,879.1,1491.8,0.0,0.0,0.0,0.0,0.0,0.0,0.31,0.0,0.0,0.0,0.0,0.0,0.0,0.0,0.0,0.0,0.0,0.0,2.0,0.0,0.0,0.0,0.0,0.0,0, 
UCBT_tab,01310-200,403156e39a6fb118ad001dcf674dc55ecbe6066225609f9a339633dd0a5bb1ba,10971323,,,390,33071144739360737L,12297875S1,14374375,AUG0201,DAUG-EQ-TR2,DAUG,16596,3550308, ,AV PAULISTA 2006 BELA VISTA,CO1,8211-3/00,COM-Tipo02,BCN,BT,10,B3,DS,01/09/1980,5.0,0,UB,RD_INTERLIG,90.0,80.0,130.449,100.0,130.0,70.0,67.2,36.6,80.0,90.0,35.4,105.19,0.0,0.0,0.0,0.0,0.0,0.0,0.31,0.0,0.0,0.0,0.0,0.0,0.0,0.0,0.0,0.0,0.0,0.0,2.0,0.0,0.0,0.0,0.0,0.0,0, 
UCBT_tab,01310-200,74fbcfa156ee6d2d31684d90a82f687759fedee3483d453190dde599712a4657,10971323,,,390,33071144739360737L,12297875S1,14374375,AUG0201,DAUG-EQ-TR2,DAUG,16596,3550308, ,AV PAULISTA 2006 BELA VISTA,CO1,4755-5/02,COM-Tipo02,CAN,BT,10,B3,DS,01/04/1985,4.8,0,UB,RD_INTERLIG,270.0,220.0,347.863,190.0,230.0,80.0,58.8,91.5,190.0,220.0,88.5,200.81,0.0,0.0,0.0,0.0,0.0,0.0,0.31,0.0,0.0,0.0,0.0,0.0,0.0,0.0,0.0,0.0,0.0,0.0,2.0,0.0,0.0,0.0,0.0,0.0,0, 
UCBT_tab,01310-200,8861e6d3a545567f2db5773cdc74d5d76976b212c40b07d854ff03b3338e4db7,10971323,,,390,33071144739360737L,12297875S1,14374375,AUG0201,DAUG-EQ-TR2,DAUG,16596,3550308, ,AV PAULISTA 2006 BELA VISTA,CO1,6911-7/01,COM-Tipo02,ABN,BT,10,B3,DS,01/07/1974,5.6,0,UB,RD_INTERLIG,190.0,230.0,293.509,230.0,240.0,190.0,142.8,122.0,240.0,300.0,147.5,267.75,0.0,0.0,0.0,0.0,0.0,0.0,0.31,0.0,0.0,0.0,0.0,0.0,0.0,0.0,0.0,0.0,0.0,0.0,2.0,0.0,0.0,0.0,0.0,0.0,0, 
UCBT_tab,01310-200,f31699649b8cdc289f665592af96c1e873824473da18fc57177ead33356046bf,10971323,,,390,33071144739360737L,12297875S1,14374375,AUG0201,DAUG-EQ-TR2,DAUG,16596,3550308, ,AV PAULISTA 2006 BELA VISTA,CO6,7490-1/99,COM-Tipo02,CAN,BT,10,B3,DS,01/02/1976,2.5,0,UB,RD_INTERLIG,50.0,80.0,97.836,70.0,100.0,50.0,42.0,36.6,60.0,50.0,35.4,66.93,0.0,0.0,0.0,0.0,0.0,0.0,0.31,0.0,0.0,0.0,0.0,0.0,0.0,0.0,0.0,0.0,0.0,0.0,2.0,0.0,0.0,0.0,0.0,0.0,0, 
UCBT_tab,01310-200,88e6fdaeddf9377bee0bdb3fe27acdc09560b1ecb2c2320d5d52ceae91a20ba3,10971323,,,390,33071144739360737L,12297875S1,14374375,AUG0201,DAUG-EQ-TR2,DAUG,16596,3550308, ,AV PAULISTA 2006 BELA VISTA,CO1,7490-1/99,COM-Tipo02,ABN,BT,10,B3,DS,01/08/1973,7.9,0,UB,RD_INTERLIG,11.0,50.0,54.354,50.0,50.0,50.0,42.0,30.5,50.0,50.0,29.5,47.81,0.0,0.0,0.0,0.0,0.0,0.0,0.31,0.0,0.0,0.0,0.0,0.0,0.0,0.0,0.0,0.0,0.0,0.0,2.0,0.0,0.0,0.0,0.0,0.0,0, 
UCBT_tab,01310-200,af2c4d35009fc3075d986af053fd9b0906c0205dc16caca87c91823fa823d68c,10971323,,,390,33071144739360737L,12297875S1,14374375,AUG0201,DAUG-EQ-TR2,DAUG,16596,3550308, ,AV PAULISTA 2006 BELA VISTA,RE1, ,RES-Tipo01,ABN,BT,10,B1,DS,01/01/1980,4.6,0,UB,RD_INTERLIG,32.52,61.0,107.0,71.0,92.0,64.0,47.0,57.0,67.0,71.0,49.0,76.7,0.0,0.0,0.0,0.0,0.0,0.0,0.31,0.0,0.0,0.0,0.0,0.0,0.0,0.0,0.0,0.0,0.0,0.0,2.0,0.0,0.0,0.0,0.0,0.0,0, 
UCBT_tab,01310-200,b1cce3b848cad7c6ed1ae46f8c749ad17f5a5383ca6ab77abe2356636f221503,10971323,,,390,33071144739360737L,12297875S1,14374375,AUG0201,DAUG-EQ-TR2,DAUG,16596,3550308, ,AV PAULISTA 2006 BELA VISTA,CO9,4619-2/00,COM-Tipo02,BCN,BT,10,B3,DS,01/10/1973,2.7,0,UB,RD_INTERLIG,1.0,50.0,54.354,14.0,15.0,50.0,6.72,30.5,50.0,50.0,3.54,47.81,0.0,0.0,0.0,0.0,0.0,0.0,0.31,0.0,0.0,0.0,0.0,0.0,0.0,0.0,0.0,0.0,0.0,0.0,2.0,0.0,0.0,0.0,0.0,0.0,0, 
UCBT_tab,01310-200,a03cde41b46829f7426fca04e8dbf516b2165f873497ff3657c64673e8c858e9,10971323,,,390,33071144739360737L,12297875S1,14374375,AUG0201,DAUG-EQ-TR2,DAUG,16596,3550308, ,AV PAULISTA 2006 BELA VISTA,RE1, ,RES-Tipo01,ABN,BT,10,B1,DS,01/09/1977,2.6,0,UB,RD_INTERLIG,0.0,10.0,50.0,50.0,50.0,50.0,50.0,50.0,10.0,10.0,50.0,48.54,0.0,0.0,0.0,0.0,0.0,0.0,0.31,0.0,0.0,0.0,0.0,0.0,0.0,0.0,0.0,0.0,0.0,0.0,2.0,0.0,0.0,0.0,0.0,0.0,0, 
UCBT_tab,01310-200,21674036418697c49b3aad56d6acb6113fd6b71088ad89895f399085fb39bb8a,10971323,,,390,33071144739360737L,12297875S1,14374375,AUG0201,DAUG-EQ-TR2,DAUG,16596,3550308, ,AV PAULISTA 2006 BELA VISTA,CO9,4619-2/00,COM-Tipo02,BCN,BT,10,B3,DS,01/10/1973,2.6,0,UB,RD_INTERLIG,50.0,50.0,54.354,50.0,50.0,50.0,42.0,30.5,50.0,50.0,29.5,47.81,0.0,0.0,0.0,0.0,0.0,0.0,0.31,0.0,0.0,0.0,0.0,0.0,0.0,0.0,0.0,0.0,0.0,0.0,2.0,0.0,0.0,0.0,0.0,0.0,0, 
UCBT_tab,01310-200,385cb13b847f96277c73de58e3e72eef0a2c929aca80209a2f3d02ad0e24d1cf,10971323,,,390,33071144739360737L,12297875S1,14374375,AUG0201,DAUG-EQ-TR2,DAUG,16596,3550308, ,AV PAULISTA 2006 BELA VISTA,RE1, ,RES-Tipo04,ABN,BT,10,B1,DS,01/11/1973,7.4,0,UB,RD_INTERLIG,135.09,290.0,440.0,300.0,260.0,380.0,310.0,330.0,320.0,390.0,290.0,320.4,0.0,0.0,0.0,0.0,0.0,0.0,0.31,0.0,0.0,0.0,0.0,0.0,0.0,0.0,0.0,0.0,0.0,0.0,2.0,0.0,0.0,0.0,0.0,0.0,0, 
UCBT_tab,01310-200,51c73d99706f4a521d44f15338ceec844fab0da70da05c2f0c8c103321af33a5,10971323,,,390,33071144739360737L,12297875S1,14374375,AUG0201,DAUG-EQ-TR2,DAUG,16596,3550308, ,AV PAULISTA 2006 BELA VISTA,RE1, ,RES-Tipo01,BCN,BT,10,B1,DS,01/05/1973,6.9,0,UB,RD_INTERLIG,5.0,50.0,50.0,50.0,50.0,50.0,50.0,50.0,50.0,50.0,50.0,48.54,0.0,0.0,0.0,0.0,0.0,0.0,0.31,0.0,0.0,0.0,0.0,0.0,0.0,0.0,0.0,0.0,0.0,0.0,2.0,0.0,0.0,0.0,0.0,0.0,0, 
UCBT_tab,01310-200,a866c1b9b24c40722da347794b65894a7cacd54fd96bdacbb54e94549340ac27,10971323,,,390,33071144739360737L,12297875S1,14374375,AUG0201,DAUG-EQ-TR2,DAUG,16596,3550308, ,AV PAULISTA 2006 BELA VISTA,RE1, ,RES-Tipo04,ABCN,BT,10,B1,DS,01/06/1973,7.0,0,UB,RD_INTERLIG,225.15,440.0,490.0,240.0,300.0,230.0,210.0,190.0,320.0,320.0,300.0,320.4,0.0,0.0,0.0,0.0,0.0,0.0,0.31,0.0,0.0,0.0,0.0,0.0,0.0,0.0,0.0,0.0,0.0,0.0,2.0,0.0,0.0,0.0,0.0,0.0,0, 
UCBT_tab,01310-200,9ac40efba3e11d24dcac7560938dcaa920382f11956d3043bf41b5aea1133fa1,10971323,,,390,33071144739360737L,12297875S1,14374375,AUG0201,DAUG-EQ-TR2,DAUG,16584,3550308, ,AV PAULISTA 2006 BELA VISTA,CO1,4635-4/03,COM-Tipo02,ABCN,BT,10,B3,AT,01/04/1975,6.0,0,UB,RD_INTERLIG,34.0,55.0,61.963,51.0,101.0,0.0,0.0,0.0,0.0,0.0,0.0,0.0,0.0,0.0,0.0,0.0,0.0,0.0,0.0,0.0,0.0,0.0,0.0,0.0,0.0,0.0,0.0,0.0,0.0,0.0,0.0,0.0,0.0,0.0,0.0,0.0,0, 
UCBT_tab,01310-200,f9eff0798aefae03ac46964008d6aa7fe6cf3d1071cbcfa979f9b49b76934cbf,10971323,,,390,33071144739360737L,12297875S1,14374375,AUG0201,DAUG-EQ-TR2,DAUG,16596,3550308, ,AV PAULISTA 2006 BELA VISTA,CO9,8211-3/00,COM-Tipo03,CAN,BT,10,B3,DS,01/09/1988,2.7,0,UB,RD_INTERLIG,530.0,520.0,695.725,550.0,560.0,440.0,361.2,280.6,490.0,600.0,271.4,592.89,0.0,0.0,0.0,0.0,0.0,0.0,0.31,0.0,0.0,0.0,0.0,0.0,0.0,0.0,0.0,0.0,0.0,0.0,2.0,0.0,0.0,0.0,0.0,0.0,0, 
UCBT_tab,01310-200,3a4de5865b34f1a5db24c350f116fe34d5123e780d44fc284250270dda03bb57,10971323,,,390,33071144739360737L,12297875S1,14374375,AUG0201,DAUG-EQ-TR2,DAUG,16596,3550308, ,AV PAULISTA 2006 BELA VISTA,RE1, ,RES-Tipo01,ABN,BT,10,B1,DS,01/07/1989,4.9,0,UB,RD_INTERLIG,29.01,52.0,75.0,45.0,47.0,37.0,38.0,39.0,47.0,57.0,50.0,66.02,0.0,0.0,0.0,0.0,0.0,0.0,0.31,0.0,0.0,0.0,0.0,0.0,0.0,0.0,0.0,0.0,0.0,0.0,2.0,0.0,0.0,0.0,0.0,0.0,0, 
UCBT_tab,01310-200,ce8be335992f341d722f2605fdc73de4e6cf142032e8ab9f9c369212f9044c22,10971323,,,390,33071144739360737L,12297875S1,14374375,AUG0201,DAUG-EQ-TR2,DAUG,16596,3550308, ,AV PAULISTA 2006 BELA VISTA,RE1, ,RES-Tipo03,ABN,BT,10,B1,DS,01/06/1983,3.5,0,UB,RD_INTERLIG,105.07,210.0,340.0,260.0,310.0,170.0,110.0,120.0,180.0,270.0,50.0,213.6,0.0,0.0,0.0,0.0,0.0,0.0,0.31,0.0,0.0,0.0,0.0,0.0,0.0,0.0,0.0,0.0,0.0,0.0,2.0,0.0,0.0,0.0,0.0,0.0,0, 
UCBT_tab,01310-200,d92e5c751e5921f95a25c1b7748710dafbdfc049f0cfc9986aef248ea32882c1,10971323,,,390,33071144739360737L,12297875S1,14374375,AUG0201,DAUG-EQ-TR2,DAUG,16596,3550308, ,AV PAULISTA 2006 BELA VISTA,CO9,6399-2/00,COM-Tipo02,ABN,BT,10,B3,DS,01/07/1973,7.5,0,UB,RD_INTERLIG,50.0,50.0,54.354,50.0,50.0,50.0,42.0,30.5,50.0,50.0,29.5,47.81,0.0,0.0,0.0,0.0,0.0,0.0,0.31,0.0,0.0,0.0,0.0,0.0,0.0,0.0,0.0,0.0,0.0,0.0,2.0,0.0,0.0,0.0,0.0,0.0,0, 
UCBT_tab,01310-200,ddce2c76dab272473247f764cd0c972b8313764e84b09584d4da3ffcb9368930,10971323,,,390,33071144739360737L,12297875S1,14374375,AUG0201,DAUG-EQ-TR2,DAUG,16596,3550308, ,AV PAULISTA 2006 BELA VISTA,IN,3821-1/00,IND-Tipo05,ABN,BT,10,B3,DS,01/03/1973,11.4,0,UB,RD_INTERLIG,380.0,354.0,647.0,449.0,546.0,372.0,342.0,324.0,311.0,394.0,308.0,419.06,0.0,0.0,0.0,0.0,0.0,0.0,0.31,0.0,0.0,0.0,0.0,0.0,0.0,0.0,0.0,0.0,0.0,0.0,2.0,0.0,0.0,0.0,0.0,0.0,0, 
UCBT_tab,01310-200,62a540b8e3f606372ad779f01cc8014dff2e491e8b104cc35649fd8715cf8aa6,10971323,,,390,33071144739360737L,12297875S1,14374375,AUG0201,DAUG-EQ-TR2,DAUG,16596,3550308, ,AV PAULISTA 2006 BELA VISTA,IN,3821-1/00,IND-Tipo05,ABN,BT,10,B3,DS,01/02/1973,11.4,0,UB,RD_INTERLIG,117.0,112.0,227.0,60.0,196.0,50.0,38.0,45.0,76.0,101.0,81.0,141.29,0.0,0.0,0.0,0.0,0.0,0.0,0.31,0.0,0.0,0.0,0.0,0.0,0.0,0.0,0.0,0.0,0.0,0.0,2.0,0.0,0.0,0.0,0.0,0.0,0, 
UCBT_tab,01310-200,9b55d6e4b5d13921e3f0dc3faabc10e6ebeda30275d1c320430d18f37a194895,10971323,,,390,33071144739360737L,12297875S1,14374375,AUG0201,DAUG-EQ-TR2,DAUG,16596,3550308, ,AV PAULISTA 2028 BELA VISTA,CO9,8112-5/00,COM-Tipo04,ABCN,BT,10,B3,DS,01/06/1976,114.7,0,UB,RD_INTERLIG,7920.0,8760.0,9783.639,8160.0,8520.0,8400.0,5947.2,4465.2,7680.0,7080.0,4318.8,6426.22,0.0,0.0,0.0,0.0,0.0,0.0,0.31,0.0,0.0,0.0,0.0,0.0,0.0,0.0,0.0,0.0,0.0,0.0,2.0,0.0,0.0,0.0,0.0,0.0,0, 
UCBT_tab,01310-200,aab3c4ea03cd616cbdf3253de7bb2316f911fdf19a44395da28cfe6f1e1856d1,10971152,,,390,33061008739369866L,12297501S1,14373896,AUG0201,DAUG-EQ-TR2,DAUG,16596,3550308, ,AV PAULISTA 2064 BELA VISTA,CO1,4729-6/99,COM-Tipo03,CAN,BT,10,B3,DS,01/11/1978,7.4,0,UB,RD_INTERLIG,645.0,649.0,826.174,727.0,1311.0,572.0,425.04,299.51,522.0,588.0,367.57,587.15,0.0,0.0,0.0,0.0,0.0,0.0,0.31,0.0,0.0,0.0,0.0,0.0,0.0,0.0,0.0,0.0,0.0,0.0,2.0,0.0,0.0,0.0,0.0,0.0,0, 
UCBT_tab,01310-200,ed25ddeafa804a3530523b6e6b4e67333e137cf58a79126f1f50a186e1c10200,10971365,,,390,33073873739357834L,12298004S1,14374600,AUG0201,DAUG-EQ-TR2,DAUG,16596,3550308, ,AV PAULISTA 1912 BELA VISTA,CO9,6421-2/00,COM-Tipo02,ABCN,BT,10,B3,AT,10/01/1992,23.2,0,UB,RD_INTERLIG,1300.0,1380.0,1761.055,1400.0,1530.0,1520.0,1394.4,1079.7,1710.0,1900.0,961.7,1673.49,0.0,0.0,0.0,0.0,0.0,0.0,0.31,0.0,0.0,0.0,0.0,0.0,0.0,0.0,0.0,0.0,0.0,0.0,2.0,0.0,0.0,0.0,0.0,0.0,0, 
UCBT_tab,01310-200,2704436cef71df9bcac620a411c3eeb90ee9c6f5421bfb344ab432ac036f466f,10971323,,,390,33071144739360737L,12297875S1,14374375,AUG0201,DAUG-EQ-TR2,DAUG,16596,3550308, ,AV PAULISTA 2006 BELA VISTA,CO9,8211-3/00,COM-Tipo02,ABN,BT,10,B3,AT,11/03/1992,3.0,0,UB,RD_INTERLIG,160.0,130.0,293.509,160.0,200.0,110.0,100.8,85.4,260.0,140.0,59.0,95.62,0.0,0.0,0.0,0.0,0.0,0.0,0.31,0.0,0.0,0.0,0.0,0.0,0.0,0.0,0.0,0.0,0.0,0.0,2.0,0.0,0.0,0.0,0.0,0.0,0, 
UCBT_tab,01310-200,e63634b1b9480202e6f2fbeef7e50164ff54c73cb51cbf6d8f8f4f3a34d56cdc,10971323,,,390,33071144739360737L,12297875S1,14374375,AUG0201,DAUG-EQ-TR2,DAUG,16596,3550308, ,AV PAULISTA 2006 BELA VISTA,CO1,4755-5/02,RES-Tipo01,ABN,BT,10,B3,AT,07/07/1992,3.0,0,UB,RD_INTERLIG,50.0,50.0,54.354,50.0,50.0,50.0,50.4,67.1,160.0,200.0,106.2,172.13,0.0,0.0,0.0,0.0,0.0,0.0,0.31,0.0,0.0,0.0,0.0,0.0,0.0,0.0,0.0,0.0,0.0,0.0,2.0,0.0,0.0,0.0,0.0,0.0,0, 
UCBT_tab,01310-200,e88108e0b46c9def34f45c7803b6950d0520e57be5bb5b5359a6589a728a14a2,10971152,,,390,33061008739369866L,12297501S1,14373896,AUG0201,DAUG-EQ-TR2,DAUG,16584,3550308, ,AV PAULISTA 2064 BELA VISTA,CO1,8220-2/00,COM-Tipo02,ABCN,BT,10,B3,AT,04/12/2012,26.6,0,UB,RD_INTERLIG,28680.0,0.0,0.0,0.0,0.0,0.0,0.0,0.0,0.0,0.0,0.0,0.0,0.0,0.0,0.0,0.0,0.0,0.0,0.0,0.0,0.0,0.0,0.0,0.0,0.0,0.0,0.0,0.0,0.0,0.0,0.0,0.0,0.0,0.0,0.0,0.0,0, 
UCBT_tab,01310-200,8c38e1528493e9a9e038922f0acea1b31b2a73504070ee3467532b0d2d7e6e3b,10971152,,,390,33061008739369866L,12297501S1,14373896,AUG0201,DAUG-EQ-TR2,DAUG,16584,3550308, ,AV PAULISTA 2064 BELA VISTA,CO9,6470-1/03,COM-Tipo02,ABN,BT,10,B3,AT,04/12/2012,33.5,0,UB,RD_INTERLIG,100.0,100.0,108.707,100.0,0.0,0.0,0.0,0.0,0.0,0.0,0.0,0.0,0.0,0.0,0.0,0.0,0.0,0.0,0.0,0.0,0.0,0.0,0.0,0.0,0.0,0.0,0.0,0.0,0.0,0.0,0.0,0.0,0.0,0.0,0.0,0.0,0, 
UCBT_tab,01310-200,3a6cb846dc38d15cf4ef827e7b129c60525b18284350a025f7c39cd0e27125fc,10971520,,,390,33083328739348867L,12307012S1,14374917,AUG0202,DAUG-EQ-TR2,DAUG,16584,3550308, ,AV PAULISTA 1776 BELA VISTA,CO1,6422-1/00,COM-Tipo05,ABC,BT,10,B3,AT,23/06/2015,5.2,0,UB,RD_INTERLIG,100.0,214.0,454.396,75.0,1517.0,0.0,0.0,0.0,0.0,0.0,0.0,0.0,0.0,0.0,0.0,0.0,0.0,0.0,0.0,0.0,0.0,0.0,0.0,0.0,0.0,0.0,0.0,0.0,0.0,0.0,0.0,0.0,0.0,0.0,0.0,0.0,0, 
UCBT_tab,01310-200,19982d025cd42439ce7eeedd1b2d4af76b9841708e1b3a4022c9dfe0fbd2943b,10971152,,,390,33061008739369866L,12297501S1,14373896,AUG0201,DAUG-EQ-TR2,DAUG,16584,3550308, ,AV PAULISTA 2064 BELA VISTA,CO9,8112-5/00,COM-Tipo02,ABCN,BT,10,B3,AT,02/04/2018,11.8,0,UB,RD_INTERLIG,458.0,426.0,370.691,271.0,503.0,253.0,15.96,0.0,0.0,0.0,0.0,0.0,0.0,0.0,0.0,0.0,0.0,0.0,0.0,0.0,0.0,0.0,0.0,0.0,0.0,0.0,0.0,0.0,0.0,0.0,0.0,0.0,0.0,0.0,0.0,0.0,0, 
UCBT_tab,01310-200,51d974e9565d0b69284e87199d80f86d0d281c5b0b541a920534bb0a9a6ac7d3,10971552,,,390,33085305739347489L,12307074S1,14374950,AUG0202,DAUG-EQ-TR2,DAUG,16584,3550308, ,AV PAULISTA 1754 BELA VISTA,CO1,6619-3/99,COM-Tipo02,ABCN,BT,10,B3,AT,16/08/2022,29.5,0,UB,RD_INTERLIG,100.0,0.0,0.0,0.0,0.0,0.0,0.0,0.0,0.0,0.0,0.0,0.0,0.0,0.0,0.0,0.0,0.0,0.0,0.0,0.0,0.0,0.0,0.0,0.0,0.0,0.0,0.0,0.0,0.0,0.0,0.0,0.0,0.0,0.0,0.0,0.0,0, 
UCBT_tab,01310-200,bdda1acaabb84d8e9ce89a7c43f7584ce5147e878959ae83fb8d8afdc6ebca4a,10971323,,,390,33071144739360737L,12297875S1,14374375,AUG0201,DAUG-EQ-TR2,DAUG,16596,3550308, ,AV PAULISTA 2006 BELA VISTA,CO9,4619-2/00,COM-Tipo02,ABCN,BT,10,B3,AT,20/05/1999,6.0,0,UB,RD_INTERLIG,50.0,23.0,54.354,50.0,20.0,18.0,15.12,12.2,22.0,32.0,29.5,27.73,0.0,0.0,0.0,0.0,0.0,0.0,0.31,0.0,0.0,0.0,0.0,0.0,0.0,0.0,0.0,0.0,0.0,0.0,2.0,0.0,0.0,0.0,0.0,0.0,0, 
UCBT_tab,01310-200,c89b342b29bbde11913d7931d745432625fe9700b72b6e61a3d0aa182407b845,10971323,,,390,33071144739360737L,12297875S1,14374375,AUG0201,DAUG-EQ-TR2,DAUG,16596,3550308, ,AV PAULISTA 2006 BELA VISTA,CO1,7740-3/00,COM-Tipo02,ABN,BT,10,B3,AT,31/05/2003,6.4,0,UB,RD_INTERLIG,50.0,50.0,54.354,13.0,12.0,11.0,10.92,7.93,12.0,50.0,29.5,4.78,0.0,0.0,0.0,0.0,0.0,0.0,0.31,0.0,0.0,0.0,0.0,0.0,0.0,0.0,0.0,0.0,0.0,0.0,2.0,0.0,0.0,0.0,0.0,0.0,0, 
UCBT_tab,01310-200,be11c503cd87efcabde349133049c93d35bc6cd49402f91d00f706306786666f,10971323,,,390,33071144739360737L,12297875S1,14374375,AUG0201,DAUG-EQ-TR2,DAUG,16596,3550308, ,AV PAULISTA 2006 BELA VISTA,CO1,6462-0/00,COM-Tipo03,ABCN,BT,10,B3,AT,10/11/2007,41.0,0,UB,RD_INTERLIG,605.6,683.2,836.616,652.8,716.8,669.6,473.76,362.58,652.0,712.0,343.62,628.85,0.0,0.0,0.0,0.0,0.0,0.0,0.31,0.0,0.0,0.0,0.0,0.0,0.0,0.0,0.0,0.0,0.0,0.0,2.0,0.0,0.0,0.0,0.0,0.0,0, 
UCBT_tab,01310-200,ddd6caccb1ad6103dcdc76b55b2163f49143567443aadb2683d233c69cffe414,10971552,,,390,33085305739347489L,12307074S1,14374950,AUG0202,DAUG-EQ-TR2,DAUG,16596,3550308, ,AV PAULISTA 1754 BELA VISTA,CO1,5223-1/00,COM-Tipo03,ABCN,BT,10,B3,AT,20/11/2007,17.3,0,UB,RD_INTERLIG,2130.0,1989.0,2366.554,1601.0,1549.0,862.0,664.44,549.61,1164.0,1470.0,755.79,1444.94,0.0,0.0,0.0,0.0,0.0,0.0,0.29,0.0,0.0,0.0,0.0,0.0,0.0,0.0,0.0,0.0,0.0,0.0,2.0,0.0,0.0,0.0,0.0,0.0,0, 
UCBT_tab,01310-200,965b5db3a3d83494a53b841c4016e5f8863df0cf95a3461db0c99f5322f088eb,10971365,,,390,33073873739357834L,12298004S1,14374600,AUG0201,DAUG-EQ-TR2,DAUG,16596,3550308, ,AV PAULISTA 1912 BELA VISTA,CO1,6810-2/02,COM-Tipo03,ABCN,BT,10,B3,AT,23/11/2007,23.1,0,UB,RD_INTERLIG,1324.6,1438.8,1858.233,1601.6,1746.6,1748.2,1480.25,1103.25,1674.6,2010.6,984.36,1845.05,0.0,0.0,0.0,0.0,0.0,0.0,0.31,0.0,0.0,0.0,0.0,0.0,0.0,0.0,0.0,0.0,0.0,0.0,2.0,0.0,0.0,0.0,0.0,0.0,0, 
UCBT_tab,01310-200,d26741f012a1676a21dfe719fd481bc59261b743c5f6427b69273256e71b25b0,10971520,,,390,33083328739348867L,12307012S1,14374917,AUG0202,DAUG-EQ-TR2,DAUG,16596,3550308, ,AV PAULISTA 1776 BELA VISTA,CO1,9430-8/00,COM-Tipo02,ABN,BT,10,B3,AT,03/01/2008,5.3,0,UB,RD_INTERLIG,375.0,361.0,708.77,451.0,543.0,499.0,386.4,298.9,485.0,463.0,213.58,538.38,0.0,0.0,0.0,0.0,0.0,0.0,0.29,0.0,0.0,0.0,0.0,0.0,0.0,0.0,0.0,0.0,0.0,0.0,2.0,0.0,0.0,0.0,0.0,0.0,0, 
UCBT_tab,01310-200,be38c0a5aa8ebb221a8726c80f928b632174b365e83d7067ef786dab1bb3f1f5, ,,,390,33086256739356909L,12307112S1,14375025,AUG0201,DAUG-EQ-TR2,DAUG,16596,3550308, ,AV PAULISTA 1804 BELA VISTA,PP1,6410-7/00,SP-Tipo06,ABCN,BT,10,B3,AT,26/05/2010,11.0,0,UB,RD_INTERLIG,5.49,30.0,100.0,37.625,23.0,100.0,21.0,29.0,100.0,100.0,9.0,100.01,0.0,0.0,0.0,0.0,0.0,0.0,0.31,0.0,0.0,0.0,0.0,0.0,0.0,0.0,0.0,0.0,0.0,0.0,2.0,0.0,0.0,0.0,0.0,0.0,0, 
UCBT_tab,01310-200,1b1131ae64806a44a6283ebbafe94f076303659939158ead5ab269a69303ec2b,10971152,,,390,33061008739369866L,12297501S1,14373896,AUG0201,DAUG-EQ-TR2,DAUG,16596,3550308, ,AV PAULISTA 2064 BELA VISTA,CO1,8220-2/00,COM-Tipo05,ABCN,BT,10,B3,AT,04/12/2012,47.2,0,UB,RD_INTERLIG,7640.0,7760.0,8913.982,8720.0,8840.0,7840.0,5913.6,4538.4,9080.0,9640.0,5357.2,8797.81,0.0,0.0,0.0,0.0,0.0,0.0,0.31,0.0,0.0,0.0,0.0,0.0,0.0,0.0,0.0,0.0,0.0,0.0,2.0,0.0,0.0,0.0,0.0,0.0,0, 
UCBT_tab,01310-200,d438403f3fe771a1ebd67ff7dbc6b437387b8859568e8017bf12f851026e3198,1310925,,,390,33093860739338162L, ,14375157,AUG0202,DAUG-EQ-TR2,DAUG,16573,3550308, ,AV PAULISTA 1636 BELA VISTA,CO1,4781-4/00,COM-Tipo03,ABN,BT,10,B3,AT,14/05/2013,4.8,0,UB,RD_INTERLIG,994.0,771.0,1313.182,1315.0,1564.0,627.0,577.08,549.0,856.0,1070.0,489.11,920.9,0.0,0.0,0.0,0.0,0.0,0.0,0.0,0.0,0.0,0.0,0.0,0.0,0.0,0.0,0.0,0.0,0.0,0.0,0.0,0.0,0.0,0.0,0.0,0.0,0, 
UCBT_tab,01310-200,02142ade7494cdbed23eb785795c38478e69973d5f4e87a73627d8acbd0c6504,1310925,,,390,33093860739338162L, ,14375157,AUG0202,DAUG-EQ-TR2,DAUG,16573,3550308, ,AV PAULISTA 1636 BELA VISTA,CO1,8650-0/04,COM-Tipo02,ABN,BT,10,B3,AT,05/08/2013,6.3,0,UB,RD_INTERLIG,821.0,992.0,1124.031,992.0,819.0,551.0,351.12,312.93,601.0,835.0,446.63,837.7,0.0,0.0,0.0,0.0,0.0,0.0,0.0,0.0,0.0,0.0,0.0,0.0,0.0,0.0,0.0,0.0,0.0,0.0,0.0,0.0,0.0,0.0,0.0,0.0,0, 
UCBT_tab,01310-200,e1184f4c9f2b4e32a8d8e5f71f16dce8ed3d367a7bb01f04ba67b9910b0239e5,1310925,,,390,33093860739338162L, ,14375157,AUG0202,DAUG-EQ-TR2,DAUG,16573,3550308, ,AV PAULISTA 1636 BELA VISTA,CO1,9491-0/00,COM-Tipo05,ABN,BT,10,B3,AT,20/01/2014,8.9,0,UB,RD_INTERLIG,3538.0,3808.0,4327.63,3287.0,2939.0,1771.0,1340.64,1135.82,3125.0,2667.0,1495.65,2738.79,0.0,0.0,0.0,0.0,0.0,0.0,0.28,0.0,0.0,0.0,0.0,0.0,0.0,0.0,0.0,0.0,0.0,0.0,1.0,0.0,0.0,0.0,0.0,0.0,0, 
UCBT_tab,01310-200,1bcd85421944c4d01c7db66ecc52a5fa073ca7f21f101c82fd2c60260e894514,10971552,,,390,33085305739347489L,12307074S1,14374950,AUG0202,DAUG-EQ-TR2,DAUG,16596,3550308, ,AV PAULISTA 1754 BELA VISTA,RE1, ,RES-Tipo05,ABC,BT,10,B1,AT,21/02/2014,7.3,0,UB,RD_INTERLIG,1560.55,1973.0,0.0,2178.0,4050.0,2545.0,2441.0,2851.0,2895.0,3204.0,2582.0,3073.93,0.0,0.0,0.0,0.0,0.0,0.0,0.29,0.0,0.0,0.0,0.0,0.0,0.0,0.0,0.0,0.0,0.0,0.0,2.0,0.0,0.0,0.0,0.0,0.0,0, 
UCBT_tab,01310-200,c713544f017b478b5880d2d622f0c88ea4eef6f7719b7ba4f424c760927aaea0,10971323,,,390,33071144739360737L,12297875S1,14374375,AUG0201,DAUG-EQ-TR2,DAUG,16596,3550308, ,AV PAULISTA 2028 BELA VISTA,CO1,8211-3/00,COM-Tipo05,ABCN,BT,10,B3,AT,18/12/2014,49.6,0,UB,RD_INTERLIG,3360.0,3040.0,3304.696,3120.0,3000.0,2680.0,1881.6,1366.4,2560.0,3120.0,1699.2,2677.59,0.0,0.0,0.0,0.0,0.0,0.0,0.31,0.0,0.0,0.0,0.0,0.0,0.0,0.0,0.0,0.0,0.0,0.0,2.0,0.0,0.0,0.0,0.0,0.0,0, 
UCBT_tab,01310-200,3c5cf69260ca81926bab611bfdcc9e09213cb24f5dafede2de32dc2c69b30297,1309838,,,390,33065242739366097L,12297660S1,14374078,AUG0202,DAUG-EQ-TR2,DAUG,16596,3550308, ,AV PAULISTA 2028 BELA VISTA,CO9,8112-5/00,COM-Tipo05,ABCN,BT,10,B3,AT,18/12/2014,49.6,0,UB,RD_INTERLIG,4400.0,4680.0,4652.664,5320.0,4760.0,4600.0,2688.0,1781.2,3400.0,3960.0,2029.6,3289.61,0.0,0.0,0.0,0.0,0.0,0.0,0.29,0.0,0.0,0.0,0.0,0.0,0.0,0.0,0.0,0.0,0.0,0.0,2.0,0.0,0.0,0.0,0.0,0.0,0, 
UCBT_tab,01310-200,650936f50a179a4b3f0bae3c5178e8195202bb7c8b5d4b1e1562319ee55e3ed9,1310925,,,390,33093860739338162L, ,14375157,AUG0202,DAUG-EQ-TR2,DAUG,16573,3550308, ,AV PAULISTA 1636 BELA VISTA,RE1, ,RES-Tipo05,ABN,BT,10,B1,AT,15/09/2015,3.5,0,UB,RD_INTERLIG,287.69,494.0,568.0,460.0,378.0,254.0,222.0,257.0,327.0,388.0,404.0,434.0,0.0,0.0,0.0,0.0,0.0,0.0,0.0,0.0,0.0,0.0,0.0,0.0,0.0,0.0,0.0,0.0,0.0,0.0,0.0,0.0,0.0,0.0,0.0,0.0,0, 
UCBT_tab,01310-200,042764af365767643db30b8ec1fa19fd8821f37f8498cb4b515eb223dc1daf07,10971323,,,390,33071144739360737L,12297875S1,14374375,AUG0201,DAUG-EQ-TR2,DAUG,16596,3550308, ,AV PAULISTA 2026 BELA VISTA,CO1,6810-2/02,COM-Tipo01,ABCN,BT,10,B3,AT,28/09/2015,74.5,0,UB,RD_INTERLIG,12000.0,11920.0,12957.886,11920.0,11760.0,100.0,84.0,61.0,9075.0,8694.0,7024.54,11398.9,0.0,0.0,0.0,0.0,0.0,0.0,0.31,0.0,0.0,0.0,0.0,0.0,0.0,0.0,0.0,0.0,0.0,0.0,2.0,0.0,0.0,0.0,0.0,0.0,0, 
UCBT_tab,01310-200,1d09a53dfb6db157a75890dff44ceeafdf49a3b4cd9356bb6aa531f80ce9d22d,10971520,,,390,33083328739348867L,12307012S1,14374917,AUG0202,DAUG-EQ-TR2,DAUG,16596,3550308, ,AV PAULISTA 1776 BELA VISTA,CO1,6619-3/02,COM-Tipo02,ABCN,BT,10,B3,AT,21/09/2016,28.0,0,UB,RD_INTERLIG,100.0,184.0,0.0,0.0,100.0,200.0,84.0,61.0,100.0,0.0,118.0,95.62,0.0,0.0,0.0,0.0,0.0,0.0,0.29,0.0,0.0,0.0,0.0,0.0,0.0,0.0,0.0,0.0,0.0,0.0,2.0,0.0,0.0,0.0,0.0,0.0,0, 
UCBT_tab,01310-200,b61aeb20cab9807ee324674907c5892be33848ee710652782b69b6723426be66,10971520,,,390,33083328739348867L,12307012S1,14374917,AUG0202,DAUG-EQ-TR2,DAUG,16596,3550308, ,AV PAULISTA 1776 BELA VISTA,CO1,7820-5/00,COM-Tipo03,ABN,BT,10,B3,AT,21/09/2016,6.0,0,UB,RD_INTERLIG,884.0,738.0,1698.005,685.0,1126.0,484.0,332.64,370.88,578.0,764.0,249.57,634.97,0.0,0.0,0.0,0.0,0.0,0.0,0.29,0.0,0.0,0.0,0.0,0.0,0.0,0.0,0.0,0.0,0.0,0.0,2.0,0.0,0.0,0.0,0.0,0.0,0, 
UCBT_tab,01310-200,e2a5199f8ffe3a619596663ad556ce4820749afe03a3bb28ed271cb6ca26d587, ,,,390,33088242739344597L,12307182S1,14375010,AUG0201,DAUG-EQ-TR2,DAUG,16596,3550308, ,AV PAULISTA 1728 BELA VISTA,CO9,8112-5/00,COM-Tipo01,ABCN,BT,10,B3,DS,01/01/1984,345.0,0,UB,RD_INTERLIG,22116.0,21812.0,25689.661,21672.0,22628.0,22343.32,17519.61,13732.32,21876.0,23520.0,11726.84,20732.23,0.0,0.0,0.0,0.0,0.0,0.0,0.31,0.0,0.0,0.0,0.0,0.0,0.0,0.0,0.0,0.0,0.0,0.0,2.0,0.0,0.0,0.0,0.0,0.0,0, 
UCBT_tab,01310-200,3f3b6d94387dd723f2b75fb07e0a8f0d2bd3a1b741030ad3a87bd4427ff53843,10971552,,,390,33085305739347489L,12307074S1,14374950,AUG0202,DAUG-EQ-TR2,DAUG,16596,3550308, ,AV PAULISTA 1754 BELA VISTA,CO9,7020-4/00,COM-Tipo02,ABCN,BT,10,B3,DS,01/03/1985,18.5,0,UB,RD_INTERLIG,450.0,500.0,847.915,470.0,510.0,290.0,184.8,213.5,400.0,440.0,218.3,487.7,0.0,0.0,0.0,0.0,0.0,0.0,0.29,0.0,0.0,0.0,0.0,0.0,0.0,0.0,0.0,0.0,0.0,0.0,2.0,0.0,0.0,0.0,0.0,0.0,0, 
UCBT_tab,01310-200,bf03ae30f5a2469eb485f0dce7987ee1234971267b4ae95ae1b99281ee7cb6c3,10971552,,,390,33085305739347489L,12307074S1,14374950,AUG0202,DAUG-EQ-TR2,DAUG,16596,3550308, ,AV PAULISTA 1754 BELA VISTA,RE1, ,RES-Tipo05,ABCN,BT,10,B1,DS,01/10/1984,8.2,0,UB,RD_INTERLIG,440.29,910.0,1250.0,780.0,780.0,510.0,520.0,570.0,610.0,750.0,580.0,718.48,0.0,0.0,0.0,0.0,0.0,0.0,0.29,0.0,0.0,0.0,0.0,0.0,0.0,0.0,0.0,0.0,0.0,0.0,2.0,0.0,0.0,0.0,0.0,0.0,0, 
UCBT_tab,01310-200,14c4f09daf02c0d402c19f2d24c433b5171bb1d34dfb9722de4d8a37007d5897,10971552,,,390,33085305739347489L,12307074S1,14374950,AUG0202,DAUG-EQ-TR2,DAUG,16596,3550308, ,AV PAULISTA 1754 BELA VISTA,CO9,6821-8/01,COM-Tipo02,ABCN,BT,10,B3,DS,01/12/1984,8.2,0,UB,RD_INTERLIG,484.74,561.96,807.15,398.52,582.3,296.28,256.59,247.93,475.02,476.64,181.5,423.44,0.0,0.0,0.0,0.0,0.0,0.0,0.29,0.0,0.0,0.0,0.0,0.0,0.0,0.0,0.0,0.0,0.0,0.0,2.0,0.0,0.0,0.0,0.0,0.0,0, 
UCBT_tab,01310-200,ab8548216103ce5b199550c308e419a1a55ca005200049c10fbebb742fcbc57a,10971552,,,390,33085305739347489L,12307074S1,14374950,AUG0202,DAUG-EQ-TR2,DAUG,16596,3550308, ,AV PAULISTA 1754 BELA VISTA,CO1,6822-6/00,COM-Tipo02,ABN,BT,10,B3,DS,01/01/1980,1.5,0,UB,RD_INTERLIG,260.0,240.0,228.285,180.0,170.0,160.0,126.0,103.7,150.0,200.0,118.0,219.94,0.0,0.0,0.0,0.0,0.0,0.0,0.29,0.0,0.0,0.0,0.0,0.0,0.0,0.0,0.0,0.0,0.0,0.0,2.0,0.0,0.0,0.0,0.0,0.0,0, 
UCBT_tab,01310-200,94cfdec89222625a090338aa43a3d74f6ae6311c4776ef2f829c24b627407a9c,10971552,,,390,33085305739347489L,12307074S1,14374950,AUG0202,DAUG-EQ-TR2,DAUG,16584,3550308, ,AV PAULISTA 1754 BELA VISTA,RE1, ,RES-Tipo01,ABC,BT,10,B1,AT,01/01/1980,0.5,0,UB,RD_INTERLIG,0.0,0.0,0.0,0.0,53.0,53.0,0.0,0.0,0.0,0.0,0.0,0.0,0.0,0.0,0.0,0.0,0.0,0.0,0.0,0.0,0.0,0.0,0.0,0.0,0.0,0.0,0.0,0.0,0.0,0.0,0.0,0.0,0.0,0.0,0.0,0.0,0, 
UCBT_tab,01310-200,57dadaff848c4b0e008ccf115e367a64eb144f0d6f49fea93ff742e979d1d825,10971552,,,390,33085305739347489L,12307074S1,14374950,AUG0202,DAUG-EQ-TR2,DAUG,16596,3550308, ,AV PAULISTA 1754 BELA VISTA,CO1,9411-1/00,COM-Tipo02,ABN,BT,10,B3,DS,01/01/1980,2.8,0,UB,RD_INTERLIG,280.0,310.0,434.828,220.0,260.0,180.0,159.6,122.0,230.0,270.0,135.7,267.75,0.0,0.0,0.0,0.0,0.0,0.0,0.29,0.0,0.0,0.0,0.0,0.0,0.0,0.0,0.0,0.0,0.0,0.0,2.0,0.0,0.0,0.0,0.0,0.0,0, 
UCBT_tab,01310-200,1e53517e66d4bfe1cf355d737bf80a5b2857e519eb69003bd0155b2ec10cd0f5,10971552,,,390,33085305739347489L,12307074S1,14374950,AUG0202,DAUG-EQ-TR2,DAUG,16596,3550308, ,AV PAULISTA 1754 BELA VISTA,CO9,9420-1/00,COM-Tipo02,ABCN,BT,10,B3,DS,01/09/1983,5.6,0,UB,RD_INTERLIG,320.0,420.0,663.113,290.0,330.0,190.0,100.8,97.6,210.0,300.0,123.9,219.94,0.0,0.0,0.0,0.0,0.0,0.0,0.29,0.0,0.0,0.0,0.0,0.0,0.0,0.0,0.0,0.0,0.0,0.0,2.0,0.0,0.0,0.0,0.0,0.0,0, 
UCBT_tab,01310-200,046325f4258e52582fd8eb38de8bca244b3b2488ae22e310ce45781b443f3731,10971552,,,390,33085305739347489L,12307074S1,14374950,AUG0202,DAUG-EQ-TR2,DAUG,16596,3550308, ,AV PAULISTA 1754 BELA VISTA,CO9,6499-9/99,COM-Tipo01,ABCN,BT,10,B3,DS,01/11/1988,191.9,0,UB,RD_INTERLIG,23400.0,20400.0,26741.946,21240.0,23400.0,14280.0,12801.6,9735.6,16440.0,19080.0,9628.8,16639.34,0.0,0.0,0.0,0.0,0.0,32.3,0.29,0.0,0.0,0.0,0.0,0.0,0.0,0.0,0.0,0.0,0.0,1.0,2.0,0.0,0.0,0.0,0.0,0.0,0, 
UCBT_tab,01310-200,d855ec881e57cd4762112709c7bb71c23a07d5417b20497ccdf4af1cda12078a,10971552,,,390,33085305739347489L,12307074S1,14374950,AUG0202,DAUG-EQ-TR2,DAUG,16596,3550308, ,AV PAULISTA 1754 BELA VISTA,RE1, ,RES-Tipo05,ABCN,BT,10,B1,DS,01/03/1984,17.3,0,UB,RD_INTERLIG,3.5,50.0,50.0,27.0,27.0,50.0,23.0,105.0,11.0,18.0,50.0,0.0,0.0,0.0,0.0,0.0,0.0,0.0,0.29,0.0,0.0,0.0,0.0,0.0,0.0,0.0,0.0,0.0,0.0,0.0,2.0,0.0,0.0,0.0,0.0,0.0,0, 
UCBT_tab,01310-200,2e47064dccdb6e0d24938d216c6df2bba981aece0a0b562a76912d48ccbcab90,1310571,,,390,33084775739339765L,12307084S1,14375004,IBP0201,DIBP-EQ-TR1,DIBP,16584,3550308, ,AV PAULISTA 1776 BELA VISTA,CO1,4783-1/01,COM-Tipo03,ABN,BT,10,B3,AT,01/12/1973,6.6,0,UB,RD_INTERLIG,1320.0,1408.0,1547.989,980.0,1232.0,757.0,462.0,312.93,475.0,940.0,213.58,587.15,0.0,0.0,0.0,0.0,0.0,0.0,0.0,0.0,0.0,0.0,0.0,0.0,0.0,0.0,0.0,0.0,0.0,0.0,0.0,0.0,0.0,0.0,0.0,0.0,0, 
UCBT_tab,01310-200,f0ee4be9cff49d347d3d776e39e153180fecc9224974af81b4fe6287cdf6f4df,1310571,,,390,33084775739339765L,12307084S1,14375004,IBP0201,DIBP-EQ-TR1,DIBP,16584,3550308, ,AV PAULISTA 1776 BELA VISTA,CO1,7112-0/00,COM-Tipo05,AB,BT,10,B3,AT,01/08/1973,8.4,0,UB,RD_INTERLIG,2934.0,2471.0,3439.493,1979.0,2574.0,1614.0,1179.36,1044.32,1748.0,1913.0,781.16,1909.69,0.0,0.0,0.0,0.0,0.0,0.0,0.0,0.0,0.0,0.0,0.0,0.0,0.0,0.0,0.0,0.0,0.0,0.0,0.0,0.0,0.0,0.0,0.0,0.0,0, 
UCBT_tab,01310-200,2298266368a94e1b1faac554309a50ac8aa0211895612cf1c0707a1d367521f0,10971520,,,390,33083328739348867L,12307012S1,14374917,AUG0202,DAUG-EQ-TR2,DAUG,16596,3550308, ,AV PAULISTA 1776 BELA VISTA,CO9,8211-3/00,COM-Tipo05,ABCN,BT,10,B3,DS,01/08/1984,4.0,0,UB,RD_INTERLIG,2430.0,2556.0,2752.464,2383.0,2600.0,2538.0,2045.4,1528.66,2324.0,2729.0,1442.55,2422.26,0.0,0.0,0.0,0.0,0.0,0.0,0.29,0.0,0.0,0.0,0.0,0.0,0.0,0.0,0.0,0.0,0.0,0.0,2.0,0.0,0.0,0.0,0.0,0.0,0, 
UCBT_tab,01310-200,5c733363c1b6d858a6572c8ccaea5721b59146be25d27394c3879b69354bc75e,10971365,,,390,33073873739357834L,12298004S1,14374600,AUG0201,DAUG-EQ-TR2,DAUG,16596,3550308, ,AV PAULISTA 1912 BELA VISTA,CO1,6810-2/02,COM-Tipo03,ABCN,BT,10,B3,DS,01/11/1983,22.4,0,UB,RD_INTERLIG,30.0,100.0,108.707,190.0,180.0,210.0,84.0,61.0,0.0,15680.0,1775.9,3184.42,0.0,0.0,0.0,0.0,0.0,0.0,0.31,0.0,0.0,0.0,0.0,0.0,0.0,0.0,0.0,0.0,0.0,0.0,2.0,0.0,0.0,0.0,0.0,0.0,0, 
UCBT_tab,01310-200,9d6f7e9256c0794b658c370956a631005b4bd307d765de94b1be5692530ae3f8,10971365,,,390,33073873739357834L,12298004S1,14374600,AUG0201,DAUG-EQ-TR2,DAUG,16596,3550308, ,AV PAULISTA 1912 BELA VISTA,CO1,6810-2/02,COM-Tipo02,ABCN,BT,10,B3,DS,01/03/1985,23.2,0,UB,RD_INTERLIG,639.0,1327.86,1673.595,1318.86,1404.18,1383.48,1077.3,777.6,1220.94,1469.34,698.69,1249.15,0.0,0.0,0.0,0.0,0.0,0.0,0.31,0.0,0.0,0.0,0.0,0.0,0.0,0.0,0.0,0.0,0.0,0.0,2.0,0.0,0.0,0.0,0.0,0.0,0, 
UCBT_tab,01310-200,55b216b6bc02e7d070f6b8c83c3649bf0ef061a58ebc6c942f9e314f0ee33f47,10971323,,,390,33071144739360737L,12297875S1,14374375,AUG0201,DAUG-EQ-TR2,DAUG,16596,3550308, ,AV PAULISTA 2006 BELA VISTA,CO9,8112-5/00,COM-Tipo04,ABCN,BT,10,B3,DS,01/10/1972,136.8,0,UB,RD_INTERLIG,8864.0,9393.6,10863.759,9028.8,9808.0,8646.4,7034.5,5781.82,8828.8,10761.6,5008.86,8889.61,0.0,0.0,0.0,0.0,0.0,0.0,0.31,0.0,0.0,0.0,0.0,0.0,0.0,0.0,0.0,0.0,0.0,0.0,2.0,0.0,0.0,0.0,0.0,0.0,0, 
UCBT_tab,01310-200,1a5654fcc6ff3ae35140ff7fc4414216cacc64b7315f3a05eaf8d81d88d377f0,10971323,,,390,33071144739360737L,12297875S1,14374375,AUG0201,DAUG-EQ-TR2,DAUG,16596,3550308, ,AV PAULISTA 2006 BELA VISTA,CO9,6821-8/01,COM-Tipo02,BCN,BT,10,B3,DS,01/01/1973,2.7,0,UB,RD_INTERLIG,240.0,320.0,500.053,350.0,410.0,290.0,260.4,195.2,360.0,390.0,171.1,306.01,0.0,0.0,0.0,0.0,0.0,0.0,0.31,0.0,0.0,0.0,0.0,0.0,0.0,0.0,0.0,0.0,0.0,0.0,2.0,0.0,0.0,0.0,0.0,0.0,0, 
UCBT_tab,01310-200,1401f2f7d756c00d7a14ca9fcbc2b0ca4db497edb3b6452a53a2db5f16adf2d2,10971323,,,390,33071144739360737L,12297875S1,14374375,AUG0201,DAUG-EQ-TR2,DAUG,16596,3550308, ,AV PAULISTA 2006 BELA VISTA,RE1, ,RES-Tipo02,BCN,BT,10,B1,DS,01/03/1974,5.2,0,UB,RD_INTERLIG,60.04,170.0,170.0,150.0,120.0,130.0,130.0,120.0,110.0,170.0,120.0,116.51,0.0,0.0,0.0,0.0,0.0,0.0,0.31,0.0,0.0,0.0,0.0,0.0,0.0,0.0,0.0,0.0,0.0,0.0,2.0,0.0,0.0,0.0,0.0,0.0,0, 
UCBT_tab,01310-200,6c2e4c9389457fb35d67f391b8748ca95b547c695f9550bd94a65a65b4f66e4e,10971323,,,390,33071144739360737L,12297875S1,14374375,AUG0201,DAUG-EQ-TR2,DAUG,16596,3550308, ,AV PAULISTA 2006 BELA VISTA,CO1,9512-6/00,COM-Tipo02,ABN,BT,10,B3,DS,01/07/1973,7.9,0,UB,RD_INTERLIG,202.0,208.0,335.905,182.0,229.0,144.0,108.36,81.74,163.0,180.0,82.01,137.7,0.0,0.0,0.0,0.0,0.0,0.0,0.31,0.0,0.0,0.0,0.0,0.0,0.0,0.0,0.0,0.0,0.0,0.0,2.0,0.0,0.0,0.0,0.0,0.0,0, 
UCBT_tab,01310-200,7e558994e3ebfd94d7316f19739993d6be84e2a3ce730746615d11d4bc800b52,10971323,,,390,33071144739360737L,12297875S1,14374375,AUG0201,DAUG-EQ-TR2,DAUG,16596,3550308, ,AV PAULISTA 2006 BELA VISTA,RE1, ,RES-Tipo01,CAN,BT,10,B1,DS,01/08/1973,2.7,0,UB,RD_INTERLIG,5.0,50.0,20.0,10.0,20.0,10.0,20.0,10.0,10.0,20.0,50.0,19.41,0.0,0.0,0.0,0.0,0.0,0.0,0.31,0.0,0.0,0.0,0.0,0.0,0.0,0.0,0.0,0.0,0.0,0.0,2.0,0.0,0.0,0.0,0.0,0.0,0, 
UCBT_tab,01310-200,7ad1a240c789eb906a4e2db784143ede275a947e97dfe70e49e7a9eb5100d242,10971323,,,390,33071144739360737L,12297875S1,14374375,AUG0201,DAUG-EQ-TR2,DAUG,16596,3550308, ,AV PAULISTA 2006 BELA VISTA,RE1, ,RES-Tipo01,ABN,BT,10,B1,DS,01/05/1973,6.4,0,UB,RD_INTERLIG,28.51,54.0,67.0,54.0,73.0,58.0,56.0,59.0,58.0,74.0,50.0,67.96,0.0,0.0,0.0,0.0,0.0,0.0,0.31,0.0,0.0,0.0,0.0,0.0,0.0,0.0,0.0,0.0,0.0,0.0,2.0,0.0,0.0,0.0,0.0,0.0,0, 
UCBT_tab,01310-200,a4f434e43c1da752f59e460222c0cab9adc65df513e886e3ede90bf9f60b332c,10971323,,,390,33071144739360737L,12297875S1,14374375,AUG0201,DAUG-EQ-TR2,DAUG,16584,3550308, ,AV PAULISTA 2006 BELA VISTA,RE1, ,COM-Tipo02,CAN,BT,10,B1,AT,01/03/1973,2.6,0,UB,RD_INTERLIG,45.03,80.0,60.0,50.0,60.0,0.0,0.0,0.0,0.0,120.0,49.0,70.87,0.0,0.0,0.0,0.0,0.0,0.0,0.0,0.0,0.0,0.0,0.0,0.0,0.0,0.0,0.0,0.0,0.0,0.0,0.0,0.0,0.0,0.0,0.0,0.0,0, 
UCBT_tab,01310-200,c616d24fa8870f630182ab87f9cb084b4ef2158b58ffc3774e8c9b4afb1ae823,10971323,,,390,33071144739360737L,12297875S1,14374375,AUG0201,DAUG-EQ-TR2,DAUG,16596,3550308, ,AV PAULISTA 2006 BELA VISTA,RE1, ,RES-Tipo01,ABN,BT,10,B1,DS,01/10/1973,7.5,0,UB,RD_INTERLIG,25.01,50.0,70.0,50.0,60.0,50.0,50.0,30.0,50.0,20.0,50.0,48.54,0.0,0.0,0.0,0.0,0.0,0.0,0.31,0.0,0.0,0.0,0.0,0.0,0.0,0.0,0.0,0.0,0.0,0.0,2.0,0.0,0.0,0.0,0.0,0.0,0, 
UCBT_tab,01310-200,a0b043b73fbf9ae9c40710ac5e18ea8274030fe73cfea9d5d6e634d9fc3fa6ef,10971323,,,390,33071144739360737L,12297875S1,14374375,AUG0201,DAUG-EQ-TR2,DAUG,16596,3550308, ,AV PAULISTA 2006 BELA VISTA,CO9,8211-3/00,COM-Tipo02,BCN,BT,10,B3,DS,01/04/1980,11.4,0,UB,RD_INTERLIG,50.0,50.0,54.354,50.0,50.0,50.0,42.0,30.5,50.0,50.0,29.5,47.81,0.0,0.0,0.0,0.0,0.0,0.0,0.31,0.0,0.0,0.0,0.0,0.0,0.0,0.0,0.0,0.0,0.0,0.0,2.0,0.0,0.0,0.0,0.0,0.0,0, 
UCBT_tab,01310-200,fe2796064a796e013c9cff5adfee9f1cb366f47b4041a739ee2c8205db66224a,10971323,,,390,33071144739360737L,12297875S1,14374375,AUG0201,DAUG-EQ-TR2,DAUG,16596,3550308, ,AV PAULISTA 2006 BELA VISTA,RE2, ,RES-Tipo01,BCN,BT,10,B1BR,DS,01/09/1990,1.0,0,UB,RD_INTERLIG,0.0,0.0,20.0,40.0,40.0,30.0,30.0,40.0,40.0,50.0,70.0,77.67,0.0,0.0,0.0,0.0,0.0,0.0,0.31,0.0,0.0,0.0,0.0,0.0,0.0,0.0,0.0,0.0,0.0,0.0,2.0,0.0,0.0,0.0,0.0,0.0,0, 
UCBT_tab,01310-200,a4178be2837370af5c1dd9d181656bf11f269576c9e0784abf93018c72a26a7e,10971323,,,390,33071144739360737L,12297875S1,14374375,AUG0201,DAUG-EQ-TR2,DAUG,16596,3550308, ,AV PAULISTA 2006 BELA VISTA,RE1, ,RES-Tipo03,ABN,BT,10,B1,DS,01/06/1983,3.5,0,UB,RD_INTERLIG,55.03,160.0,220.0,160.0,150.0,80.0,90.0,110.0,90.0,90.0,70.0,67.96,0.0,0.0,0.0,0.0,0.0,0.0,0.31,0.0,0.0,0.0,0.0,0.0,0.0,0.0,0.0,0.0,0.0,0.0,2.0,0.0,0.0,0.0,0.0,0.0,0, 
UCBT_tab,01310-200,da86d11ecd7d09ceba0626bf29db9ff2c713316e1348976e44ecefd88d1a853a,10971323,,,390,33071144739360737L,12297875S1,14374375,AUG0201,DAUG-EQ-TR2,DAUG,16596,3550308, ,AV PAULISTA 2006 BELA VISTA,RE1, ,RES-Tipo02,ABN,BT,10,B1,DS,01/06/1974,6.6,0,UB,RD_INTERLIG,105.07,230.0,280.0,200.0,210.0,150.0,130.0,180.0,200.0,240.0,190.0,203.89,0.0,0.0,0.0,0.0,0.0,0.0,0.31,0.0,0.0,0.0,0.0,0.0,0.0,0.0,0.0,0.0,0.0,0.0,2.0,0.0,0.0,0.0,0.0,0.0,0, 
UCBT_tab,01310-200,5b83eee55ab15f066b91a2a43ea39619cfbb528aef30fd1462a394da715cfd26,10971323,,,390,33071144739360737L,12297875S1,14374375,AUG0201,DAUG-EQ-TR2,DAUG,16596,3550308, ,AV PAULISTA 2006 BELA VISTA,CO9,8630-5/04,COM-Tipo02,ABN,BT,10,B3,AT,23/10/1990,7.5,0,UB,RD_INTERLIG,56.0,135.0,207.631,142.0,137.0,83.0,65.52,61.61,110.0,136.0,64.9,156.83,0.0,0.0,0.0,0.0,0.0,0.0,0.31,0.0,0.0,0.0,0.0,0.0,0.0,0.0,0.0,0.0,0.0,0.0,2.0,0.0,0.0,0.0,0.0,0.0,0, 
UCBT_tab,01310-200,712f82a7d9bc7d234a9f77b9ffcbf5c86a606e5107815634bcc42472f60a8bae,10971365,,,390,33073873739357834L,12298004S1,14374600,AUG0201,DAUG-EQ-TR2,DAUG,16596,3550308, ,AV PAULISTA 1904 BELA VISTA,CO1,6810-2/02,COM-Tipo02,ABCN,BT,10,B3,AT,10/01/1992,23.8,0,UB,RD_INTERLIG,1440.0,2640.0,1750.184,1490.0,1620.0,1730.0,1444.8,1067.5,1660.0,1790.0,837.8,1568.3,0.0,0.0,0.0,0.0,0.0,0.0,0.31,0.0,0.0,0.0,0.0,0.0,0.0,0.0,0.0,0.0,0.0,0.0,2.0,0.0,0.0,0.0,0.0,0.0,0, 
UCBT_tab,01310-200,88b13c71717b915b778b0345934d5ea527571c439d7848bde359c4e7356515d2,10971323,,,390,33071144739360737L,12297875S1,14374375,AUG0201,DAUG-EQ-TR2,DAUG,16596,3550308, ,AV PAULISTA 2006 BELA VISTA,CO9,8211-3/00,COM-Tipo02,ABN,BT,10,B3,AT,02/06/1992,2.4,0,UB,RD_INTERLIG,460.0,460.0,228.285,740.0,500.0,460.0,369.6,298.9,440.0,500.0,253.7,420.76,0.0,0.0,0.0,0.0,0.0,0.0,0.31,0.0,0.0,0.0,0.0,0.0,0.0,0.0,0.0,0.0,0.0,0.0,2.0,0.0,0.0,0.0,0.0,0.0,0, 
UCBT_tab,01310-200,7bdae42267c835cf12ed204fdf3c840b45b0829c4d33dc9343d53af2915c017b,1311192,,,390,33101008739331863L,12307748S1,14375704,BRG0201,DBRG-EQ-TR1,DBRG,16573,3550308, ,AV PAULISTA 1578 BELA VISTA,RE1, ,RES-Tipo05,ABC,BT,10,B1,AT,24/01/2002,7.0,0,UB,RD_INTERLIG,6364.28,10200.0,17160.0,13800.0,15120.0,13560.0,14280.0,14760.0,13200.0,15480.0,13320.0,13282.19,0.0,0.0,0.0,0.0,0.0,0.0,0.0,0.0,0.0,0.0,0.0,0.0,0.0,0.0,0.0,0.0,0.0,0.0,0.0,0.0,0.0,0.0,0.0,0.0,0, 
UCBT_tab,01310-200,e2a657a7decd405ea66b63e291132f8fa8976d8df109d79f169e779dc316dbd2, ,,,390,33088242739344597L,12307182S1,14375010,AUG0201,DAUG-EQ-TR2,DAUG,16596,3550308, ,AV PAULISTA 1728 BELA VISTA,CO1,6422-1/00,COM-Tipo05,ABCN,BT,10,B3,AT,22/11/2007,45.0,0,UB,RD_INTERLIG,3171.2,3188.0,4095.21,2768.0,3086.4,2360.8,1809.02,1475.71,2533.6,2710.4,1297.53,2551.36,0.0,0.0,0.0,0.0,0.0,0.0,0.31,0.0,0.0,0.0,0.0,0.0,0.0,0.0,0.0,0.0,0.0,0.0,2.0,0.0,0.0,0.0,0.0,0.0,0, 
UCBT_tab,01310-200,73e4694f27eb156500cc7e97751b1a0927a700c0509b3205d34857d4ae66a008, ,,,390,33088242739344597L,12307182S1,14375010,AUG0201,DAUG-EQ-TR2,DAUG,16596,3550308, ,AV PAULISTA 1728 BELA VISTA,CO1,6431-0/00,COM-Tipo05,ABCN,BT,10,B3,AT,22/11/2007,45.0,0,UB,RD_INTERLIG,4307.2,4313.6,5993.681,4209.6,4377.6,3561.6,2642.3,2073.02,3643.2,3860.8,1909.71,3574.2,0.0,0.0,0.0,0.0,0.0,0.0,0.31,0.0,0.0,0.0,0.0,0.0,0.0,0.0,0.0,0.0,0.0,0.0,2.0,0.0,0.0,0.0,0.0,0.0,0, 
UCBT_tab,01310-200,d50751b45f6a10f4b8b0c497bdddc4b5fedc16e5b744f61e1674a8c43d9b37c0,10971323,,,390,33071144739360737L,12297875S1,14374375,AUG0201,DAUG-EQ-TR2,DAUG,16596,3550308, ,AV PAULISTA 2006 BELA VISTA,CO3,6120-5/01,COM-Tipo02,ABCN,BT,10,B3,DS,25/02/2009,11.8,0,UB,RD_INTERLIG,50.0,50.0,108.707,50.0,50.0,50.0,42.0,30.5,50.0,0.0,0.0,0.0,0.0,0.0,0.0,0.0,0.0,0.0,0.31,0.0,0.0,0.0,0.0,0.0,0.0,0.0,0.0,0.0,0.0,0.0,2.0,0.0,0.0,0.0,0.0,0.0,0, 
UCBT_tab,01310-200,29006ef71d5677c9879bcfbf5d9de6b473410da8a67d6052e7e9fe35dfe75ed4,10971152,,,390,33061008739369866L,12297501S1,14373896,AUG0201,DAUG-EQ-TR2,DAUG,16596,3550308, ,AV PAULISTA 2064 BELA VISTA,RE1, ,RES-Tipo03,ABCN,BT,10,B1,AT,04/12/2012,95.1,0,UB,RD_INTERLIG,50.03,50.0,50.0,160.0,160.0,50.0,160.0,81360.0,7440.0,2680.0,4640.0,8233.41,0.0,0.0,0.0,0.0,0.0,0.0,0.31,0.0,0.0,0.0,0.0,0.0,0.0,0.0,0.0,0.0,0.0,0.0,2.0,0.0,0.0,0.0,0.0,0.0,0, 
UCBT_tab,01310-200,e8475ab1e28fdc99ad00bc25cf57c53ad26b8fda6ad3dc8703c3e2358366a9ca,10971152,,,390,33061008739369866L,12297501S1,14373896,AUG0201,DAUG-EQ-TR2,DAUG,16596,3550308, ,AV PAULISTA 2064 BELA VISTA,CO1,4713-0/04,COM-Tipo05,ABN,BT,10,B3,AT,04/12/2012,47.2,0,UB,RD_INTERLIG,2814.0,2455.0,2611.144,2529.0,2675.0,2447.0,2020.2,1585.39,2732.0,2721.0,1711.0,2362.02,0.0,0.0,0.0,0.0,0.0,0.0,0.31,0.0,0.0,0.0,0.0,0.0,0.0,0.0,0.0,0.0,0.0,0.0,2.0,0.0,0.0,0.0,0.0,0.0,0, 
UCBT_tab,01310-200,1b34745aa5105d5f249f799376c0e45c2385774395c0c62f4b44e0c33d1c937d,10971520,,,390,33083328739348867L,12307012S1,14374917,AUG0202,DAUG-EQ-TR2,DAUG,16596,3550308, ,AV PAULISTA 1776 BELA VISTA,CO1,8630-5/02,COM-Tipo02,ABCN,BT,10,B3,AT,29/07/2022,24.8,0,UB,RD_INTERLIG,678.0,579.0,927.272,562.0,644.0,476.0,357.0,305.61,650.0,709.0,341.61,646.44,0.0,0.0,0.0,0.0,0.0,0.0,0.29,0.0,0.0,0.0,0.0,0.0,0.0,0.0,0.0,0.0,0.0,0.0,2.0,0.0,0.0,0.0,0.0,0.0,0, 
UCBT_tab,01310-200,f4926cdc8b0e401e0b743080ed758dad7297f5020a2916d7314b550efafb8fb8,10971552,,,390,33085305739347489L,12307074S1,14374950,AUG0202,DAUG-EQ-TR2,DAUG,16596,3550308, ,AV PAULISTA 1754 BELA VISTA,RE1, ,RES-Tipo02,ABN,BT,10,B1,DS,01/08/1984,3.6,0,UB,RD_INTERLIG,179.62,351.0,438.0,323.0,310.0,200.0,173.0,235.0,286.0,288.0,0.0,133.01,0.0,0.0,0.0,0.0,0.0,0.0,0.29,0.0,0.0,0.0,0.0,0.0,0.0,0.0,0.0,0.0,0.0,0.0,2.0,0.0,0.0,0.0,0.0,0.0,0, 
UCBT_tab,01310-200,7c87e67903bb4dac7139217829bdcb0f784dc239a7f4b6a1b4914e732ef6c564,10971552,,,390,33085305739347489L,12307074S1,14374950,AUG0202,DAUG-EQ-TR2,DAUG,16596,3550308, ,AV PAULISTA 1754 BELA VISTA,CO9,6110-8/03,COM-Tipo05,ABCN,BT,10,B3,DS,01/09/1983,17.3,0,UB,RD_INTERLIG,3937.0,3749.0,5095.102,3833.0,4283.0,3230.0,2415.0,2033.74,3101.0,3317.0,1512.17,3001.77,0.0,0.0,0.0,0.0,0.0,0.0,0.29,0.0,0.0,0.0,0.0,0.0,0.0,0.0,0.0,0.0,0.0,0.0,2.0,0.0,0.0,0.0,0.0,0.0,0, 
UCBT_tab,01310-200,2a3c3193013a7686ba838edfd4eecb3f158fab93610284398fd83763b79388d1,10971552,,,390,33085305739347489L,12307074S1,14374950,AUG0202,DAUG-EQ-TR2,DAUG,16596,3550308, ,AV PAULISTA 1754 BELA VISTA,CO9,8211-3/00,COM-Tipo04,ABCN,BT,10,B3,DS,01/08/1987,8.1,0,UB,RD_INTERLIG,5760.0,4880.0,6870.289,4080.0,4240.0,2400.0,1075.2,48.8,160.0,320.0,47.2,306.01,0.0,0.0,0.0,0.0,0.0,0.0,0.29,0.0,0.0,0.0,0.0,0.0,0.0,0.0,0.0,0.0,0.0,0.0,2.0,0.0,0.0,0.0,0.0,0.0,0, 
UCBT_tab,01310-200,eeb344d312f8740d9c1f340160f335fa1acc5025f8c14f30a69dce2d5d50de49,10971552,,,390,33085305739347489L,12307074S1,14374950,AUG0202,DAUG-EQ-TR2,DAUG,16596,3550308, ,AV PAULISTA 1754 BELA VISTA,CO9,4781-4/00,COM-Tipo04,ABCN,BT,10,B3,DS,01/09/1985,10.4,0,UB,RD_INTERLIG,10280.0,9840.0,11131.607,9160.0,8760.0,7640.0,6048.0,4392.0,6640.0,7640.0,3610.8,7076.5,0.0,0.0,0.0,0.0,0.0,0.0,0.29,0.0,0.0,0.0,0.0,0.0,0.0,0.0,0.0,0.0,0.0,0.0,2.0,0.0,0.0,0.0,0.0,0.0,0, 
UCBT_tab,01310-200,cffc167b257ee5251430d6f482dfb60eaf7464631fedcc83a343a1dbfd182beb,10971365,,,390,33073873739357834L,12298004S1,14374600,AUG0201,DAUG-EQ-TR2,DAUG,16596,3550308, ,AV PAULISTA 1912 BELA VISTA,CO1,6462-0/00,COM-Tipo01,ABC,BT,10,B3,DS,01/09/1981,22.5,0,UB,RD_INTERLIG,0.0,0.0,0.0,0.0,0.0,0.0,173.88,533.75,988.0,1025.0,543.39,891.25,0.0,0.0,0.0,0.0,0.0,0.0,0.31,0.0,0.0,0.0,0.0,0.0,0.0,0.0,0.0,0.0,0.0,0.0,2.0,0.0,0.0,0.0,0.0,0.0,0, 
UCBT_tab,01310-200,5a0ea5b79b741fc4720960c93681ebc21072bd7469c05728bfc1bbad74ff9c9f,10971323,,,390,33071144739360737L,12297875S1,14374375,AUG0201,DAUG-EQ-TR2,DAUG,16596,3550308, ,AV PAULISTA 2006 BELA VISTA,CO9,8711-5/05,COM-Tipo05,ABCN,BT,10,B3,DS,01/12/1972,41.0,0,UB,RD_INTERLIG,2798.28,2563.38,3663.577,2557.44,3032.82,2065.68,1561.74,1438.05,2460.96,2898.54,1287.99,2649.44,0.0,0.0,0.0,0.0,0.0,0.0,0.31,0.0,0.0,0.0,0.0,0.0,0.0,0.0,0.0,0.0,0.0,0.0,2.0,0.0,0.0,0.0,0.0,0.0,0, 
UCBT_tab,01310-200,68362a73c1e8c493b65455321e081a50ba5349250b0b79e531058054c04ce231,10971323,,,390,33071144739360737L,12297875S1,14374375,AUG0201,DAUG-EQ-TR2,DAUG,16596,3550308, ,AV PAULISTA 2006 BELA VISTA,CO1,4729-6/99,COM-Tipo02,CAN,BT,10,B3,DS,01/12/1973,2.5,0,UB,RD_INTERLIG,110.0,120.0,163.061,100.0,50.0,240.0,159.6,79.3,120.0,120.0,64.9,47.81,0.0,0.0,0.0,0.0,0.0,0.0,0.31,0.0,0.0,0.0,0.0,0.0,0.0,0.0,0.0,0.0,0.0,0.0,2.0,0.0,0.0,0.0,0.0,0.0,0, 
UCBT_tab,01310-200,3bcf0ecf7d16bcf4c03d8ee6a3331f9e37af212ccb4b74c2abd5caef11cc9c4a,10971323,,,390,33071144739360737L,12297875S1,14374375,AUG0201,DAUG-EQ-TR2,DAUG,16596,3550308, ,AV PAULISTA 2006 BELA VISTA,RE1, ,RES-Tipo01,ABN,BT,10,B1,DS,01/12/1973,5.0,0,UB,RD_INTERLIG,27.51,109.0,167.0,46.0,50.0,12.0,50.0,79.0,50.0,14.0,12.0,94.17,0.0,0.0,0.0,0.0,0.0,0.0,0.31,0.0,0.0,0.0,0.0,0.0,0.0,0.0,0.0,0.0,0.0,0.0,2.0,0.0,0.0,0.0,0.0,0.0,0, 
UCBT_tab,01310-200,12c4c27896db4e5eaa2d0eae2663e5647b2b1d35d18d51a5e6aef9fe3043009e,10971323,,,390,33071144739360737L,12297875S1,14374375,AUG0201,DAUG-EQ-TR2,DAUG,16596,3550308, ,AV PAULISTA 2006 BELA VISTA,RE1, ,RES-Tipo02,ABN,BT,10,B1,DS,01/03/1974,2.4,0,UB,RD_INTERLIG,25.01,50.0,230.0,50.0,50.0,50.0,50.0,40.0,50.0,80.0,80.0,126.21,0.0,0.0,0.0,0.0,0.0,0.0,0.31,0.0,0.0,0.0,0.0,0.0,0.0,0.0,0.0,0.0,0.0,0.0,2.0,0.0,0.0,0.0,0.0,0.0,0, 
UCBT_tab,01310-200,6ac4ce22c1deb8f1494da473d2f3e01da11616cabbc19a1de88746cffc39640d,10971323,,,390,33071144739360737L,12297875S1,14374375,AUG0201,DAUG-EQ-TR2,DAUG,16596,3550308, ,AV PAULISTA 2006 BELA VISTA,RE1, ,RES-Tipo02,ABN,BT,10,B1,DS,01/06/1977,2.7,0,UB,RD_INTERLIG,111.57,240.0,324.0,208.0,298.0,183.0,164.0,199.0,209.0,223.0,164.0,213.6,0.0,0.0,0.0,0.0,0.0,0.0,0.31,0.0,0.0,0.0,0.0,0.0,0.0,0.0,0.0,0.0,0.0,0.0,2.0,0.0,0.0,0.0,0.0,0.0,0, 
UCBT_tab,01310-200,c1a6a3499732f2f2ca32fac554e8693df28b59351d843df41bc76ec6d4e094b6,10971323,,,390,33071144739360737L,12297875S1,14374375,AUG0201,DAUG-EQ-TR2,DAUG,16596,3550308, ,AV PAULISTA 2006 BELA VISTA,RE1, ,RES-Tipo01,CAN,BT,10,B1,DS,01/04/1980,1.0,0,UB,RD_INTERLIG,5.0,10.0,10.0,0.0,0.0,0.0,0.0,0.0,0.0,0.0,0.0,0.0,0.0,0.0,0.0,0.0,0.0,0.0,0.0,0.0,0.0,0.0,0.0,0.0,0.0,0.0,0.0,0.0,0.0,0.0,0.0,0.0,0.0,0.0,0.0,0.0,0, 
UCBT_tab,01310-200,8e47d202ed7944957c94335353e5ec59c9f2c4ea4e8f9bd51fa7d22172742927,10971323,,,390,33071144739360737L,12297875S1,14374375,AUG0201,DAUG-EQ-TR2,DAUG,16596,3550308, ,AV PAULISTA 2006 BELA VISTA,RE1, ,RES-Tipo03,ABCN,BT,10,B1,DS,01/04/1974,7.5,0,UB,RD_INTERLIG,64.04,110.0,126.0,79.0,68.0,41.0,24.0,21.0,24.0,43.0,0.0,0.0,0.0,0.0,0.0,0.0,0.0,0.0,0.31,0.0,0.0,0.0,0.0,0.0,0.0,0.0,0.0,0.0,0.0,0.0,2.0,0.0,0.0,0.0,0.0,0.0,0, 
UCBT_tab,01310-200,960e81f2b09daa5208dbe367423e3091c64abed99062b73e11b41116424f79dc,10971323,,,390,33071144739360737L,12297875S1,14374375,AUG0201,DAUG-EQ-TR2,DAUG,16596,3550308, ,AV PAULISTA 2006 BELA VISTA,CO1,6911-7/01,COM-Tipo05,ABCN,BT,10,B3,DS,01/02/1990,56.8,0,UB,RD_INTERLIG,1575.6,1573.2,2011.51,1299.6,1584.0,1197.6,1345.68,779.24,1578.95,100.0,59.0,0.0,0.0,0.0,0.0,0.0,0.0,0.0,0.31,0.0,0.0,0.0,0.0,0.0,0.0,0.0,0.0,0.0,0.0,0.0,2.0,0.0,0.0,0.0,0.0,0.0,0, 
UCBT_tab,01310-200,f1fa0252d09dab375fc6dcaa674788dbfd475f31d83d0bacad6a311c32bc629a,10971323,,,390,33071144739360737L,12297875S1,14374375,AUG0201,DAUG-EQ-TR2,DAUG,16596,3550308, ,AV PAULISTA 2006 BELA VISTA,RE1, ,RES-Tipo01,ABCN,BT,10,B1,DS,11/10/2001,6.7,0,UB,RD_INTERLIG,0.0,0.0,0.0,0.0,0.0,0.0,0.0,0.0,0.0,0.0,30.0,0.0,0.0,0.0,0.0,0.0,0.0,0.0,0.0,0.0,0.0,0.0,0.0,0.0,0.0,0.0,0.0,0.0,0.0,0.0,0.0,0.0,0.0,0.0,0.0,0.0,0, 
UCBT_tab,01310-200,6dd94174bf7dfc101e8d44a57b77e59585a340cd9f256abb36576f0ca96c5cf2,10971365,,,390,33073873739357834L,12298004S1,14374600,AUG0201,DAUG-EQ-TR2,DAUG,16596,3550308, ,AV PAULISTA 1912 BELA VISTA,CO1,6810-2/02,COM-Tipo01,ABC,BT,10,B3,AT,20/11/2007,22.4,0,UB,RD_INTERLIG,0.0,0.0,0.0,0.0,0.0,0.0,1146.1,1013.58,1968.6,2127.4,992.5,1635.05,0.0,0.0,0.0,0.0,0.0,0.0,0.31,0.0,0.0,0.0,0.0,0.0,0.0,0.0,0.0,0.0,0.0,0.0,2.0,0.0,0.0,0.0,0.0,0.0,0, 
UCBT_tab,01310-200,a1b0775bcf01249d75618f86d37686d66bc9be801c66b073c90e6c0997868b80,10971552,,,390,33085305739347489L,12307074S1,14374950,AUG0202,DAUG-EQ-TR2,DAUG,16596,3550308, ,AV PAULISTA 1754 BELA VISTA,CO1,6202-3/00,COM-Tipo01,ABCN,BT,10,B3,AT,22/11/2007,7.6,0,UB,RD_INTERLIG,332.0,499.0,0.0,416.0,5770.0,1408.0,1610.28,1251.11,2051.0,2135.0,876.74,2001.5,0.0,0.0,0.0,0.0,0.0,0.0,0.29,0.0,0.0,0.0,0.0,0.0,0.0,0.0,0.0,0.0,0.0,0.0,2.0,0.0,0.0,0.0,0.0,0.0,0, 
UCBT_tab,01310-200,62cdb72f3c95c0832f7cf1089ffa965f4522c4a044d1b0292696b6f20763d9d8,10971520,,,390,33083328739348867L,12307012S1,14374917,AUG0202,DAUG-EQ-TR2,DAUG,16596,3550308, ,AV PAULISTA 1776 BELA VISTA,RE1, ,RES-Tipo05,BCN,BT,10,B1,AT,23/11/2007,5.7,0,UB,RD_INTERLIG,1781.19,3080.0,4080.0,3640.0,5440.0,2760.0,2320.0,3000.0,2760.0,3560.0,2440.0,349.53,0.0,0.0,0.0,0.0,0.0,0.0,0.29,0.0,0.0,0.0,0.0,0.0,0.0,0.0,0.0,0.0,0.0,0.0,2.0,0.0,0.0,0.0,0.0,0.0,0, 
UCBT_tab,01310-200,dcf8f97f7ca783e99fedfb2d0674bd26833964e20e7efba388fac09838c8beff,10971552,,,390,33085305739347489L,12307074S1,14374950,AUG0202,DAUG-EQ-TR2,DAUG,16596,3550308, ,AV PAULISTA 1754 BELA VISTA,CO1,6209-1/00,COM-Tipo05,ABN,BT,10,B3,AT,03/01/2008,5.8,0,UB,RD_INTERLIG,2321.0,2454.0,3626.469,2487.0,2159.0,1093.0,1111.32,1417.03,2861.0,3528.0,1959.98,2870.76,0.0,0.0,0.0,0.0,0.0,0.0,0.29,0.0,0.0,0.0,0.0,0.0,0.0,0.0,0.0,0.0,0.0,0.0,2.0,0.0,0.0,0.0,0.0,0.0,0, 
UCBT_tab,01310-200,b3f71ce495f65f7286ed3eddde7e3bd4b3de0af0d38e32f5ef897da9a22ebf84,1311192,,,390,33101008739331863L,12307748S1,14375704,BRG0201,DBRG-EQ-TR1,DBRG,16573,3550308, ,AV PAULISTA 1578 BELA VISTA,CO1,9102-3/01,COM-Tipo02,ABC,BT,10,B3,AT,03/12/2010,204.9,0,UB,RD_INTERLIG,100.0,280.0,108.707,100.0,100.0,100.0,84.0,61.0,100.0,40.0,59.0,95.62,0.0,0.0,0.0,0.0,0.0,0.0,0.0,0.0,0.0,0.0,0.0,0.0,0.0,0.0,0.0,0.0,0.0,0.0,0.0,0.0,0.0,0.0,0.0,0.0,0, 
UCBT_tab,01310-200,ff909bec6302676eeea4daab6a31dd69f9245f083fb00f554306ed69e70de89d,1310925,,,390,33093860739338162L, ,14375157,AUG0202,DAUG-EQ-TR2,DAUG,16573,3550308, ,AV PAULISTA 1636 BELA VISTA,RE1, ,COM-Tipo02,ABN,BT,10,B1,AT,03/10/2012,2.0,0,UB,RD_INTERLIG,0.0,0.0,0.0,50.0,29.0,24.0,23.0,26.0,50.0,30.0,27.0,48.54,0.0,0.0,0.0,0.0,0.0,0.0,0.28,0.0,0.0,0.0,0.0,0.0,0.0,0.0,0.0,0.0,0.0,0.0,1.0,0.0,0.0,0.0,0.0,0.0,0, 
UCBT_tab,01310-200,2426dfb74c3d5a2dc47c66400da357cb92a2c2e144bf4385117029d645b9cc6e,10971152,,,390,33061008739369866L,12297501S1,14373896,AUG0201,DAUG-EQ-TR2,DAUG,16596,3550308, ,AV PAULISTA 2064 BELA VISTA,CO1,4713-0/04,COM-Tipo05,ABN,BT,10,B3,AT,04/12/2012,26.6,0,UB,RD_INTERLIG,3633.0,3370.0,3741.698,3344.0,3517.0,3450.0,2554.44,2001.41,3601.0,3535.0,2118.69,3106.01,0.0,0.0,0.0,0.0,0.0,0.0,0.31,0.0,0.0,0.0,0.0,0.0,0.0,0.0,0.0,0.0,0.0,0.0,2.0,0.0,0.0,0.0,0.0,0.0,0, 
UCBT_tab,01310-200,141d8454c10a48ca8a75e4012ad01edbd5ff010a5e8e606fcb13c6f17757ac2e,10971152,,,390,33061008739369866L,12297501S1,14373896,AUG0201,DAUG-EQ-TR2,DAUG,16596,3550308, ,AV PAULISTA 2064 BELA VISTA,CO1,4713-0/04,COM-Tipo04,ABN,BT,10,B3,AT,04/12/2012,47.2,0,UB,RD_INTERLIG,6418.0,6739.0,6950.732,6666.0,6873.0,6574.0,4888.8,3450.16,6255.0,6531.0,3986.04,5991.11,0.0,0.0,0.0,0.0,0.0,0.0,0.31,0.0,0.0,0.0,0.0,0.0,0.0,0.0,0.0,0.0,0.0,0.0,2.0,0.0,0.0,0.0,0.0,0.0,0, 
UCBT_tab,01310-200,eba3ee284f256d2b2ddaa9b88aefddf5d49ce6a58f67685b0144b1e5d7e235eb,10971152,,,390,33061008739369866L,12297501S1,14373896,AUG0201,DAUG-EQ-TR2,DAUG,16596,3550308, ,AV PAULISTA 2064 BELA VISTA,CO1,8211-3/00,COM-Tipo05,ABCN,BT,10,B3,AT,04/12/2012,6.4,0,UB,RD_INTERLIG,2805.0,3002.0,3488.411,3223.0,3442.0,3760.0,2746.8,2088.64,3832.0,3463.0,2113.97,2968.3,0.0,0.0,0.0,0.0,0.0,0.0,0.31,0.0,0.0,0.0,0.0,0.0,0.0,0.0,0.0,0.0,0.0,0.0,2.0,0.0,0.0,0.0,0.0,0.0,0, 
UCBT_tab,01310-200,a560a38e8ff63c26a92df5fbfec8a69f96aef8831f8a0197473c291eaa93be03,1310925,,,390,33093860739338162L, ,14375157,AUG0202,DAUG-EQ-TR2,DAUG,16573,3550308, ,AV PAULISTA 1636 BELA VISTA,RE1, ,RES-Tipo01,ABCN,BT,10,B1,AT,03/04/2014,2.0,0,UB,RD_INTERLIG,0.0,0.0,0.0,0.0,0.0,0.0,158.0,50.0,66.0,10.0,51.0,235.93,0.0,0.0,0.0,0.0,0.0,0.0,0.0,0.0,0.0,0.0,0.0,0.0,0.0,0.0,0.0,0.0,0.0,0.0,0.0,0.0,0.0,0.0,0.0,0.0,0, 
UCBT_tab,01310-200,807150771277a1ccd666e051933e9934de918cbb7d58c5c7d5b27de14aea189c,10971520,,,390,33083328739348867L,12307012S1,14374917,AUG0202,DAUG-EQ-TR2,DAUG,16596,3550308, ,AV PAULISTA 1776 BELA VISTA,CO1,6912-5/00,COM-Tipo04,ABCN,BT,10,B3,AT,23/06/2015,6.8,0,UB,RD_INTERLIG,6960.0,6160.0,9218.362,5800.0,6640.0,4160.0,3024.0,2854.8,4880.0,5320.0,2454.4,5546.44,0.0,0.0,0.0,0.0,0.0,0.0,0.29,0.0,0.0,0.0,0.0,0.0,0.0,0.0,0.0,0.0,0.0,0.0,2.0,0.0,0.0,0.0,0.0,0.0,0, 
UCBT_tab,01310-200,069440dbc2ed03678f038d736f8dde87f196dab1cac38ec779d6db1ae48e84bc,10971520,,,390,33083328739348867L,12307012S1,14374917,AUG0202,DAUG-EQ-TR2,DAUG,16596,3550308, ,AV PAULISTA 1776 BELA VISTA,CO1,5611-2/03,COM-Tipo03,ABCN,BT,10,B3,AT,21/09/2016,17.6,0,UB,RD_INTERLIG,1543.0,1513.0,2164.358,1362.0,1705.0,1027.0,725.76,638.67,1258.0,1264.0,691.48,1399.04,0.0,0.0,0.0,0.0,0.0,0.0,0.29,0.0,0.0,0.0,0.0,0.0,0.0,0.0,0.0,0.0,0.0,0.0,2.0,0.0,0.0,0.0,0.0,0.0,0, 
UCBT_tab,01310-200,5ed8c26f3082446bd29d952ca004c0ea93a208ab4c5b14aef21cb4e9148a6e10,10971323,,,390,33071144739360737L,12297875S1,14374375,AUG0201,DAUG-EQ-TR2,DAUG,16596,3550308, ,AV PAULISTA 2006 BELA VISTA,CO1,7020-4/00,COM-Tipo02,ABCN,BT,10,B3,DS,29/01/2019,6.4,0,UB,RD_INTERLIG,50.0,0.0,0.0,0.0,0.0,0.0,0.0,0.0,0.0,0.0,0.0,0.0,0.0,0.0,0.0,0.0,0.0,0.0,0.0,0.0,0.0,0.0,0.0,0.0,0.0,0.0,0.0,0.0,0.0,0.0,0.0,0.0,0.0,0.0,0.0,0.0,0, 
UCBT_tab,01310-200,23245bf325201dea0356b4a84f9e830c81ca60234220063d371cff911f687df6,445547744,,,390,33092813739339446L,445547910S1,14375157,AUG0202,DAUG-EQ-TR2,DAUG,16573,3550308, ,AV PAULISTA 1650 BELA VISTA,CO1,4110-7/00,COM-Tipo05,ABCN,BT,10,B3,AT,25/07/2023,191.3,0,UB,RD_INTERLIG,9240.0,6040.0,6826.806,6960.0,6920.0,7320.0,6552.0,4367.6,4360.0,5360.0,2525.2,4513.66,0.0,0.0,0.0,0.0,0.0,0.0,0.0,0.0,0.0,0.0,0.0,0.0,0.0,0.0,0.0,0.0,0.0,0.0,0.0,0.0,0.0,0.0,0.0,0.0,0, 
UCBT_tab,01310-200,46d2216fd1cf12d0ca4399475b5bab07590617d727d4996ab1917a10fdf6fae2,10971552,,,390,33085305739347489L,12307074S1,14374950,AUG0202,DAUG-EQ-TR2,DAUG,16596,3550308, ,AV PAULISTA 1754 BELA VISTA,CO9,6499-9/99,COM-Tipo02,ABCN,BT,10,B3,DS,01/09/1983,4.5,0,UB,RD_INTERLIG,250.0,200.0,271.768,300.0,260.0,230.0,193.2,146.4,220.0,250.0,118.0,239.07,0.0,0.0,0.0,0.0,0.0,0.0,0.29,0.0,0.0,0.0,0.0,0.0,0.0,0.0,0.0,0.0,0.0,0.0,2.0,0.0,0.0,0.0,0.0,0.0,0, 
UCBT_tab,01310-200,2697c3936f0dd80c2ba4e112e2afe351ffec3b96a4ec0e5c529a6e10b6b65ecf,10971552,,,390,33085305739347489L,12307074S1,14374950,AUG0202,DAUG-EQ-TR2,DAUG,16596,3550308, ,AV PAULISTA 1754 BELA VISTA,CO9,5620-1/04,COM-Tipo02,ABCN,BT,10,B3,DS,01/05/1988,8.9,0,UB,RD_INTERLIG,79.0,100.0,108.707,75.0,82.0,100.0,63.84,46.97,73.0,100.0,47.79,89.89,0.0,0.0,0.0,0.0,0.0,0.0,0.29,0.0,0.0,0.0,0.0,0.0,0.0,0.0,0.0,0.0,0.0,0.0,2.0,0.0,0.0,0.0,0.0,0.0,0, 
UCBT_tab,01310-200,bcd3fd087eb7e27614554e4bac30f6ee8309ff9de470f2936ab2ebd6d05cb3b6,1310571,,,390,33084775739339765L,12307084S1,14375004,IBP0201,DIBP-EQ-TR1,DIBP,16573,3550308, ,AV PAULISTA 1776 BELA VISTA,CO1,9002-7/01,COM-Tipo03,AB,BT,10,B3,DS,01/04/1974,17.6,0,UB,RD_INTERLIG,100.0,100.0,272.855,771.0,1103.0,407.0,316.68,261.69,514.0,621.0,266.68,749.72,0.0,0.0,0.0,0.0,0.0,0.0,0.0,0.0,0.0,0.0,0.0,0.0,0.0,0.0,0.0,0.0,0.0,0.0,0.0,0.0,0.0,0.0,0.0,0.0,0, 
UCBT_tab,01310-200,7d9b96ef3632b6ab8f90a722e7f55f776572f1003689f4a0e89461a1690fe521, ,,,390,33063643739357708L,461011279S1,14374109,IBP0201,DIBP-EQ-TR1,DIBP,16596,3550308, ,AV PAULISTA 2002 BELA VISTA,RE1, ,RES-Tipo05,ABN,BT,10,B1,DS,01/03/1989,13.6,0,UB,RD_INTERLIG,969.65,1300.0,2783.0,1740.0,1934.0,1658.0,1625.0,1775.0,1704.0,1908.0,1673.0,1651.53,0.0,0.0,0.0,0.0,0.0,0.0,0.0,0.0,0.0,0.0,0.0,4.82,0.0,0.0,0.0,0.0,0.0,0.0,0.0,0.0,0.0,0.0,0.0,1.0,0, 
UCBT_tab,01310-200,e47cefa923e90beda57b034a8d4736fd2e0d6b581e7ea4016123cd75bf4541dd,10971323,,,390,33071144739360737L,12297875S1,14374375,AUG0201,DAUG-EQ-TR2,DAUG,16596,3550308, ,AV PAULISTA 2006 BELA VISTA,CO1,6461-1/00,COM-Tipo02,BCN,BT,10,B3,DS,01/02/1974,3.0,0,UB,RD_INTERLIG,50.0,50.0,54.354,50.0,50.0,50.0,42.0,30.5,50.0,50.0,29.5,47.81,0.0,0.0,0.0,0.0,0.0,0.0,0.31,0.0,0.0,0.0,0.0,0.0,0.0,0.0,0.0,0.0,0.0,0.0,2.0,0.0,0.0,0.0,0.0,0.0,0, 
UCBT_tab,01310-200,2dbb0d8f09cbc01c84f4ff5e80020d41310c85dce4a065bafe6b1b3d832f7476,10971323,,,390,33071144739360737L,12297875S1,14374375,AUG0201,DAUG-EQ-TR2,DAUG,16596,3550308, ,AV PAULISTA 2006 BELA VISTA,CO1,9602-5/02,COM-Tipo02,ABN,BT,10,B3,DS,01/02/1973,7.2,0,UB,RD_INTERLIG,420.0,430.0,695.725,420.0,510.0,290.0,243.6,176.9,310.0,340.0,153.4,296.44,0.0,0.0,0.0,0.0,0.0,0.0,0.31,0.0,0.0,0.0,0.0,0.0,0.0,0.0,0.0,0.0,0.0,0.0,2.0,0.0,0.0,0.0,0.0,0.0,0, 
UCBT_tab,01310-200,88da9c47de2e57abf1e5a6142ba346108267635f8138d96eb027802b1a49d812,10971323,,,390,33071144739360737L,12297875S1,14374375,AUG0201,DAUG-EQ-TR2,DAUG,16596,3550308, ,AV PAULISTA 2006 BELA VISTA,CO1,6201-5/01,RES-Tipo01,ABCN,BT,10,B3,DS,01/09/1973,6.4,0,UB,RD_INTERLIG,0.0,0.0,0.0,0.0,0.0,0.0,6.72,30.5,50.0,50.0,29.5,47.81,0.0,0.0,0.0,0.0,0.0,0.0,0.31,0.0,0.0,0.0,0.0,0.0,0.0,0.0,0.0,0.0,0.0,0.0,2.0,0.0,0.0,0.0,0.0,0.0,0, 
UCBT_tab,01310-200,d4af59c9960e4a36b4e7d56965df49447f430738014787efd5b88be1592d4293,10971323,,,390,33071144739360737L,12297875S1,14374375,AUG0201,DAUG-EQ-TR2,DAUG,16596,3550308, ,AV PAULISTA 2006 BELA VISTA,CO1,8291-1/00,COM-Tipo01,BCN,BT,10,B3,DS,01/06/1983,2.0,0,UB,RD_INTERLIG,0.0,0.0,0.0,0.0,0.0,0.0,0.0,0.0,0.0,50.0,29.5,47.81,0.0,0.0,0.0,0.0,0.0,0.0,0.0,0.0,0.0,0.0,0.0,0.0,0.0,0.0,0.0,0.0,0.0,0.0,0.0,0.0,0.0,0.0,0.0,0.0,0, 
UCBT_tab,01310-200,3faf11de9cf564f64c456fb8dd857006bfe5718ae9717eeb8bf7c92b203671e3,10971365,,,390,33073873739357834L,12298004S1,14374600,AUG0201,DAUG-EQ-TR2,DAUG,16596,3550308, ,AV PAULISTA 1912 BELA VISTA,CO1,6810-2/02,COM-Tipo02,ABCN,BT,10,B3,AT,20/11/2007,23.1,0,UB,RD_INTERLIG,1152.6,940.8,1121.857,929.4,897.0,940.2,730.3,555.59,883.4,1012.6,522.98,829.47,0.0,0.0,0.0,0.0,0.0,0.0,0.31,0.0,0.0,0.0,0.0,0.0,0.0,0.0,0.0,0.0,0.0,0.0,2.0,0.0,0.0,0.0,0.0,0.0,0, 
UCBT_tab,01310-200,d303f198ea2a3155172c08efa3edefcea409052a49086ba0956e0a8c8ee6dfd6,10971152,,,390,33061008739369866L,12297501S1,14373896,AUG0201,DAUG-EQ-TR2,DAUG,16596,3550308, ,AV PAULISTA 2064 BELA VISTA,CO1,7490-1/04,COM-Tipo05,ABN,BT,10,B3,AT,04/12/2012,47.2,0,UB,RD_INTERLIG,2378.0,2184.0,2527.44,2374.0,2550.0,2758.0,2074.8,1572.58,2584.0,2514.0,1588.28,2330.46,0.0,0.0,0.0,0.0,0.0,0.0,0.31,0.0,0.0,0.0,0.0,0.0,0.0,0.0,0.0,0.0,0.0,0.0,2.0,0.0,0.0,0.0,0.0,0.0,0, 
UCBT_tab,01310-200,3b5cfcd6d74173d8be332a3f1720a01c9140b903b9b335736822e7ee841df479,10971152,,,390,33061008739369866L,12297501S1,14373896,AUG0201,DAUG-EQ-TR2,DAUG,16596,3550308, ,AV PAULISTA 2064 BELA VISTA,CO1,4713-0/04,COM-Tipo05,ABN,BT,10,B3,AT,04/12/2012,47.2,0,UB,RD_INTERLIG,2871.0,2599.0,2752.464,2579.0,2796.0,2635.0,2016.84,1570.14,2739.0,2677.0,1608.34,2280.73,0.0,0.0,0.0,0.0,0.0,0.0,0.31,0.0,0.0,0.0,0.0,0.0,0.0,0.0,0.0,0.0,0.0,0.0,2.0,0.0,0.0,0.0,0.0,0.0,0, 
UCBT_tab,01310-200,e7c49c7c1e0c521416daf969761b19de079f874898840590f158fe17be295058,1309838,,,390,33065242739366097L,12297660S1,14374078,AUG0202,DAUG-EQ-TR2,DAUG,16596,3550308, ,AV PAULISTA 2028 BELA VISTA,CO1,7020-4/00,COM-Tipo03,ABCN,BT,10,B3,AT,18/12/2014,49.6,0,UB,RD_INTERLIG,1760.0,2720.0,2348.073,2400.0,2400.0,2240.0,1612.8,1268.8,2320.0,2320.0,1227.2,2065.57,0.0,0.0,0.0,0.0,0.0,0.0,0.29,0.0,0.0,0.0,0.0,0.0,0.0,0.0,0.0,0.0,0.0,0.0,2.0,0.0,0.0,0.0,0.0,0.0,0, 
UCBT_tab,01310-200,ea4087e13bd79ad129f83a6033488373bc2af1f6f6cf7a4d8f40eab78f4fcacf,1309838,,,390,33065242739366097L,12297660S1,14374078,AUG0202,DAUG-EQ-TR2,DAUG,16596,3550308, ,AV PAULISTA 2028 BELA VISTA,CO1,6120-5/01,COM-Tipo05,ABCN,BT,10,B3,AT,18/12/2014,123.7,0,UB,RD_INTERLIG,279.0,251.0,307.641,268.0,272.0,238.0,145.32,90.28,268.0,242.0,143.37,235.24,0.0,0.0,0.0,0.0,0.0,0.0,0.29,0.0,0.0,0.0,0.0,0.0,0.0,0.0,0.0,0.0,0.0,0.0,2.0,0.0,0.0,0.0,0.0,0.0,0, 
UCBT_tab,01310-200,25fdec204d196ec93ae9203a3821e9d2b885ac518e4bf5ee02c11d67950ead63,1313050,,,390,33137794739293173L,12309737S1,14381221,IBP0201,DIBP-EQ-TR1,DIBP,16573,3550308, ,AV PAULISTA 2008 BELA VISTA,CO1,6120-5/01,COM-Tipo04,ABN,BT,10,B3,AT,13/06/2019,6.1,0,UB,RD_INTERLIG,5545.0,5876.0,6416.98,5718.0,6305.0,5623.0,4671.24,3655.73,5420.0,5976.0,3091.6,5044.39,0.0,0.0,0.0,0.0,0.0,0.0,0.0,0.0,0.0,0.0,0.0,0.0,0.0,0.0,0.0,0.0,0.0,0.0,0.0,0.0,0.0,0.0,0.0,0.0,0, 
UCBT_tab,01310-200,9bee679a2f899cf443e90d41042ebee904fa4d4750586717c9826d5de5de74e9,10971323,,,390,33071144739360737L,12297875S1,14374375,AUG0201,DAUG-EQ-TR2,DAUG,16596,3550308, ,AV PAULISTA 1938 BELA VISTA,CO1,6422-1/00,COM-Tipo01,ABCN,BT,10,B3,AT,08/01/2021,159.5,0,UB,RD_INTERLIG,66400.0,47200.0,0.0,74400.0,47200.0,36000.0,20160.0,16104.0,32000.0,48000.0,22184.0,42841.52,0.0,0.0,0.0,0.0,0.0,0.0,0.31,0.0,0.0,0.0,0.0,0.0,0.0,0.0,0.0,0.0,0.0,0.0,2.0,0.0,0.0,0.0,0.0,0.0,0, 
