{
"type": "FeatureCollection",
"name": "cep_01310200_matches",
"features": [
{ "type": "Feature", "properties": { "DIST": 390, "PAC": "33090569739342260L", "RAMAL": "12307295S1", "PN_CON": "1310750", "UNI_TR_MT": "14375157", "CTMT": "AUG0202", "UNI_TR_AT": "DAUG-EQ-TR2", "SUB": "DAUG", "CONJ": 16596, "MUN": "3550308", "CEG_GD": " ", "BRR": "AV PAULISTA 1682 BELA VISTA", "CEP": "01310-200", "CLAS_SUB": "PP1", "CNAE": "8411-6/00", "TIP_CC": "SP-Tipo06", "FAS_CON": "ABCN", "GRU_TEN": "BT", "TEN_FORN": "10", "GRU_TAR": "B3", "SIT_ATIV": "DS", "DAT_CON": "01/04/1981", "CAR_INST": 1031.9, "LIV": 0, "ARE_LOC": "UB", "TIP_SIST": "RD_INTERLIG", "ENE_01": 61.0, "ENE_02": 36.0, "ENE_03": 100.0, "ENE_04": 85.512, "ENE_05": 100.0, "ENE_06": 100.0, "ENE_07": 100.0, "ENE_08": 100.0, "ENE_09": 100.0, "ENE_10": 100.0, "ENE_11": 100.0, "ENE_12": 100.01, "DIC_01": 0.0, "DIC_02": 0.0, "DIC_03": 0.0, "DIC_04": 0.0, "DIC_05": 0.0, "DIC_06": 0.0, "DIC_07": 0.29, "DIC_08": 0.0, "DIC_09": 0.0, "DIC_10": 0.0, "DIC_11": 0.0, "DIC_12": 0.0, "FIC_01": 0.0, "FIC_02": 0.0, "FIC_03": 0.0, "FIC_04": 0.0, "FIC_05": 0.0, "FIC_06": 0.0, "FIC_07": 2.0, "FIC_08": 0.0, "FIC_09": 0.0, "FIC_10": 0.0, "FIC_11": 0.0, "FIC_12": 0.0, "SEMRED": 0, "DESCR": " ", "COD_ID": "cb742ca258e64d08c4d3613cecb76e064a42f05b76027629b391e5273f75fb20", "__layer": "UCBT_tab", "lon": null, "lat": null }, "geometry": null },
{ "type": "Feature", "properties": { "DIST": 390, "PAC": "33088242739344597L", "RAMAL": "12307182S1", "PN_CON": " ", "UNI_TR_MT": "14375010", "CTMT": "AUG0201", "UNI_TR_AT": "DAUG-EQ-TR2", "SUB": "DAUG", "CONJ": 16596, "MUN": "3550308", "CEG_GD": " ", "BRR": "AV PAULISTA 1728 BELA VISTA", "CEP": "01310-200", "CLAS_SUB": "CO9", "CNAE": "6499-9/99", "TIP_CC": "COM-Tipo03", "FAS_CON": "ABCN", "GRU_TEN": "BT", "TEN_FORN": "10", "GRU_TAR": "B3", "SIT_ATIV": "DS", "DAT_CON": "01/04/1986", "CAR_INST": 39.0, "LIV": 0, "ARE_LOC": "UB", "TIP_SIST": "RD_INTERLIG", "ENE_01": 1515.2, "ENE_02": 1424.8, "ENE_03": 1979.342, "ENE_04": 1400.0, "ENE_05": 1549.6, "ENE_06": 1033.6, "ENE_07": 682.75, "ENE_08": 691.98, "ENE_09": 1293.6, "ENE_10": 1393.6, "ENE_11": 417.72, "ENE_12": 1256.04, "DIC_01": 0.0, "DIC_02": 0.0, "DIC_03": 0.0, "DIC_04": 0.0, "DIC_05": 0.0, "DIC_06": 0.0, "DIC_07": 0.31, "DIC_08": 0.0, "DIC_09": 0.0, "DIC_10": 0.0, "DIC_11": 0.0, "DIC_12": 0.0, "FIC_01": 0.0, "FIC_02": 0.0, "FIC_03": 0.0, "FIC_04": 0.0, "FIC_05": 0.0, "FIC_06": 0.0, "FIC_07": 2.0, "FIC_08": 0.0, "FIC_09": 0.0, "FIC_10": 0.0, "FIC_11": 0.0, "FIC_12": 0.0, "SEMRED": 0, "DESCR": " ", "COD_ID": "94c14263099d2bc90d7a2f966810d34e8822ba0ff0ac01a0a12b8aff8dc23802", "__layer": "UCBT_tab", "lon": null, "lat": null }, "geometry": null },
{ "type": "Feature", "properties": { "DIST": 390, "PAC": "33088242739344597L", "RAMAL": "12307182S1", "PN_CON": " ", "UNI_TR_MT": "14375010", "CTMT": "AUG0201", "UNI_TR_AT": "DAUG-EQ-TR2", "SUB": "DAUG", "CONJ": 16596, "MUN": "3550308", "CEG_GD": " ", "BRR": "AV PAULISTA 1728 BELA VISTA", "CEP": "01310-200", "CLAS_SUB": "CO1", "CNAE": "6422-1/00", "TIP_CC": "COM-Tipo05", "FAS_CON": "ABCN", "GRU_TEN": "BT", "TEN_FORN": "10", "GRU_TAR": "B3", "SIT_ATIV": "DS", "DAT_CON": "01/02/1986", "CAR_INST": 4.5, "LIV": 0, "ARE_LOC": "UB", "TIP_SIST": "RD_INTERLIG", "ENE_01": 3568.8, "ENE_02": 3297.6, "ENE_03": 2081.955, "ENE_04": 5529.6, "ENE_05": 3252.8, "ENE_06": 2539.2, "ENE_07": 2001.22, "ENE_08": 1676.28, "ENE_09": 2828.0, "ENE_10": 3379.2, "ENE_11": 1517.48, "ENE_12": 2867.31, "DIC_01": 0.0, "DIC_02": 0.0, "DIC_03": 0.0, "DIC_04": 0.0, "DIC_05": 0.0, "DIC_06": 0.0, "DIC_07": 0.31, "DIC_08": 0.0, "DIC_09": 0.0, "DIC_10": 0.0, "DIC_11": 0.0, "DIC_12": 0.0, "FIC_01": 0.0, "FIC_02": 0.0, "FIC_03": 0.0, "FIC_04": 0.0, "FIC_05": 0.0, "FIC_06": 0.0, "FIC_07": 2.0, "FIC_08": 0.0, "FIC_09": 0.0, "FIC_10": 0.0, "FIC_11": 0.0, "FIC_12": 0.0, "SEMRED": 0, "DESCR": " ", "COD_ID": "f7f98023b9c90ef530ef0f689be97b891a0c96928bcf47054db37ff30a9886fd", "__layer": "UCBT_tab", "lon": null, "lat": null }, "geometry": null },
{ "type": "Feature", "properties": { "DIST": 390, "PAC": "33088242739344597L", "RAMAL": "12307182S1", "PN_CON": " ", "UNI_TR_MT": "14375010", "CTMT": "AUG0201", "UNI_TR_AT": "DAUG-EQ-TR2", "SUB": "DAUG", "CONJ": 16584, "MUN": "3550308", "CEG_GD": " ", "BRR": "AV PAULISTA 1728 BELA VISTA", "CEP": "01310-200", "CLAS_SUB": "CO9", "CNAE": "6421-2/00", "TIP_CC": "COM-Tipo02", "FAS_CON": "ABCN", "GRU_TEN": "BT", "TEN_FORN": "10", "GRU_TAR": "B3", "SIT_ATIV": "AT", "DAT_CON": "01/07/1986", "CAR_INST": 39.0, "LIV": 0, "ARE_LOC": "UB", "TIP_SIST": "RD_INTERLIG", "ENE_01": 0.0, "ENE_02": 41.55, "ENE_03": 108.707, "ENE_04": 102.67, "ENE_05": 100.59, "ENE_06": 29.1, "ENE_07": 0.0, "ENE_08": 0.0, "ENE_09": 300.0, "ENE_10": 100.64, "ENE_11": 59.0, "ENE_12": 38.17, "DIC_01": 0.0, "DIC_02": 0.0, "DIC_03": 0.0, "DIC_04": 0.0, "DIC_05": 0.0, "DIC_06": 0.0, "DIC_07": 0.0, "DIC_08": 0.0, "DIC_09": 0.0, "DIC_10": 0.0, "DIC_11": 0.0, "DIC_12": 0.0, "FIC_01": 0.0, "FIC_02": 0.0, "FIC_03": 0.0, "FIC_04": 0.0, "FIC_05": 0.0, "FIC_06": 0.0, "FIC_07": 0.0, "FIC_08": 0.0, "FIC_09": 0.0, "FIC_10": 0.0, "FIC_11": 0.0, "FIC_12": 0.0, "SEMRED": 0, "DESCR": " ", "COD_ID": "ee398297d83cefa66317b979d485347b3d9ae3384eae2ed0a6fa792fb75bbc01", "__layer": "UCBT_tab", "lon": null, "lat": null }, "geometry": null },
{ "type": "Feature", "properties": { "DIST": 390, "PAC": "33088242739344597L", "RAMAL": "12307182S1", "PN_CON": " ", "UNI_TR_MT": "14375010", "CTMT": "AUG0201", "UNI_TR_AT": "DAUG-EQ-TR2", "SUB": "DAUG", "CONJ": 16596, "MUN": "3550308", "CEG_GD": " ", "BRR": "AV PAULISTA 1728 BELA VISTA", "CEP": "01310-200", "CLAS_SUB": "CO1", "CNAE": "6431-0/00", "TIP_CC": "COM-Tipo01", "FAS_CON": "ABCN", "GRU_TEN": "BT", "TEN_FORN": "10", "GRU_TAR": "B3", "SIT_ATIV": "DS", "DAT_CON": "01/01/1987", "CAR_INST": 44.1, "LIV": 0, "ARE_LOC": "UB", "TIP_SIST": "RD_INTERLIG", "ENE_01": 17073.6, "ENE_02": 16943.2, "ENE_03": 20068.203, "ENE_04": 17316.0, "ENE_05": 20141.6, "ENE_06": 18082.4, "ENE_07": 15221.47, "ENE_08": 12116.06, "ENE_09": 18571.2, "ENE_10": 20610.4, "ENE_11": 10362.76, "ENE_12": 17145.79, "DIC_01": 0.0, "DIC_02": 0.0, "DIC_03": 0.0, "DIC_04": 0.0, "DIC_05": 0.0, "DIC_06": 0.0, "DIC_07": 0.31, "DIC_08": 0.0, "DIC_09": 0.0, "DIC_10": 0.0, "DIC_11": 0.0, "DIC_12": 0.0, "FIC_01": 0.0, "FIC_02": 0.0, "FIC_03": 0.0, "FIC_04": 0.0, "FIC_05": 0.0, "FIC_06": 0.0, "FIC_07": 2.0, "FIC_08": 0.0, "FIC_09": 0.0, "FIC_10": 0.0, "FIC_11": 0.0, "FIC_12": 0.0, "SEMRED": 0, "DESCR": " ", "COD_ID": "c353fb4fb23ae0e4a1293dd398fc9fd0bb481b1fef18647c4de1f11be65b74ce", "__layer": "UCBT_tab", "lon": null, "lat": null }, "geometry": null },
{ "type": "Feature", "properties": { "DIST": 390, "PAC": "33088242739344597L", "RAMAL": "12307182S1", "PN_CON": " ", "UNI_TR_MT": "14375010", "CTMT": "AUG0201", "UNI_TR_AT": "DAUG-EQ-TR2", "SUB": "DAUG", "CONJ": 16596, "MUN": "3550308", "CEG_GD": " ", "BRR": "AV PAULISTA 1728 BELA VISTA", "CEP": "01310-200", "CLAS_SUB": "CO9", "CNAE": "6421-2/00", "TIP_CC": "COM-Tipo01", "FAS_CON": "ABCN", "GRU_TEN": "BT", "TEN_FORN": "10", "GRU_TAR": "B3", "SIT_ATIV": "DS", "DAT_CON": "01/08/1984", "CAR_INST": 380.0, "LIV": 0, "ARE_LOC": "UB", "TIP_SIST": "RD_INTERLIG", "ENE_01": 14132.0, "ENE_02": 13940.0, "ENE_03": 5865.835, "ENE_04": 0.0, "ENE_05": 39208.0, "ENE_06": 10620.0, "ENE_07": 8930.88, "ENE_08": 6975.96, "ENE_09": 12152.0, "ENE_10": 13636.0, "ENE_11": 6603.28, "ENE_12": 12791.25, "DIC_01": 0.0, "DIC_02": 0.0, "DIC_03": 0.0, "DIC_04": 0.0, "DIC_05": 0.0, "DIC_06": 0.0, "DIC_07": 0.31, "DIC_08": 0.0, "DIC_09": 0.0, "DIC_10": 0.0, "DIC_11": 0.0, "DIC_12": 0.0, "FIC_01": 0.0, "FIC_02": 0.0, "FIC_03": 0.0, "FIC_04": 0.0, "FIC_05": 0.0, "FIC_06": 0.0, "FIC_07": 2.0, "FIC_08": 0.0, "FIC_09": 0.0, "FIC_10": 0.0, "FIC_11": 0.0, "FIC_12": 0.0, "SEMRED": 0, "DESCR": " ", "COD_ID": "1cb769682d4ad3bef515c2616b3c31a8f5d55984e169d915bbed4bfc738b2cf8", "__layer": "UCBT_tab", "lon": null, "lat": null }, "geometry": null },
{ "type": "Feature", "properties": { "DIST": 390, "PAC": "33085305739347489L", "RAMAL": "12307074S1", "PN_CON": "10971552", "UNI_TR_MT": "14374950", "CTMT": "AUG0202", "UNI_TR_AT": "DAUG-EQ-TR2", "SUB": "DAUG", "CONJ": 16596, "MUN": "3550308", "CEG_GD": " ", "BRR": "AV PAULISTA 1754 BELA VISTA", "CEP": "01310-200", "CLAS_SUB": "RE1", "CNAE": " ", "TIP_CC": "RES-Tipo05", "FAS_CON": "ABCN", "GRU_TEN": "BT", "TEN_FORN": "10", "GRU_TAR": "B1", "SIT_ATIV": "DS", "DAT_CON": "01/01/1985", "CAR_INST": 39.0, "LIV": 0, "ARE_LOC": "UB", "TIP_SIST": "RD_INTERLIG", "ENE_01": 550.37, "ENE_02": 780.0, "ENE_03": 1080.0, "ENE_04": 740.0, "ENE_05": 760.0, "ENE_06": 320.0, "ENE_07": 240.0, "ENE_08": 400.0, "ENE_09": 620.0, "ENE_10": 700.0, "ENE_11": 460.0, "ENE_12": 796.15, "DIC_01": 0.0, "DIC_02": 0.0, "DIC_03": 0.0, "DIC_04": 0.0, "DIC_05": 0.0, "DIC_06": 0.0, "DIC_07": 0.29, "DIC_08": 0.0, "DIC_09": 0.0, "DIC_10": 0.0, "DIC_11": 0.0, "DIC_12": 0.0, "FIC_01": 0.0, "FIC_02": 0.0, "FIC_03": 0.0, "FIC_04": 0.0, "FIC_05": 0.0, "FIC_06": 0.0, "FIC_07": 2.0, "FIC_08": 0.0, "FIC_09": 0.0, "FIC_10": 0.0, "FIC_11": 0.0, "FIC_12": 0.0, "SEMRED": 0, "DESCR": " ", "COD_ID": "d003645f9261944884305b7a1deddf96a3270c147d46ac9a5ce3c6d0681c44ce", "__layer": "UCBT_tab", "lon": null, "lat": null }, "geometry": null },
{ "type": "Feature", "properties": { "DIST": 390, "PAC": "33085305739347489L", "RAMAL": "12307074S1", "PN_CON": "10971552", "UNI_TR_MT": "14374950", "CTMT": "AUG0202", "UNI_TR_AT": "DAUG-EQ-TR2", "SUB": "DAUG", "CONJ": 16596, "MUN": "3550308", "CEG_GD": " ", "BRR": "AV PAULISTA 1754 BELA VISTA", "CEP": "01310-200", "CLAS_SUB": "RE1", "CNAE": " ", "TIP_CC": "RES-Tipo03", "FAS_CON": "ABCN", "GRU_TEN": "BT", "TEN_FORN": "10", "GRU_TAR": "B1", "SIT_ATIV": "DS", "DAT_CON": "01/09/1983", "CAR_INST": 7.5, "LIV": 0, "ARE_LOC": "UB", "TIP_SIST": "RD_INTERLIG", "ENE_01": 362.24, "ENE_02": 613.0, "ENE_03": 861.0, "ENE_04": 572.0, "ENE_05": 527.0, "ENE_06": 301.0, "ENE_07": 258.0, "ENE_08": 1287.0, "ENE_09": 100.0, "ENE_10": 100.0, "ENE_11": 352.0, "ENE_12": 667.99, "DIC_01": 0.0, "DIC_02": 0.0, "DIC_03": 0.0, "DIC_04": 0.0, "DIC_05": 0.0, "DIC_06": 0.0, "DIC_07": 0.29, "DIC_08": 0.0, "DIC_09": 0.0, "DIC_10": 0.0, "DIC_11": 0.0, "DIC_12": 0.0, "FIC_01": 0.0, "FIC_02": 0.0, "FIC_03": 0.0, "FIC_04": 0.0, "FIC_05": 0.0, "FIC_06": 0.0, "FIC_07": 2.0, "FIC_08": 0.0, "FIC_09": 0.0, "FIC_10": 0.0, "FIC_11": 0.0, "FIC_12": 0.0, "SEMRED": 0, "DESCR": " ", "COD_ID": "9f1e6892f59a581615adc7c6d6a21994e7fb454199244ddfa48b5ba30379f4fc", "__layer": "UCBT_tab", "lon": null, "lat": null }, "geometry": null },
{ "type": "Feature", "properties": { "DIST": 390, "PAC": "33085305739347489L", "RAMAL": "12307074S1", "PN_CON": "10971552", "UNI_TR_MT": "14374950", "CTMT": "AUG0202", "UNI_TR_AT": "DAUG-EQ-TR2", "SUB": "DAUG", "CONJ": 16596, "MUN": "3550308", "CEG_GD": " ", "BRR": "AV PAULISTA 1754 BELA VISTA", "CEP": "01310-200", "CLAS_SUB": "CO1", "CNAE": "6810-2/02", "TIP_CC": "COM-Tipo02", "FAS_CON": "ABN", "GRU_TEN": "BT", "TEN_FORN": "10", "GRU_TAR": "B3", "SIT_ATIV": "DS", "DAT_CON": "01/08/1984", "CAR_INST": 0.8, "LIV": 0, "ARE_LOC": "UB", "TIP_SIST": "RD_INTERLIG", "ENE_01": 387.0, "ENE_02": 296.0, "ENE_03": 355.472, "ENE_04": 139.0, "ENE_05": 186.0, "ENE_06": 109.0, "ENE_07": 83.16, "ENE_08": 64.66, "ENE_09": 144.0, "ENE_10": 197.0, "ENE_11": 76.11, "ENE_12": 210.38, "DIC_01": 0.0, "DIC_02": 0.0, "DIC_03": 0.0, "DIC_04": 0.0, "DIC_05": 0.0, "DIC_06": 0.0, "DIC_07": 0.29, "DIC_08": 0.0, "DIC_09": 0.0, "DIC_10": 0.0, "DIC_11": 0.0, "DIC_12": 0.0, "FIC_01": 0.0, "FIC_02": 0.0, "FIC_03": 0.0, "FIC_04": 0.0, "FIC_05": 0.0, "FIC_06": 0.0, "FIC_07": 2.0, "FIC_08": 0.0, "FIC_09": 0.0, "FIC_10": 0.0, "FIC_11": 0.0, "FIC_12": 0.0, "SEMRED": 0, "DESCR": " ", "COD_ID": "6241095e4bff1389202a178c4b1ed0b29f1ed5d3795439004cacd0a737c6164c", "__layer": "UCBT_tab", "lon": null, "lat": null }, "geometry": null },
{ "type": "Feature", "properties": { "DIST": 390, "PAC": "33085305739347489L", "RAMAL": "12307074S1", "PN_CON": "10971552", "UNI_TR_MT": "14374950", "CTMT": "AUG0202", "UNI_TR_AT": "DAUG-EQ-TR2", "SUB": "DAUG", "CONJ": 16596, "MUN": "3550308", "CEG_GD": " ", "BRR": "AV PAULISTA 1754 BELA VISTA", "CEP": "01310-200", "CLAS_SUB": "CO1", "CNAE": "4755-5/02", "TIP_CC": "COM-Tipo02", "FAS_CON": "ABCN", "GRU_TEN": "BT", "TEN_FORN": "10", "GRU_TAR": "B3", "SIT_ATIV": "DS", "DAT_CON": "01/05/1984", "CAR_INST": 7.2, "LIV": 0, "ARE_LOC": "UB", "TIP_SIST": "RD_INTERLIG", "ENE_01": 719.0, "ENE_02": 746.0, "ENE_03": 716.38, "ENE_04": 526.0, "ENE_05": 559.0, "ENE_06": 238.0, "ENE_07": 181.44, "ENE_08": 132.37, "ENE_09": 399.0, "ENE_10": 609.0, "ENE_11": 264.32, "ENE_12": 257.24, "DIC_01": 0.0, "DIC_02": 0.0, "DIC_03": 0.0, "DIC_04": 0.0, "DIC_05": 0.0, "DIC_06": 0.0, "DIC_07": 0.29, "DIC_08": 0.0, "DIC_09": 0.0, "DIC_10": 0.0, "DIC_11": 0.0, "DIC_12": 0.0, "FIC_01": 0.0, "FIC_02": 0.0, "FIC_03": 0.0, "FIC_04": 0.0, "FIC_05": 0.0, "FIC_06": 0.0, "FIC_07": 2.0, "FIC_08": 0.0, "FIC_09": 0.0, "FIC_10": 0.0, "FIC_11": 0.0, "FIC_12": 0.0, "SEMRED": 0, "DESCR": " ", "COD_ID": "ef96fbe11565d5e4f9778252c36c60ac7a4ea1b969edab3d8d5b7e8835c941e6", "__layer": "UCBT_tab", "lon": null, "lat": null }, "geometry": null },
{ "type": "Feature", "properties": { "DIST": 390, "PAC": "33085305739347489L", "RAMAL": "12307074S1", "PN_CON": "10971552", "UNI_TR_MT": "14374950", "CTMT": "AUG0202", "UNI_TR_AT": "DAUG-EQ-TR2", "SUB": "DAUG", "CONJ": 16596, "MUN": "3550308", "CEG_GD": " ", "BRR": "AV PAULISTA 1754 BELA VISTA", "CEP": "01310-200", "CLAS_SUB": "CO1", "CNAE": "6810-2/02", "TIP_CC": "COM-Tipo02", "FAS_CON": "ABCN", "GRU_TEN": "BT", "TEN_FORN": "10", "GRU_TAR": "B3", "SIT_ATIV": "DS", "DAT_CON": "01/10/1984", "CAR_INST": 4.5, "LIV": 0, "ARE_LOC": "UB", "TIP_SIST": "RD_INTERLIG", "ENE_01": 100.0, "ENE_02": 130.0, "ENE_03": 260.897, "ENE_04": 140.0, "ENE_05": 170.0, "ENE_06": 110.0, "ENE_07": 84.0, "ENE_08": 54.9, "ENE_09": 110.0, "ENE_10": 100.0, "ENE_11": 41.3, "ENE_12": 105.19, "DIC_01": 0.0, "DIC_02": 0.0, "DIC_03": 0.0, "DIC_04": 0.0, "DIC_05": 0.0, "DIC_06": 0.0, "DIC_07": 0.29, "DIC_08": 0.0, "DIC_09": 0.0, "DIC_10": 0.0, "DIC_11": 0.0, "DIC_12": 0.0, "FIC_01": 0.0, "FIC_02": 0.0, "FIC_03": 0.0, "FIC_04": 0.0, "FIC_05": 0.0, "FIC_06": 0.0, "FIC_07": 2.0, "FIC_08": 0.0, "FIC_09": 0.0, "FIC_10": 0.0, "FIC_11": 0.0, "FIC_12": 0.0, "SEMRED": 0, "DESCR": " ", "COD_ID": "4586a4e46fa01442dfe6233a4d6612621c3254e04e3908bf6de2a0d88c54ff2f", "__layer": "UCBT_tab", "lon": null, "lat": null }, "geometry": null },
{ "type": "Feature", "properties": { "DIST": 390, "PAC": "33085305739347489L", "RAMAL": "12307074S1", "PN_CON": "10971552", "UNI_TR_MT": "14374950", "CTMT": "AUG0202", "UNI_TR_AT": "DAUG-EQ-TR2", "SUB": "DAUG", "CONJ": 16596, "MUN": "3550308", "CEG_GD": " ", "BRR": "AV PAULISTA 1754 BELA VISTA", "CEP": "01310-200", "CLAS_SUB": "RE1", "CNAE": " ", "TIP_CC": "RES-Tipo01", "FAS_CON": "ABCN", "GRU_TEN": "BT", "TEN_FORN": "10", "GRU_TAR": "B1", "SIT_ATIV": "DS", "DAT_CON": "01/09/1983", "CAR_INST": 8.4, "LIV": 0, "ARE_LOC": "UB", "TIP_SIST": "RD_INTERLIG", "ENE_01": 71.54, "ENE_02": 126.0, "ENE_03": 325.0, "ENE_04": 65.0, "ENE_05": 81.0, "ENE_06": 59.0, "ENE_07": 64.0, "ENE_08": 73.0, "ENE_09": 137.0, "ENE_10": 145.0, "ENE_11": 77.0, "ENE_12": 368.94, "DIC_01": 0.0, "DIC_02": 0.0, "DIC_03": 0.0, "DIC_04": 0.0, "DIC_05": 0.0, "DIC_06": 0.0, "DIC_07": 0.29, "DIC_08": 0.0, "DIC_09": 0.0, "DIC_10": 0.0, "DIC_11": 0.0, "DIC_12": 0.0, "FIC_01": 0.0, "FIC_02": 0.0, "FIC_03": 0.0, "FIC_04": 0.0, "FIC_05": 0.0, "FIC_06": 0.0, "FIC_07": 2.0, "FIC_08": 0.0, "FIC_09": 0.0, "FIC_10": 0.0, "FIC_11": 0.0, "FIC_12": 0.0, "SEMRED": 0, "DESCR": " ", "COD_ID": "63fb67f09131ff8658a533503d967b023f92689637b05e1e14b829105d7ef59c", "__layer": "UCBT_tab", "lon": null, "lat": null }, "geometry": null },
{ "type": "Feature", "properties": { "DIST": 390, "PAC": "33085305739347489L", "RAMAL": "12307074S1", "PN_CON": "10971552", "UNI_TR_MT": "14374950", "CTMT": "AUG0202", "UNI_TR_AT": "DAUG-EQ-TR2", "SUB": "DAUG", "CONJ": 16596, "MUN": "3550308", "CEG_GD": " ", "BRR": "AV PAULISTA 1754 BELA VISTA", "CEP": "01310-200", "CLAS_SUB": "RE1", "CNAE": " ", "TIP_CC": "RES-Tipo03", "FAS_CON": "ABCN", "GRU_TEN": "BT", "TEN_FORN": "10", "GRU_TAR": "B1", "SIT_ATIV": "DS", "DAT_CON": "01/04/1984", "CAR_INST": 5.6, "LIV": 0, "ARE_LOC": "UB", "TIP_SIST": "RD_INTERLIG", "ENE_01": 155.1, "ENE_02": 240.0, "ENE_03": 430.0, "ENE_04": 150.0, "ENE_05": 160.0, "ENE_06": 100.0, "ENE_07": 100.0, "ENE_08": 100.0, "ENE_09": 100.0, "ENE_10": 50.0, "ENE_11": 100.0, "ENE_12": 58.25, "DIC_01": 0.0, "DIC_02": 0.0, "DIC_03": 0.0, "DIC_04": 0.0, "DIC_05": 0.0, "DIC_06": 0.0, "DIC_07": 0.29, "DIC_08": 0.0, "DIC_09": 0.0, "DIC_10": 0.0, "DIC_11": 0.0, "DIC_12": 0.0, "FIC_01": 0.0, "FIC_02": 0.0, "FIC_03": 0.0, "FIC_04": 0.0, "FIC_05": 0.0, "FIC_06": 0.0, "FIC_07": 2.0, "FIC_08": 0.0, "FIC_09": 0.0, "FIC_10": 0.0, "FIC_11": 0.0, "FIC_12": 0.0, "SEMRED": 0, "DESCR": " ", "COD_ID": "4645d333dfb2b0b3e4c95e706808819eb6f368b4ce79cecf3c6ce703ed1e4fdd", "__layer": "UCBT_tab", "lon": null, "lat": null }, "geometry": null },
{ "type": "Feature", "properties": { "DIST": 390, "PAC": "33085305739347489L", "RAMAL": "12307074S1", "PN_CON": "10971552", "UNI_TR_MT": "14374950", "CTMT": "AUG0202", "UNI_TR_AT": "DAUG-EQ-TR2", "SUB": "DAUG", "CONJ": 16596, "MUN": "3550308", "CEG_GD": " ", "BRR": "AV PAULISTA 1754 BELA VISTA", "CEP": "01310-200", "CLAS_SUB": "CO9", "CNAE": "6499-9/99", "TIP_CC": "COM-Tipo02", "FAS_CON": "ABCN", "GRU_TEN": "BT", "TEN_FORN": "10", "GRU_TAR": "B3", "SIT_ATIV": "DS", "DAT_CON": "01/11/1985", "CAR_INST": 3.6, "LIV": 0, "ARE_LOC": "UB", "TIP_SIST": "RD_INTERLIG", "ENE_01": 880.0, "ENE_02": 589.0, "ENE_03": 1029.456, "ENE_04": 728.0, "ENE_05": 709.0, "ENE_06": 255.0, "ENE_07": 44.52, "ENE_08": 143.35, "ENE_09": 357.0, "ENE_10": 438.0, "ENE_11": 201.78, "ENE_12": 550.81, "DIC_01": 0.0, "DIC_02": 0.0, "DIC_03": 0.0, "DIC_04": 0.0, "DIC_05": 0.0, "DIC_06": 0.0, "DIC_07": 0.29, "DIC_08": 0.0, "DIC_09": 0.0, "DIC_10": 0.0, "DIC_11": 0.0, "DIC_12": 0.0, "FIC_01": 0.0, "FIC_02": 0.0, "FIC_03": 0.0, "FIC_04": 0.0, "FIC_05": 0.0, "FIC_06": 0.0, "FIC_07": 2.0, "FIC_08": 0.0, "FIC_09": 0.0, "FIC_10": 0.0, "FIC_11": 0.0, "FIC_12": 0.0, "SEMRED": 0, "DESCR": " ", "COD_ID": "7a7e0add0e4d4abd593b6b5c2390a8dc3f14d77128829223d4bf2da17a16f8a2", "__layer": "UCBT_tab", "lon": null, "lat": null }, "geometry": null },
{ "type": "Feature", "properties": { "DIST": 390, "PAC": "33085305739347489L", "RAMAL": "12307074S1", "PN_CON": "10971552", "UNI_TR_MT": "14374950", "CTMT": "AUG0202", "UNI_TR_AT": "DAUG-EQ-TR2", "SUB": "DAUG", "CONJ": 16584, "MUN": "3550308", "CEG_GD": " ", "BRR": "AV PAULISTA 1754 BELA VISTA", "CEP": "01310-200", "CLAS_SUB": "CO1", "CNAE": "7210-0/00", "TIP_CC": "COM-Tipo01", "FAS_CON": "ABC", "GRU_TEN": "BT", "TEN_FORN": "10", "GRU_TAR": "B3", "SIT_ATIV": "AT", "DAT_CON": "01/12/1985", "CAR_INST": 3.6, "LIV": 0, "ARE_LOC": "UB", "TIP_SIST": "RD_INTERLIG", "ENE_01": 0.0, "ENE_02": 0.0, "ENE_03": 0.0, "ENE_04": 0.0, "ENE_05": 0.0, "ENE_06": 0.0, "ENE_07": 42.0, "ENE_08": 30.5, "ENE_09": 170.0, "ENE_10": 240.0, "ENE_11": 100.3, "ENE_12": 181.69, "DIC_01": 0.0, "DIC_02": 0.0, "DIC_03": 0.0, "DIC_04": 0.0, "DIC_05": 0.0, "DIC_06": 0.0, "DIC_07": 0.0, "DIC_08": 0.0, "DIC_09": 0.0, "DIC_10": 0.0, "DIC_11": 0.0, "DIC_12": 0.0, "FIC_01": 0.0, "FIC_02": 0.0, "FIC_03": 0.0, "FIC_04": 0.0, "FIC_05": 0.0, "FIC_06": 0.0, "FIC_07": 0.0, "FIC_08": 0.0, "FIC_09": 0.0, "FIC_10": 0.0, "FIC_11": 0.0, "FIC_12": 0.0, "SEMRED": 0, "DESCR": " ", "COD_ID": "f2cccd8ce5f5164411fc0c67d0325b386e0a463eb9066591154f44e45e2a2e17", "__layer": "UCBT_tab", "lon": null, "lat": null }, "geometry": null },
{ "type": "Feature", "properties": { "DIST": 390, "PAC": "33085305739347489L", "RAMAL": "12307074S1", "PN_CON": "10971552", "UNI_TR_MT": "14374950", "CTMT": "AUG0202", "UNI_TR_AT": "DAUG-EQ-TR2", "SUB": "DAUG", "CONJ": 16596, "MUN": "3550308", "CEG_GD": " ", "BRR": "AV PAULISTA 1754 BELA VISTA", "CEP": "01310-200", "CLAS_SUB": "CO9", "CNAE": "6499-9/99", "TIP_CC": "COM-Tipo02", "FAS_CON": "ABCN", "GRU_TEN": "BT", "TEN_FORN": "10", "GRU_TAR": "B3", "SIT_ATIV": "DS", "DAT_CON": "01/11/1985", "CAR_INST": 5.6, "LIV": 0, "ARE_LOC": "UB", "TIP_SIST": "RD_INTERLIG", "ENE_01": 100.0, "ENE_02": 76.0, "ENE_03": 108.707, "ENE_04": 100.0, "ENE_05": 91.8, "ENE_06": 100.0, "ENE_07": 84.0, "ENE_08": 60.51, "ENE_09": 88.8, "ENE_10": 106.4, "ENE_11": 54.16, "ENE_12": 87.02, "DIC_01": 0.0, "DIC_02": 0.0, "DIC_03": 0.0, "DIC_04": 0.0, "DIC_05": 0.0, "DIC_06": 0.0, "DIC_07": 0.29, "DIC_08": 0.0, "DIC_09": 0.0, "DIC_10": 0.0, "DIC_11": 0.0, "DIC_12": 0.0, "FIC_01": 0.0, "FIC_02": 0.0, "FIC_03": 0.0, "FIC_04": 0.0, "FIC_05": 0.0, "FIC_06": 0.0, "FIC_07": 2.0, "FIC_08": 0.0, "FIC_09": 0.0, "FIC_10": 0.0, "FIC_11": 0.0, "FIC_12": 0.0, "SEMRED": 0, "DESCR": " ", "COD_ID": "74820093d7b76d54f3ee7676be3b30095aff5e9cab946eae60aaad6d423996f9", "__layer": "UCBT_tab", "lon": null, "lat": null }, "geometry": null },
{ "type": "Feature", "properties": { "DIST": 390, "PAC": "33085305739347489L", "RAMAL": "12307074S1", "PN_CON": "10971552", "UNI_TR_MT": "14374950", "CTMT": "AUG0202", "UNI_TR_AT": "DAUG-EQ-TR2", "SUB": "DAUG", "CONJ": 16596, "MUN": "3550308", "CEG_GD": " ", "BRR": "AV PAULISTA 1754 BELA VISTA", "CEP": "01310-200", "CLAS_SUB": "RE1", "CNAE": " ", "TIP_CC": "RES-Tipo02", "FAS_CON": "ABCN", "GRU_TEN": "BT", "TEN_FORN": "10", "GRU_TAR": "B1", "SIT_ATIV": "DS", "DAT_CON": "01/01/1980", "CAR_INST": 3.1, "LIV": 0, "ARE_LOC": "UB", "TIP_SIST": "RD_INTERLIG", "ENE_01": 65.04, "ENE_02": 130.0, "ENE_03": 160.0, "ENE_04": 160.0, "ENE_05": 140.0, "ENE_06": 140.0, "ENE_07": 130.0, "ENE_08": 140.0, "ENE_09": 160.0, "ENE_10": 160.0, "ENE_11": 140.0, "ENE_12": 145.63, "DIC_01": 0.0, "DIC_02": 0.0, "DIC_03": 0.0, "DIC_04": 0.0, "DIC_05": 0.0, "DIC_06": 0.0, "DIC_07": 0.29, "DIC_08": 0.0, "DIC_09": 0.0, "DIC_10": 0.0, "DIC_11": 0.0, "DIC_12": 0.0, "FIC_01": 0.0, "FIC_02": 0.0, "FIC_03": 0.0, "FIC_04": 0.0, "FIC_05": 0.0, "FIC_06": 0.0, "FIC_07": 2.0, "FIC_08": 0.0, "FIC_09": 0.0, "FIC_10": 0.0, "FIC_11": 0.0, "FIC_12": 0.0, "SEMRED": 0, "DESCR": " ", "COD_ID": "ff115981cf79ed22d252a9389580a992bb60e97feb5a7daab2bcc7434d484989", "__layer": "UCBT_tab", "lon": null, "lat": null }, "geometry": null },
{ "type": "Feature", "properties": { "DIST": 390, "PAC": "33085305739347489L", "RAMAL": "12307074S1", "PN_CON": "10971552", "UNI_TR_MT": "14374950", "CTMT": "AUG0202", "UNI_TR_AT": "DAUG-EQ-TR2", "SUB": "DAUG", "CONJ": 16596, "MUN": "3550308", "CEG_GD": " ", "BRR": "AV PAULISTA 1754 BELA VISTA", "CEP": "01310-200", "CLAS_SUB": "RE1", "CNAE": " ", "TIP_CC": "RES-Tipo04", "FAS_CON": "ABCN", "GRU_TEN": "BT", "TEN_FORN": "10", "GRU_TAR": "B1", "SIT_ATIV": "DS", "DAT_CON": "01/01/1980", "CAR_INST": 3.1, "LIV": 0, "ARE_LOC": "UB", "TIP_SIST": "RD_INTERLIG", "ENE_01": 240.16, "ENE_02": 470.0, "ENE_03": 0.0, "ENE_04": 50.0, "ENE_05": 1360.0, "ENE_06": 50.0, "ENE_07": 20.0, "ENE_08": 10.0, "ENE_09": 180.0, "ENE_10": 420.0, "ENE_11": 330.0, "ENE_12": 582.55, "DIC_01": 0.0, "DIC_02": 0.0, "DIC_03": 0.0, "DIC_04": 0.0, "DIC_05": 0.0, "DIC_06": 0.0, "DIC_07": 0.29, "DIC_08": 0.0, "DIC_09": 0.0, "DIC_10": 0.0, "DIC_11": 0.0, "DIC_12": 0.0, "FIC_01": 0.0, "FIC_02": 0.0, "FIC_03": 0.0, "FIC_04": 0.0, "FIC_05": 0.0, "FIC_06": 0.0, "FIC_07": 2.0, "FIC_08": 0.0, "FIC_09": 0.0, "FIC_10": 0.0, "FIC_11": 0.0, "FIC_12": 0.0, "SEMRED": 0, "DESCR": " ", "COD_ID": "fa1a73d918a2bc4a79ff389f9a4b02157b1706856073c0ba578dc0b8a8d0a747", "__layer": "UCBT_tab", "lon": null, "lat": null }, "geometry": null },
{ "type": "Feature", "properties": { "DIST": 390, "PAC": "33085305739347489L", "RAMAL": "12307074S1", "PN_CON": "10971552", "UNI_TR_MT": "14374950", "CTMT": "AUG0202", "UNI_TR_AT": "DAUG-EQ-TR2", "SUB": "DAUG", "CONJ": 16596, "MUN": "3550308", "CEG_GD": " ", "BRR": "AV PAULISTA 1754 BELA VISTA", "CEP": "01310-200", "CLAS_SUB": "RE1", "CNAE": " ", "TIP_CC": "RES-Tipo01", "FAS_CON": "ABN", "GRU_TEN": "BT", "TEN_FORN": "10", "GRU_TAR": "B1", "SIT_ATIV": "DS", "DAT_CON": "01/08/1985", "CAR_INST": 5.6, "LIV": 0, "ARE_LOC": "UB", "TIP_SIST": "RD_INTERLIG", "ENE_01": 25.01, "ENE_02": 70.0, "ENE_03": 0.0, "ENE_04": 50.0, "ENE_05": 50.0, "ENE_06": 60.0, "ENE_07": 60.0, "ENE_08": 60.0, "ENE_09": 60.0, "ENE_10": 130.0, "ENE_11": 50.0, "ENE_12": 97.09, "DIC_01": 0.0, "DIC_02": 0.0, "DIC_03": 0.0, "DIC_04": 0.0, "DIC_05": 0.0, "DIC_06": 0.0, "DIC_07": 0.29, "DIC_08": 0.0, "DIC_09": 0.0, "DIC_10": 0.0, "DIC_11": 0.0, "DIC_12": 0.0, "FIC_01": 0.0, "FIC_02": 0.0, "FIC_03": 0.0, "FIC_04": 0.0, "FIC_05": 0.0, "FIC_06": 0.0, "FIC_07": 2.0, "FIC_08": 0.0, "FIC_09": 0.0, "FIC_10": 0.0, "FIC_11": 0.0, "FIC_12": 0.0, "SEMRED": 0, "DESCR": " ", "COD_ID": "4967255f7d5cac17d34f17009154d7c4007a314831560beac53611b71fb6b6a3", "__layer": "UCBT_tab", "lon": null, "lat": null }, "geometry": null },
{ "type": "Feature", "properties": { "DIST": 390, "PAC": "33085305739347489L", "RAMAL": "12307074S1", "PN_CON": "10971552", "UNI_TR_MT": "14374950", "CTMT": "AUG0202", "UNI_TR_AT": "DAUG-EQ-TR2", "SUB": "DAUG", "CONJ": 16596, "MUN": "3550308", "CEG_GD": " ", "BRR": "AV PAULISTA 1754 BELA VISTA", "CEP": "01310-200", "CLAS_SUB": "RE1", "CNAE": " ", "TIP_CC": "RES-Tipo01", "FAS_CON": "ABN", "GRU_TEN": "BT", "TEN_FORN": "10", "GRU_TAR": "B1", "SIT_ATIV": "DS", "DAT_CON": "01/01/1980", "CAR_INST": 3.1, "LIV": 0, "ARE_LOC": "UB", "TIP_SIST": "RD_INTERLIG", "ENE_01": 5.0, "ENE_02": 50.0, "ENE_03": 50.0, "ENE_04": 10.0, "ENE_05": 10.0, "ENE_06": 10.0, "ENE_07": 10.0, "ENE_08": 10.0, "ENE_09": 10.0, "ENE_10": 50.0, "ENE_11": 10.0, "ENE_12": 48.54, "DIC_01": 0.0, "DIC_02": 0.0, "DIC_03": 0.0, "DIC_04": 0.0, "DIC_05": 0.0, "DIC_06": 0.0, "DIC_07": 0.29, "DIC_08": 0.0, "DIC_09": 0.0, "DIC_10": 0.0, "DIC_11": 0.0, "DIC_12": 0.0, "FIC_01": 0.0, "FIC_02": 0.0, "FIC_03": 0.0, "FIC_04": 0.0, "FIC_05": 0.0, "FIC_06": 0.0, "FIC_07": 2.0, "FIC_08": 0.0, "FIC_09": 0.0, "FIC_10": 0.0, "FIC_11": 0.0, "FIC_12": 0.0, "SEMRED": 0, "DESCR": " ", "COD_ID": "8b2473afe748726f4af618f7f5ef745437317d634952b51fca754ddf4256ec42", "__layer": "UCBT_tab", "lon": null, "lat": null }, "geometry": null },
{ "type": "Feature", "properties": { "DIST": 390, "PAC": "33085305739347489L", "RAMAL": "12307074S1", "PN_CON": "10971552", "UNI_TR_MT": "14374950", "CTMT": "AUG0202", "UNI_TR_AT": "DAUG-EQ-TR2", "SUB": "DAUG", "CONJ": 16596, "MUN": "3550308", "CEG_GD": " ", "BRR": "AV PAULISTA 1754 BELA VISTA", "CEP": "01310-200", "CLAS_SUB": "CO9", "CNAE": "9420-1/00", "TIP_CC": "COM-Tipo02", "FAS_CON": "ABCN", "GRU_TEN": "BT", "TEN_FORN": "10", "GRU_TAR": "B3", "SIT_ATIV": "DS", "DAT_CON": "01/09/1983", "CAR_INST": 3.6, "LIV": 0, "ARE_LOC": "UB", "TIP_SIST": "RD_INTERLIG", "ENE_01": 50.0, "ENE_02": 40.0, "ENE_03": 54.354, "ENE_04": 50.0, "ENE_05": 40.0, "ENE_06": 50.0, "ENE_07": 42.0, "ENE_08": 30.5, "ENE_09": 50.0, "ENE_10": 40.0, "ENE_11": 23.6, "ENE_12": 38.25, "DIC_01": 0.0, "DIC_02": 0.0, "DIC_03": 0.0, "DIC_04": 0.0, "DIC_05": 0.0, "DIC_06": 0.0, "DIC_07": 0.29, "DIC_08": 0.0, "DIC_09": 0.0, "DIC_10": 0.0, "DIC_11": 0.0, "DIC_12": 0.0, "FIC_01": 0.0, "FIC_02": 0.0, "FIC_03": 0.0, "FIC_04": 0.0, "FIC_05": 0.0, "FIC_06": 0.0, "FIC_07": 2.0, "FIC_08": 0.0, "FIC_09": 0.0, "FIC_10": 0.0, "FIC_11": 0.0, "FIC_12": 0.0, "SEMRED": 0, "DESCR": " ", "COD_ID": "dca31318d2039b1235befc60a1c5e3256f0b61ddecd2308767b469602d5174ba", "__layer": "UCBT_tab", "lon": null, "lat": null }, "geometry": null },
{ "type": "Feature", "properties": { "DIST": 390, "PAC": "33085305739347489L", "RAMAL": "12307074S1", "PN_CON": "10971552", "UNI_TR_MT": "14374950", "CTMT": "AUG0202", "UNI_TR_AT": "DAUG-EQ-TR2", "SUB": "DAUG", "CONJ": 16596, "MUN": "3550308", "CEG_GD": " ", "BRR": "AV PAULISTA 1754 BELA VISTA", "CEP": "01310-200", "CLAS_SUB": "CO9", "CNAE": "8211-3/00", "TIP_CC": "COM-Tipo02", "FAS_CON": "ABCN", "GRU_TEN": "BT", "TEN_FORN": "10", "GRU_TAR": "B3", "SIT_ATIV": "DS", "DAT_CON": "01/09/1984", "CAR_INST": 5.6, "LIV": 0, "ARE_LOC": "UB", "TIP_SIST": "RD_INTERLIG", "ENE_01": 100.0, "ENE_02": 100.0, "ENE_03": 108.707, "ENE_04": 40.0, "ENE_05": 50.0, "ENE_06": 100.0, "ENE_07": 84.0, "ENE_08": 61.0, "ENE_09": 100.0, "ENE_10": 50.0, "ENE_11": 59.0, "ENE_12": 38.25, "DIC_01": 0.0, "DIC_02": 0.0, "DIC_03": 0.0, "DIC_04": 0.0, "DIC_05": 0.0, "DIC_06": 0.0, "DIC_07": 0.29, "DIC_08": 0.0, "DIC_09": 0.0, "DIC_10": 0.0, "DIC_11": 0.0, "DIC_12": 0.0, "FIC_01": 0.0, "FIC_02": 0.0, "FIC_03": 0.0, "FIC_04": 0.0, "FIC_05": 0.0, "FIC_06": 0.0, "FIC_07": 2.0, "FIC_08": 0.0, "FIC_09": 0.0, "FIC_10": 0.0, "FIC_11": 0.0, "FIC_12": 0.0, "SEMRED": 0, "DESCR": " ", "COD_ID": "b5e43500eac1ee85e27d294e971eae77fa9a3237837168b3f5085f85d8d986e3", "__layer": "UCBT_tab", "lon": null, "lat": null }, "geometry": null },
{ "type": "Feature", "properties": { "DIST": 390, "PAC": "33085305739347489L", "RAMAL": "12307074S1", "PN_CON": "10971552", "UNI_TR_MT": "14374950", "CTMT": "AUG0202", "UNI_TR_AT": "DAUG-EQ-TR2", "SUB": "DAUG", "CONJ": 16596, "MUN": "3550308", "CEG_GD": " ", "BRR": "AV PAULISTA 1754 BELA VISTA", "CEP": "01310-200", "CLAS_SUB": "CO1", "CNAE": "4691-5/00", "TIP_CC": "COM-Tipo02", "FAS_CON": "ABCN", "GRU_TEN": "BT", "TEN_FORN": "10", "GRU_TAR": "B3", "SIT_ATIV": "DS", "DAT_CON": "01/05/1986", "CAR_INST": 4.4, "LIV": 0, "ARE_LOC": "UB", "TIP_SIST": "RD_INTERLIG", "ENE_01": 177.0, "ENE_02": 203.0, "ENE_03": 335.905, "ENE_04": 87.0, "ENE_05": 60.0, "ENE_06": 62.0, "ENE_07": 63.0, "ENE_08": 45.75, "ENE_09": 102.0, "ENE_10": 129.0, "ENE_11": 74.93, "ENE_12": 97.54, "DIC_01": 0.0, "DIC_02": 0.0, "DIC_03": 0.0, "DIC_04": 0.0, "DIC_05": 0.0, "DIC_06": 0.0, "DIC_07": 0.29, "DIC_08": 0.0, "DIC_09": 0.0, "DIC_10": 0.0, "DIC_11": 0.0, "DIC_12": 0.0, "FIC_01": 0.0, "FIC_02": 0.0, "FIC_03": 0.0, "FIC_04": 0.0, "FIC_05": 0.0, "FIC_06": 0.0, "FIC_07": 2.0, "FIC_08": 0.0, "FIC_09": 0.0, "FIC_10": 0.0, "FIC_11": 0.0, "FIC_12": 0.0, "SEMRED": 0, "DESCR": " ", "COD_ID": "e2c17f08a625ef97b88238c173ae2762159c34e5c4ab22a70f0edf52c410cc80", "__layer": "UCBT_tab", "lon": null, "lat": null }, "geometry": null },
{ "type": "Feature", "properties": { "DIST": 390, "PAC": "33085305739347489L", "RAMAL": "12307074S1", "PN_CON": "10971552", "UNI_TR_MT": "14374950", "CTMT": "AUG0202", "UNI_TR_AT": "DAUG-EQ-TR2", "SUB": "DAUG", "CONJ": 16596, "MUN": "3550308", "CEG_GD": " ", "BRR": "AV PAULISTA 1754 BELA VISTA", "CEP": "01310-200", "CLAS_SUB": "RE1", "CNAE": " ", "TIP_CC": "RES-Tipo02", "FAS_CON": "ABN", "GRU_TEN": "BT", "TEN_FORN": "10", "GRU_TAR": "B1", "SIT_ATIV": "DS", "DAT_CON": "01/06/1985", "CAR_INST": 3.6, "LIV": 0, "ARE_LOC": "UB", "TIP_SIST": "RD_INTERLIG", "ENE_01": 65.04, "ENE_02": 140.0, "ENE_03": 130.0, "ENE_04": 100.0, "ENE_05": 100.0, "ENE_06": 120.0, "ENE_07": 120.0, "ENE_08": 130.0, "ENE_09": 170.0, "ENE_10": 200.0, "ENE_11": 180.0, "ENE_12": 184.47, "DIC_01": 0.0, "DIC_02": 0.0, "DIC_03": 0.0, "DIC_04": 0.0, "DIC_05": 0.0, "DIC_06": 0.0, "DIC_07": 0.29, "DIC_08": 0.0, "DIC_09": 0.0, "DIC_10": 0.0, "DIC_11": 0.0, "DIC_12": 0.0, "FIC_01": 0.0, "FIC_02": 0.0, "FIC_03": 0.0, "FIC_04": 0.0, "FIC_05": 0.0, "FIC_06": 0.0, "FIC_07": 2.0, "FIC_08": 0.0, "FIC_09": 0.0, "FIC_10": 0.0, "FIC_11": 0.0, "FIC_12": 0.0, "SEMRED": 0, "DESCR": " ", "COD_ID": "8bb67bc7be4cf6ce9e361e30fe8fa8a6eb5965376fe477abe4d4f0d6ba1e54ee", "__layer": "UCBT_tab", "lon": null, "lat": null }, "geometry": null },
{ "type": "Feature", "properties": { "DIST": 390, "PAC": "33085305739347489L", "RAMAL": "12307074S1", "PN_CON": "10971552", "UNI_TR_MT": "14374950", "CTMT": "AUG0202", "UNI_TR_AT": "DAUG-EQ-TR2", "SUB": "DAUG", "CONJ": 16596, "MUN": "3550308", "CEG_GD": " ", "BRR": "AV PAULISTA 1754 BELA VISTA", "CEP": "01310-200", "CLAS_SUB": "CO9", "CNAE": "6499-9/99", "TIP_CC": "COM-Tipo03", "FAS_CON": "ABCN", "GRU_TEN": "BT", "TEN_FORN": "10", "GRU_TAR": "B3", "SIT_ATIV": "DS", "DAT_CON": "01/09/1983", "CAR_INST": 17.3, "LIV": 0, "ARE_LOC": "UB", "TIP_SIST": "RD_INTERLIG", "ENE_01": 757.0, "ENE_02": 788.0, "ENE_03": 1059.894, "ENE_04": 448.0, "ENE_05": 639.0, "ENE_06": 193.0, "ENE_07": 191.52, "ENE_08": 101.26, "ENE_09": 215.0, "ENE_10": 468.0, "ENE_11": 187.03, "ENE_12": 824.31, "DIC_01": 0.0, "DIC_02": 0.0, "DIC_03": 0.0, "DIC_04": 0.0, "DIC_05": 0.0, "DIC_06": 0.0, "DIC_07": 0.29, "DIC_08": 0.0, "DIC_09": 0.0, "DIC_10": 0.0, "DIC_11": 0.0, "DIC_12": 0.0, "FIC_01": 0.0, "FIC_02": 0.0, "FIC_03": 0.0, "FIC_04": 0.0, "FIC_05": 0.0, "FIC_06": 0.0, "FIC_07": 2.0, "FIC_08": 0.0, "FIC_09": 0.0, "FIC_10": 0.0, "FIC_11": 0.0, "FIC_12": 0.0, "SEMRED": 0, "DESCR": " ", "COD_ID": "c25dd3be848f3687ef465a45f573e8e9c08bde181ce954bc0990ed568e552638", "__layer": "UCBT_tab", "lon": null, "lat": null }, "geometry": null },
{ "type": "Feature", "properties": { "DIST": 390, "PAC": "33085305739347489L", "RAMAL": "12307074S1", "PN_CON": "10971552", "UNI_TR_MT": "14374950", "CTMT": "AUG0202", "UNI_TR_AT": "DAUG-EQ-TR2", "SUB": "DAUG", "CONJ": 16596, "MUN": "3550308", "CEG_GD": " ", "BRR": "AV PAULISTA 1754 BELA VISTA", "CEP": "01310-200", "CLAS_SUB": "CO9", "CNAE": "6499-9/99", "TIP_CC": "COM-Tipo03", "FAS_CON": "ABCN", "GRU_TEN": "BT", "TEN_FORN": "10", "GRU_TAR": "B3", "SIT_ATIV": "DS", "DAT_CON": "01/09/1983", "CAR_INST": 17.3, "LIV": 0, "ARE_LOC": "UB", "TIP_SIST": "RD_INTERLIG", "ENE_01": 1414.0, "ENE_02": 1128.0, "ENE_03": 1801.277, "ENE_04": 652.0, "ENE_05": 1133.0, "ENE_06": 461.0, "ENE_07": 412.44, "ENE_08": 236.68, "ENE_09": 505.0, "ENE_10": 540.0, "ENE_11": 171.1, "ENE_12": 817.62, "DIC_01": 0.0, "DIC_02": 0.0, "DIC_03": 0.0, "DIC_04": 0.0, "DIC_05": 0.0, "DIC_06": 0.0, "DIC_07": 0.29, "DIC_08": 0.0, "DIC_09": 0.0, "DIC_10": 0.0, "DIC_11": 0.0, "DIC_12": 0.0, "FIC_01": 0.0, "FIC_02": 0.0, "FIC_03": 0.0, "FIC_04": 0.0, "FIC_05": 0.0, "FIC_06": 0.0, "FIC_07": 2.0, "FIC_08": 0.0, "FIC_09": 0.0, "FIC_10": 0.0, "FIC_11": 0.0, "FIC_12": 0.0, "SEMRED": 0, "DESCR": " ", "COD_ID": "6c7ca9078c9fb3d8be7c06252dbcf40842f1494a744b963197b61abdff07dfc0", "__layer": "UCBT_tab", "lon": null, "lat": null }, "geometry": null },
{ "type": "Feature", "properties": { "DIST": 390, "PAC": "33085305739347489L", "RAMAL": "12307074S1", "PN_CON": "10971552", "UNI_TR_MT": "14374950", "CTMT": "AUG0202", "UNI_TR_AT": "DAUG-EQ-TR2", "SUB": "DAUG", "CONJ": 16596, "MUN": "3550308", "CEG_GD": " ", "BRR": "AV PAULISTA 1754 BELA VISTA", "CEP": "01310-200", "CLAS_SUB": "IN", "CNAE": "2099-1/99", "TIP_CC": "IND-Tipo01", "FAS_CON": "ABCN", "GRU_TEN": "BT", "TEN_FORN": "10", "GRU_TAR": "B3", "SIT_ATIV": "DS", "DAT_CON": "01/02/1985", "CAR_INST": 17.3, "LIV": 0, "ARE_LOC": "UB", "TIP_SIST": "RD_INTERLIG", "ENE_01": 81.0, "ENE_02": 34.0, "ENE_03": 103.0, "ENE_04": 33.0, "ENE_05": 60.0, "ENE_06": 271.0, "ENE_07": 80.0, "ENE_08": 48.0, "ENE_09": 6.0, "ENE_10": 3.0, "ENE_11": 100.0, "ENE_12": 15.37, "DIC_01": 0.0, "DIC_02": 0.0, "DIC_03": 0.0, "DIC_04": 0.0, "DIC_05": 0.0, "DIC_06": 0.0, "DIC_07": 0.29, "DIC_08": 0.0, "DIC_09": 0.0, "DIC_10": 0.0, "DIC_11": 0.0, "DIC_12": 0.0, "FIC_01": 0.0, "FIC_02": 0.0, "FIC_03": 0.0, "FIC_04": 0.0, "FIC_05": 0.0, "FIC_06": 0.0, "FIC_07": 2.0, "FIC_08": 0.0, "FIC_09": 0.0, "FIC_10": 0.0, "FIC_11": 0.0, "FIC_12": 0.0, "SEMRED": 0, "DESCR": " ", "COD_ID": "fe2ae972e9c9b2397b2333bae3bce344bfab7648ef33c416b3889379e01e51e9", "__layer": "UCBT_tab", "lon": null, "lat": null }, "geometry": null },
{ "type": "Feature", "properties": { "DIST": 390, "PAC": "33085305739347489L", "RAMAL": "12307074S1", "PN_CON": "10971552", "UNI_TR_MT": "14374950", "CTMT": "AUG0202", "UNI_TR_AT": "DAUG-EQ-TR2", "SUB": "DAUG", "CONJ": 16596, "MUN": "3550308", "CEG_GD": " ", "BRR": "AV PAULISTA 1754 BELA VISTA", "CEP": "01310-200", "CLAS_SUB": "CO9", "CNAE": "4691-5/00", "TIP_CC": "COM-Tipo03", "FAS_CON": "ABCN", "GRU_TEN": "BT", "TEN_FORN": "10", "GRU_TAR": "B3", "SIT_ATIV": "DS", "DAT_CON": "01/04/1984", "CAR_INST": 17.3, "LIV": 0, "ARE_LOC": "UB", "TIP_SIST": "RD_INTERLIG", "ENE_01": 1388.0, "ENE_02": 1543.0, "ENE_03": 2033.91, "ENE_04": 822.0, "ENE_05": 802.0, "ENE_06": 682.0, "ENE_07": 725.76, "ENE_08": 639.28, "ENE_09": 892.0, "ENE_10": 910.0, "ENE_11": 368.16, "ENE_12": 811.88, "DIC_01": 0.0, "DIC_02": 0.0, "DIC_03": 0.0, "DIC_04": 0.0, "DIC_05": 0.0, "DIC_06": 0.0, "DIC_07": 0.29, "DIC_08": 0.0, "DIC_09": 0.0, "DIC_10": 0.0, "DIC_11": 0.0, "DIC_12": 0.0, "FIC_01": 0.0, "FIC_02": 0.0, "FIC_03": 0.0, "FIC_04": 0.0, "FIC_05": 0.0, "FIC_06": 0.0, "FIC_07": 2.0, "FIC_08": 0.0, "FIC_09": 0.0, "FIC_10": 0.0, "FIC_11": 0.0, "FIC_12": 0.0, "SEMRED": 0, "DESCR": " ", "COD_ID": "c3525eed9e2e3aa482569e129902e2919803eb2565b3dcc19f0651e62fe64091", "__layer": "UCBT_tab", "lon": null, "lat": null }, "geometry": null },
{ "type": "Feature", "properties": { "DIST": 390, "PAC": "33085305739347489L", "RAMAL": "12307074S1", "PN_CON": "10971552", "UNI_TR_MT": "14374950", "CTMT": "AUG0202", "UNI_TR_AT": "DAUG-EQ-TR2", "SUB": "DAUG", "CONJ": 16596, "MUN": "3550308", "CEG_GD": " ", "BRR": "AV PAULISTA 1754 BELA VISTA", "CEP": "01310-200", "CLAS_SUB": "CO1", "CNAE": "8610-1/01", "TIP_CC": "COM-Tipo05", "FAS_CON": "ABN", "GRU_TEN": "BT", "TEN_FORN": "10", "GRU_TAR": "B3", "SIT_ATIV": "DS", "DAT_CON": "01/02/1985", "CAR_INST": 10.4, "LIV": 0, "ARE_LOC": "UB", "TIP_SIST": "RD_INTERLIG", "ENE_01": 2413.0, "ENE_02": 2512.0, "ENE_03": 3431.883, "ENE_04": 2170.0, "ENE_05": 2298.0, "ENE_06": 1240.0, "ENE_07": 986.16, "ENE_08": 813.74, "ENE_09": 1546.0, "ENE_10": 1862.0, "ENE_11": 855.5, "ENE_12": 2020.62, "DIC_01": 0.0, "DIC_02": 0.0, "DIC_03": 0.0, "DIC_04": 0.0, "DIC_05": 0.0, "DIC_06": 0.0, "DIC_07": 0.29, "DIC_08": 0.0, "DIC_09": 0.0, "DIC_10": 0.0, "DIC_11": 0.0, "DIC_12": 0.0, "FIC_01": 0.0, "FIC_02": 0.0, "FIC_03": 0.0, "FIC_04": 0.0, "FIC_05": 0.0, "FIC_06": 0.0, "FIC_07": 2.0, "FIC_08": 0.0, "FIC_09": 0.0, "FIC_10": 0.0, "FIC_11": 0.0, "FIC_12": 0.0, "SEMRED": 0, "DESCR": " ", "COD_ID": "f66fe8ab207d3eea4353771d912b63b1b4e436d742cc0fefacb556c7f3ad02d6", "__layer": "UCBT_tab", "lon": null, "lat": null }, "geometry": null },
{ "type": "Feature", "properties": { "DIST": 390, "PAC": "33085305739347489L", "RAMAL": "12307074S1", "PN_CON": "10971552", "UNI_TR_MT": "14374950", "CTMT": "AUG0202", "UNI_TR_AT": "DAUG-EQ-TR2", "SUB": "DAUG", "CONJ": 16596, "MUN": "3550308", "CEG_GD": " ", "BRR": "AV PAULISTA 1754 BELA VISTA", "CEP": "01310-200", "CLAS_SUB": "CO1", "CNAE": "6810-2/02", "TIP_CC": "COM-Tipo03", "FAS_CON": "ABCN", "GRU_TEN": "BT", "TEN_FORN": "10", "GRU_TAR": "B3", "SIT_ATIV": "DS", "DAT_CON": "01/03/1984", "CAR_INST": 17.3, "LIV": 0, "ARE_LOC": "UB", "TIP_SIST": "RD_INTERLIG", "ENE_01": 6.0, "ENE_02": 100.0, "ENE_03": 0.0, "ENE_04": 100.0, "ENE_05": 100.0, "ENE_06": 100.0, "ENE_07": 84.0, "ENE_08": 61.0, "ENE_09": 100.0, "ENE_10": 100.0, "ENE_11": 59.0, "ENE_12": 19.12, "DIC_01": 0.0, "DIC_02": 0.0, "DIC_03": 0.0, "DIC_04": 0.0, "DIC_05": 0.0, "DIC_06": 0.0, "DIC_07": 0.29, "DIC_08": 0.0, "DIC_09": 0.0, "DIC_10": 0.0, "DIC_11": 0.0, "DIC_12": 0.0, "FIC_01": 0.0, "FIC_02": 0.0, "FIC_03": 0.0, "FIC_04": 0.0, "FIC_05": 0.0, "FIC_06": 0.0, "FIC_07": 2.0, "FIC_08": 0.0, "FIC_09": 0.0, "FIC_10": 0.0, "FIC_11": 0.0, "FIC_12": 0.0, "SEMRED": 0, "DESCR": " ", "COD_ID": "d65e5034478e5b31d857e78d76c4e1b12222797c21854655c637d7d16e482af1", "__layer": "UCBT_tab", "lon": null, "lat": null }, "geometry": null },
{ "type": "Feature", "properties": { "DIST": 390, "PAC": "33085305739347489L", "RAMAL": "12307074S1", "PN_CON": "10971552", "UNI_TR_MT": "14374950", "CTMT": "AUG0202", "UNI_TR_AT": "DAUG-EQ-TR2", "SUB": "DAUG", "CONJ": 16596, "MUN": "3550308", "CEG_GD": " ", "BRR": "AV PAULISTA 1754 BELA VISTA", "CEP": "01310-200", "CLAS_SUB": "CO9", "CNAE": "6399-2/00", "TIP_CC": "COM-Tipo05", "FAS_CON": "ABCN", "GRU_TEN": "BT", "TEN_FORN": "10", "GRU_TAR": "B3", "SIT_ATIV": "DS", "DAT_CON": "01/02/1985", "CAR_INST": 51.6, "LIV": 0, "ARE_LOC": "UB", "TIP_SIST": "RD_INTERLIG", "ENE_01": 4360.0, "ENE_02": 2080.0, "ENE_03": 6826.806, "ENE_04": 3080.0, "ENE_05": 3640.0, "ENE_06": 1840.0, "ENE_07": 22915.2, "ENE_08": 1293.2, "ENE_09": 2200.0, "ENE_10": 3040.0, "ENE_11": 1439.6, "ENE_12": 3021.85, "DIC_01": 0.0, "DIC_02": 0.0, "DIC_03": 0.0, "DIC_04": 0.0, "DIC_05": 0.0, "DIC_06": 0.0, "DIC_07": 0.29, "DIC_08": 0.0, "DIC_09": 0.0, "DIC_10": 0.0, "DIC_11": 0.0, "DIC_12": 0.0, "FIC_01": 0.0, "FIC_02": 0.0, "FIC_03": 0.0, "FIC_04": 0.0, "FIC_05": 0.0, "FIC_06": 0.0, "FIC_07": 2.0, "FIC_08": 0.0, "FIC_09": 0.0, "FIC_10": 0.0, "FIC_11": 0.0, "FIC_12": 0.0, "SEMRED": 0, "DESCR": " ", "COD_ID": "1c1d736f8b8c2685fd9ea29c4266ea3a8eb0be9e1d8410788f44022ecf8de4ea", "__layer": "UCBT_tab", "lon": null, "lat": null }, "geometry": null },
{ "type": "Feature", "properties": { "DIST": 390, "PAC": "33085305739347489L", "RAMAL": "12307074S1", "PN_CON": "10971552", "UNI_TR_MT": "14374950", "CTMT": "AUG0202", "UNI_TR_AT": "DAUG-EQ-TR2", "SUB": "DAUG", "CONJ": 16596, "MUN": "3550308", "CEG_GD": " ", "BRR": "AV PAULISTA 1754 BELA VISTA", "CEP": "01310-200", "CLAS_SUB": "CO1", "CNAE": "6209-1/00", "TIP_CC": "COM-Tipo05", "FAS_CON": "ABCN", "GRU_TEN": "BT", "TEN_FORN": "10", "GRU_TAR": "B3", "SIT_ATIV": "DS", "DAT_CON": "01/10/1989", "CAR_INST": 18.8, "LIV": 0, "ARE_LOC": "UB", "TIP_SIST": "RD_INTERLIG", "ENE_01": 3211.0, "ENE_02": 3280.0, "ENE_03": 4109.128, "ENE_04": 2847.0, "ENE_05": 3157.0, "ENE_06": 2388.0, "ENE_07": 2086.56, "ENE_08": 2216.13, "ENE_09": 4414.0, "ENE_10": 4868.0, "ENE_11": 2616.65, "ENE_12": 4463.93, "DIC_01": 0.0, "DIC_02": 0.0, "DIC_03": 0.0, "DIC_04": 0.0, "DIC_05": 0.0, "DIC_06": 0.0, "DIC_07": 0.29, "DIC_08": 0.0, "DIC_09": 0.0, "DIC_10": 0.0, "DIC_11": 0.0, "DIC_12": 0.0, "FIC_01": 0.0, "FIC_02": 0.0, "FIC_03": 0.0, "FIC_04": 0.0, "FIC_05": 0.0, "FIC_06": 0.0, "FIC_07": 2.0, "FIC_08": 0.0, "FIC_09": 0.0, "FIC_10": 0.0, "FIC_11": 0.0, "FIC_12": 0.0, "SEMRED": 0, "DESCR": " ", "COD_ID": "18cb0c08db61254c71c011d0712ccf141cbcbef08318b686ef48b36bb827fb00", "__layer": "UCBT_tab", "lon": null, "lat": null }, "geometry": null },
{ "type": "Feature", "properties": { "DIST": 390, "PAC": "33085305739347489L", "RAMAL": "12307074S1", "PN_CON": "10971552", "UNI_TR_MT": "14374950", "CTMT": "AUG0202", "UNI_TR_AT": "DAUG-EQ-TR2", "SUB": "DAUG", "CONJ": 16596, "MUN": "3550308", "CEG_GD": " ", "BRR": "AV PAULISTA 1754 BELA VISTA", "CEP": "01310-200", "CLAS_SUB": "CO9", "CNAE": "4619-2/00", "TIP_CC": "COM-Tipo02", "FAS_CON": "ABCN", "GRU_TEN": "BT", "TEN_FORN": "10", "GRU_TAR": "B3", "SIT_ATIV": "DS", "DAT_CON": "01/01/1989", "CAR_INST": 5.6, "LIV": 0, "ARE_LOC": "UB", "TIP_SIST": "RD_INTERLIG", "ENE_01": 530.0, "ENE_02": 460.0, "ENE_03": 641.372, "ENE_04": 380.0, "ENE_05": 390.0, "ENE_06": 190.0, "ENE_07": 84.0, "ENE_08": 213.5, "ENE_09": 260.0, "ENE_10": 340.0, "ENE_11": 177.0, "ENE_12": 420.76, "DIC_01": 0.0, "DIC_02": 0.0, "DIC_03": 0.0, "DIC_04": 0.0, "DIC_05": 0.0, "DIC_06": 0.0, "DIC_07": 0.29, "DIC_08": 0.0, "DIC_09": 0.0, "DIC_10": 0.0, "DIC_11": 0.0, "DIC_12": 0.0, "FIC_01": 0.0, "FIC_02": 0.0, "FIC_03": 0.0, "FIC_04": 0.0, "FIC_05": 0.0, "FIC_06": 0.0, "FIC_07": 2.0, "FIC_08": 0.0, "FIC_09": 0.0, "FIC_10": 0.0, "FIC_11": 0.0, "FIC_12": 0.0, "SEMRED": 0, "DESCR": " ", "COD_ID": "f7b025fdb17bfabfb055e5ec783c900b777b73f7d0c4966de958dae45e76fa5b", "__layer": "UCBT_tab", "lon": null, "lat": null }, "geometry": null },
{ "type": "Feature", "properties": { "DIST": 390, "PAC": "33083328739348867L", "RAMAL": "12307012S1", "PN_CON": "10971520", "UNI_TR_MT": "14374917", "CTMT": "AUG0202", "UNI_TR_AT": "DAUG-EQ-TR2", "SUB": "DAUG", "CONJ": 16596, "MUN": "3550308", "CEG_GD": " ", "BRR": "AV PAULISTA 1776 BELA VISTA", "CEP": "01310-200", "CLAS_SUB": "CO1", "CNAE": "7911-2/00", "TIP_CC": "COM-Tipo03", "FAS_CON": "ABCN", "GRU_TEN": "BT", "TEN_FORN": "10", "GRU_TAR": "B3", "SIT_ATIV": "DS", "DAT_CON": "01/01/1979", "CAR_INST": 18.1, "LIV": 0, "ARE_LOC": "UB", "TIP_SIST": "RD_INTERLIG", "ENE_01": 1100.0, "ENE_02": 904.0, "ENE_03": 0.0, "ENE_04": 943.0, "ENE_05": 584.0, "ENE_06": 432.0, "ENE_07": 297.36, "ENE_08": 257.42, "ENE_09": 340.0, "ENE_10": 383.0, "ENE_11": 207.68, "ENE_12": 218.03, "DIC_01": 0.0, "DIC_02": 0.0, "DIC_03": 0.0, "DIC_04": 0.0, "DIC_05": 0.0, "DIC_06": 0.0, "DIC_07": 0.29, "DIC_08": 0.0, "DIC_09": 0.0, "DIC_10": 0.0, "DIC_11": 0.0, "DIC_12": 0.0, "FIC_01": 0.0, "FIC_02": 0.0, "FIC_03": 0.0, "FIC_04": 0.0, "FIC_05": 0.0, "FIC_06": 0.0, "FIC_07": 2.0, "FIC_08": 0.0, "FIC_09": 0.0, "FIC_10": 0.0, "FIC_11": 0.0, "FIC_12": 0.0, "SEMRED": 0, "DESCR": " ", "COD_ID": "590cf565083d0a58679a71a19a0508bc0a64b02050470fb3f5ccb0934913346c", "__layer": "UCBT_tab", "lon": null, "lat": null }, "geometry": null },
{ "type": "Feature", "properties": { "DIST": 390, "PAC": "33083328739348867L", "RAMAL": "12307012S1", "PN_CON": "10971520", "UNI_TR_MT": "14374917", "CTMT": "AUG0202", "UNI_TR_AT": "DAUG-EQ-TR2", "SUB": "DAUG", "CONJ": 16596, "MUN": "3550308", "CEG_GD": " ", "BRR": "AV PAULISTA 1776 BELA VISTA", "CEP": "01310-200", "CLAS_SUB": "CO1", "CNAE": "5250-8/03", "TIP_CC": "COM-Tipo03", "FAS_CON": "ABCN", "GRU_TEN": "BT", "TEN_FORN": "10", "GRU_TAR": "B3", "SIT_ATIV": "DS", "DAT_CON": "01/04/1974", "CAR_INST": 41.0, "LIV": 0, "ARE_LOC": "UB", "TIP_SIST": "RD_INTERLIG", "ENE_01": 976.0, "ENE_02": 1005.0, "ENE_03": 0.0, "ENE_04": 904.0, "ENE_05": 1082.0, "ENE_06": 893.0, "ENE_07": 734.16, "ENE_08": 560.59, "ENE_09": 964.0, "ENE_10": 1065.0, "ENE_11": 512.71, "ENE_12": 837.7, "DIC_01": 0.0, "DIC_02": 0.0, "DIC_03": 0.0, "DIC_04": 0.0, "DIC_05": 0.0, "DIC_06": 0.0, "DIC_07": 0.29, "DIC_08": 0.0, "DIC_09": 0.0, "DIC_10": 0.0, "DIC_11": 0.0, "DIC_12": 0.0, "FIC_01": 0.0, "FIC_02": 0.0, "FIC_03": 0.0, "FIC_04": 0.0, "FIC_05": 0.0, "FIC_06": 0.0, "FIC_07": 2.0, "FIC_08": 0.0, "FIC_09": 0.0, "FIC_10": 0.0, "FIC_11": 0.0, "FIC_12": 0.0, "SEMRED": 0, "DESCR": " ", "COD_ID": "c6fffb8af5e95cb944fa4a81806737586248306d6205c94f032d62407e058eea", "__layer": "UCBT_tab", "lon": null, "lat": null }, "geometry": null },
{ "type": "Feature", "properties": { "DIST": 390, "PAC": "33084775739339765L", "RAMAL": "12307084S1", "PN_CON": "1310571", "UNI_TR_MT": "14375004", "CTMT": "IBP0201", "UNI_TR_AT": "DIBP-EQ-TR1", "SUB": "DIBP", "CONJ": 16584, "MUN": "3550308", "CEG_GD": " ", "BRR": "AV PAULISTA 1776 BELA VISTA", "CEP": "01310-200", "CLAS_SUB": "CO1", "CNAE": "7020-4/00", "TIP_CC": "RES-Tipo01", "FAS_CON": "ABN", "GRU_TEN": "BT", "TEN_FORN": "10", "GRU_TAR": "B3", "SIT_ATIV": "AT", "DAT_CON": "01/01/1974", "CAR_INST": 5.2, "LIV": 0, "ARE_LOC": "UB", "TIP_SIST": "RD_INTERLIG", "ENE_01": 105.0, "ENE_02": 105.0, "ENE_03": 0.0, "ENE_04": 268.0, "ENE_05": 71.0, "ENE_06": 92.0, "ENE_07": 68.88, "ENE_08": 50.02, "ENE_09": 77.0, "ENE_10": 0.0, "ENE_11": 47.79, "ENE_12": 125.27, "DIC_01": 0.0, "DIC_02": 0.0, "DIC_03": 0.0, "DIC_04": 0.0, "DIC_05": 0.0, "DIC_06": 0.0, "DIC_07": 0.0, "DIC_08": 0.0, "DIC_09": 0.0, "DIC_10": 0.0, "DIC_11": 0.0, "DIC_12": 0.0, "FIC_01": 0.0, "FIC_02": 0.0, "FIC_03": 0.0, "FIC_04": 0.0, "FIC_05": 0.0, "FIC_06": 0.0, "FIC_07": 0.0, "FIC_08": 0.0, "FIC_09": 0.0, "FIC_10": 0.0, "FIC_11": 0.0, "FIC_12": 0.0, "SEMRED": 0, "DESCR": " ", "COD_ID": "4f87078bf186a1c9a46c3a07cdbcf36ae1037da98e7b7f27ec2e4393c113e83e", "__layer": "UCBT_tab", "lon": null, "lat": null }, "geometry": null },
{ "type": "Feature", "properties": { "DIST": 390, "PAC": "33083328739348867L", "RAMAL": "12307012S1", "PN_CON": "10971520", "UNI_TR_MT": "14374917", "CTMT": "AUG0202", "UNI_TR_AT": "DAUG-EQ-TR2", "SUB": "DAUG", "CONJ": 16596, "MUN": "3550308", "CEG_GD": " ", "BRR": "AV PAULISTA 1776 BELA VISTA", "CEP": "01310-200", "CLAS_SUB": "CO1", "CNAE": "6619-3/02", "TIP_CC": "COM-Tipo03", "FAS_CON": "ABC", "GRU_TEN": "BT", "TEN_FORN": "10", "GRU_TAR": "B3", "SIT_ATIV": "DS", "DAT_CON": "01/08/1973", "CAR_INST": 28.0, "LIV": 0, "ARE_LOC": "UB", "TIP_SIST": "RD_INTERLIG", "ENE_01": 100.0, "ENE_02": 300.0, "ENE_03": 7.609, "ENE_04": 125.0, "ENE_05": 2642.0, "ENE_06": 3188.0, "ENE_07": 2800.56, "ENE_08": 2278.96, "ENE_09": 3460.0, "ENE_10": 3916.0, "ENE_11": 2073.26, "ENE_12": 3517.21, "DIC_01": 0.0, "DIC_02": 0.0, "DIC_03": 0.0, "DIC_04": 0.0, "DIC_05": 0.0, "DIC_06": 0.0, "DIC_07": 0.29, "DIC_08": 0.0, "DIC_09": 0.0, "DIC_10": 0.0, "DIC_11": 0.0, "DIC_12": 0.0, "FIC_01": 0.0, "FIC_02": 0.0, "FIC_03": 0.0, "FIC_04": 0.0, "FIC_05": 0.0, "FIC_06": 0.0, "FIC_07": 2.0, "FIC_08": 0.0, "FIC_09": 0.0, "FIC_10": 0.0, "FIC_11": 0.0, "FIC_12": 0.0, "SEMRED": 0, "DESCR": " ", "COD_ID": "32a12e52430b08a1e4630ef0ff23dbbefbcd31b2159eef6bd736bee9c5c33b30", "__layer": "UCBT_tab", "lon": null, "lat": null }, "geometry": null },
{ "type": "Feature", "properties": { "DIST": 390, "PAC": "33083328739348867L", "RAMAL": "12307012S1", "PN_CON": "10971520", "UNI_TR_MT": "14374917", "CTMT": "AUG0202", "UNI_TR_AT": "DAUG-EQ-TR2", "SUB": "DAUG", "CONJ": 16596, "MUN": "3550308", "CEG_GD": " ", "BRR": "AV PAULISTA 1776 BELA VISTA", "CEP": "01310-200", "CLAS_SUB": "CO1", "CNAE": "5611-2/03", "TIP_CC": "COM-Tipo05", "FAS_CON": "ABCN", "GRU_TEN": "BT", "TEN_FORN": "10", "GRU_TAR": "B3", "SIT_ATIV": "DS", "DAT_CON": "01/06/1977", "CAR_INST": 68.0, "LIV": 0, "ARE_LOC": "UB", "TIP_SIST": "RD_INTERLIG", "ENE_01": 1837.0, "ENE_02": 1665.0, "ENE_03": 2437.213, "ENE_04": 1845.0, "ENE_05": 2047.0, "ENE_06": 1452.0, "ENE_07": 1096.2, "ENE_08": 1059.57, "ENE_09": 1669.0, "ENE_10": 1861.0, "ENE_11": 880.87, "ENE_12": 1673.49, "DIC_01": 0.0, "DIC_02": 0.0, "DIC_03": 0.0, "DIC_04": 0.0, "DIC_05": 0.0, "DIC_06": 0.0, "DIC_07": 0.29, "DIC_08": 0.0, "DIC_09": 0.0, "DIC_10": 0.0, "DIC_11": 0.0, "DIC_12": 0.0, "FIC_01": 0.0, "FIC_02": 0.0, "FIC_03": 0.0, "FIC_04": 0.0, "FIC_05": 0.0, "FIC_06": 0.0, "FIC_07": 2.0, "FIC_08": 0.0, "FIC_09": 0.0, "FIC_10": 0.0, "FIC_11": 0.0, "FIC_12": 0.0, "SEMRED": 0, "DESCR": " ", "COD_ID": "e302481630e1314d5f4b9f7a7bf6b3e3285730346450ba1c4d4023ed4abeb40d", "__layer": "UCBT_tab", "lon": null, "lat": null }, "geometry": null },
{ "type": "Feature", "properties": { "DIST": 390, "PAC": "33083328739348867L", "RAMAL": "12307012S1", "PN_CON": "10971520", "UNI_TR_MT": "14374917", "CTMT": "AUG0202", "UNI_TR_AT": "DAUG-EQ-TR2", "SUB": "DAUG", "CONJ": 16596, "MUN": "3550308", "CEG_GD": " ", "BRR": "AV PAULISTA 1776 BELA VISTA", "CEP": "01310-200", "CLAS_SUB": "CO1", "CNAE": "4755-5/02", "TIP_CC": "COM-Tipo04", "FAS_CON": "ABCN", "GRU_TEN": "BT", "TEN_FORN": "10", "GRU_TAR": "B3", "SIT_ATIV": "DS", "DAT_CON": "01/03/1976", "CAR_INST": 68.0, "LIV": 0, "ARE_LOC": "UB", "TIP_SIST": "RD_INTERLIG", "ENE_01": 5560.0, "ENE_02": 5480.0, "ENE_03": 7696.463, "ENE_04": 5320.0, "ENE_05": 6000.0, "ENE_06": 4760.0, "ENE_07": 3763.2, "ENE_08": 2854.8, "ENE_09": 4640.0, "ENE_10": 5440.0, "ENE_11": 2619.6, "ENE_12": 4972.67, "DIC_01": 0.0, "DIC_02": 0.0, "DIC_03": 0.0, "DIC_04": 0.0, "DIC_05": 0.0, "DIC_06": 0.0, "DIC_07": 0.29, "DIC_08": 0.0, "DIC_09": 0.0, "DIC_10": 0.0, "DIC_11": 0.0, "DIC_12": 0.0, "FIC_01": 0.0, "FIC_02": 0.0, "FIC_03": 0.0, "FIC_04": 0.0, "FIC_05": 0.0, "FIC_06": 0.0, "FIC_07": 2.0, "FIC_08": 0.0, "FIC_09": 0.0, "FIC_10": 0.0, "FIC_11": 0.0, "FIC_12": 0.0, "SEMRED": 0, "DESCR": " ", "COD_ID": "d5a125271d3e3517f69313b6412a9c8bfed333f4a13e9e2d7eed1378f0be8819", "__layer": "UCBT_tab", "lon": null, "lat": null }, "geometry": null },
{ "type": "Feature", "properties": { "DIST": 390, "PAC": "33083328739348867L", "RAMAL": "12307012S1", "PN_CON": "10971520", "UNI_TR_MT": "14374917", "CTMT": "AUG0202", "UNI_TR_AT": "DAUG-EQ-TR2", "SUB": "DAUG", "CONJ": 16596, "MUN": "3550308", "CEG_GD": " ", "BRR": "AV PAULISTA 1776 BELA VISTA", "CEP": "01310-200", "CLAS_SUB": "CO1", "CNAE": "6810-2/02", "TIP_CC": "COM-Tipo02", "FAS_CON": "ABCN", "GRU_TEN": "BT", "TEN_FORN": "10", "GRU_TAR": "B3", "SIT_ATIV": "DS", "DAT_CON": "01/04/1974", "CAR_INST": 8.5, "LIV": 0, "ARE_LOC": "UB", "TIP_SIST": "RD_INTERLIG", "ENE_01": 100.0, "ENE_02": 100.0, "ENE_03": 108.707, "ENE_04": 100.0, "ENE_05": 100.0, "ENE_06": 100.0, "ENE_07": 84.0, "ENE_08": 61.0, "ENE_09": 100.0, "ENE_10": 100.0, "ENE_11": 59.0, "ENE_12": 95.62, "DIC_01": 0.0, "DIC_02": 0.0, "DIC_03": 0.0, "DIC_04": 0.0, "DIC_05": 0.0, "DIC_06": 0.0, "DIC_07": 0.29, "DIC_08": 0.0, "DIC_09": 0.0, "DIC_10": 0.0, "DIC_11": 0.0, "DIC_12": 0.0, "FIC_01": 0.0, "FIC_02": 0.0, "FIC_03": 0.0, "FIC_04": 0.0, "FIC_05": 0.0, "FIC_06": 0.0, "FIC_07": 2.0, "FIC_08": 0.0, "FIC_09": 0.0, "FIC_10": 0.0, "FIC_11": 0.0, "FIC_12": 0.0, "SEMRED": 0, "DESCR": " ", "COD_ID": "01af093ad35c43d6a480ece6b9a4f2ea7f7defb3ad41556ec41165192c91308c", "__layer": "UCBT_tab", "lon": null, "lat": null }, "geometry": null },
{ "type": "Feature", "properties": { "DIST": 390, "PAC": "33083328739348867L", "RAMAL": "12307012S1", "PN_CON": "10971520", "UNI_TR_MT": "14374917", "CTMT": "AUG0202", "UNI_TR_AT": "DAUG-EQ-TR2", "SUB": "DAUG", "CONJ": 16596, "MUN": "3550308", "CEG_GD": " ", "BRR": "AV PAULISTA 1776 BELA VISTA", "CEP": "01310-200", "CLAS_SUB": "CO1", "CNAE": "6810-2/02", "TIP_CC": "COM-Tipo05", "FAS_CON": "ABCN", "GRU_TEN": "BT", "TEN_FORN": "10", "GRU_TAR": "B3", "SIT_ATIV": "DS", "DAT_CON": "01/06/1977", "CAR_INST": 70.8, "LIV": 0, "ARE_LOC": "UB", "TIP_SIST": "RD_INTERLIG", "ENE_01": 3120.0, "ENE_02": 3040.0, "ENE_03": 4609.181, "ENE_04": 3120.0, "ENE_05": 3760.0, "ENE_06": 2560.0, "ENE_07": 2150.4, "ENE_08": 1805.6, "ENE_09": 3040.0, "ENE_10": 2880.0, "ENE_11": 1368.8, "ENE_12": 3060.1, "DIC_01": 0.0, "DIC_02": 0.0, "DIC_03": 0.0, "DIC_04": 0.0, "DIC_05": 0.0, "DIC_06": 0.0, "DIC_07": 0.29, "DIC_08": 0.0, "DIC_09": 0.0, "DIC_10": 0.0, "DIC_11": 0.0, "DIC_12": 0.0, "FIC_01": 0.0, "FIC_02": 0.0, "FIC_03": 0.0, "FIC_04": 0.0, "FIC_05": 0.0, "FIC_06": 0.0, "FIC_07": 2.0, "FIC_08": 0.0, "FIC_09": 0.0, "FIC_10": 0.0, "FIC_11": 0.0, "FIC_12": 0.0, "SEMRED": 0, "DESCR": " ", "COD_ID": "77dc25b7dc5df63392d0bd7b8307adc4b3c6386043dbbf6feaa31b6e034e2e84", "__layer": "UCBT_tab", "lon": null, "lat": null }, "geometry": null },
{ "type": "Feature", "properties": { "DIST": 390, "PAC": "33083328739348867L", "RAMAL": "12307012S1", "PN_CON": "10971520", "UNI_TR_MT": "14374917", "CTMT": "AUG0202", "UNI_TR_AT": "DAUG-EQ-TR2", "SUB": "DAUG", "CONJ": 16596, "MUN": "3550308", "CEG_GD": " ", "BRR": "AV PAULISTA 1776 BELA VISTA", "CEP": "01310-200", "CLAS_SUB": "CO3", "CNAE": "6110-8/01", "TIP_CC": "COM-Tipo04", "FAS_CON": "ABCN", "GRU_TEN": "BT", "TEN_FORN": "10", "GRU_TAR": "B3", "SIT_ATIV": "DS", "DAT_CON": "01/08/1976", "CAR_INST": 24.0, "LIV": 0, "ARE_LOC": "UB", "TIP_SIST": "RD_INTERLIG", "ENE_01": 5158.0, "ENE_02": 5496.0, "ENE_03": 6048.463, "ENE_04": 5212.0, "ENE_05": 5762.0, "ENE_06": 5290.0, "ENE_07": 4429.32, "ENE_08": 3346.46, "ENE_09": 5396.0, "ENE_10": 5850.0, "ENE_11": 2950.59, "ENE_12": 4945.9, "DIC_01": 0.0, "DIC_02": 0.0, "DIC_03": 0.0, "DIC_04": 0.0, "DIC_05": 0.0, "DIC_06": 0.0, "DIC_07": 0.29, "DIC_08": 0.0, "DIC_09": 0.0, "DIC_10": 0.0, "DIC_11": 0.0, "DIC_12": 0.0, "FIC_01": 0.0, "FIC_02": 0.0, "FIC_03": 0.0, "FIC_04": 0.0, "FIC_05": 0.0, "FIC_06": 0.0, "FIC_07": 2.0, "FIC_08": 0.0, "FIC_09": 0.0, "FIC_10": 0.0, "FIC_11": 0.0, "FIC_12": 0.0, "SEMRED": 0, "DESCR": " ", "COD_ID": "76c366d2fba65eccbc593787b246b5273e867105cd6e2312ec3f30366cd135ee", "__layer": "UCBT_tab", "lon": null, "lat": null }, "geometry": null },
{ "type": "Feature", "properties": { "DIST": 390, "PAC": "33073873739357834L", "RAMAL": "12298004S1", "PN_CON": "10971365", "UNI_TR_MT": "14374600", "CTMT": "AUG0201", "UNI_TR_AT": "DAUG-EQ-TR2", "SUB": "DAUG", "CONJ": 16596, "MUN": "3550308", "CEG_GD": " ", "BRR": "AV PAULISTA 1912 BELA VISTA", "CEP": "01310-200", "CLAS_SUB": "CO1", "CNAE": "6810-2/02", "TIP_CC": "COM-Tipo02", "FAS_CON": "ABCN", "GRU_TEN": "BT", "TEN_FORN": "10", "GRU_TAR": "B3", "SIT_ATIV": "DS", "DAT_CON": "01/11/1983", "CAR_INST": 22.4, "LIV": 0, "ARE_LOC": "UB", "TIP_SIST": "RD_INTERLIG", "ENE_01": 0.0, "ENE_02": 1600.0, "ENE_03": 532.665, "ENE_04": 180.0, "ENE_05": 100.0, "ENE_06": 130.0, "ENE_07": 109.2, "ENE_08": 61.0, "ENE_09": 20.0, "ENE_10": 450.0, "ENE_11": 277.3, "ENE_12": 468.57, "DIC_01": 0.0, "DIC_02": 0.0, "DIC_03": 0.0, "DIC_04": 0.0, "DIC_05": 0.0, "DIC_06": 0.0, "DIC_07": 0.31, "DIC_08": 0.0, "DIC_09": 0.0, "DIC_10": 0.0, "DIC_11": 0.0, "DIC_12": 0.0, "FIC_01": 0.0, "FIC_02": 0.0, "FIC_03": 0.0, "FIC_04": 0.0, "FIC_05": 0.0, "FIC_06": 0.0, "FIC_07": 2.0, "FIC_08": 0.0, "FIC_09": 0.0, "FIC_10": 0.0, "FIC_11": 0.0, "FIC_12": 0.0, "SEMRED": 0, "DESCR": " ", "COD_ID": "af2b4d43ea82accb49f47bfb033f7f94696e885fcb9a3ee454e2bc600c768f97", "__layer": "UCBT_tab", "lon": null, "lat": null }, "geometry": null },
{ "type": "Feature", "properties": { "DIST": 390, "PAC": "33073873739357834L", "RAMAL": "12298004S1", "PN_CON": "10971365", "UNI_TR_MT": "14374600", "CTMT": "AUG0201", "UNI_TR_AT": "DAUG-EQ-TR2", "SUB": "DAUG", "CONJ": 16596, "MUN": "3550308", "CEG_GD": " ", "BRR": "AV PAULISTA 1912 BELA VISTA", "CEP": "01310-200", "CLAS_SUB": "CO9", "CNAE": "8711-5/05", "TIP_CC": "COM-Tipo01", "FAS_CON": "ABCN", "GRU_TEN": "BT", "TEN_FORN": "10", "GRU_TAR": "B3", "SIT_ATIV": "DS", "DAT_CON": "01/01/1977", "CAR_INST": 739.4, "LIV": 0, "ARE_LOC": "UB", "TIP_SIST": "RD_INTERLIG", "ENE_01": 44400.0, "ENE_02": 40000.0, "ENE_03": 57832.176, "ENE_04": 33200.0, "ENE_05": 42400.0, "ENE_06": 29200.0, "ENE_07": 21504.0, "ENE_08": 20252.0, "ENE_09": 38400.0, "ENE_10": 44400.0, "ENE_11": 22184.0, "ENE_12": 50109.28, "DIC_01": 0.0, "DIC_02": 0.0, "DIC_03": 0.0, "DIC_04": 0.0, "DIC_05": 0.0, "DIC_06": 0.0, "DIC_07": 0.31, "DIC_08": 0.0, "DIC_09": 0.0, "DIC_10": 0.0, "DIC_11": 0.0, "DIC_12": 0.0, "FIC_01": 0.0, "FIC_02": 0.0, "FIC_03": 0.0, "FIC_04": 0.0, "FIC_05": 0.0, "FIC_06": 0.0, "FIC_07": 2.0, "FIC_08": 0.0, "FIC_09": 0.0, "FIC_10": 0.0, "FIC_11": 0.0, "FIC_12": 0.0, "SEMRED": 0, "DESCR": " ", "COD_ID": "9d80758923b1c64b09c337bf77dfb9962e05a2dd6bf4b26c9adaf66a33a3c77a", "__layer": "UCBT_tab", "lon": null, "lat": null }, "geometry": null },
{ "type": "Feature", "properties": { "DIST": 390, "PAC": "33073873739357834L", "RAMAL": "12298004S1", "PN_CON": "10971365", "UNI_TR_MT": "14374600", "CTMT": "AUG0201", "UNI_TR_AT": "DAUG-EQ-TR2", "SUB": "DAUG", "CONJ": 16596, "MUN": "3550308", "CEG_GD": " ", "BRR": "AV PAULISTA 1912 BELA VISTA", "CEP": "01310-200", "CLAS_SUB": "CO1", "CNAE": "6810-2/02", "TIP_CC": "COM-Tipo02", "FAS_CON": "ABCN", "GRU_TEN": "BT", "TEN_FORN": "10", "GRU_TAR": "B3", "SIT_ATIV": "DS", "DAT_CON": "01/03/1981", "CAR_INST": 22.4, "LIV": 0, "ARE_LOC": "UB", "TIP_SIST": "RD_INTERLIG", "ENE_01": 100.0, "ENE_02": 100.0, "ENE_03": 108.707, "ENE_04": 180.0, "ENE_05": 610.0, "ENE_06": 610.0, "ENE_07": 58.8, "ENE_08": 48.8, "ENE_09": 100.0, "ENE_10": 200.0, "ENE_11": 177.0, "ENE_12": 47.81, "DIC_01": 0.0, "DIC_02": 0.0, "DIC_03": 0.0, "DIC_04": 0.0, "DIC_05": 0.0, "DIC_06": 0.0, "DIC_07": 0.31, "DIC_08": 0.0, "DIC_09": 0.0, "DIC_10": 0.0, "DIC_11": 0.0, "DIC_12": 0.0, "FIC_01": 0.0, "FIC_02": 0.0, "FIC_03": 0.0, "FIC_04": 0.0, "FIC_05": 0.0, "FIC_06": 0.0, "FIC_07": 2.0, "FIC_08": 0.0, "FIC_09": 0.0, "FIC_10": 0.0, "FIC_11": 0.0, "FIC_12": 0.0, "SEMRED": 0, "DESCR": " ", "COD_ID": "ca8a3859cf4e3f147519ee617ee066e43ad8e023ac634cbf8ea3f863b4d98e9e", "__layer": "UCBT_tab", "lon": null, "lat": null }, "geometry": null },
{ "type": "Feature", "properties": { "DIST": 390, "PAC": "33073873739357834L", "RAMAL": "12298004S1", "PN_CON": "10971365", "UNI_TR_MT": "14374600", "CTMT": "AUG0201", "UNI_TR_AT": "DAUG-EQ-TR2", "SUB": "DAUG", "CONJ": 16596, "MUN": "3550308", "CEG_GD": " ", "BRR": "AV PAULISTA 1912 BELA VISTA", "CEP": "01310-200", "CLAS_SUB": "PP1", "CNAE": "6423-9/00", "TIP_CC": "SP-Tipo06", "FAS_CON": "ABCN", "GRU_TEN": "BT", "TEN_FORN": "10", "GRU_TAR": "B3", "SIT_ATIV": "DS", "DAT_CON": "01/12/1988", "CAR_INST": 23.1, "LIV": 0, "ARE_LOC": "UB", "TIP_SIST": "RD_INTERLIG", "ENE_01": 61.0, "ENE_02": 30.0, "ENE_03": 12.8, "ENE_04": 104.324, "ENE_05": 287.0, "ENE_06": 266.6, "ENE_07": 395.8, "ENE_08": 35.8, "ENE_09": 100.0, "ENE_10": 4.8, "ENE_11": 100.0, "ENE_12": 3.0, "DIC_01": 0.0, "DIC_02": 0.0, "DIC_03": 0.0, "DIC_04": 0.0, "DIC_05": 0.0, "DIC_06": 0.0, "DIC_07": 0.31, "DIC_08": 0.0, "DIC_09": 0.0, "DIC_10": 0.0, "DIC_11": 0.0, "DIC_12": 0.0, "FIC_01": 0.0, "FIC_02": 0.0, "FIC_03": 0.0, "FIC_04": 0.0, "FIC_05": 0.0, "FIC_06": 0.0, "FIC_07": 2.0, "FIC_08": 0.0, "FIC_09": 0.0, "FIC_10": 0.0, "FIC_11": 0.0, "FIC_12": 0.0, "SEMRED": 0, "DESCR": " ", "COD_ID": "be49bbd204a227a5f2b6f0960e9eeb9833ce780329229933ee8452302c764be7", "__layer": "UCBT_tab", "lon": null, "lat": null }, "geometry": null },
{ "type": "Feature", "properties": { "DIST": 390, "PAC": "33073873739357834L", "RAMAL": "12298004S1", "PN_CON": "10971365", "UNI_TR_MT": "14374600", "CTMT": "AUG0201", "UNI_TR_AT": "DAUG-EQ-TR2", "SUB": "DAUG", "CONJ": 16596, "MUN": "3550308", "CEG_GD": " ", "BRR": "AV PAULISTA 1912 BELA VISTA", "CEP": "01310-200", "CLAS_SUB": "CO1", "CNAE": "6810-2/02", "TIP_CC": "COM-Tipo03", "FAS_CON": "ABCN", "GRU_TEN": "BT", "TEN_FORN": "10", "GRU_TAR": "B3", "SIT_ATIV": "DS", "DAT_CON": "01/11/1977", "CAR_INST": 23.1, "LIV": 0, "ARE_LOC": "UB", "TIP_SIST": "RD_INTERLIG", "ENE_01": 620.0, "ENE_02": 640.0, "ENE_03": 837.045, "ENE_04": 700.0, "ENE_05": 730.0, "ENE_06": 410.0, "ENE_07": 235.2, "ENE_08": 85.4, "ENE_09": 880.0, "ENE_10": 1110.0, "ENE_11": 560.5, "ENE_12": 1004.09, "DIC_01": 0.0, "DIC_02": 0.0, "DIC_03": 0.0, "DIC_04": 0.0, "DIC_05": 0.0, "DIC_06": 0.0, "DIC_07": 0.31, "DIC_08": 0.0, "DIC_09": 0.0, "DIC_10": 0.0, "DIC_11": 0.0, "DIC_12": 0.0, "FIC_01": 0.0, "FIC_02": 0.0, "FIC_03": 0.0, "FIC_04": 0.0, "FIC_05": 0.0, "FIC_06": 0.0, "FIC_07": 2.0, "FIC_08": 0.0, "FIC_09": 0.0, "FIC_10": 0.0, "FIC_11": 0.0, "FIC_12": 0.0, "SEMRED": 0, "DESCR": " ", "COD_ID": "85aebafb955126f77f1d3d6ca3e052ffcf6ed21194ca4c7bef5b7b29ecf888e0", "__layer": "UCBT_tab", "lon": null, "lat": null }, "geometry": null },
{ "type": "Feature", "properties": { "DIST": 390, "PAC": "33073873739357834L", "RAMAL": "12298004S1", "PN_CON": "10971365", "UNI_TR_MT": "14374600", "CTMT": "AUG0201", "UNI_TR_AT": "DAUG-EQ-TR2", "SUB": "DAUG", "CONJ": 16596, "MUN": "3550308", "CEG_GD": " ", "BRR": "AV PAULISTA 1912 BELA VISTA", "CEP": "01310-200", "CLAS_SUB": "CO1", "CNAE": "6810-2/02", "TIP_CC": "COM-Tipo02", "FAS_CON": "ABCN", "GRU_TEN": "BT", "TEN_FORN": "10", "GRU_TAR": "B3", "SIT_ATIV": "DS", "DAT_CON": "01/11/1983", "CAR_INST": 22.4, "LIV": 0, "ARE_LOC": "UB", "TIP_SIST": "RD_INTERLIG", "ENE_01": 100.0, "ENE_02": 100.0, "ENE_03": 10.871, "ENE_04": 120.0, "ENE_05": 100.0, "ENE_06": 1340.0, "ENE_07": 932.4, "ENE_08": 591.7, "ENE_09": 780.0, "ENE_10": 1120.0, "ENE_11": 554.6, "ENE_12": 946.72, "DIC_01": 0.0, "DIC_02": 0.0, "DIC_03": 0.0, "DIC_04": 0.0, "DIC_05": 0.0, "DIC_06": 0.0, "DIC_07": 0.31, "DIC_08": 0.0, "DIC_09": 0.0, "DIC_10": 0.0, "DIC_11": 0.0, "DIC_12": 0.0, "FIC_01": 0.0, "FIC_02": 0.0, "FIC_03": 0.0, "FIC_04": 0.0, "FIC_05": 0.0, "FIC_06": 0.0, "FIC_07": 2.0, "FIC_08": 0.0, "FIC_09": 0.0, "FIC_10": 0.0, "FIC_11": 0.0, "FIC_12": 0.0, "SEMRED": 0, "DESCR": " ", "COD_ID": "802efa8d3f873a480e5eeaf434e5df461342a3e23a670465bc7f98780cd45a56", "__layer": "UCBT_tab", "lon": null, "lat": null }, "geometry": null },
{ "type": "Feature", "properties": { "DIST": 390, "PAC": "33073873739357834L", "RAMAL": "12298004S1", "PN_CON": "10971365", "UNI_TR_MT": "14374600", "CTMT": "AUG0201", "UNI_TR_AT": "DAUG-EQ-TR2", "SUB": "DAUG", "CONJ": 16596, "MUN": "3550308", "CEG_GD": " ", "BRR": "AV PAULISTA 1912 BELA VISTA", "CEP": "01310-200", "CLAS_SUB": "CO1", "CNAE": "6810-2/02", "TIP_CC": "COM-Tipo01", "FAS_CON": "ABC", "GRU_TEN": "BT", "TEN_FORN": "10", "GRU_TAR": "B3", "SIT_ATIV": "DS", "DAT_CON": "01/09/1981", "CAR_INST": 2.0, "LIV": 0, "ARE_LOC": "UB", "TIP_SIST": "RD_INTERLIG", "ENE_01": 0.0, "ENE_02": 0.0, "ENE_03": 0.0, "ENE_04": 0.0, "ENE_05": 0.0, "ENE_06": 0.0, "ENE_07": 0.84, "ENE_08": 30.5, "ENE_09": 50.0, "ENE_10": 87.0, "ENE_11": 269.63, "ENE_12": 1172.4, "DIC_01": 0.0, "DIC_02": 0.0, "DIC_03": 0.0, "DIC_04": 0.0, "DIC_05": 0.0, "DIC_06": 0.0, "DIC_07": 0.31, "DIC_08": 0.0, "DIC_09": 0.0, "DIC_10": 0.0, "DIC_11": 0.0, "DIC_12": 0.0, "FIC_01": 0.0, "FIC_02": 0.0, "FIC_03": 0.0, "FIC_04": 0.0, "FIC_05": 0.0, "FIC_06": 0.0, "FIC_07": 2.0, "FIC_08": 0.0, "FIC_09": 0.0, "FIC_10": 0.0, "FIC_11": 0.0, "FIC_12": 0.0, "SEMRED": 0, "DESCR": " ", "COD_ID": "758deeae858417346543f41df6a97e5bdcf0d0fbb02af14bf250e3760cc8fce2", "__layer": "UCBT_tab", "lon": null, "lat": null }, "geometry": null },
{ "type": "Feature", "properties": { "DIST": 390, "PAC": "33073873739357834L", "RAMAL": "12298004S1", "PN_CON": "10971365", "UNI_TR_MT": "14374600", "CTMT": "AUG0201", "UNI_TR_AT": "DAUG-EQ-TR2", "SUB": "DAUG", "CONJ": 16596, "MUN": "3550308", "CEG_GD": " ", "BRR": "AV PAULISTA 1912 BELA VISTA", "CEP": "01310-200", "CLAS_SUB": "CO6", "CNAE": "6911-7/01", "TIP_CC": "COM-Tipo02", "FAS_CON": "ABCN", "GRU_TEN": "BT", "TEN_FORN": "10", "GRU_TAR": "B3", "SIT_ATIV": "DS", "DAT_CON": "01/11/1977", "CAR_INST": 23.1, "LIV": 0, "ARE_LOC": "UB", "TIP_SIST": "RD_INTERLIG", "ENE_01": 490.0, "ENE_02": 510.0, "ENE_03": 587.018, "ENE_04": 440.0, "ENE_05": 470.0, "ENE_06": 370.0, "ENE_07": 302.4, "ENE_08": 244.0, "ENE_09": 400.0, "ENE_10": 480.0, "ENE_11": 212.4, "ENE_12": 363.38, "DIC_01": 0.0, "DIC_02": 0.0, "DIC_03": 0.0, "DIC_04": 0.0, "DIC_05": 0.0, "DIC_06": 0.0, "DIC_07": 0.31, "DIC_08": 0.0, "DIC_09": 0.0, "DIC_10": 0.0, "DIC_11": 0.0, "DIC_12": 0.0, "FIC_01": 0.0, "FIC_02": 0.0, "FIC_03": 0.0, "FIC_04": 0.0, "FIC_05": 0.0, "FIC_06": 0.0, "FIC_07": 2.0, "FIC_08": 0.0, "FIC_09": 0.0, "FIC_10": 0.0, "FIC_11": 0.0, "FIC_12": 0.0, "SEMRED": 0, "DESCR": " ", "COD_ID": "8b053f85590f8098263c37853a8fac72d053bdad3803969f752480b641c37f8b", "__layer": "UCBT_tab", "lon": null, "lat": null }, "geometry": null },
{ "type": "Feature", "properties": { "DIST": 390, "PAC": "33073873739357834L", "RAMAL": "12298004S1", "PN_CON": "10971365", "UNI_TR_MT": "14374600", "CTMT": "AUG0201", "UNI_TR_AT": "DAUG-EQ-TR2", "SUB": "DAUG", "CONJ": 16596, "MUN": "3550308", "CEG_GD": " ", "BRR": "AV PAULISTA 1912 BELA VISTA", "CEP": "01310-200", "CLAS_SUB": "CO1", "CNAE": "6810-2/02", "TIP_CC": "COM-Tipo02", "FAS_CON": "ABCN", "GRU_TEN": "BT", "TEN_FORN": "10", "GRU_TAR": "B3", "SIT_ATIV": "DS", "DAT_CON": "01/06/1979", "CAR_INST": 23.1, "LIV": 0, "ARE_LOC": "UB", "TIP_SIST": "RD_INTERLIG", "ENE_01": 0.0, "ENE_02": 1997.0, "ENE_03": 921.836, "ENE_04": 817.6, "ENE_05": 821.0, "ENE_06": 825.6, "ENE_07": 577.58, "ENE_08": 453.47, "ENE_09": 735.2, "ENE_10": 896.0, "ENE_11": 478.49, "ENE_12": 736.91, "DIC_01": 0.0, "DIC_02": 0.0, "DIC_03": 0.0, "DIC_04": 0.0, "DIC_05": 0.0, "DIC_06": 0.0, "DIC_07": 0.31, "DIC_08": 0.0, "DIC_09": 0.0, "DIC_10": 0.0, "DIC_11": 0.0, "DIC_12": 0.0, "FIC_01": 0.0, "FIC_02": 0.0, "FIC_03": 0.0, "FIC_04": 0.0, "FIC_05": 0.0, "FIC_06": 0.0, "FIC_07": 2.0, "FIC_08": 0.0, "FIC_09": 0.0, "FIC_10": 0.0, "FIC_11": 0.0, "FIC_12": 0.0, "SEMRED": 0, "DESCR": " ", "COD_ID": "2d2600a27b45f0947baf40c8598e0b235246075659ee9b7b9e9c767702c965e8", "__layer": "UCBT_tab", "lon": null, "lat": null }, "geometry": null },
{ "type": "Feature", "properties": { "DIST": 390, "PAC": "33073873739357834L", "RAMAL": "12298004S1", "PN_CON": "10971365", "UNI_TR_MT": "14374600", "CTMT": "AUG0201", "UNI_TR_AT": "DAUG-EQ-TR2", "SUB": "DAUG", "CONJ": 16596, "MUN": "3550308", "CEG_GD": " ", "BRR": "AV PAULISTA 1912 BELA VISTA", "CEP": "01310-200", "CLAS_SUB": "CO1", "CNAE": "6810-2/02", "TIP_CC": "COM-Tipo02", "FAS_CON": "ABCN", "GRU_TEN": "BT", "TEN_FORN": "10", "GRU_TAR": "B3", "SIT_ATIV": "DS", "DAT_CON": "01/03/1981", "CAR_INST": 22.4, "LIV": 0, "ARE_LOC": "UB", "TIP_SIST": "RD_INTERLIG", "ENE_01": 100.0, "ENE_02": 140.0, "ENE_03": 108.707, "ENE_04": 100.0, "ENE_05": 100.0, "ENE_06": 130.0, "ENE_07": 2058.0, "ENE_08": 646.6, "ENE_09": 1220.0, "ENE_10": 1240.0, "ENE_11": 631.3, "ENE_12": 1080.6, "DIC_01": 0.0, "DIC_02": 0.0, "DIC_03": 0.0, "DIC_04": 0.0, "DIC_05": 0.0, "DIC_06": 0.0, "DIC_07": 0.31, "DIC_08": 0.0, "DIC_09": 0.0, "DIC_10": 0.0, "DIC_11": 0.0, "DIC_12": 0.0, "FIC_01": 0.0, "FIC_02": 0.0, "FIC_03": 0.0, "FIC_04": 0.0, "FIC_05": 0.0, "FIC_06": 0.0, "FIC_07": 2.0, "FIC_08": 0.0, "FIC_09": 0.0, "FIC_10": 0.0, "FIC_11": 0.0, "FIC_12": 0.0, "SEMRED": 0, "DESCR": " ", "COD_ID": "cc620a7ebe84680ebb434cc3665b7a6b251785b1e633f576074bd1d657137ccd", "__layer": "UCBT_tab", "lon": null, "lat": null }, "geometry": null },
{ "type": "Feature", "properties": { "DIST": 390, "PAC": "33073873739357834L", "RAMAL": "12298004S1", "PN_CON": "10971365", "UNI_TR_MT": "14374600", "CTMT": "AUG0201", "UNI_TR_AT": "DAUG-EQ-TR2", "SUB": "DAUG", "CONJ": 16596, "MUN": "3550308", "CEG_GD": " ", "BRR": "AV PAULISTA 1912 BELA VISTA", "CEP": "01310-200", "CLAS_SUB": "CO1", "CNAE": "6810-2/02", "TIP_CC": "COM-Tipo02", "FAS_CON": "ABCN", "GRU_TEN": "BT", "TEN_FORN": "10", "GRU_TAR": "B3", "SIT_ATIV": "DS", "DAT_CON": "01/06/1985", "CAR_INST": 22.4, "LIV": 0, "ARE_LOC": "UB", "TIP_SIST": "RD_INTERLIG", "ENE_01": 580.0, "ENE_02": 590.0, "ENE_03": 510.923, "ENE_04": 170.0, "ENE_05": 240.0, "ENE_06": 10.0, "ENE_07": 25.2, "ENE_08": 158.6, "ENE_09": 110.0, "ENE_10": 70.0, "ENE_11": 112.1, "ENE_12": 678.96, "DIC_01": 0.0, "DIC_02": 0.0, "DIC_03": 0.0, "DIC_04": 0.0, "DIC_05": 0.0, "DIC_06": 0.0, "DIC_07": 0.31, "DIC_08": 0.0, "DIC_09": 0.0, "DIC_10": 0.0, "DIC_11": 0.0, "DIC_12": 0.0, "FIC_01": 0.0, "FIC_02": 0.0, "FIC_03": 0.0, "FIC_04": 0.0, "FIC_05": 0.0, "FIC_06": 0.0, "FIC_07": 2.0, "FIC_08": 0.0, "FIC_09": 0.0, "FIC_10": 0.0, "FIC_11": 0.0, "FIC_12": 0.0, "SEMRED": 0, "DESCR": " ", "COD_ID": "eed659d050175f21bcc77ae3264d34b518cc1a93b91da056b7acd36878b68d30", "__layer": "UCBT_tab", "lon": null, "lat": null }, "geometry": null },
{ "type": "Feature", "properties": { "DIST": 390, "PAC": "33073873739357834L", "RAMAL": "12298004S1", "PN_CON": "10971365", "UNI_TR_MT": "14374600", "CTMT": "AUG0201", "UNI_TR_AT": "DAUG-EQ-TR2", "SUB": "DAUG", "CONJ": 16596, "MUN": "3550308", "CEG_GD": " ", "BRR": "AV PAULISTA 1912 BELA VISTA", "CEP": "01310-200", "CLAS_SUB": "CO1", "CNAE": "6810-2/02", "TIP_CC": "COM-Tipo02", "FAS_CON": "ABCN", "GRU_TEN": "BT", "TEN_FORN": "10", "GRU_TAR": "B3", "SIT_ATIV": "DS", "DAT_CON": "01/07/1989", "CAR_INST": 23.1, "LIV": 0, "ARE_LOC": "UB", "TIP_SIST": "RD_INTERLIG", "ENE_01": 460.0, "ENE_02": 399.0, "ENE_03": 108.707, "ENE_04": 49.0, "ENE_05": 241.0, "ENE_06": 1010.0, "ENE_07": 883.68, "ENE_08": 477.63, "ENE_09": 963.0, "ENE_10": 1136.0, "ENE_11": 562.27, "ENE_12": 1121.72, "DIC_01": 0.0, "DIC_02": 0.0, "DIC_03": 0.0, "DIC_04": 0.0, "DIC_05": 0.0, "DIC_06": 0.0, "DIC_07": 0.31, "DIC_08": 0.0, "DIC_09": 0.0, "DIC_10": 0.0, "DIC_11": 0.0, "DIC_12": 0.0, "FIC_01": 0.0, "FIC_02": 0.0, "FIC_03": 0.0, "FIC_04": 0.0, "FIC_05": 0.0, "FIC_06": 0.0, "FIC_07": 2.0, "FIC_08": 0.0, "FIC_09": 0.0, "FIC_10": 0.0, "FIC_11": 0.0, "FIC_12": 0.0, "SEMRED": 0, "DESCR": " ", "COD_ID": "014334562b64f79959b9275105aec3fff79ffe905984c4cac176a248a20e6db6", "__layer": "UCBT_tab", "lon": null, "lat": null }, "geometry": null },
{ "type": "Feature", "properties": { "DIST": 390, "PAC": "33068458739354574L", "RAMAL": "12297789S1", "PN_CON": " ", "UNI_TR_MT": "14374109", "CTMT": "IBP0201", "UNI_TR_AT": "DIBP-EQ-TR1", "SUB": "DIBP", "CONJ": 16584, "MUN": "3550308", "CEG_GD": " ", "BRR": "AV PAULISTA 1948 BELA VISTA", "CEP": "01310-200", "CLAS_SUB": "RE1", "CNAE": " ", "TIP_CC": "RES-Tipo05", "FAS_CON": "CN", "GRU_TEN": "BT", "TEN_FORN": "10", "GRU_TAR": "B1", "SIT_ATIV": "AT", "DAT_CON": "01/08/1986", "CAR_INST": 4.4, "LIV": 0, "ARE_LOC": "UB", "TIP_SIST": "RD_INTERLIG", "ENE_01": 436.29, "ENE_02": 763.0, "ENE_03": 1038.0, "ENE_04": 790.0, "ENE_05": 926.0, "ENE_06": 636.0, "ENE_07": 598.0, "ENE_08": 728.0, "ENE_09": 769.0, "ENE_10": 819.0, "ENE_11": 673.0, "ENE_12": 734.01, "DIC_01": 0.0, "DIC_02": 0.0, "DIC_03": 0.0, "DIC_04": 0.0, "DIC_05": 0.0, "DIC_06": 0.0, "DIC_07": 0.0, "DIC_08": 0.0, "DIC_09": 0.0, "DIC_10": 0.0, "DIC_11": 0.0, "DIC_12": 0.0, "FIC_01": 0.0, "FIC_02": 0.0, "FIC_03": 0.0, "FIC_04": 0.0, "FIC_05": 0.0, "FIC_06": 0.0, "FIC_07": 0.0, "FIC_08": 0.0, "FIC_09": 0.0, "FIC_10": 0.0, "FIC_11": 0.0, "FIC_12": 0.0, "SEMRED": 0, "DESCR": " ", "COD_ID": "c71b924d41639f94c0028b4e675af1c61aed88fbf96fe32f87cfd76603dd763c", "__layer": "UCBT_tab", "lon": null, "lat": null }, "geometry": null },
{ "type": "Feature", "properties": { "DIST": 390, "PAC": "33071144739360737L", "RAMAL": "12297875S1", "PN_CON": "10971323", "UNI_TR_MT": "14374375", "CTMT": "AUG0201", "UNI_TR_AT": "DAUG-EQ-TR2", "SUB": "DAUG", "CONJ": 16596, "MUN": "3550308", "CEG_GD": " ", "BRR": "AV PAULISTA 2026 BELA VISTA", "CEP": "01310-200", "CLAS_SUB": "CO9", "CNAE": "6421-2/00", "TIP_CC": "COM-Tipo01", "FAS_CON": "ABCN", "GRU_TEN": "BT", "TEN_FORN": "10", "GRU_TAR": "B3", "SIT_ATIV": "DS", "DAT_CON": "01/10/1975", "CAR_INST": 238.3, "LIV": 0, "ARE_LOC": "UB", "TIP_SIST": "RD_INTERLIG", "ENE_01": 17008.0, "ENE_02": 20400.0, "ENE_03": 18276.71, "ENE_04": 16163.2, "ENE_05": 18681.6, "ENE_06": 14729.6, "ENE_07": 11303.04, "ENE_08": 9129.5, "ENE_09": 15638.4, "ENE_10": 18451.2, "ENE_11": 9249.31, "ENE_12": 17237.59, "DIC_01": 0.0, "DIC_02": 0.0, "DIC_03": 0.0, "DIC_04": 0.0, "DIC_05": 0.0, "DIC_06": 0.0, "DIC_07": 0.31, "DIC_08": 0.0, "DIC_09": 0.0, "DIC_10": 0.0, "DIC_11": 0.0, "DIC_12": 0.0, "FIC_01": 0.0, "FIC_02": 0.0, "FIC_03": 0.0, "FIC_04": 0.0, "FIC_05": 0.0, "FIC_06": 0.0, "FIC_07": 2.0, "FIC_08": 0.0, "FIC_09": 0.0, "FIC_10": 0.0, "FIC_11": 0.0, "FIC_12": 0.0, "SEMRED": 0, "DESCR": " ", "COD_ID": "2a31b153c2c4588cb895b43907eec3584810f81e88eb868b5f9aa05da40c0a6a", "__layer": "UCBT_tab", "lon": null, "lat": null }, "geometry": null },
{ "type": "Feature", "properties": { "DIST": 390, "PAC": "33071144739360737L", "RAMAL": "12297875S1", "PN_CON": "10971323", "UNI_TR_MT": "14374375", "CTMT": "AUG0201", "UNI_TR_AT": "DAUG-EQ-TR2", "SUB": "DAUG", "CONJ": 16596, "MUN": "3550308", "CEG_GD": " ", "BRR": "AV PAULISTA 2006 BELA VISTA", "CEP": "01310-200", "CLAS_SUB": "RE1", "CNAE": " ", "TIP_CC": "RES-Tipo05", "FAS_CON": "ABCN", "GRU_TEN": "BT", "TEN_FORN": "10", "GRU_TAR": "B1", "SIT_ATIV": "DS", "DAT_CON": "01/12/1972", "CAR_INST": 41.1, "LIV": 0, "ARE_LOC": "UB", "TIP_SIST": "RD_INTERLIG", "ENE_01": 2536.04, "ENE_02": 5979.6, "ENE_03": 6818.4, "ENE_04": 6679.2, "ENE_05": 7315.2, "ENE_06": 5406.0, "ENE_07": 5868.0, "ENE_08": 5257.2, "ENE_09": 5770.8, "ENE_10": 6228.0, "ENE_11": 4054.8, "ENE_12": 6565.36, "DIC_01": 0.0, "DIC_02": 0.0, "DIC_03": 0.0, "DIC_04": 0.0, "DIC_05": 0.0, "DIC_06": 0.0, "DIC_07": 0.31, "DIC_08": 0.0, "DIC_09": 0.0, "DIC_10": 0.0, "DIC_11": 0.0, "DIC_12": 0.0, "FIC_01": 0.0, "FIC_02": 0.0, "FIC_03": 0.0, "FIC_04": 0.0, "FIC_05": 0.0, "FIC_06": 0.0, "FIC_07": 2.0, "FIC_08": 0.0, "FIC_09": 0.0, "FIC_10": 0.0, "FIC_11": 0.0, "FIC_12": 0.0, "SEMRED": 0, "DESCR": " ", "COD_ID": "06e9223962ba298a8e9d7ae80b3d581b1cebec4ef9044e3d7b631e7089122cbc", "__layer": "UCBT_tab", "lon": null, "lat": null }, "geometry": null },
{ "type": "Feature", "properties": { "DIST": 390, "PAC": "33071144739360737L", "RAMAL": "12297875S1", "PN_CON": "10971323", "UNI_TR_MT": "14374375", "CTMT": "AUG0201", "UNI_TR_AT": "DAUG-EQ-TR2", "SUB": "DAUG", "CONJ": 16596, "MUN": "3550308", "CEG_GD": " ", "BRR": "AV PAULISTA 2006 BELA VISTA", "CEP": "01310-200", "CLAS_SUB": "CO1", "CNAE": "6550-2/00", "TIP_CC": "COM-Tipo05", "FAS_CON": "ABCN", "GRU_TEN": "BT", "TEN_FORN": "10", "GRU_TAR": "B3", "SIT_ATIV": "DS", "DAT_CON": "01/12/1989", "CAR_INST": 64.9, "LIV": 0, "ARE_LOC": "UB", "TIP_SIST": "RD_INTERLIG", "ENE_01": 3170.4, "ENE_02": 3175.2, "ENE_03": 4586.567, "ENE_04": 2791.2, "ENE_05": 3973.2, "ENE_06": 2463.6, "ENE_07": 1658.16, "ENE_08": 1425.94, "ENE_09": 2820.0, "ENE_10": 3414.0, "ENE_11": 1434.41, "ENE_12": 2939.99, "DIC_01": 0.0, "DIC_02": 0.0, "DIC_03": 0.0, "DIC_04": 0.0, "DIC_05": 0.0, "DIC_06": 0.0, "DIC_07": 0.31, "DIC_08": 0.0, "DIC_09": 0.0, "DIC_10": 0.0, "DIC_11": 0.0, "DIC_12": 0.0, "FIC_01": 0.0, "FIC_02": 0.0, "FIC_03": 0.0, "FIC_04": 0.0, "FIC_05": 0.0, "FIC_06": 0.0, "FIC_07": 2.0, "FIC_08": 0.0, "FIC_09": 0.0, "FIC_10": 0.0, "FIC_11": 0.0, "FIC_12": 0.0, "SEMRED": 0, "DESCR": " ", "COD_ID": "47d63f6d090a9c58f59443478cfb3cee0bedd4f7c3becb64867aacbf3c24ae68", "__layer": "UCBT_tab", "lon": null, "lat": null }, "geometry": null },
{ "type": "Feature", "properties": { "DIST": 390, "PAC": "33071144739360737L", "RAMAL": "12297875S1", "PN_CON": "10971323", "UNI_TR_MT": "14374375", "CTMT": "AUG0201", "UNI_TR_AT": "DAUG-EQ-TR2", "SUB": "DAUG", "CONJ": 16596, "MUN": "3550308", "CEG_GD": " ", "BRR": "AV PAULISTA 2006 BELA VISTA", "CEP": "01310-200", "CLAS_SUB": "CO1", "CNAE": "4649-4/99", "TIP_CC": "COM-Tipo04", "FAS_CON": "ABCN", "GRU_TEN": "BT", "TEN_FORN": "10", "GRU_TAR": "B3", "SIT_ATIV": "DS", "DAT_CON": "01/05/1984", "CAR_INST": 48.8, "LIV": 0, "ARE_LOC": "UB", "TIP_SIST": "RD_INTERLIG", "ENE_01": 5760.0, "ENE_02": 7120.0, "ENE_03": 9740.156, "ENE_04": 6560.0, "ENE_05": 7520.0, "ENE_06": 4480.0, "ENE_07": 3494.4, "ENE_08": 2976.8, "ENE_09": 5760.0, "ENE_10": 7280.0, "ENE_11": 2879.2, "ENE_12": 5431.69, "DIC_01": 0.0, "DIC_02": 0.0, "DIC_03": 0.0, "DIC_04": 0.0, "DIC_05": 0.0, "DIC_06": 0.0, "DIC_07": 0.31, "DIC_08": 0.0, "DIC_09": 0.0, "DIC_10": 0.0, "DIC_11": 0.0, "DIC_12": 0.0, "FIC_01": 0.0, "FIC_02": 0.0, "FIC_03": 0.0, "FIC_04": 0.0, "FIC_05": 0.0, "FIC_06": 0.0, "FIC_07": 2.0, "FIC_08": 0.0, "FIC_09": 0.0, "FIC_10": 0.0, "FIC_11": 0.0, "FIC_12": 0.0, "SEMRED": 0, "DESCR": " ", "COD_ID": "c59b70eb87592b156609f396006874b169e215bdd00b2f940c4c5cf60377931c", "__layer": "UCBT_tab", "lon": null, "lat": null }, "geometry": null },
{ "type": "Feature", "properties": { "DIST": 390, "PAC": "33071144739360737L", "RAMAL": "12297875S1", "PN_CON": "10971323", "UNI_TR_MT": "14374375", "CTMT": "AUG0201", "UNI_TR_AT": "DAUG-EQ-TR2", "SUB": "DAUG", "CONJ": 16596, "MUN": "3550308", "CEG_GD": " ", "BRR": "AV PAULISTA 2006 BELA VISTA", "CEP": "01310-200", "CLAS_SUB": "RE1", "CNAE": " ", "TIP_CC": "RES-Tipo01", "FAS_CON": "ABN", "GRU_TEN": "BT", "TEN_FORN": "10", "GRU_TAR": "B1", "SIT_ATIV": "DS", "DAT_CON": "01/08/1973", "CAR_INST": 0.7, "LIV": 0, "ARE_LOC": "UB", "TIP_SIST": "RD_INTERLIG", "ENE_01": 25.01, "ENE_02": 70.0, "ENE_03": 80.0, "ENE_04": 70.0, "ENE_05": 70.0, "ENE_06": 50.0, "ENE_07": 50.0, "ENE_08": 50.0, "ENE_09": 70.0, "ENE_10": 70.0, "ENE_11": 70.0, "ENE_12": 87.38, "DIC_01": 0.0, "DIC_02": 0.0, "DIC_03": 0.0, "DIC_04": 0.0, "DIC_05": 0.0, "DIC_06": 0.0, "DIC_07": 0.31, "DIC_08": 0.0, "DIC_09": 0.0, "DIC_10": 0.0, "DIC_11": 0.0, "DIC_12": 0.0, "FIC_01": 0.0, "FIC_02": 0.0, "FIC_03": 0.0, "FIC_04": 0.0, "FIC_05": 0.0, "FIC_06": 0.0, "FIC_07": 2.0, "FIC_08": 0.0, "FIC_09": 0.0, "FIC_10": 0.0, "FIC_11": 0.0, "FIC_12": 0.0, "SEMRED": 0, "DESCR": " ", "COD_ID": "a58b2e83c67236060ec645a71f1d3f1b53c70f6157a2dce8b9685f09dccc4e29", "__layer": "UCBT_tab", "lon": null, "lat": null }, "geometry": null },
{ "type": "Feature", "properties": { "DIST": 390, "PAC": "33071144739360737L", "RAMAL": "12297875S1", "PN_CON": "10971323", "UNI_TR_MT": "14374375", "CTMT": "AUG0201", "UNI_TR_AT": "DAUG-EQ-TR2", "SUB": "DAUG", "CONJ": 16596, "MUN": "3550308", "CEG_GD": " ", "BRR": "AV PAULISTA 2006 BELA VISTA", "CEP": "01310-200", "CLAS_SUB": "RE1", "CNAE": " ", "TIP_CC": "RES-Tipo01", "FAS_CON": "ABN", "GRU_TEN": "BT", "TEN_FORN": "10", "GRU_TAR": "B1", "SIT_ATIV": "DS", "DAT_CON": "01/12/1973", "CAR_INST": 8.1, "LIV": 0, "ARE_LOC": "UB", "TIP_SIST": "RD_INTERLIG", "ENE_01": 11.0, "ENE_02": 50.0, "ENE_03": 19.0, "ENE_04": 50.0, "ENE_05": 50.0, "ENE_06": 50.0, "ENE_07": 50.0, "ENE_08": 50.0, "ENE_09": 50.0, "ENE_10": 91.0, "ENE_11": 67.0, "ENE_12": 154.37, "DIC_01": 0.0, "DIC_02": 0.0, "DIC_03": 0.0, "DIC_04": 0.0, "DIC_05": 0.0, "DIC_06": 0.0, "DIC_07": 0.31, "DIC_08": 0.0, "DIC_09": 0.0, "DIC_10": 0.0, "DIC_11": 0.0, "DIC_12": 0.0, "FIC_01": 0.0, "FIC_02": 0.0, "FIC_03": 0.0, "FIC_04": 0.0, "FIC_05": 0.0, "FIC_06": 0.0, "FIC_07": 2.0, "FIC_08": 0.0, "FIC_09": 0.0, "FIC_10": 0.0, "FIC_11": 0.0, "FIC_12": 0.0, "SEMRED": 0, "DESCR": " ", "COD_ID": "7072dc69138d469ff5d186fd469a313fdbb1d25eda1b3630087f745e8a90e4bc", "__layer": "UCBT_tab", "lon": null, "lat": null }, "geometry": null },
{ "type": "Feature", "properties": { "DIST": 390, "PAC": "33071144739360737L", "RAMAL": "12297875S1", "PN_CON": "10971323", "UNI_TR_MT": "14374375", "CTMT": "AUG0201", "UNI_TR_AT": "DAUG-EQ-TR2", "SUB": "DAUG", "CONJ": 16596, "MUN": "3550308", "CEG_GD": " ", "BRR": "AV PAULISTA 2006 BELA VISTA", "CEP": "01310-200", "CLAS_SUB": "CO3", "CNAE": "6110-8/03", "TIP_CC": "COM-Tipo02", "FAS_CON": "ABN", "GRU_TEN": "BT", "TEN_FORN": "10", "GRU_TAR": "B3", "SIT_ATIV": "DS", "DAT_CON": "01/05/1973", "CAR_INST": 2.5, "LIV": 0, "ARE_LOC": "UB", "TIP_SIST": "RD_INTERLIG", "ENE_01": 369.0, "ENE_02": 438.0, "ENE_03": 485.921, "ENE_04": 451.0, "ENE_05": 428.0, "ENE_06": 289.0, "ENE_07": 213.36, "ENE_08": 190.93, "ENE_09": 348.0, "ENE_10": 446.0, "ENE_11": 204.73, "ENE_12": 366.25, "DIC_01": 0.0, "DIC_02": 0.0, "DIC_03": 0.0, "DIC_04": 0.0, "DIC_05": 0.0, "DIC_06": 0.0, "DIC_07": 0.31, "DIC_08": 0.0, "DIC_09": 0.0, "DIC_10": 0.0, "DIC_11": 0.0, "DIC_12": 0.0, "FIC_01": 0.0, "FIC_02": 0.0, "FIC_03": 0.0, "FIC_04": 0.0, "FIC_05": 0.0, "FIC_06": 0.0, "FIC_07": 2.0, "FIC_08": 0.0, "FIC_09": 0.0, "FIC_10": 0.0, "FIC_11": 0.0, "FIC_12": 0.0, "SEMRED": 0, "DESCR": " ", "COD_ID": "b78e020bd150c7a491130f28c9fc328e52d6ea22202da28ce9d5c7eefea08568", "__layer": "UCBT_tab", "lon": null, "lat": null }, "geometry": null },
{ "type": "Feature", "properties": { "DIST": 390, "PAC": "33071144739360737L", "RAMAL": "12297875S1", "PN_CON": "10971323", "UNI_TR_MT": "14374375", "CTMT": "AUG0201", "UNI_TR_AT": "DAUG-EQ-TR2", "SUB": "DAUG", "CONJ": 16596, "MUN": "3550308", "CEG_GD": " ", "BRR": "AV PAULISTA 2006 BELA VISTA", "CEP": "01310-200", "CLAS_SUB": "CO3", "CNAE": "6110-8/99", "TIP_CC": "COM-Tipo02", "FAS_CON": "BCN", "GRU_TEN": "BT", "TEN_FORN": "10", "GRU_TAR": "B3", "SIT_ATIV": "DS", "DAT_CON": "01/12/1988", "CAR_INST": 3.0, "LIV": 0, "ARE_LOC": "UB", "TIP_SIST": "RD_INTERLIG", "ENE_01": 90.0, "ENE_02": 80.0, "ENE_03": 108.707, "ENE_04": 80.0, "ENE_05": 110.0, "ENE_06": 90.0, "ENE_07": 84.0, "ENE_08": 73.2, "ENE_09": 110.0, "ENE_10": 110.0, "ENE_11": 59.0, "ENE_12": 114.75, "DIC_01": 0.0, "DIC_02": 0.0, "DIC_03": 0.0, "DIC_04": 0.0, "DIC_05": 0.0, "DIC_06": 0.0, "DIC_07": 0.31, "DIC_08": 0.0, "DIC_09": 0.0, "DIC_10": 0.0, "DIC_11": 0.0, "DIC_12": 0.0, "FIC_01": 0.0, "FIC_02": 0.0, "FIC_03": 0.0, "FIC_04": 0.0, "FIC_05": 0.0, "FIC_06": 0.0, "FIC_07": 2.0, "FIC_08": 0.0, "FIC_09": 0.0, "FIC_10": 0.0, "FIC_11": 0.0, "FIC_12": 0.0, "SEMRED": 0, "DESCR": " ", "COD_ID": "8df36253a63a6b50894d68e5f4890febaa39566118d6b77c936c57e86a3d31f9", "__layer": "UCBT_tab", "lon": null, "lat": null }, "geometry": null },
{ "type": "Feature", "properties": { "DIST": 390, "PAC": "33071144739360737L", "RAMAL": "12297875S1", "PN_CON": "10971323", "UNI_TR_MT": "14374375", "CTMT": "AUG0201", "UNI_TR_AT": "DAUG-EQ-TR2", "SUB": "DAUG", "CONJ": 16596, "MUN": "3550308", "CEG_GD": " ", "BRR": "AV PAULISTA 2006 BELA VISTA", "CEP": "01310-200", "CLAS_SUB": "RE1", "CNAE": " ", "TIP_CC": "RES-Tipo04", "FAS_CON": "ABN", "GRU_TEN": "BT", "TEN_FORN": "10", "GRU_TAR": "B1", "SIT_ATIV": "DS", "DAT_CON": "01/03/1973", "CAR_INST": 2.7, "LIV": 0, "ARE_LOC": "UB", "TIP_SIST": "RD_INTERLIG", "ENE_01": 115.07, "ENE_02": 230.0, "ENE_03": 430.0, "ENE_04": 280.0, "ENE_05": 360.0, "ENE_06": 250.0, "ENE_07": 240.0, "ENE_08": 290.0, "ENE_09": 300.0, "ENE_10": 250.0, "ENE_11": 220.0, "ENE_12": 339.82, "DIC_01": 0.0, "DIC_02": 0.0, "DIC_03": 0.0, "DIC_04": 0.0, "DIC_05": 0.0, "DIC_06": 0.0, "DIC_07": 0.31, "DIC_08": 0.0, "DIC_09": 0.0, "DIC_10": 0.0, "DIC_11": 0.0, "DIC_12": 0.0, "FIC_01": 0.0, "FIC_02": 0.0, "FIC_03": 0.0, "FIC_04": 0.0, "FIC_05": 0.0, "FIC_06": 0.0, "FIC_07": 2.0, "FIC_08": 0.0, "FIC_09": 0.0, "FIC_10": 0.0, "FIC_11": 0.0, "FIC_12": 0.0, "SEMRED": 0, "DESCR": " ", "COD_ID": "58d97b94f9248cb88a302255bb1aaf6d42d57ad04cb151d1549ae3c0fe3fdf32", "__layer": "UCBT_tab", "lon": null, "lat": null }, "geometry": null },
{ "type": "Feature", "properties": { "DIST": 390, "PAC": "33071144739360737L", "RAMAL": "12297875S1", "PN_CON": "10971323", "UNI_TR_MT": "14374375", "CTMT": "AUG0201", "UNI_TR_AT": "DAUG-EQ-TR2", "SUB": "DAUG", "CONJ": 16596, "MUN": "3550308", "CEG_GD": " ", "BRR": "AV PAULISTA 2006 BELA VISTA", "CEP": "01310-200", "CLAS_SUB": "RE1", "CNAE": " ", "TIP_CC": "RES-Tipo03", "FAS_CON": "ABN", "GRU_TEN": "BT", "TEN_FORN": "10", "GRU_TAR": "B1", "SIT_ATIV": "DS", "DAT_CON": "01/05/1974", "CAR_INST": 5.8, "LIV": 0, "ARE_LOC": "UB", "TIP_SIST": "RD_INTERLIG", "ENE_01": 85.05, "ENE_02": 180.0, "ENE_03": 180.0, "ENE_04": 50.0, "ENE_05": 250.0, "ENE_06": 90.0, "ENE_07": 100.0, "ENE_08": 90.0, "ENE_09": 110.0, "ENE_10": 80.0, "ENE_11": 100.0, "ENE_12": 174.76, "DIC_01": 0.0, "DIC_02": 0.0, "DIC_03": 0.0, "DIC_04": 0.0, "DIC_05": 0.0, "DIC_06": 0.0, "DIC_07": 0.31, "DIC_08": 0.0, "DIC_09": 0.0, "DIC_10": 0.0, "DIC_11": 0.0, "DIC_12": 0.0, "FIC_01": 0.0, "FIC_02": 0.0, "FIC_03": 0.0, "FIC_04": 0.0, "FIC_05": 0.0, "FIC_06": 0.0, "FIC_07": 2.0, "FIC_08": 0.0, "FIC_09": 0.0, "FIC_10": 0.0, "FIC_11": 0.0, "FIC_12": 0.0, "SEMRED": 0, "DESCR": " ", "COD_ID": "6848febf9cc7fe08146477834b7ebcbd030be2d819ec7fcf16e64ad81b2c1347", "__layer": "UCBT_tab", "lon": null, "lat": null }, "geometry": null },
{ "type": "Feature", "properties": { "DIST": 390, "PAC": "33065242739366097L", "RAMAL": "12297660S1", "PN_CON": "1309838", "UNI_TR_MT": "14374078", "CTMT": "AUG0202", "UNI_TR_AT": "DAUG-EQ-TR2", "SUB": "DAUG", "CONJ": 16596, "MUN": "3550308", "CEG_GD": " ", "BRR": "AV PAULISTA 2006 BELA VISTA", "CEP": "01310-200", "CLAS_SUB": "RE1", "CNAE": " ", "TIP_CC": "RES-Tipo02", "FAS_CON": "ABC", "GRU_TEN": "BT", "TEN_FORN": "10", "GRU_TAR": "B1", "SIT_ATIV": "DS", "DAT_CON": "01/09/1974", "CAR_INST": 2.7, "LIV": 0, "ARE_LOC": "UB", "TIP_SIST": "RD_INTERLIG", "ENE_01": 70.04, "ENE_02": 170.0, "ENE_03": 170.0, "ENE_04": 120.0, "ENE_05": 110.0, "ENE_06": 90.0, "ENE_07": 80.0, "ENE_08": 120.0, "ENE_09": 110.0, "ENE_10": 170.0, "ENE_11": 130.0, "ENE_12": 281.56, "DIC_01": 0.0, "DIC_02": 0.0, "DIC_03": 0.0, "DIC_04": 0.0, "DIC_05": 0.0, "DIC_06": 0.0, "DIC_07": 0.29, "DIC_08": 0.0, "DIC_09": 0.0, "DIC_10": 0.0, "DIC_11": 0.0, "DIC_12": 0.0, "FIC_01": 0.0, "FIC_02": 0.0, "FIC_03": 0.0, "FIC_04": 0.0, "FIC_05": 0.0, "FIC_06": 0.0, "FIC_07": 2.0, "FIC_08": 0.0, "FIC_09": 0.0, "FIC_10": 0.0, "FIC_11": 0.0, "FIC_12": 0.0, "SEMRED": 0, "DESCR": " ", "COD_ID": "4c2c34648cc1d0379c7f42b3c0e7e5be4d5f3d39de648cc370db2f585c8f97c9", "__layer": "UCBT_tab", "lon": null, "lat": null }, "geometry": null },
{ "type": "Feature", "properties": { "DIST": 390, "PAC": "33071144739360737L", "RAMAL": "12297875S1", "PN_CON": "10971323", "UNI_TR_MT": "14374375", "CTMT": "AUG0201", "UNI_TR_AT": "DAUG-EQ-TR2", "SUB": "DAUG", "CONJ": 16596, "MUN": "3550308", "CEG_GD": " ", "BRR": "AV PAULISTA 2006 BELA VISTA", "CEP": "01310-200", "CLAS_SUB": "RE1", "CNAE": " ", "TIP_CC": "RES-Tipo04", "FAS_CON": "ABCN", "GRU_TEN": "BT", "TEN_FORN": "10", "GRU_TAR": "B1", "SIT_ATIV": "DS", "DAT_CON": "01/07/1973", "CAR_INST": 2.5, "LIV": 0, "ARE_LOC": "UB", "TIP_SIST": "RD_INTERLIG", "ENE_01": 194.13, "ENE_02": 338.0, "ENE_03": 354.0, "ENE_04": 313.0, "ENE_05": 338.0, "ENE_06": 223.0, "ENE_07": 167.0, "ENE_08": 196.0, "ENE_09": 280.0, "ENE_10": 314.0, "ENE_11": 251.0, "ENE_12": 314.57, "DIC_01": 0.0, "DIC_02": 0.0, "DIC_03": 0.0, "DIC_04": 0.0, "DIC_05": 0.0, "DIC_06": 0.0, "DIC_07": 0.31, "DIC_08": 0.0, "DIC_09": 0.0, "DIC_10": 0.0, "DIC_11": 0.0, "DIC_12": 0.0, "FIC_01": 0.0, "FIC_02": 0.0, "FIC_03": 0.0, "FIC_04": 0.0, "FIC_05": 0.0, "FIC_06": 0.0, "FIC_07": 2.0, "FIC_08": 0.0, "FIC_09": 0.0, "FIC_10": 0.0, "FIC_11": 0.0, "FIC_12": 0.0, "SEMRED": 0, "DESCR": " ", "COD_ID": "a61307c89f96be3347faa8526d91e755fb582458ce7677510a03a08f46091d98", "__layer": "UCBT_tab", "lon": null, "lat": null }, "geometry": null },
{ "type": "Feature", "properties": { "DIST": 390, "PAC": "33071144739360737L", "RAMAL": "12297875S1", "PN_CON": "10971323", "UNI_TR_MT": "14374375", "CTMT": "AUG0201", "UNI_TR_AT": "DAUG-EQ-TR2", "SUB": "DAUG", "CONJ": 16596, "MUN": "3550308", "CEG_GD": " ", "BRR": "AV PAULISTA 2006 BELA VISTA", "CEP": "01310-200", "CLAS_SUB": "RE1", "CNAE": " ", "TIP_CC": "RES-Tipo04", "FAS_CON": "ABN", "GRU_TEN": "BT", "TEN_FORN": "10", "GRU_TAR": "B1", "SIT_ATIV": "DS", "DAT_CON": "01/09/1975", "CAR_INST": 7.4, "LIV": 0, "ARE_LOC": "UB", "TIP_SIST": "RD_INTERLIG", "ENE_01": 211.64, "ENE_02": 381.0, "ENE_03": 512.0, "ENE_04": 327.0, "ENE_05": 496.0, "ENE_06": 324.0, "ENE_07": 264.0, "ENE_08": 396.0, "ENE_09": 498.0, "ENE_10": 623.0, "ENE_11": 449.0, "ENE_12": 512.64, "DIC_01": 0.0, "DIC_02": 0.0, "DIC_03": 0.0, "DIC_04": 0.0, "DIC_05": 0.0, "DIC_06": 0.0, "DIC_07": 0.31, "DIC_08": 0.0, "DIC_09": 0.0, "DIC_10": 0.0, "DIC_11": 0.0, "DIC_12": 0.0, "FIC_01": 0.0, "FIC_02": 0.0, "FIC_03": 0.0, "FIC_04": 0.0, "FIC_05": 0.0, "FIC_06": 0.0, "FIC_07": 2.0, "FIC_08": 0.0, "FIC_09": 0.0, "FIC_10": 0.0, "FIC_11": 0.0, "FIC_12": 0.0, "SEMRED": 0, "DESCR": " ", "COD_ID": "e07834746495e106ef0ac4b0f82e2b805ccc01e83caed9152e563dc13030c7aa", "__layer": "UCBT_tab", "lon": null, "lat": null }, "geometry": null },
{ "type": "Feature", "properties": { "DIST": 390, "PAC": "33071144739360737L", "RAMAL": "12297875S1", "PN_CON": "10971323", "UNI_TR_MT": "14374375", "CTMT": "AUG0201", "UNI_TR_AT": "DAUG-EQ-TR2", "SUB": "DAUG", "CONJ": 16596, "MUN": "3550308", "CEG_GD": " ", "BRR": "AV PAULISTA 2006 BELA VISTA", "CEP": "01310-200", "CLAS_SUB": "CO1", "CNAE": "6911-7/01", "TIP_CC": "COM-Tipo02", "FAS_CON": "ABN", "GRU_TEN": "BT", "TEN_FORN": "10", "GRU_TAR": "B3", "SIT_ATIV": "DS", "DAT_CON": "01/03/1974", "CAR_INST": 7.5, "LIV": 0, "ARE_LOC": "UB", "TIP_SIST": "RD_INTERLIG", "ENE_01": 50.0, "ENE_02": 50.0, "ENE_03": 54.354, "ENE_04": 50.0, "ENE_05": 50.0, "ENE_06": 50.0, "ENE_07": 42.0, "ENE_08": 30.5, "ENE_09": 50.0, "ENE_10": 50.0, "ENE_11": 29.5, "ENE_12": 47.81, "DIC_01": 0.0, "DIC_02": 0.0, "DIC_03": 0.0, "DIC_04": 0.0, "DIC_05": 0.0, "DIC_06": 0.0, "DIC_07": 0.31, "DIC_08": 0.0, "DIC_09": 0.0, "DIC_10": 0.0, "DIC_11": 0.0, "DIC_12": 0.0, "FIC_01": 0.0, "FIC_02": 0.0, "FIC_03": 0.0, "FIC_04": 0.0, "FIC_05": 0.0, "FIC_06": 0.0, "FIC_07": 2.0, "FIC_08": 0.0, "FIC_09": 0.0, "FIC_10": 0.0, "FIC_11": 0.0, "FIC_12": 0.0, "SEMRED": 0, "DESCR": " ", "COD_ID": "0c60631e27f439549750c688fd9d7bc4fe27e3dcd3ceef47239ca64cdf1d0a36", "__layer": "UCBT_tab", "lon": null, "lat": null }, "geometry": null },
{ "type": "Feature", "properties": { "DIST": 390, "PAC": "33071144739360737L", "RAMAL": "12297875S1", "PN_CON": "10971323", "UNI_TR_MT": "14374375", "CTMT": "AUG0201", "UNI_TR_AT": "DAUG-EQ-TR2", "SUB": "DAUG", "CONJ": 16596, "MUN": "3550308", "CEG_GD": " ", "BRR": "AV PAULISTA 2006 BELA VISTA", "CEP": "01310-200", "CLAS_SUB": "CO1", "CNAE": "4649-4/10", "TIP_CC": "COM-Tipo02", "FAS_CON": "ABN", "GRU_TEN": "BT", "TEN_FORN": "10", "GRU_TAR": "B3", "SIT_ATIV": "DS", "DAT_CON": "01/06/1983", "CAR_INST": 1.0, "LIV": 0, "ARE_LOC": "UB", "TIP_SIST": "RD_INTERLIG", "ENE_01": 50.0, "ENE_02": 6.0, "ENE_03": 54.354, "ENE_04": 50.0, "ENE_05": 2.0, "ENE_06": 50.0, "ENE_07": 42.0, "ENE_08": 0.61, "ENE_09": 50.0, "ENE_10": 50.0, "ENE_11": 1.18, "ENE_12": 47.81, "DIC_01": 0.0, "DIC_02": 0.0, "DIC_03": 0.0, "DIC_04": 0.0, "DIC_05": 0.0, "DIC_06": 0.0, "DIC_07": 0.31, "DIC_08": 0.0, "DIC_09": 0.0, "DIC_10": 0.0, "DIC_11": 0.0, "DIC_12": 0.0, "FIC_01": 0.0, "FIC_02": 0.0, "FIC_03": 0.0, "FIC_04": 0.0, "FIC_05": 0.0, "FIC_06": 0.0, "FIC_07": 2.0, "FIC_08": 0.0, "FIC_09": 0.0, "FIC_10": 0.0, "FIC_11": 0.0, "FIC_12": 0.0, "SEMRED": 0, "DESCR": " ", "COD_ID": "2488b5245354c12884c85da82a4fe25e846c6918f52d96ceab362f6ed42049b7", "__layer": "UCBT_tab", "lon": null, "lat": null }, "geometry": null },
{ "type": "Feature", "properties": { "DIST": 390, "PAC": "33071144739360737L", "RAMAL": "12297875S1", "PN_CON": "10971323", "UNI_TR_MT": "14374375", "CTMT": "AUG0201", "UNI_TR_AT": "DAUG-EQ-TR2", "SUB": "DAUG", "CONJ": 16596, "MUN": "3550308", "CEG_GD": " ", "BRR": "AV PAULISTA 2006 BELA VISTA", "CEP": "01310-200", "CLAS_SUB": "RE1", "CNAE": " ", "TIP_CC": "RES-Tipo04", "FAS_CON": "ABCN", "GRU_TEN": "BT", "TEN_FORN": "10", "GRU_TAR": "B1", "SIT_ATIV": "DS", "DAT_CON": "01/03/1973", "CAR_INST": 6.5, "LIV": 0, "ARE_LOC": "UB", "TIP_SIST": "RD_INTERLIG", "ENE_01": 168.28, "ENE_02": 403.56, "ENE_03": 647.1, "ENE_04": 434.88, "ENE_05": 345.42, "ENE_06": 156.06, "ENE_07": 178.02, "ENE_08": 181.98, "ENE_09": 263.7, "ENE_10": 359.82, "ENE_11": 230.04, "ENE_12": 229.26, "DIC_01": 0.0, "DIC_02": 0.0, "DIC_03": 0.0, "DIC_04": 0.0, "DIC_05": 0.0, "DIC_06": 0.0, "DIC_07": 0.31, "DIC_08": 0.0, "DIC_09": 0.0, "DIC_10": 0.0, "DIC_11": 0.0, "DIC_12": 0.0, "FIC_01": 0.0, "FIC_02": 0.0, "FIC_03": 0.0, "FIC_04": 0.0, "FIC_05": 0.0, "FIC_06": 0.0, "FIC_07": 2.0, "FIC_08": 0.0, "FIC_09": 0.0, "FIC_10": 0.0, "FIC_11": 0.0, "FIC_12": 0.0, "SEMRED": 0, "DESCR": " ", "COD_ID": "9732c3c268c03d7cdc7c2393737d1da9532b1466be0f2ef53924ce3481e1ab47", "__layer": "UCBT_tab", "lon": null, "lat": null }, "geometry": null },
{ "type": "Feature", "properties": { "DIST": 390, "PAC": "33071144739360737L", "RAMAL": "12297875S1", "PN_CON": "10971323", "UNI_TR_MT": "14374375", "CTMT": "AUG0201", "UNI_TR_AT": "DAUG-EQ-TR2", "SUB": "DAUG", "CONJ": 16596, "MUN": "3550308", "CEG_GD": " ", "BRR": "AV PAULISTA 2006 BELA VISTA", "CEP": "01310-200", "CLAS_SUB": "RE1", "CNAE": " ", "TIP_CC": "RES-Tipo01", "FAS_CON": "ABCN", "GRU_TEN": "BT", "TEN_FORN": "10", "GRU_TAR": "B1", "SIT_ATIV": "DS", "DAT_CON": "01/10/1980", "CAR_INST": 6.5, "LIV": 0, "ARE_LOC": "UB", "TIP_SIST": "RD_INTERLIG", "ENE_01": 25.01, "ENE_02": 62.0, "ENE_03": 101.0, "ENE_04": 98.0, "ENE_05": 41.0, "ENE_06": 27.0, "ENE_07": 28.0, "ENE_08": 36.0, "ENE_09": 32.0, "ENE_10": 52.0, "ENE_11": 50.0, "ENE_12": 39.8, "DIC_01": 0.0, "DIC_02": 0.0, "DIC_03": 0.0, "DIC_04": 0.0, "DIC_05": 0.0, "DIC_06": 0.0, "DIC_07": 0.31, "DIC_08": 0.0, "DIC_09": 0.0, "DIC_10": 0.0, "DIC_11": 0.0, "DIC_12": 0.0, "FIC_01": 0.0, "FIC_02": 0.0, "FIC_03": 0.0, "FIC_04": 0.0, "FIC_05": 0.0, "FIC_06": 0.0, "FIC_07": 2.0, "FIC_08": 0.0, "FIC_09": 0.0, "FIC_10": 0.0, "FIC_11": 0.0, "FIC_12": 0.0, "SEMRED": 0, "DESCR": " ", "COD_ID": "e1ad9061d28c7216c3892db7bedf90e7575be79c38b179cf76cfd47714174c0f", "__layer": "UCBT_tab", "lon": null, "lat": null }, "geometry": null },
{ "type": "Feature", "properties": { "DIST": 390, "PAC": "33071144739360737L", "RAMAL": "12297875S1", "PN_CON": "10971323", "UNI_TR_MT": "14374375", "CTMT": "AUG0201", "UNI_TR_AT": "DAUG-EQ-TR2", "SUB": "DAUG", "CONJ": 16596, "MUN": "3550308", "CEG_GD": " ", "BRR": "AV PAULISTA 2006 BELA VISTA", "CEP": "01310-200", "CLAS_SUB": "RE1", "CNAE": " ", "TIP_CC": "RES-Tipo01", "FAS_CON": "ABCN", "GRU_TEN": "BT", "TEN_FORN": "10", "GRU_TAR": "B1", "SIT_ATIV": "DS", "DAT_CON": "01/07/1974", "CAR_INST": 8.5, "LIV": 0, "ARE_LOC": "UB", "TIP_SIST": "RD_INTERLIG", "ENE_01": 25.01, "ENE_02": 40.0, "ENE_03": 0.0, "ENE_04": 50.0, "ENE_05": 40.0, "ENE_06": 40.0, "ENE_07": 30.0, "ENE_08": 0.0, "ENE_09": 60.0, "ENE_10": 50.0, "ENE_11": 30.0, "ENE_12": 48.54, "DIC_01": 0.0, "DIC_02": 0.0, "DIC_03": 0.0, "DIC_04": 0.0, "DIC_05": 0.0, "DIC_06": 0.0, "DIC_07": 0.31, "DIC_08": 0.0, "DIC_09": 0.0, "DIC_10": 0.0, "DIC_11": 0.0, "DIC_12": 0.0, "FIC_01": 0.0, "FIC_02": 0.0, "FIC_03": 0.0, "FIC_04": 0.0, "FIC_05": 0.0, "FIC_06": 0.0, "FIC_07": 2.0, "FIC_08": 0.0, "FIC_09": 0.0, "FIC_10": 0.0, "FIC_11": 0.0, "FIC_12": 0.0, "SEMRED": 0, "DESCR": " ", "COD_ID": "0dfb0ef5238194d85c8c4374c7ab6dd5fdbd4a5492aff1621748b9680fd15a0c", "__layer": "UCBT_tab", "lon": null, "lat": null }, "geometry": null },
{ "type": "Feature", "properties": { "DIST": 390, "PAC": "33071144739360737L", "RAMAL": "12297875S1", "PN_CON": "10971323", "UNI_TR_MT": "14374375", "CTMT": "AUG0201", "UNI_TR_AT": "DAUG-EQ-TR2", "SUB": "DAUG", "CONJ": 16596, "MUN": "3550308", "CEG_GD": " ", "BRR": "AV PAULISTA 2006 BELA VISTA", "CEP": "01310-200", "CLAS_SUB": "RE1", "CNAE": " ", "TIP_CC": "RES-Tipo01", "FAS_CON": "BCN", "GRU_TEN": "BT", "TEN_FORN": "10", "GRU_TAR": "B1", "SIT_ATIV": "DS", "DAT_CON": "01/05/1975", "CAR_INST": 2.4, "LIV": 0, "ARE_LOC": "UB", "TIP_SIST": "RD_INTERLIG", "ENE_01": 14.5, "ENE_02": 50.0, "ENE_03": 102.0, "ENE_04": 50.0, "ENE_05": 70.0, "ENE_06": 28.0, "ENE_07": 25.0, "ENE_08": 33.0, "ENE_09": 58.0, "ENE_10": 51.0, "ENE_11": 23.0, "ENE_12": 21.36, "DIC_01": 0.0, "DIC_02": 0.0, "DIC_03": 0.0, "DIC_04": 0.0, "DIC_05": 0.0, "DIC_06": 0.0, "DIC_07": 0.31, "DIC_08": 0.0, "DIC_09": 0.0, "DIC_10": 0.0, "DIC_11": 0.0, "DIC_12": 0.0, "FIC_01": 0.0, "FIC_02": 0.0, "FIC_03": 0.0, "FIC_04": 0.0, "FIC_05": 0.0, "FIC_06": 0.0, "FIC_07": 2.0, "FIC_08": 0.0, "FIC_09": 0.0, "FIC_10": 0.0, "FIC_11": 0.0, "FIC_12": 0.0, "SEMRED": 0, "DESCR": " ", "COD_ID": "bcdde77b3adf08f8b44654e27483f494f16cd934690d797468dec64c5df0d6e8", "__layer": "UCBT_tab", "lon": null, "lat": null }, "geometry": null },
{ "type": "Feature", "properties": { "DIST": 390, "PAC": "33071144739360737L", "RAMAL": "12297875S1", "PN_CON": "10971323", "UNI_TR_MT": "14374375", "CTMT": "AUG0201", "UNI_TR_AT": "DAUG-EQ-TR2", "SUB": "DAUG", "CONJ": 16596, "MUN": "3550308", "CEG_GD": " ", "BRR": "AV PAULISTA 2006 BELA VISTA", "CEP": "01310-200", "CLAS_SUB": "RE1", "CNAE": " ", "TIP_CC": "RES-Tipo01", "FAS_CON": "ABN", "GRU_TEN": "BT", "TEN_FORN": "10", "GRU_TAR": "B1", "SIT_ATIV": "DS", "DAT_CON": "01/10/1976", "CAR_INST": 5.8, "LIV": 0, "ARE_LOC": "UB", "TIP_SIST": "RD_INTERLIG", "ENE_01": 25.01, "ENE_02": 50.0, "ENE_03": 60.0, "ENE_04": 40.0, "ENE_05": 50.0, "ENE_06": 50.0, "ENE_07": 50.0, "ENE_08": 50.0, "ENE_09": 50.0, "ENE_10": 40.0, "ENE_11": 40.0, "ENE_12": 48.54, "DIC_01": 0.0, "DIC_02": 0.0, "DIC_03": 0.0, "DIC_04": 0.0, "DIC_05": 0.0, "DIC_06": 0.0, "DIC_07": 0.31, "DIC_08": 0.0, "DIC_09": 0.0, "DIC_10": 0.0, "DIC_11": 0.0, "DIC_12": 0.0, "FIC_01": 0.0, "FIC_02": 0.0, "FIC_03": 0.0, "FIC_04": 0.0, "FIC_05": 0.0, "FIC_06": 0.0, "FIC_07": 2.0, "FIC_08": 0.0, "FIC_09": 0.0, "FIC_10": 0.0, "FIC_11": 0.0, "FIC_12": 0.0, "SEMRED": 0, "DESCR": " ", "COD_ID": "ef89c11b9c559e2e5decba6e69730cce0ffbc1b75f7f39ac476995ff1e87e62b", "__layer": "UCBT_tab", "lon": null, "lat": null }, "geometry": null },
{ "type": "Feature", "properties": { "DIST": 390, "PAC": "33071144739360737L", "RAMAL": "12297875S1", "PN_CON": "10971323", "UNI_TR_MT": "14374375", "CTMT": "AUG0201", "UNI_TR_AT": "DAUG-EQ-TR2", "SUB": "DAUG", "CONJ": 16596, "MUN": "3550308", "CEG_GD": " ", "BRR": "AV PAULISTA 2006 BELA VISTA", "CEP": "01310-200", "CLAS_SUB": "RE1", "CNAE": " ", "TIP_CC": "RES-Tipo01", "FAS_CON": "ABN", "GRU_TEN": "BT", "TEN_FORN": "10", "GRU_TAR": "B1", "SIT_ATIV": "DS", "DAT_CON": "01/08/1976", "CAR_INST": 2.5, "LIV": 0, "ARE_LOC": "UB", "TIP_SIST": "RD_INTERLIG", "ENE_01": 25.01, "ENE_02": 30.0, "ENE_03": 50.0, "ENE_04": 20.0, "ENE_05": 10.0, "ENE_06": 10.0, "ENE_07": 70.0, "ENE_08": 50.0, "ENE_09": 50.0, "ENE_10": 50.0, "ENE_11": 30.0, "ENE_12": 145.63, "DIC_01": 0.0, "DIC_02": 0.0, "DIC_03": 0.0, "DIC_04": 0.0, "DIC_05": 0.0, "DIC_06": 0.0, "DIC_07": 0.31, "DIC_08": 0.0, "DIC_09": 0.0, "DIC_10": 0.0, "DIC_11": 0.0, "DIC_12": 0.0, "FIC_01": 0.0, "FIC_02": 0.0, "FIC_03": 0.0, "FIC_04": 0.0, "FIC_05": 0.0, "FIC_06": 0.0, "FIC_07": 2.0, "FIC_08": 0.0, "FIC_09": 0.0, "FIC_10": 0.0, "FIC_11": 0.0, "FIC_12": 0.0, "SEMRED": 0, "DESCR": " ", "COD_ID": "e8c52cf164314a2c2048f1c391e8a3ea19b541517190218d4cd39cc9bb02f7ca", "__layer": "UCBT_tab", "lon": null, "lat": null }, "geometry": null },
{ "type": "Feature", "properties": { "DIST": 390, "PAC": "33071144739360737L", "RAMAL": "12297875S1", "PN_CON": "10971323", "UNI_TR_MT": "14374375", "CTMT": "AUG0201", "UNI_TR_AT": "DAUG-EQ-TR2", "SUB": "DAUG", "CONJ": 16596, "MUN": "3550308", "CEG_GD": " ", "BRR": "AV PAULISTA 2006 BELA VISTA", "CEP": "01310-200", "CLAS_SUB": "RE2", "CNAE": " ", "TIP_CC": "RES-Tipo01", "FAS_CON": "ABN", "GRU_TEN": "BT", "TEN_FORN": "10", "GRU_TAR": "B1BR", "SIT_ATIV": "DS", "DAT_CON": "01/06/1974", "CAR_INST": 6.8, "LIV": 0, "ARE_LOC": "UB", "TIP_SIST": "RD_INTERLIG", "ENE_01": 10.0, "ENE_02": 30.0, "ENE_03": 50.0, "ENE_04": 20.0, "ENE_05": 30.0, "ENE_06": 50.0, "ENE_07": 30.0, "ENE_08": 30.0, "ENE_09": 20.0, "ENE_10": 30.0, "ENE_11": 20.0, "ENE_12": 48.54, "DIC_01": 0.0, "DIC_02": 0.0, "DIC_03": 0.0, "DIC_04": 0.0, "DIC_05": 0.0, "DIC_06": 0.0, "DIC_07": 0.31, "DIC_08": 0.0, "DIC_09": 0.0, "DIC_10": 0.0, "DIC_11": 0.0, "DIC_12": 0.0, "FIC_01": 0.0, "FIC_02": 0.0, "FIC_03": 0.0, "FIC_04": 0.0, "FIC_05": 0.0, "FIC_06": 0.0, "FIC_07": 2.0, "FIC_08": 0.0, "FIC_09": 0.0, "FIC_10": 0.0, "FIC_11": 0.0, "FIC_12": 0.0, "SEMRED": 0, "DESCR": " ", "COD_ID": "1c2433297e96bad6add54ab9575e7305bba2e2b2050250ee2e7b4df55117cb45", "__layer": "UCBT_tab", "lon": null, "lat": null }, "geometry": null },
{ "type": "Feature", "properties": { "DIST": 390, "PAC": "33071144739360737L", "RAMAL": "12297875S1", "PN_CON": "10971323", "UNI_TR_MT": "14374375", "CTMT": "AUG0201", "UNI_TR_AT": "DAUG-EQ-TR2", "SUB": "DAUG", "CONJ": 16596, "MUN": "3550308", "CEG_GD": " ", "BRR": "AV PAULISTA 2006 BELA VISTA", "CEP": "01310-200", "CLAS_SUB": "RE1", "CNAE": " ", "TIP_CC": "RES-Tipo01", "FAS_CON": "ABN", "GRU_TEN": "BT", "TEN_FORN": "10", "GRU_TAR": "B1", "SIT_ATIV": "DS", "DAT_CON": "01/08/1973", "CAR_INST": 2.5, "LIV": 0, "ARE_LOC": "UB", "TIP_SIST": "RD_INTERLIG", "ENE_01": 10.0, "ENE_02": 10.0, "ENE_03": 50.0, "ENE_04": 50.0, "ENE_05": 50.0, "ENE_06": 50.0, "ENE_07": 50.0, "ENE_08": 50.0, "ENE_09": 50.0, "ENE_10": 50.0, "ENE_11": 10.0, "ENE_12": 9.7, "DIC_01": 0.0, "DIC_02": 0.0, "DIC_03": 0.0, "DIC_04": 0.0, "DIC_05": 0.0, "DIC_06": 0.0, "DIC_07": 0.31, "DIC_08": 0.0, "DIC_09": 0.0, "DIC_10": 0.0, "DIC_11": 0.0, "DIC_12": 0.0, "FIC_01": 0.0, "FIC_02": 0.0, "FIC_03": 0.0, "FIC_04": 0.0, "FIC_05": 0.0, "FIC_06": 0.0, "FIC_07": 2.0, "FIC_08": 0.0, "FIC_09": 0.0, "FIC_10": 0.0, "FIC_11": 0.0, "FIC_12": 0.0, "SEMRED": 0, "DESCR": " ", "COD_ID": "201c325aaa86a6b45dcc0c536202018bbf097b304354d61ea7a6d528359642ab", "__layer": "UCBT_tab", "lon": null, "lat": null }, "geometry": null },
{ "type": "Feature", "properties": { "DIST": 390, "PAC": "33071144739360737L", "RAMAL": "12297875S1", "PN_CON": "10971323", "UNI_TR_MT": "14374375", "CTMT": "AUG0201", "UNI_TR_AT": "DAUG-EQ-TR2", "SUB": "DAUG", "CONJ": 16596, "MUN": "3550308", "CEG_GD": " ", "BRR": "AV PAULISTA 2006 BELA VISTA", "CEP": "01310-200", "CLAS_SUB": "RE1", "CNAE": " ", "TIP_CC": "RES-Tipo01", "FAS_CON": "BCN", "GRU_TEN": "BT", "TEN_FORN": "10", "GRU_TAR": "B1", "SIT_ATIV": "DS", "DAT_CON": "01/05/1975", "CAR_INST": 2.4, "LIV": 0, "ARE_LOC": "UB", "TIP_SIST": "RD_INTERLIG", "ENE_01": 34.02, "ENE_02": 87.0, "ENE_03": 115.0, "ENE_04": 78.0, "ENE_05": 102.0, "ENE_06": 66.0, "ENE_07": 63.0, "ENE_08": 75.0, "ENE_09": 74.0, "ENE_10": 72.0, "ENE_11": 53.0, "ENE_12": 65.05, "DIC_01": 0.0, "DIC_02": 0.0, "DIC_03": 0.0, "DIC_04": 0.0, "DIC_05": 0.0, "DIC_06": 0.0, "DIC_07": 0.31, "DIC_08": 0.0, "DIC_09": 0.0, "DIC_10": 0.0, "DIC_11": 0.0, "DIC_12": 0.0, "FIC_01": 0.0, "FIC_02": 0.0, "FIC_03": 0.0, "FIC_04": 0.0, "FIC_05": 0.0, "FIC_06": 0.0, "FIC_07": 2.0, "FIC_08": 0.0, "FIC_09": 0.0, "FIC_10": 0.0, "FIC_11": 0.0, "FIC_12": 0.0, "SEMRED": 0, "DESCR": " ", "COD_ID": "0cfdf6acfac8b001dc69155671a88d0ca6f4049888189d9956eaaeec98a91f34", "__layer": "UCBT_tab", "lon": null, "lat": null }, "geometry": null },
{ "type": "Feature", "properties": { "DIST": 390, "PAC": "33071144739360737L", "RAMAL": "12297875S1", "PN_CON": "10971323", "UNI_TR_MT": "14374375", "CTMT": "AUG0201", "UNI_TR_AT": "DAUG-EQ-TR2", "SUB": "DAUG", "CONJ": 16596, "MUN": "3550308", "CEG_GD": " ", "BRR": "AV PAULISTA 2006 BELA VISTA", "CEP": "01310-200", "CLAS_SUB": "RE1", "CNAE": " ", "TIP_CC": "RES-Tipo01", "FAS_CON": "ABN", "GRU_TEN": "BT", "TEN_FORN": "10", "GRU_TAR": "B1", "SIT_ATIV": "DS", "DAT_CON": "01/04/1976", "CAR_INST": 5.6, "LIV": 0, "ARE_LOC": "UB", "TIP_SIST": "RD_INTERLIG", "ENE_01": 10.0, "ENE_02": 50.0, "ENE_03": 50.0, "ENE_04": 40.0, "ENE_05": 30.0, "ENE_06": 30.0, "ENE_07": 30.0, "ENE_08": 50.0, "ENE_09": 20.0, "ENE_10": 120.0, "ENE_11": 50.0, "ENE_12": 48.54, "DIC_01": 0.0, "DIC_02": 0.0, "DIC_03": 0.0, "DIC_04": 0.0, "DIC_05": 0.0, "DIC_06": 0.0, "DIC_07": 0.31, "DIC_08": 0.0, "DIC_09": 0.0, "DIC_10": 0.0, "DIC_11": 0.0, "DIC_12": 0.0, "FIC_01": 0.0, "FIC_02": 0.0, "FIC_03": 0.0, "FIC_04": 0.0, "FIC_05": 0.0, "FIC_06": 0.0, "FIC_07": 2.0, "FIC_08": 0.0, "FIC_09": 0.0, "FIC_10": 0.0, "FIC_11": 0.0, "FIC_12": 0.0, "SEMRED": 0, "DESCR": " ", "COD_ID": "97205e7b171855144c3661e8d4ffce586ba159f8e37405b33f0a075c7c1dd5eb", "__layer": "UCBT_tab", "lon": null, "lat": null }, "geometry": null },
{ "type": "Feature", "properties": { "DIST": 390, "PAC": "33071144739360737L", "RAMAL": "12297875S1", "PN_CON": "10971323", "UNI_TR_MT": "14374375", "CTMT": "AUG0201", "UNI_TR_AT": "DAUG-EQ-TR2", "SUB": "DAUG", "CONJ": 16596, "MUN": "3550308", "CEG_GD": " ", "BRR": "AV PAULISTA 2006 BELA VISTA", "CEP": "01310-200", "CLAS_SUB": "RE1", "CNAE": " ", "TIP_CC": "RES-Tipo01", "FAS_CON": "ABN", "GRU_TEN": "BT", "TEN_FORN": "10", "GRU_TAR": "B1", "SIT_ATIV": "DS", "DAT_CON": "01/04/1973", "CAR_INST": 6.6, "LIV": 0, "ARE_LOC": "UB", "TIP_SIST": "RD_INTERLIG", "ENE_01": 10.0, "ENE_02": 50.0, "ENE_03": 50.0, "ENE_04": 20.0, "ENE_05": 30.0, "ENE_06": 30.0, "ENE_07": 50.0, "ENE_08": 30.0, "ENE_09": 30.0, "ENE_10": 50.0, "ENE_11": 20.0, "ENE_12": 48.54, "DIC_01": 0.0, "DIC_02": 0.0, "DIC_03": 0.0, "DIC_04": 0.0, "DIC_05": 0.0, "DIC_06": 0.0, "DIC_07": 0.31, "DIC_08": 0.0, "DIC_09": 0.0, "DIC_10": 0.0, "DIC_11": 0.0, "DIC_12": 0.0, "FIC_01": 0.0, "FIC_02": 0.0, "FIC_03": 0.0, "FIC_04": 0.0, "FIC_05": 0.0, "FIC_06": 0.0, "FIC_07": 2.0, "FIC_08": 0.0, "FIC_09": 0.0, "FIC_10": 0.0, "FIC_11": 0.0, "FIC_12": 0.0, "SEMRED": 0, "DESCR": " ", "COD_ID": "01206e5037f79a27f8f0409e9ad975143ed243419e4614c0c91efbb237f4f213", "__layer": "UCBT_tab", "lon": null, "lat": null }, "geometry": null },
{ "type": "Feature", "properties": { "DIST": 390, "PAC": "33071144739360737L", "RAMAL": "12297875S1", "PN_CON": "10971323", "UNI_TR_MT": "14374375", "CTMT": "AUG0201", "UNI_TR_AT": "DAUG-EQ-TR2", "SUB": "DAUG", "CONJ": 16596, "MUN": "3550308", "CEG_GD": " ", "BRR": "AV PAULISTA 2006 BELA VISTA", "CEP": "01310-200", "CLAS_SUB": "CO9", "CNAE": "6499-9/99", "TIP_CC": "COM-Tipo02", "FAS_CON": "ABN", "GRU_TEN": "BT", "TEN_FORN": "10", "GRU_TAR": "B3", "SIT_ATIV": "DS", "DAT_CON": "01/08/1973", "CAR_INST": 2.8, "LIV": 0, "ARE_LOC": "UB", "TIP_SIST": "RD_INTERLIG", "ENE_01": 50.0, "ENE_02": 50.0, "ENE_03": 54.354, "ENE_04": 50.0, "ENE_05": 50.0, "ENE_06": 50.0, "ENE_07": 42.0, "ENE_08": 24.4, "ENE_09": 50.0, "ENE_10": 50.0, "ENE_11": 29.5, "ENE_12": 47.81, "DIC_01": 0.0, "DIC_02": 0.0, "DIC_03": 0.0, "DIC_04": 0.0, "DIC_05": 0.0, "DIC_06": 0.0, "DIC_07": 0.31, "DIC_08": 0.0, "DIC_09": 0.0, "DIC_10": 0.0, "DIC_11": 0.0, "DIC_12": 0.0, "FIC_01": 0.0, "FIC_02": 0.0, "FIC_03": 0.0, "FIC_04": 0.0, "FIC_05": 0.0, "FIC_06": 0.0, "FIC_07": 2.0, "FIC_08": 0.0, "FIC_09": 0.0, "FIC_10": 0.0, "FIC_11": 0.0, "FIC_12": 0.0, "SEMRED": 0, "DESCR": " ", "COD_ID": "4bf211a61149c671338aa773a44e963b9abe85a6e4450139be4a6270c2c7b8ac", "__layer": "UCBT_tab", "lon": null, "lat": null }, "geometry": null },
{ "type": "Feature", "properties": { "DIST": 390, "PAC": "33071144739360737L", "RAMAL": "12297875S1", "PN_CON": "10971323", "UNI_TR_MT": "14374375", "CTMT": "AUG0201", "UNI_TR_AT": "DAUG-EQ-TR2", "SUB": "DAUG", "CONJ": 16596, "MUN": "3550308", "CEG_GD": " ", "BRR": "AV PAULISTA 2006 BELA VISTA", "CEP": "01310-200", "CLAS_SUB": "RE1", "CNAE": " ", "TIP_CC": "RES-Tipo04", "FAS_CON": "ABN", "GRU_TEN": "BT", "TEN_FORN": "10", "GRU_TAR": "B1", "SIT_ATIV": "DS", "DAT_CON": "01/09/1974", "CAR_INST": 2.8, "LIV": 0, "ARE_LOC": "UB", "TIP_SIST": "RD_INTERLIG", "ENE_01": 130.08, "ENE_02": 290.0, "ENE_03": 300.0, "ENE_04": 270.0, "ENE_05": 320.0, "ENE_06": 260.0, "ENE_07": 250.0, "ENE_08": 270.0, "ENE_09": 280.0, "ENE_10": 360.0, "ENE_11": 330.0, "ENE_12": 281.56, "DIC_01": 0.0, "DIC_02": 0.0, "DIC_03": 0.0, "DIC_04": 0.0, "DIC_05": 0.0, "DIC_06": 0.0, "DIC_07": 0.31, "DIC_08": 0.0, "DIC_09": 0.0, "DIC_10": 0.0, "DIC_11": 0.0, "DIC_12": 0.0, "FIC_01": 0.0, "FIC_02": 0.0, "FIC_03": 0.0, "FIC_04": 0.0, "FIC_05": 0.0, "FIC_06": 0.0, "FIC_07": 2.0, "FIC_08": 0.0, "FIC_09": 0.0, "FIC_10": 0.0, "FIC_11": 0.0, "FIC_12": 0.0, "SEMRED": 0, "DESCR": " ", "COD_ID": "233598aaabfd71453013cd45e29d4301b1a79fb10370a6cbd8a9cd6b8e821649", "__layer": "UCBT_tab", "lon": null, "lat": null }, "geometry": null },
{ "type": "Feature", "properties": { "DIST": 390, "PAC": "33071144739360737L", "RAMAL": "12297875S1", "PN_CON": "10971323", "UNI_TR_MT": "14374375", "CTMT": "AUG0201", "UNI_TR_AT": "DAUG-EQ-TR2", "SUB": "DAUG", "CONJ": 16596, "MUN": "3550308", "CEG_GD": " ", "BRR": "AV PAULISTA 2006 BELA VISTA", "CEP": "01310-200", "CLAS_SUB": "RE1", "CNAE": " ", "TIP_CC": "RES-Tipo01", "FAS_CON": "ABN", "GRU_TEN": "BT", "TEN_FORN": "10", "GRU_TAR": "B1", "SIT_ATIV": "DS", "DAT_CON": "01/09/1974", "CAR_INST": 3.0, "LIV": 0, "ARE_LOC": "UB", "TIP_SIST": "RD_INTERLIG", "ENE_01": 55.03, "ENE_02": 100.0, "ENE_03": 150.0, "ENE_04": 130.0, "ENE_05": 80.0, "ENE_06": 50.0, "ENE_07": 50.0, "ENE_08": 50.0, "ENE_09": 90.0, "ENE_10": 100.0, "ENE_11": 60.0, "ENE_12": 77.67, "DIC_01": 0.0, "DIC_02": 0.0, "DIC_03": 0.0, "DIC_04": 0.0, "DIC_05": 0.0, "DIC_06": 0.0, "DIC_07": 0.31, "DIC_08": 0.0, "DIC_09": 0.0, "DIC_10": 0.0, "DIC_11": 0.0, "DIC_12": 0.0, "FIC_01": 0.0, "FIC_02": 0.0, "FIC_03": 0.0, "FIC_04": 0.0, "FIC_05": 0.0, "FIC_06": 0.0, "FIC_07": 2.0, "FIC_08": 0.0, "FIC_09": 0.0, "FIC_10": 0.0, "FIC_11": 0.0, "FIC_12": 0.0, "SEMRED": 0, "DESCR": " ", "COD_ID": "6e21c2b18e158f22ef5b623e47b288dc7994cd0d9a26514698f256dd73625048", "__layer": "UCBT_tab", "lon": null, "lat": null }, "geometry": null },
{ "type": "Feature", "properties": { "DIST": 390, "PAC": "33071144739360737L", "RAMAL": "12297875S1", "PN_CON": "10971323", "UNI_TR_MT": "14374375", "CTMT": "AUG0201", "UNI_TR_AT": "DAUG-EQ-TR2", "SUB": "DAUG", "CONJ": 16596, "MUN": "3550308", "CEG_GD": " ", "BRR": "AV PAULISTA 2006 BELA VISTA", "CEP": "01310-200", "CLAS_SUB": "RE1", "CNAE": " ", "TIP_CC": "RES-Tipo01", "FAS_CON": "CAN", "GRU_TEN": "BT", "TEN_FORN": "10", "GRU_TAR": "B1", "SIT_ATIV": "DS", "DAT_CON": "01/07/1974", "CAR_INST": 2.5, "LIV": 0, "ARE_LOC": "UB", "TIP_SIST": "RD_INTERLIG", "ENE_01": 25.01, "ENE_02": 50.0, "ENE_03": 50.0, "ENE_04": 50.0, "ENE_05": 10.0, "ENE_06": 50.0, "ENE_07": 50.0, "ENE_08": 50.0, "ENE_09": 50.0, "ENE_10": 50.0, "ENE_11": 50.0, "ENE_12": 9.7, "DIC_01": 0.0, "DIC_02": 0.0, "DIC_03": 0.0, "DIC_04": 0.0, "DIC_05": 0.0, "DIC_06": 0.0, "DIC_07": 0.31, "DIC_08": 0.0, "DIC_09": 0.0, "DIC_10": 0.0, "DIC_11": 0.0, "DIC_12": 0.0, "FIC_01": 0.0, "FIC_02": 0.0, "FIC_03": 0.0, "FIC_04": 0.0, "FIC_05": 0.0, "FIC_06": 0.0, "FIC_07": 2.0, "FIC_08": 0.0, "FIC_09": 0.0, "FIC_10": 0.0, "FIC_11": 0.0, "FIC_12": 0.0, "SEMRED": 0, "DESCR": " ", "COD_ID": "bdfaf47aa219c61635c53f96059ba290bd904e658ff8d64dc4743bd27f06147a", "__layer": "UCBT_tab", "lon": null, "lat": null }, "geometry": null },
{ "type": "Feature", "properties": { "DIST": 390, "PAC": "33071144739360737L", "RAMAL": "12297875S1", "PN_CON": "10971323", "UNI_TR_MT": "14374375", "CTMT": "AUG0201", "UNI_TR_AT": "DAUG-EQ-TR2", "SUB": "DAUG", "CONJ": 16596, "MUN": "3550308", "CEG_GD": " ", "BRR": "AV PAULISTA 2006 BELA VISTA", "CEP": "01310-200", "CLAS_SUB": "RE1", "CNAE": " ", "TIP_CC": "RES-Tipo01", "FAS_CON": "CAN", "GRU_TEN": "BT", "TEN_FORN": "10", "GRU_TAR": "B1", "SIT_ATIV": "DS", "DAT_CON": "01/04/1973", "CAR_INST": 2.5, "LIV": 0, "ARE_LOC": "UB", "TIP_SIST": "RD_INTERLIG", "ENE_01": 25.01, "ENE_02": 50.0, "ENE_03": 40.0, "ENE_04": 50.0, "ENE_05": 60.0, "ENE_06": 40.0, "ENE_07": 50.0, "ENE_08": 50.0, "ENE_09": 50.0, "ENE_10": 50.0, "ENE_11": 40.0, "ENE_12": 29.12, "DIC_01": 0.0, "DIC_02": 0.0, "DIC_03": 0.0, "DIC_04": 0.0, "DIC_05": 0.0, "DIC_06": 0.0, "DIC_07": 0.31, "DIC_08": 0.0, "DIC_09": 0.0, "DIC_10": 0.0, "DIC_11": 0.0, "DIC_12": 0.0, "FIC_01": 0.0, "FIC_02": 0.0, "FIC_03": 0.0, "FIC_04": 0.0, "FIC_05": 0.0, "FIC_06": 0.0, "FIC_07": 2.0, "FIC_08": 0.0, "FIC_09": 0.0, "FIC_10": 0.0, "FIC_11": 0.0, "FIC_12": 0.0, "SEMRED": 0, "DESCR": " ", "COD_ID": "5d6bd0836a9b7e9effa059d8a0a78dfb815271c5eb79f03f3ee772ba32b7190b", "__layer": "UCBT_tab", "lon": null, "lat": null }, "geometry": null },
{ "type": "Feature", "properties": { "DIST": 390, "PAC": "33071144739360737L", "RAMAL": "12297875S1", "PN_CON": "10971323", "UNI_TR_MT": "14374375", "CTMT": "AUG0201", "UNI_TR_AT": "DAUG-EQ-TR2", "SUB": "DAUG", "CONJ": 16596, "MUN": "3550308", "CEG_GD": " ", "BRR": "AV PAULISTA 2006 BELA VISTA", "CEP": "01310-200", "CLAS_SUB": "CO1", "CNAE": "6911-7/01", "TIP_CC": "COM-Tipo02", "FAS_CON": "CAN", "GRU_TEN": "BT", "TEN_FORN": "10", "GRU_TAR": "B3", "SIT_ATIV": "DS", "DAT_CON": "01/05/1974", "CAR_INST": 3.0, "LIV": 0, "ARE_LOC": "UB", "TIP_SIST": "RD_INTERLIG", "ENE_01": 490.0, "ENE_02": 380.0, "ENE_03": 891.398, "ENE_04": 560.0, "ENE_05": 670.0, "ENE_06": 420.0, "ENE_07": 226.8, "ENE_08": 244.0, "ENE_09": 440.0, "ENE_10": 480.0, "ENE_11": 194.7, "ENE_12": 430.32, "DIC_01": 0.0, "DIC_02": 0.0, "DIC_03": 0.0, "DIC_04": 0.0, "DIC_05": 0.0, "DIC_06": 0.0, "DIC_07": 0.31, "DIC_08": 0.0, "DIC_09": 0.0, "DIC_10": 0.0, "DIC_11": 0.0, "DIC_12": 0.0, "FIC_01": 0.0, "FIC_02": 0.0, "FIC_03": 0.0, "FIC_04": 0.0, "FIC_05": 0.0, "FIC_06": 0.0, "FIC_07": 2.0, "FIC_08": 0.0, "FIC_09": 0.0, "FIC_10": 0.0, "FIC_11": 0.0, "FIC_12": 0.0, "SEMRED": 0, "DESCR": " ", "COD_ID": "bbd94d9686de4371c2048d3f035d71abaf6a9ea9f10e2f722efd5bd169b4c19e", "__layer": "UCBT_tab", "lon": null, "lat": null }, "geometry": null },
{ "type": "Feature", "properties": { "DIST": 390, "PAC": "33071144739360737L", "RAMAL": "12297875S1", "PN_CON": "10971323", "UNI_TR_MT": "14374375", "CTMT": "AUG0201", "UNI_TR_AT": "DAUG-EQ-TR2", "SUB": "DAUG", "CONJ": 16596, "MUN": "3550308", "CEG_GD": " ", "BRR": "AV PAULISTA 2006 BELA VISTA", "CEP": "01310-200", "CLAS_SUB": "RE1", "CNAE": " ", "TIP_CC": "RES-Tipo01", "FAS_CON": "ABN", "GRU_TEN": "BT", "TEN_FORN": "10", "GRU_TAR": "B1", "SIT_ATIV": "DS", "DAT_CON": "01/04/1976", "CAR_INST": 10.0, "LIV": 0, "ARE_LOC": "UB", "TIP_SIST": "RD_INTERLIG", "ENE_01": 45.03, "ENE_02": 50.0, "ENE_03": 70.0, "ENE_04": 50.0, "ENE_05": 90.0, "ENE_06": 50.0, "ENE_07": 50.0, "ENE_08": 60.0, "ENE_09": 50.0, "ENE_10": 50.0, "ENE_11": 50.0, "ENE_12": 58.25, "DIC_01": 0.0, "DIC_02": 0.0, "DIC_03": 0.0, "DIC_04": 0.0, "DIC_05": 0.0, "DIC_06": 0.0, "DIC_07": 0.31, "DIC_08": 0.0, "DIC_09": 0.0, "DIC_10": 0.0, "DIC_11": 0.0, "DIC_12": 0.0, "FIC_01": 0.0, "FIC_02": 0.0, "FIC_03": 0.0, "FIC_04": 0.0, "FIC_05": 0.0, "FIC_06": 0.0, "FIC_07": 2.0, "FIC_08": 0.0, "FIC_09": 0.0, "FIC_10": 0.0, "FIC_11": 0.0, "FIC_12": 0.0, "SEMRED": 0, "DESCR": " ", "COD_ID": "0f02681e3c81484fd549b6335657a6c9c9aa6e41cd917680d892af0f167c5999", "__layer": "UCBT_tab", "lon": null, "lat": null }, "geometry": null },
{ "type": "Feature", "properties": { "DIST": 390, "PAC": "33071144739360737L", "RAMAL": "12297875S1", "PN_CON": "10971323", "UNI_TR_MT": "14374375", "CTMT": "AUG0201", "UNI_TR_AT": "DAUG-EQ-TR2", "SUB": "DAUG", "CONJ": 16596, "MUN": "3550308", "CEG_GD": " ", "BRR": "AV PAULISTA 2006 BELA VISTA", "CEP": "01310-200", "CLAS_SUB": "RE1", "CNAE": " ", "TIP_CC": "RES-Tipo04", "FAS_CON": "ABN", "GRU_TEN": "BT", "TEN_FORN": "10", "GRU_TAR": "B1", "SIT_ATIV": "DS", "DAT_CON": "01/07/1975", "CAR_INST": 3.0, "LIV": 0, "ARE_LOC": "UB", "TIP_SIST": "RD_INTERLIG", "ENE_01": 125.08, "ENE_02": 310.0, "ENE_03": 360.0, "ENE_04": 310.0, "ENE_05": 270.0, "ENE_06": 250.0, "ENE_07": 230.0, "ENE_08": 270.0, "ENE_09": 170.0, "ENE_10": 200.0, "ENE_11": 160.0, "ENE_12": 145.63, "DIC_01": 0.0, "DIC_02": 0.0, "DIC_03": 0.0, "DIC_04": 0.0, "DIC_05": 0.0, "DIC_06": 0.0, "DIC_07": 0.31, "DIC_08": 0.0, "DIC_09": 0.0, "DIC_10": 0.0, "DIC_11": 0.0, "DIC_12": 0.0, "FIC_01": 0.0, "FIC_02": 0.0, "FIC_03": 0.0, "FIC_04": 0.0, "FIC_05": 0.0, "FIC_06": 0.0, "FIC_07": 2.0, "FIC_08": 0.0, "FIC_09": 0.0, "FIC_10": 0.0, "FIC_11": 0.0, "FIC_12": 0.0, "SEMRED": 0, "DESCR": " ", "COD_ID": "d7259a586a729a8a83b1e36c49c41321bb6fcdd906f3402a0fb96075f2ebd6f0", "__layer": "UCBT_tab", "lon": null, "lat": null }, "geometry": null },
{ "type": "Feature", "properties": { "DIST": 390, "PAC": "33071144739360737L", "RAMAL": "12297875S1", "PN_CON": "10971323", "UNI_TR_MT": "14374375", "CTMT": "AUG0201", "UNI_TR_AT": "DAUG-EQ-TR2", "SUB": "DAUG", "CONJ": 16596, "MUN": "3550308", "CEG_GD": " ", "BRR": "AV PAULISTA 2006 BELA VISTA", "CEP": "01310-200", "CLAS_SUB": "CO1", "CNAE": "6201-5/01", "TIP_CC": "COM-Tipo02", "FAS_CON": "ABCN", "GRU_TEN": "BT", "TEN_FORN": "10", "GRU_TAR": "B3", "SIT_ATIV": "DS", "DAT_CON": "01/05/1974", "CAR_INST": 2.5, "LIV": 0, "ARE_LOC": "UB", "TIP_SIST": "RD_INTERLIG", "ENE_01": 440.0, "ENE_02": 370.0, "ENE_03": 521.794, "ENE_04": 300.0, "ENE_05": 340.0, "ENE_06": 210.0, "ENE_07": 193.2, "ENE_08": 152.5, "ENE_09": 340.0, "ENE_10": 440.0, "ENE_11": 200.6, "ENE_12": 210.38, "DIC_01": 0.0, "DIC_02": 0.0, "DIC_03": 0.0, "DIC_04": 0.0, "DIC_05": 0.0, "DIC_06": 0.0, "DIC_07": 0.31, "DIC_08": 0.0, "DIC_09": 0.0, "DIC_10": 0.0, "DIC_11": 0.0, "DIC_12": 0.0, "FIC_01": 0.0, "FIC_02": 0.0, "FIC_03": 0.0, "FIC_04": 0.0, "FIC_05": 0.0, "FIC_06": 0.0, "FIC_07": 2.0, "FIC_08": 0.0, "FIC_09": 0.0, "FIC_10": 0.0, "FIC_11": 0.0, "FIC_12": 0.0, "SEMRED": 0, "DESCR": " ", "COD_ID": "c29bd6a794e85e9fb8c5fb3ddee17733603004616a535f3a68659ba4a4c4ebe1", "__layer": "UCBT_tab", "lon": null, "lat": null }, "geometry": null },
{ "type": "Feature", "properties": { "DIST": 390, "PAC": "33071144739360737L", "RAMAL": "12297875S1", "PN_CON": "10971323", "UNI_TR_MT": "14374375", "CTMT": "AUG0201", "UNI_TR_AT": "DAUG-EQ-TR2", "SUB": "DAUG", "CONJ": 16596, "MUN": "3550308", "CEG_GD": " ", "BRR": "AV PAULISTA 2006 BELA VISTA", "CEP": "01310-200", "CLAS_SUB": "CO1", "CNAE": "6201-5/01", "TIP_CC": "COM-Tipo02", "FAS_CON": "BCN", "GRU_TEN": "BT", "TEN_FORN": "10", "GRU_TAR": "B3", "SIT_ATIV": "DS", "DAT_CON": "01/02/1973", "CAR_INST": 2.7, "LIV": 0, "ARE_LOC": "UB", "TIP_SIST": "RD_INTERLIG", "ENE_01": 50.0, "ENE_02": 24.0, "ENE_03": 54.354, "ENE_04": 28.0, "ENE_05": 50.0, "ENE_06": 44.0, "ENE_07": 56.28, "ENE_08": 35.38, "ENE_09": 59.0, "ENE_10": 72.0, "ENE_11": 35.99, "ENE_12": 40.16, "DIC_01": 0.0, "DIC_02": 0.0, "DIC_03": 0.0, "DIC_04": 0.0, "DIC_05": 0.0, "DIC_06": 0.0, "DIC_07": 0.31, "DIC_08": 0.0, "DIC_09": 0.0, "DIC_10": 0.0, "DIC_11": 0.0, "DIC_12": 0.0, "FIC_01": 0.0, "FIC_02": 0.0, "FIC_03": 0.0, "FIC_04": 0.0, "FIC_05": 0.0, "FIC_06": 0.0, "FIC_07": 2.0, "FIC_08": 0.0, "FIC_09": 0.0, "FIC_10": 0.0, "FIC_11": 0.0, "FIC_12": 0.0, "SEMRED": 0, "DESCR": " ", "COD_ID": "811f00b28ebb25cf7d4ca4305abc3c468d88b9ac97ae4dbf7046026b1dcff99d", "__layer": "UCBT_tab", "lon": null, "lat": null }, "geometry": null },
{ "type": "Feature", "properties": { "DIST": 390, "PAC": "33071144739360737L", "RAMAL": "12297875S1", "PN_CON": "10971323", "UNI_TR_MT": "14374375", "CTMT": "AUG0201", "UNI_TR_AT": "DAUG-EQ-TR2", "SUB": "DAUG", "CONJ": 16596, "MUN": "3550308", "CEG_GD": " ", "BRR": "AV PAULISTA 2006 BELA VISTA", "CEP": "01310-200", "CLAS_SUB": "RE1", "CNAE": " ", "TIP_CC": "RES-Tipo01", "FAS_CON": "BCN", "GRU_TEN": "BT", "TEN_FORN": "10", "GRU_TAR": "B1", "SIT_ATIV": "DS", "DAT_CON": "01/07/1982", "CAR_INST": 1.0, "LIV": 0, "ARE_LOC": "UB", "TIP_SIST": "RD_INTERLIG", "ENE_01": 30.02, "ENE_02": 160.0, "ENE_03": 50.0, "ENE_04": 50.0, "ENE_05": 60.0, "ENE_06": 50.0, "ENE_07": 40.0, "ENE_08": 50.0, "ENE_09": 50.0, "ENE_10": 60.0, "ENE_11": 50.0, "ENE_12": 48.54, "DIC_01": 0.0, "DIC_02": 0.0, "DIC_03": 0.0, "DIC_04": 0.0, "DIC_05": 0.0, "DIC_06": 0.0, "DIC_07": 0.31, "DIC_08": 0.0, "DIC_09": 0.0, "DIC_10": 0.0, "DIC_11": 0.0, "DIC_12": 0.0, "FIC_01": 0.0, "FIC_02": 0.0, "FIC_03": 0.0, "FIC_04": 0.0, "FIC_05": 0.0, "FIC_06": 0.0, "FIC_07": 2.0, "FIC_08": 0.0, "FIC_09": 0.0, "FIC_10": 0.0, "FIC_11": 0.0, "FIC_12": 0.0, "SEMRED": 0, "DESCR": " ", "COD_ID": "afea3228a70bc4f10e4c78810d50c37b78bc65ceb13ed405fe7a0b697dea62db", "__layer": "UCBT_tab", "lon": null, "lat": null }, "geometry": null },
{ "type": "Feature", "properties": { "DIST": 390, "PAC": "33071144739360737L", "RAMAL": "12297875S1", "PN_CON": "10971323", "UNI_TR_MT": "14374375", "CTMT": "AUG0201", "UNI_TR_AT": "DAUG-EQ-TR2", "SUB": "DAUG", "CONJ": 16596, "MUN": "3550308", "CEG_GD": " ", "BRR": "AV PAULISTA 2006 BELA VISTA", "CEP": "01310-200", "CLAS_SUB": "RE1", "CNAE": " ", "TIP_CC": "RES-Tipo01", "FAS_CON": "CAN", "GRU_TEN": "BT", "TEN_FORN": "10", "GRU_TAR": "B1", "SIT_ATIV": "DS", "DAT_CON": "01/04/1982", "CAR_INST": 3.0, "LIV": 0, "ARE_LOC": "UB", "TIP_SIST": "RD_INTERLIG", "ENE_01": 5.0, "ENE_02": 50.0, "ENE_03": 10.0, "ENE_04": 50.0, "ENE_05": 50.0, "ENE_06": 50.0, "ENE_07": 50.0, "ENE_08": 50.0, "ENE_09": 50.0, "ENE_10": 30.0, "ENE_11": 50.0, "ENE_12": 48.54, "DIC_01": 0.0, "DIC_02": 0.0, "DIC_03": 0.0, "DIC_04": 0.0, "DIC_05": 0.0, "DIC_06": 0.0, "DIC_07": 0.31, "DIC_08": 0.0, "DIC_09": 0.0, "DIC_10": 0.0, "DIC_11": 0.0, "DIC_12": 0.0, "FIC_01": 0.0, "FIC_02": 0.0, "FIC_03": 0.0, "FIC_04": 0.0, "FIC_05": 0.0, "FIC_06": 0.0, "FIC_07": 2.0, "FIC_08": 0.0, "FIC_09": 0.0, "FIC_10": 0.0, "FIC_11": 0.0, "FIC_12": 0.0, "SEMRED": 0, "DESCR": " ", "COD_ID": "7109a3ef090ab5aaad9e9e638ffd8773e0c8997cce392a54e3a85fbccbeb4799", "__layer": "UCBT_tab", "lon": null, "lat": null }, "geometry": null },
{ "type": "Feature", "properties": { "DIST": 390, "PAC": "33071144739360737L", "RAMAL": "12297875S1", "PN_CON": "10971323", "UNI_TR_MT": "14374375", "CTMT": "AUG0201", "UNI_TR_AT": "DAUG-EQ-TR2", "SUB": "DAUG", "CONJ": 16596, "MUN": "3550308", "CEG_GD": " ", "BRR": "AV PAULISTA 2006 BELA VISTA", "CEP": "01310-200", "CLAS_SUB": "RE1", "CNAE": " ", "TIP_CC": "RES-Tipo01", "FAS_CON": "CAN", "GRU_TEN": "BT", "TEN_FORN": "10", "GRU_TAR": "B1", "SIT_ATIV": "DS", "DAT_CON": "01/06/1983", "CAR_INST": 2.0, "LIV": 0, "ARE_LOC": "UB", "TIP_SIST": "RD_INTERLIG", "ENE_01": 17.01, "ENE_02": 28.0, "ENE_03": 51.0, "ENE_04": 68.0, "ENE_05": 50.0, "ENE_06": 50.0, "ENE_07": 43.0, "ENE_08": 40.0, "ENE_09": 50.0, "ENE_10": 41.0, "ENE_11": 50.0, "ENE_12": 48.54, "DIC_01": 0.0, "DIC_02": 0.0, "DIC_03": 0.0, "DIC_04": 0.0, "DIC_05": 0.0, "DIC_06": 0.0, "DIC_07": 0.31, "DIC_08": 0.0, "DIC_09": 0.0, "DIC_10": 0.0, "DIC_11": 0.0, "DIC_12": 0.0, "FIC_01": 0.0, "FIC_02": 0.0, "FIC_03": 0.0, "FIC_04": 0.0, "FIC_05": 0.0, "FIC_06": 0.0, "FIC_07": 2.0, "FIC_08": 0.0, "FIC_09": 0.0, "FIC_10": 0.0, "FIC_11": 0.0, "FIC_12": 0.0, "SEMRED": 0, "DESCR": " ", "COD_ID": "66a34edd61721b51f2cb8a9d9c6a083fa1334c1a9098e02d438d9361a7abafd1", "__layer": "UCBT_tab", "lon": null, "lat": null }, "geometry": null },
{ "type": "Feature", "properties": { "DIST": 390, "PAC": "33071144739360737L", "RAMAL": "12297875S1", "PN_CON": "10971323", "UNI_TR_MT": "14374375", "CTMT": "AUG0201", "UNI_TR_AT": "DAUG-EQ-TR2", "SUB": "DAUG", "CONJ": 16584, "MUN": "3550308", "CEG_GD": " ", "BRR": "AV PAULISTA 2006 BELA VISTA", "CEP": "01310-200", "CLAS_SUB": "CO9", "CNAE": "8640-2/06", "TIP_CC": "COM-Tipo01", "FAS_CON": "ABCN", "GRU_TEN": "BT", "TEN_FORN": "10", "GRU_TAR": "B3", "SIT_ATIV": "AT", "DAT_CON": "01/06/1983", "CAR_INST": 2.0, "LIV": 0, "ARE_LOC": "UB", "TIP_SIST": "RD_INTERLIG", "ENE_01": 0.0, "ENE_02": 0.0, "ENE_03": 0.0, "ENE_04": 0.0, "ENE_05": 0.0, "ENE_06": 0.0, "ENE_07": 0.0, "ENE_08": 0.0, "ENE_09": 0.0, "ENE_10": 30.0, "ENE_11": 17.7, "ENE_12": 28.68, "DIC_01": 0.0, "DIC_02": 0.0, "DIC_03": 0.0, "DIC_04": 0.0, "DIC_05": 0.0, "DIC_06": 0.0, "DIC_07": 0.0, "DIC_08": 0.0, "DIC_09": 0.0, "DIC_10": 0.0, "DIC_11": 0.0, "DIC_12": 0.0, "FIC_01": 0.0, "FIC_02": 0.0, "FIC_03": 0.0, "FIC_04": 0.0, "FIC_05": 0.0, "FIC_06": 0.0, "FIC_07": 0.0, "FIC_08": 0.0, "FIC_09": 0.0, "FIC_10": 0.0, "FIC_11": 0.0, "FIC_12": 0.0, "SEMRED": 0, "DESCR": " ", "COD_ID": "9acb8e92592b6b263fe0119e8e5350bed06e1c90169b720666f76efd7c52a39c", "__layer": "UCBT_tab", "lon": null, "lat": null }, "geometry": null },
{ "type": "Feature", "properties": { "DIST": 390, "PAC": "33071144739360737L", "RAMAL": "12297875S1", "PN_CON": "10971323", "UNI_TR_MT": "14374375", "CTMT": "AUG0201", "UNI_TR_AT": "DAUG-EQ-TR2", "SUB": "DAUG", "CONJ": 16596, "MUN": "3550308", "CEG_GD": " ", "BRR": "AV PAULISTA 2006 BELA VISTA", "CEP": "01310-200", "CLAS_SUB": "CO9", "CNAE": "8219-9/01", "TIP_CC": "COM-Tipo02", "FAS_CON": "BCN", "GRU_TEN": "BT", "TEN_FORN": "10", "GRU_TAR": "B3", "SIT_ATIV": "DS", "DAT_CON": "01/06/1983", "CAR_INST": 4.3, "LIV": 0, "ARE_LOC": "UB", "TIP_SIST": "RD_INTERLIG", "ENE_01": 30.0, "ENE_02": 31.0, "ENE_03": 27.177, "ENE_04": 22.0, "ENE_05": 32.0, "ENE_06": 21.0, "ENE_07": 20.16, "ENE_08": 14.64, "ENE_09": 50.0, "ENE_10": 24.0, "ENE_11": 29.5, "ENE_12": 47.81, "DIC_01": 0.0, "DIC_02": 0.0, "DIC_03": 0.0, "DIC_04": 0.0, "DIC_05": 0.0, "DIC_06": 0.0, "DIC_07": 0.31, "DIC_08": 0.0, "DIC_09": 0.0, "DIC_10": 0.0, "DIC_11": 0.0, "DIC_12": 0.0, "FIC_01": 0.0, "FIC_02": 0.0, "FIC_03": 0.0, "FIC_04": 0.0, "FIC_05": 0.0, "FIC_06": 0.0, "FIC_07": 2.0, "FIC_08": 0.0, "FIC_09": 0.0, "FIC_10": 0.0, "FIC_11": 0.0, "FIC_12": 0.0, "SEMRED": 0, "DESCR": " ", "COD_ID": "e53c0993ac972572144a383f420514873862e3c7d218d23bd6df409f642102b4", "__layer": "UCBT_tab", "lon": null, "lat": null }, "geometry": null },
{ "type": "Feature", "properties": { "DIST": 390, "PAC": "33071144739360737L", "RAMAL": "12297875S1", "PN_CON": "10971323", "UNI_TR_MT": "14374375", "CTMT": "AUG0201", "UNI_TR_AT": "DAUG-EQ-TR2", "SUB": "DAUG", "CONJ": 16596, "MUN": "3550308", "CEG_GD": " ", "BRR": "AV PAULISTA 2006 BELA VISTA", "CEP": "01310-200", "CLAS_SUB": "RE1", "CNAE": " ", "TIP_CC": "RES-Tipo01", "FAS_CON": "BCN", "GRU_TEN": "BT", "TEN_FORN": "10", "GRU_TAR": "B1", "SIT_ATIV": "DS", "DAT_CON": "01/10/1983", "CAR_INST": 4.3, "LIV": 0, "ARE_LOC": "UB", "TIP_SIST": "RD_INTERLIG", "ENE_01": 26.51, "ENE_02": 65.0, "ENE_03": 68.0, "ENE_04": 56.0, "ENE_05": 63.0, "ENE_06": 49.0, "ENE_07": 50.0, "ENE_08": 67.0, "ENE_09": 66.0, "ENE_10": 53.0, "ENE_11": 50.0, "ENE_12": 59.22, "DIC_01": 0.0, "DIC_02": 0.0, "DIC_03": 0.0, "DIC_04": 0.0, "DIC_05": 0.0, "DIC_06": 0.0, "DIC_07": 0.31, "DIC_08": 0.0, "DIC_09": 0.0, "DIC_10": 0.0, "DIC_11": 0.0, "DIC_12": 0.0, "FIC_01": 0.0, "FIC_02": 0.0, "FIC_03": 0.0, "FIC_04": 0.0, "FIC_05": 0.0, "FIC_06": 0.0, "FIC_07": 2.0, "FIC_08": 0.0, "FIC_09": 0.0, "FIC_10": 0.0, "FIC_11": 0.0, "FIC_12": 0.0, "SEMRED": 0, "DESCR": " ", "COD_ID": "255aa893130169c1ab03c5bb84da176cef1333976469ed49eaa0c269b0c44cb4", "__layer": "UCBT_tab", "lon": null, "lat": null }, "geometry": null },
{ "type": "Feature", "properties": { "DIST": 390, "PAC": "33071144739360737L", "RAMAL": "12297875S1", "PN_CON": "10971323", "UNI_TR_MT": "14374375", "CTMT": "AUG0201", "UNI_TR_AT": "DAUG-EQ-TR2", "SUB": "DAUG", "CONJ": 16596, "MUN": "3550308", "CEG_GD": " ", "BRR": "AV PAULISTA 2006 BELA VISTA", "CEP": "01310-200", "CLAS_SUB": "CO9", "CNAE": "8211-3/00", "TIP_CC": "COM-Tipo02", "FAS_CON": "BCN", "GRU_TEN": "BT", "TEN_FORN": "10", "GRU_TAR": "B3", "SIT_ATIV": "DS", "DAT_CON": "01/10/1983", "CAR_INST": 1.0, "LIV": 0, "ARE_LOC": "UB", "TIP_SIST": "RD_INTERLIG", "ENE_01": 29.0, "ENE_02": 50.0, "ENE_03": 32.612, "ENE_04": 25.0, "ENE_05": 28.0, "ENE_06": 21.0, "ENE_07": 42.0, "ENE_08": 17.69, "ENE_09": 44.0, "ENE_10": 25.0, "ENE_11": 12.39, "ENE_12": 26.77, "DIC_01": 0.0, "DIC_02": 0.0, "DIC_03": 0.0, "DIC_04": 0.0, "DIC_05": 0.0, "DIC_06": 0.0, "DIC_07": 0.31, "DIC_08": 0.0, "DIC_09": 0.0, "DIC_10": 0.0, "DIC_11": 0.0, "DIC_12": 0.0, "FIC_01": 0.0, "FIC_02": 0.0, "FIC_03": 0.0, "FIC_04": 0.0, "FIC_05": 0.0, "FIC_06": 0.0, "FIC_07": 2.0, "FIC_08": 0.0, "FIC_09": 0.0, "FIC_10": 0.0, "FIC_11": 0.0, "FIC_12": 0.0, "SEMRED": 0, "DESCR": " ", "COD_ID": "374699439db5cb6e52ce31e8d9f8516a5530a3fdf591a170839c6a8c456b2cbc", "__layer": "UCBT_tab", "lon": null, "lat": null }, "geometry": null },
{ "type": "Feature", "properties": { "DIST": 390, "PAC": "33071144739360737L", "RAMAL": "12297875S1", "PN_CON": "10971323", "UNI_TR_MT": "14374375", "CTMT": "AUG0201", "UNI_TR_AT": "DAUG-EQ-TR2", "SUB": "DAUG", "CONJ": 16596, "MUN": "3550308", "CEG_GD": " ", "BRR": "AV PAULISTA 2006 BELA VISTA", "CEP": "01310-200", "CLAS_SUB": "RE1", "CNAE": " ", "TIP_CC": "RES-Tipo02", "FAS_CON": "ABN", "GRU_TEN": "BT", "TEN_FORN": "10", "GRU_TAR": "B1", "SIT_ATIV": "DS", "DAT_CON": "01/06/1983", "CAR_INST": 3.5, "LIV": 0, "ARE_LOC": "UB", "TIP_SIST": "RD_INTERLIG", "ENE_01": 62.54, "ENE_02": 170.0, "ENE_03": 199.0, "ENE_04": 153.0, "ENE_05": 124.0, "ENE_06": 188.0, "ENE_07": 88.0, "ENE_08": 81.0, "ENE_09": 131.0, "ENE_10": 103.0, "ENE_11": 72.0, "ENE_12": 107.77, "DIC_01": 0.0, "DIC_02": 0.0, "DIC_03": 0.0, "DIC_04": 0.0, "DIC_05": 0.0, "DIC_06": 0.0, "DIC_07": 0.31, "DIC_08": 0.0, "DIC_09": 0.0, "DIC_10": 0.0, "DIC_11": 0.0, "DIC_12": 0.0, "FIC_01": 0.0, "FIC_02": 0.0, "FIC_03": 0.0, "FIC_04": 0.0, "FIC_05": 0.0, "FIC_06": 0.0, "FIC_07": 2.0, "FIC_08": 0.0, "FIC_09": 0.0, "FIC_10": 0.0, "FIC_11": 0.0, "FIC_12": 0.0, "SEMRED": 0, "DESCR": " ", "COD_ID": "ebecc025d07d66466475f8d0228f2db2471e7258309fdd7ba31371caf726cfb7", "__layer": "UCBT_tab", "lon": null, "lat": null }, "geometry": null },
{ "type": "Feature", "properties": { "DIST": 390, "PAC": "33071144739360737L", "RAMAL": "12297875S1", "PN_CON": "10971323", "UNI_TR_MT": "14374375", "CTMT": "AUG0201", "UNI_TR_AT": "DAUG-EQ-TR2", "SUB": "DAUG", "CONJ": 16596, "MUN": "3550308", "CEG_GD": " ", "BRR": "AV PAULISTA 2006 BELA VISTA", "CEP": "01310-200", "CLAS_SUB": "RE1", "CNAE": " ", "TIP_CC": "RES-Tipo04", "FAS_CON": "ABN", "GRU_TEN": "BT", "TEN_FORN": "10", "GRU_TAR": "B1", "SIT_ATIV": "DS", "DAT_CON": "01/06/1983", "CAR_INST": 3.5, "LIV": 0, "ARE_LOC": "UB", "TIP_SIST": "RD_INTERLIG", "ENE_01": 115.07, "ENE_02": 270.0, "ENE_03": 350.0, "ENE_04": 260.0, "ENE_05": 290.0, "ENE_06": 210.0, "ENE_07": 180.0, "ENE_08": 190.0, "ENE_09": 300.0, "ENE_10": 310.0, "ENE_11": 190.0, "ENE_12": 281.56, "DIC_01": 0.0, "DIC_02": 0.0, "DIC_03": 0.0, "DIC_04": 0.0, "DIC_05": 0.0, "DIC_06": 0.0, "DIC_07": 0.31, "DIC_08": 0.0, "DIC_09": 0.0, "DIC_10": 0.0, "DIC_11": 0.0, "DIC_12": 0.0, "FIC_01": 0.0, "FIC_02": 0.0, "FIC_03": 0.0, "FIC_04": 0.0, "FIC_05": 0.0, "FIC_06": 0.0, "FIC_07": 2.0, "FIC_08": 0.0, "FIC_09": 0.0, "FIC_10": 0.0, "FIC_11": 0.0, "FIC_12": 0.0, "SEMRED": 0, "DESCR": " ", "COD_ID": "6190ede032619a7478ce1dae61907374212800e8f5799a8c0b6b2972920ed20f", "__layer": "UCBT_tab", "lon": null, "lat": null }, "geometry": null },
{ "type": "Feature", "properties": { "DIST": 390, "PAC": "33071144739360737L", "RAMAL": "12297875S1", "PN_CON": "10971323", "UNI_TR_MT": "14374375", "CTMT": "AUG0201", "UNI_TR_AT": "DAUG-EQ-TR2", "SUB": "DAUG", "CONJ": 16596, "MUN": "3550308", "CEG_GD": " ", "BRR": "AV PAULISTA 2006 BELA VISTA", "CEP": "01310-200", "CLAS_SUB": "CO1", "CNAE": "7311-4/00", "TIP_CC": "RES-Tipo03", "FAS_CON": "ABCN", "GRU_TEN": "BT", "TEN_FORN": "10", "GRU_TAR": "B3", "SIT_ATIV": "DS", "DAT_CON": "01/06/1975", "CAR_INST": 0.5, "LIV": 0, "ARE_LOC": "UB", "TIP_SIST": "RD_INTERLIG", "ENE_01": 0.0, "ENE_02": 0.0, "ENE_03": 0.0, "ENE_04": 0.0, "ENE_05": 0.0, "ENE_06": 479.0, "ENE_07": 93.24, "ENE_08": 95.77, "ENE_09": 179.0, "ENE_10": 150.0, "ENE_11": 95.58, "ENE_12": 72.67, "DIC_01": 0.0, "DIC_02": 0.0, "DIC_03": 0.0, "DIC_04": 0.0, "DIC_05": 0.0, "DIC_06": 0.0, "DIC_07": 0.31, "DIC_08": 0.0, "DIC_09": 0.0, "DIC_10": 0.0, "DIC_11": 0.0, "DIC_12": 0.0, "FIC_01": 0.0, "FIC_02": 0.0, "FIC_03": 0.0, "FIC_04": 0.0, "FIC_05": 0.0, "FIC_06": 0.0, "FIC_07": 2.0, "FIC_08": 0.0, "FIC_09": 0.0, "FIC_10": 0.0, "FIC_11": 0.0, "FIC_12": 0.0, "SEMRED": 0, "DESCR": " ", "COD_ID": "d0d6f93fe2580fac87ca9a465124b1b787b16b328de7a799b58b2f2431bbd79f", "__layer": "UCBT_tab", "lon": null, "lat": null }, "geometry": null },
{ "type": "Feature", "properties": { "DIST": 390, "PAC": "33071144739360737L", "RAMAL": "12297875S1", "PN_CON": "10971323", "UNI_TR_MT": "14374375", "CTMT": "AUG0201", "UNI_TR_AT": "DAUG-EQ-TR2", "SUB": "DAUG", "CONJ": 16596, "MUN": "3550308", "CEG_GD": " ", "BRR": "AV PAULISTA 2006 BELA VISTA", "CEP": "01310-200", "CLAS_SUB": "RE1", "CNAE": " ", "TIP_CC": "RES-Tipo01", "FAS_CON": "ABCN", "GRU_TEN": "BT", "TEN_FORN": "10", "GRU_TAR": "B1", "SIT_ATIV": "DS", "DAT_CON": "01/06/1974", "CAR_INST": 7.5, "LIV": 0, "ARE_LOC": "UB", "TIP_SIST": "RD_INTERLIG", "ENE_01": 0.0, "ENE_02": 0.0, "ENE_03": 0.0, "ENE_04": 89.0, "ENE_05": 113.0, "ENE_06": 97.0, "ENE_07": 93.0, "ENE_08": 184.0, "ENE_09": 239.0, "ENE_10": 284.0, "ENE_11": 198.0, "ENE_12": 246.61, "DIC_01": 0.0, "DIC_02": 0.0, "DIC_03": 0.0, "DIC_04": 0.0, "DIC_05": 0.0, "DIC_06": 0.0, "DIC_07": 0.31, "DIC_08": 0.0, "DIC_09": 0.0, "DIC_10": 0.0, "DIC_11": 0.0, "DIC_12": 0.0, "FIC_01": 0.0, "FIC_02": 0.0, "FIC_03": 0.0, "FIC_04": 0.0, "FIC_05": 0.0, "FIC_06": 0.0, "FIC_07": 2.0, "FIC_08": 0.0, "FIC_09": 0.0, "FIC_10": 0.0, "FIC_11": 0.0, "FIC_12": 0.0, "SEMRED": 0, "DESCR": " ", "COD_ID": "c43a3d0a5aa142b53bf246c8b5b8c6fc014ddcc8e343af5efbd4db2f037d57c3", "__layer": "UCBT_tab", "lon": null, "lat": null }, "geometry": null },
{ "type": "Feature", "properties": { "DIST": 390, "PAC": "33071144739360737L", "RAMAL": "12297875S1", "PN_CON": "10971323", "UNI_TR_MT": "14374375", "CTMT": "AUG0201", "UNI_TR_AT": "DAUG-EQ-TR2", "SUB": "DAUG", "CONJ": 16596, "MUN": "3550308", "CEG_GD": " ", "BRR": "AV PAULISTA 2006 BELA VISTA", "CEP": "01310-200", "CLAS_SUB": "CO9", "CNAE": "7112-0/00", "TIP_CC": "COM-Tipo02", "FAS_CON": "ABN", "GRU_TEN": "BT", "TEN_FORN": "10", "GRU_TAR": "B3", "SIT_ATIV": "DS", "DAT_CON": "01/02/1973", "CAR_INST": 7.5, "LIV": 0, "ARE_LOC": "UB", "TIP_SIST": "RD_INTERLIG", "ENE_01": 688.0, "ENE_02": 597.0, "ENE_03": 905.53, "ENE_04": 493.0, "ENE_05": 553.0, "ENE_06": 428.0, "ENE_07": 388.92, "ENE_08": 275.72, "ENE_09": 537.0, "ENE_10": 612.0, "ENE_11": 282.02, "ENE_12": 602.45, "DIC_01": 0.0, "DIC_02": 0.0, "DIC_03": 0.0, "DIC_04": 0.0, "DIC_05": 0.0, "DIC_06": 0.0, "DIC_07": 0.31, "DIC_08": 0.0, "DIC_09": 0.0, "DIC_10": 0.0, "DIC_11": 0.0, "DIC_12": 0.0, "FIC_01": 0.0, "FIC_02": 0.0, "FIC_03": 0.0, "FIC_04": 0.0, "FIC_05": 0.0, "FIC_06": 0.0, "FIC_07": 2.0, "FIC_08": 0.0, "FIC_09": 0.0, "FIC_10": 0.0, "FIC_11": 0.0, "FIC_12": 0.0, "SEMRED": 0, "DESCR": " ", "COD_ID": "1bc072a753423527b6c9e33c2742dfc21d93f4907fabb1d11483d2fc0974ee1f", "__layer": "UCBT_tab", "lon": null, "lat": null }, "geometry": null },
{ "type": "Feature", "properties": { "DIST": 390, "PAC": "33071144739360737L", "RAMAL": "12297875S1", "PN_CON": "10971323", "UNI_TR_MT": "14374375", "CTMT": "AUG0201", "UNI_TR_AT": "DAUG-EQ-TR2", "SUB": "DAUG", "CONJ": 16596, "MUN": "3550308", "CEG_GD": " ", "BRR": "AV PAULISTA 2006 BELA VISTA", "CEP": "01310-200", "CLAS_SUB": "CO1", "CNAE": "8291-1/00", "TIP_CC": "COM-Tipo02", "FAS_CON": "ABN", "GRU_TEN": "BT", "TEN_FORN": "10", "GRU_TAR": "B3", "SIT_ATIV": "DS", "DAT_CON": "01/10/1980", "CAR_INST": 2.4, "LIV": 0, "ARE_LOC": "UB", "TIP_SIST": "RD_INTERLIG", "ENE_01": 521.0, "ENE_02": 465.0, "ENE_03": 730.512, "ENE_04": 358.0, "ENE_05": 433.0, "ENE_06": 267.0, "ENE_07": 242.76, "ENE_08": 220.21, "ENE_09": 401.0, "ENE_10": 497.0, "ENE_11": 232.46, "ENE_12": 430.32, "DIC_01": 0.0, "DIC_02": 0.0, "DIC_03": 0.0, "DIC_04": 0.0, "DIC_05": 0.0, "DIC_06": 0.0, "DIC_07": 0.31, "DIC_08": 0.0, "DIC_09": 0.0, "DIC_10": 0.0, "DIC_11": 0.0, "DIC_12": 0.0, "FIC_01": 0.0, "FIC_02": 0.0, "FIC_03": 0.0, "FIC_04": 0.0, "FIC_05": 0.0, "FIC_06": 0.0, "FIC_07": 2.0, "FIC_08": 0.0, "FIC_09": 0.0, "FIC_10": 0.0, "FIC_11": 0.0, "FIC_12": 0.0, "SEMRED": 0, "DESCR": " ", "COD_ID": "78aa30a4e5e4c5c5fd3fc4f49858f3002f41d80f938a1eb9f310988238495f2c", "__layer": "UCBT_tab", "lon": null, "lat": null }, "geometry": null },
{ "type": "Feature", "properties": { "DIST": 390, "PAC": "33071144739360737L", "RAMAL": "12297875S1", "PN_CON": "10971323", "UNI_TR_MT": "14374375", "CTMT": "AUG0201", "UNI_TR_AT": "DAUG-EQ-TR2", "SUB": "DAUG", "CONJ": 16596, "MUN": "3550308", "CEG_GD": " ", "BRR": "AV PAULISTA 2006 BELA VISTA", "CEP": "01310-200", "CLAS_SUB": "RE1", "CNAE": " ", "TIP_CC": "RES-Tipo04", "FAS_CON": "ABN", "GRU_TEN": "BT", "TEN_FORN": "10", "GRU_TAR": "B1", "SIT_ATIV": "DS", "DAT_CON": "01/05/1989", "CAR_INST": 11.4, "LIV": 0, "ARE_LOC": "UB", "TIP_SIST": "RD_INTERLIG", "ENE_01": 127.58, "ENE_02": 319.0, "ENE_03": 304.0, "ENE_04": 50.0, "ENE_05": 1.0, "ENE_06": 50.0, "ENE_07": 50.0, "ENE_08": 28.0, "ENE_09": 504.0, "ENE_10": 507.0, "ENE_11": 369.0, "ENE_12": 416.52, "DIC_01": 0.0, "DIC_02": 0.0, "DIC_03": 0.0, "DIC_04": 0.0, "DIC_05": 0.0, "DIC_06": 0.0, "DIC_07": 0.31, "DIC_08": 0.0, "DIC_09": 0.0, "DIC_10": 0.0, "DIC_11": 0.0, "DIC_12": 0.0, "FIC_01": 0.0, "FIC_02": 0.0, "FIC_03": 0.0, "FIC_04": 0.0, "FIC_05": 0.0, "FIC_06": 0.0, "FIC_07": 2.0, "FIC_08": 0.0, "FIC_09": 0.0, "FIC_10": 0.0, "FIC_11": 0.0, "FIC_12": 0.0, "SEMRED": 0, "DESCR": " ", "COD_ID": "4d17aa726e89dd572bf0c5e155d4dd219edc5323347e58da4d0137d48f30aea7", "__layer": "UCBT_tab", "lon": null, "lat": null }, "geometry": null },
{ "type": "Feature", "properties": { "DIST": 390, "PAC": "33071144739360737L", "RAMAL": "12297875S1", "PN_CON": "10971323", "UNI_TR_MT": "14374375", "CTMT": "AUG0201", "UNI_TR_AT": "DAUG-EQ-TR2", "SUB": "DAUG", "CONJ": 16596, "MUN": "3550308", "CEG_GD": " ", "BRR": "AV PAULISTA 2006 BELA VISTA", "CEP": "01310-200", "CLAS_SUB": "CO9", "CNAE": "4619-2/00", "TIP_CC": "COM-Tipo02", "FAS_CON": "ABCN", "GRU_TEN": "BT", "TEN_FORN": "10", "GRU_TAR": "B3", "SIT_ATIV": "DS", "DAT_CON": "01/06/1975", "CAR_INST": 31.2, "LIV": 0, "ARE_LOC": "UB", "TIP_SIST": "RD_INTERLIG", "ENE_01": 100.0, "ENE_02": 100.0, "ENE_03": 108.707, "ENE_04": 20.0, "ENE_05": 100.0, "ENE_06": 20.0, "ENE_07": 84.0, "ENE_08": 85.4, "ENE_09": 100.0, "ENE_10": 100.0, "ENE_11": 59.0, "ENE_12": 19.12, "DIC_01": 0.0, "DIC_02": 0.0, "DIC_03": 0.0, "DIC_04": 0.0, "DIC_05": 0.0, "DIC_06": 0.0, "DIC_07": 0.31, "DIC_08": 0.0, "DIC_09": 0.0, "DIC_10": 0.0, "DIC_11": 0.0, "DIC_12": 0.0, "FIC_01": 0.0, "FIC_02": 0.0, "FIC_03": 0.0, "FIC_04": 0.0, "FIC_05": 0.0, "FIC_06": 0.0, "FIC_07": 2.0, "FIC_08": 0.0, "FIC_09": 0.0, "FIC_10": 0.0, "FIC_11": 0.0, "FIC_12": 0.0, "SEMRED": 0, "DESCR": " ", "COD_ID": "bbebbc2d7af0ad8fa72ff1009cd31b89952c045c043eb21887cff42e5ef22e48", "__layer": "UCBT_tab", "lon": null, "lat": null }, "geometry": null },
{ "type": "Feature", "properties": { "DIST": 390, "PAC": "33046946739376413L", "RAMAL": "12296951S1", "PN_CON": "1309239", "UNI_TR_MT": "14372994", "CTMT": "IBP0201", "UNI_TR_AT": "DIBP-EQ-TR1", "SUB": "DIBP", "CONJ": 16584, "MUN": "3550308", "CEG_GD": " ", "BRR": "AV PAULISTA 2028 BELA VISTA", "CEP": "01310-200", "CLAS_SUB": "CO9", "CNAE": "6421-2/00", "TIP_CC": "COM-Tipo05", "FAS_CON": "ABN", "GRU_TEN": "BT", "TEN_FORN": "10", "GRU_TAR": "B3", "SIT_ATIV": "AT", "DAT_CON": "01/08/1977", "CAR_INST": 61.4, "LIV": 0, "ARE_LOC": "UB", "TIP_SIST": "RD_INTERLIG", "ENE_01": 2480.0, "ENE_02": 3160.0, "ENE_03": 3217.73, "ENE_04": 3120.0, "ENE_05": 2600.0, "ENE_06": 2320.0, "ENE_07": 1612.8, "ENE_08": 1000.4, "ENE_09": 2240.0, "ENE_10": 3240.0, "ENE_11": 1486.8, "ENE_12": 2448.08, "DIC_01": 0.0, "DIC_02": 0.0, "DIC_03": 0.0, "DIC_04": 0.0, "DIC_05": 0.0, "DIC_06": 0.0, "DIC_07": 0.0, "DIC_08": 0.0, "DIC_09": 0.0, "DIC_10": 0.0, "DIC_11": 0.0, "DIC_12": 0.0, "FIC_01": 0.0, "FIC_02": 0.0, "FIC_03": 0.0, "FIC_04": 0.0, "FIC_05": 0.0, "FIC_06": 0.0, "FIC_07": 0.0, "FIC_08": 0.0, "FIC_09": 0.0, "FIC_10": 0.0, "FIC_11": 0.0, "FIC_12": 0.0, "SEMRED": 0, "DESCR": " ", "COD_ID": "80e9405d8fd3edca6df0a09650131f27fc11eb731bab9ae307afdfdf178e29d5", "__layer": "UCBT_tab", "lon": null, "lat": null }, "geometry": null },
{ "type": "Feature", "properties": { "DIST": 390, "PAC": "33061008739369866L", "RAMAL": "12297501S1", "PN_CON": "10971152", "UNI_TR_MT": "14373896", "CTMT": "AUG0201", "UNI_TR_AT": "DAUG-EQ-TR2", "SUB": "DAUG", "CONJ": 16596, "MUN": "3550308", "CEG_GD": " ", "BRR": "AV PAULISTA 2064 BELA VISTA", "CEP": "01310-200", "CLAS_SUB": "CO1", "CNAE": "5611-2/03", "TIP_CC": "COM-Tipo04", "FAS_CON": "ABN", "GRU_TEN": "BT", "TEN_FORN": "10", "GRU_TAR": "B3", "SIT_ATIV": "DS", "DAT_CON": "01/12/1989", "CAR_INST": 5.6, "LIV": 0, "ARE_LOC": "UB", "TIP_SIST": "RD_INTERLIG", "ENE_01": 4455.0, "ENE_02": 4911.0, "ENE_03": 4714.627, "ENE_04": 5034.0, "ENE_05": 6250.0, "ENE_06": 5272.0, "ENE_07": 3995.04, "ENE_08": 2867.0, "ENE_09": 5028.0, "ENE_10": 5368.0, "ENE_11": 2529.92, "ENE_12": 3915.98, "DIC_01": 0.0, "DIC_02": 0.0, "DIC_03": 0.0, "DIC_04": 0.0, "DIC_05": 0.0, "DIC_06": 0.0, "DIC_07": 0.31, "DIC_08": 0.0, "DIC_09": 0.0, "DIC_10": 0.0, "DIC_11": 0.0, "DIC_12": 0.0, "FIC_01": 0.0, "FIC_02": 0.0, "FIC_03": 0.0, "FIC_04": 0.0, "FIC_05": 0.0, "FIC_06": 0.0, "FIC_07": 2.0, "FIC_08": 0.0, "FIC_09": 0.0, "FIC_10": 0.0, "FIC_11": 0.0, "FIC_12": 0.0, "SEMRED": 0, "DESCR": " ", "COD_ID": "0fa7ee9f67bb2c7f63a265f5a80f31f084aa17bf3a00f7610263159d09a3ddc9", "__layer": "UCBT_tab", "lon": null, "lat": null }, "geometry": null },
{ "type": "Feature", "properties": { "DIST": 390, "PAC": "33061008739369866L", "RAMAL": "12297501S1", "PN_CON": "10971152", "UNI_TR_MT": "14373896", "CTMT": "AUG0201", "UNI_TR_AT": "DAUG-EQ-TR2", "SUB": "DAUG", "CONJ": 16596, "MUN": "3550308", "CEG_GD": " ", "BRR": "AV PAULISTA 2064 BELA VISTA", "CEP": "01310-200", "CLAS_SUB": "CO1", "CNAE": "8112-5/00", "TIP_CC": "COM-Tipo02", "FAS_CON": "ABCN", "GRU_TEN": "BT", "TEN_FORN": "10", "GRU_TAR": "B3", "SIT_ATIV": "DS", "DAT_CON": "01/11/1987", "CAR_INST": 13.5, "LIV": 0, "ARE_LOC": "UB", "TIP_SIST": "RD_INTERLIG", "ENE_01": 445.0, "ENE_02": 158.0, "ENE_03": 101.098, "ENE_04": 149.0, "ENE_05": 117.0, "ENE_06": 42.0, "ENE_07": 488.88, "ENE_08": 538.02, "ENE_09": 694.0, "ENE_10": 706.0, "ENE_11": 554.6, "ENE_12": 386.33, "DIC_01": 0.0, "DIC_02": 0.0, "DIC_03": 0.0, "DIC_04": 0.0, "DIC_05": 0.0, "DIC_06": 0.0, "DIC_07": 0.31, "DIC_08": 0.0, "DIC_09": 0.0, "DIC_10": 0.0, "DIC_11": 0.0, "DIC_12": 0.0, "FIC_01": 0.0, "FIC_02": 0.0, "FIC_03": 0.0, "FIC_04": 0.0, "FIC_05": 0.0, "FIC_06": 0.0, "FIC_07": 2.0, "FIC_08": 0.0, "FIC_09": 0.0, "FIC_10": 0.0, "FIC_11": 0.0, "FIC_12": 0.0, "SEMRED": 0, "DESCR": " ", "COD_ID": "d778eaec49de98afee2db862f169fda3413279790c371246b9b69b870e00b4c3", "__layer": "UCBT_tab", "lon": null, "lat": null }, "geometry": null },
{ "type": "Feature", "properties": { "DIST": 390, "PAC": "33073873739357834L", "RAMAL": "12298004S1", "PN_CON": "10971365", "UNI_TR_MT": "14374600", "CTMT": "AUG0201", "UNI_TR_AT": "DAUG-EQ-TR2", "SUB": "DAUG", "CONJ": 16596, "MUN": "3550308", "CEG_GD": " ", "BRR": "AV PAULISTA 1904 BELA VISTA", "CEP": "01310-200", "CLAS_SUB": "CO9", "CNAE": "8711-5/05", "TIP_CC": "COM-Tipo02", "FAS_CON": "ABCN", "GRU_TEN": "BT", "TEN_FORN": "10", "GRU_TAR": "B3", "SIT_ATIV": "AT", "DAT_CON": "07/11/1991", "CAR_INST": 11.0, "LIV": 0, "ARE_LOC": "UB", "TIP_SIST": "RD_INTERLIG", "ENE_01": 100.0, "ENE_02": 40.0, "ENE_03": 54.354, "ENE_04": 40.0, "ENE_05": 30.0, "ENE_06": 20.0, "ENE_07": 100.8, "ENE_08": 61.0, "ENE_09": 100.0, "ENE_10": 100.0, "ENE_11": 17.7, "ENE_12": 19.12, "DIC_01": 0.0, "DIC_02": 0.0, "DIC_03": 0.0, "DIC_04": 0.0, "DIC_05": 0.0, "DIC_06": 0.0, "DIC_07": 0.31, "DIC_08": 0.0, "DIC_09": 0.0, "DIC_10": 0.0, "DIC_11": 0.0, "DIC_12": 0.0, "FIC_01": 0.0, "FIC_02": 0.0, "FIC_03": 0.0, "FIC_04": 0.0, "FIC_05": 0.0, "FIC_06": 0.0, "FIC_07": 2.0, "FIC_08": 0.0, "FIC_09": 0.0, "FIC_10": 0.0, "FIC_11": 0.0, "FIC_12": 0.0, "SEMRED": 0, "DESCR": " ", "COD_ID": "34280940ffda6afaaeecff1bcc5ee04fedbb5f0887848f53a00b42da69d894bb", "__layer": "UCBT_tab", "lon": null, "lat": null }, "geometry": null },
{ "type": "Feature", "properties": { "DIST": 390, "PAC": "33073873739357834L", "RAMAL": "12298004S1", "PN_CON": "10971365", "UNI_TR_MT": "14374600", "CTMT": "AUG0201", "UNI_TR_AT": "DAUG-EQ-TR2", "SUB": "DAUG", "CONJ": 16596, "MUN": "3550308", "CEG_GD": " ", "BRR": "AV PAULISTA 1912 BELA VISTA", "CEP": "01310-200", "CLAS_SUB": "PP1", "CNAE": "8423-0/00", "TIP_CC": "SP-Tipo07", "FAS_CON": "ABCN", "GRU_TEN": "BT", "TEN_FORN": "10", "GRU_TAR": "B3", "SIT_ATIV": "AT", "DAT_CON": "10/01/1992", "CAR_INST": 22.8, "LIV": 0, "ARE_LOC": "UB", "TIP_SIST": "RD_INTERLIG", "ENE_01": 695.4, "ENE_02": 402.0, "ENE_03": 1750.0, "ENE_04": 1188.61, "ENE_05": 1570.0, "ENE_06": 1020.0, "ENE_07": 1490.0, "ENE_08": 1510.0, "ENE_09": 1250.0, "ENE_10": 1470.0, "ENE_11": 1240.0, "ENE_12": 1320.25, "DIC_01": 0.0, "DIC_02": 0.0, "DIC_03": 0.0, "DIC_04": 0.0, "DIC_05": 0.0, "DIC_06": 0.0, "DIC_07": 0.31, "DIC_08": 0.0, "DIC_09": 0.0, "DIC_10": 0.0, "DIC_11": 0.0, "DIC_12": 0.0, "FIC_01": 0.0, "FIC_02": 0.0, "FIC_03": 0.0, "FIC_04": 0.0, "FIC_05": 0.0, "FIC_06": 0.0, "FIC_07": 2.0, "FIC_08": 0.0, "FIC_09": 0.0, "FIC_10": 0.0, "FIC_11": 0.0, "FIC_12": 0.0, "SEMRED": 0, "DESCR": " ", "COD_ID": "7181fbcc4ec7eea3d14b4479a1adf439c1a2456b9b27a142bc754a4cc81154ae", "__layer": "UCBT_tab", "lon": null, "lat": null }, "geometry": null },
{ "type": "Feature", "properties": { "DIST": 390, "PAC": "33073873739357834L", "RAMAL": "12298004S1", "PN_CON": "10971365", "UNI_TR_MT": "14374600", "CTMT": "AUG0201", "UNI_TR_AT": "DAUG-EQ-TR2", "SUB": "DAUG", "CONJ": 16596, "MUN": "3550308", "CEG_GD": " ", "BRR": "AV PAULISTA 1904 BELA VISTA", "CEP": "01310-200", "CLAS_SUB": "PP1", "CNAE": "8423-0/00", "TIP_CC": "SP-Tipo06", "FAS_CON": "ABCN", "GRU_TEN": "BT", "TEN_FORN": "10", "GRU_TAR": "B3", "SIT_ATIV": "AT", "DAT_CON": "10/01/1992", "CAR_INST": 22.8, "LIV": 0, "ARE_LOC": "UB", "TIP_SIST": "RD_INTERLIG", "ENE_01": 152.5, "ENE_02": 105.0, "ENE_03": 610.0, "ENE_04": 436.109, "ENE_05": 510.0, "ENE_06": 480.0, "ENE_07": 300.0, "ENE_08": 490.0, "ENE_09": 460.0, "ENE_10": 610.0, "ENE_11": 470.0, "ENE_12": 490.09, "DIC_01": 0.0, "DIC_02": 0.0, "DIC_03": 0.0, "DIC_04": 0.0, "DIC_05": 0.0, "DIC_06": 0.0, "DIC_07": 0.31, "DIC_08": 0.0, "DIC_09": 0.0, "DIC_10": 0.0, "DIC_11": 0.0, "DIC_12": 0.0, "FIC_01": 0.0, "FIC_02": 0.0, "FIC_03": 0.0, "FIC_04": 0.0, "FIC_05": 0.0, "FIC_06": 0.0, "FIC_07": 2.0, "FIC_08": 0.0, "FIC_09": 0.0, "FIC_10": 0.0, "FIC_11": 0.0, "FIC_12": 0.0, "SEMRED": 0, "DESCR": " ", "COD_ID": "3b99efb20e544b4bdd1e8e18b32c35892b39118233694659dd6290e9f452e28d", "__layer": "UCBT_tab", "lon": null, "lat": null }, "geometry": null },
{ "type": "Feature", "properties": { "DIST": 390, "PAC": "33073873739357834L", "RAMAL": "12298004S1", "PN_CON": "10971365", "UNI_TR_MT": "14374600", "CTMT": "AUG0201", "UNI_TR_AT": "DAUG-EQ-TR2", "SUB": "DAUG", "CONJ": 16596, "MUN": "3550308", "CEG_GD": " ", "BRR": "AV PAULISTA 1904 BELA VISTA", "CEP": "01310-200", "CLAS_SUB": "CO1", "CNAE": "6810-2/02", "TIP_CC": "COM-Tipo02", "FAS_CON": "ABCN", "GRU_TEN": "BT", "TEN_FORN": "10", "GRU_TAR": "B3", "SIT_ATIV": "AT", "DAT_CON": "10/01/1992", "CAR_INST": 23.2, "LIV": 0, "ARE_LOC": "UB", "TIP_SIST": "RD_INTERLIG", "ENE_01": 400.0, "ENE_02": 1150.0, "ENE_03": 1619.736, "ENE_04": 1260.0, "ENE_05": 1310.0, "ENE_06": 1300.0, "ENE_07": 1092.0, "ENE_08": 732.0, "ENE_09": 830.0, "ENE_10": 1260.0, "ENE_11": 578.2, "ENE_12": 765.02, "DIC_01": 0.0, "DIC_02": 0.0, "DIC_03": 0.0, "DIC_04": 0.0, "DIC_05": 0.0, "DIC_06": 0.0, "DIC_07": 0.31, "DIC_08": 0.0, "DIC_09": 0.0, "DIC_10": 0.0, "DIC_11": 0.0, "DIC_12": 0.0, "FIC_01": 0.0, "FIC_02": 0.0, "FIC_03": 0.0, "FIC_04": 0.0, "FIC_05": 0.0, "FIC_06": 0.0, "FIC_07": 2.0, "FIC_08": 0.0, "FIC_09": 0.0, "FIC_10": 0.0, "FIC_11": 0.0, "FIC_12": 0.0, "SEMRED": 0, "DESCR": " ", "COD_ID": "b0de2775831b11113c51e8d3b2792899420c639b6a8a9755c0f399ea2fa55727", "__layer": "UCBT_tab", "lon": null, "lat": null }, "geometry": null },
{ "type": "Feature", "properties": { "DIST": 390, "PAC": "33073873739357834L", "RAMAL": "12298004S1", "PN_CON": "10971365", "UNI_TR_MT": "14374600", "CTMT": "AUG0201", "UNI_TR_AT": "DAUG-EQ-TR2", "SUB": "DAUG", "CONJ": 16596, "MUN": "3550308", "CEG_GD": " ", "BRR": "AV PAULISTA 1904 BELA VISTA", "CEP": "01310-200", "CLAS_SUB": "PP1", "CNAE": "6423-9/00", "TIP_CC": "SP-Tipo06", "FAS_CON": "ABCN", "GRU_TEN": "BT", "TEN_FORN": "10", "GRU_TAR": "B3", "SIT_ATIV": "AT", "DAT_CON": "10/01/1992", "CAR_INST": 23.2, "LIV": 0, "ARE_LOC": "UB", "TIP_SIST": "RD_INTERLIG", "ENE_01": 61.0, "ENE_02": 30.0, "ENE_03": 100.0, "ENE_04": 162.472, "ENE_05": 270.0, "ENE_06": 140.0, "ENE_07": 270.0, "ENE_08": 100.0, "ENE_09": 100.0, "ENE_10": 100.0, "ENE_11": 100.0, "ENE_12": 10.0, "DIC_01": 0.0, "DIC_02": 0.0, "DIC_03": 0.0, "DIC_04": 0.0, "DIC_05": 0.0, "DIC_06": 0.0, "DIC_07": 0.31, "DIC_08": 0.0, "DIC_09": 0.0, "DIC_10": 0.0, "DIC_11": 0.0, "DIC_12": 0.0, "FIC_01": 0.0, "FIC_02": 0.0, "FIC_03": 0.0, "FIC_04": 0.0, "FIC_05": 0.0, "FIC_06": 0.0, "FIC_07": 2.0, "FIC_08": 0.0, "FIC_09": 0.0, "FIC_10": 0.0, "FIC_11": 0.0, "FIC_12": 0.0, "SEMRED": 0, "DESCR": " ", "COD_ID": "416cabb103985d5257ff594a339a9a9c632f9ef5448bee09ac2866498a1ef586", "__layer": "UCBT_tab", "lon": null, "lat": null }, "geometry": null },
{ "type": "Feature", "properties": { "DIST": 390, "PAC": "33073873739357834L", "RAMAL": "12298004S1", "PN_CON": "10971365", "UNI_TR_MT": "14374600", "CTMT": "AUG0201", "UNI_TR_AT": "DAUG-EQ-TR2", "SUB": "DAUG", "CONJ": 16596, "MUN": "3550308", "CEG_GD": " ", "BRR": "AV PAULISTA 1904 BELA VISTA", "CEP": "01310-200", "CLAS_SUB": "CO1", "CNAE": "6911-7/01", "TIP_CC": "COM-Tipo02", "FAS_CON": "ABCN", "GRU_TEN": "BT", "TEN_FORN": "10", "GRU_TAR": "B3", "SIT_ATIV": "AT", "DAT_CON": "10/01/1992", "CAR_INST": 23.2, "LIV": 0, "ARE_LOC": "UB", "TIP_SIST": "RD_INTERLIG", "ENE_01": 320.0, "ENE_02": 370.0, "ENE_03": 467.441, "ENE_04": 300.0, "ENE_05": 360.0, "ENE_06": 220.0, "ENE_07": 235.2, "ENE_08": 195.2, "ENE_09": 320.0, "ENE_10": 340.0, "ENE_11": 200.6, "ENE_12": 315.57, "DIC_01": 0.0, "DIC_02": 0.0, "DIC_03": 0.0, "DIC_04": 0.0, "DIC_05": 0.0, "DIC_06": 0.0, "DIC_07": 0.31, "DIC_08": 0.0, "DIC_09": 0.0, "DIC_10": 0.0, "DIC_11": 0.0, "DIC_12": 0.0, "FIC_01": 0.0, "FIC_02": 0.0, "FIC_03": 0.0, "FIC_04": 0.0, "FIC_05": 0.0, "FIC_06": 0.0, "FIC_07": 2.0, "FIC_08": 0.0, "FIC_09": 0.0, "FIC_10": 0.0, "FIC_11": 0.0, "FIC_12": 0.0, "SEMRED": 0, "DESCR": " ", "COD_ID": "8114f4726d168d9887b93dab959f90bbb3887a326ad39385c89153bcc3594139", "__layer": "UCBT_tab", "lon": null, "lat": null }, "geometry": null },
{ "type": "Feature", "properties": { "DIST": 390, "PAC": "33073873739357834L", "RAMAL": "12298004S1", "PN_CON": "10971365", "UNI_TR_MT": "14374600", "CTMT": "AUG0201", "UNI_TR_AT": "DAUG-EQ-TR2", "SUB": "DAUG", "CONJ": 16596, "MUN": "3550308", "CEG_GD": " ", "BRR": "AV PAULISTA 1904 BELA VISTA", "CEP": "01310-200", "CLAS_SUB": "CO1", "CNAE": "6810-2/02", "TIP_CC": "COM-Tipo02", "FAS_CON": "ABCN", "GRU_TEN": "BT", "TEN_FORN": "10", "GRU_TAR": "B3", "SIT_ATIV": "AT", "DAT_CON": "10/01/1992", "CAR_INST": 23.2, "LIV": 0, "ARE_LOC": "UB", "TIP_SIST": "RD_INTERLIG", "ENE_01": 100.0, "ENE_02": 100.0, "ENE_03": 108.707, "ENE_04": 30.0, "ENE_05": 40.0, "ENE_06": 100.0, "ENE_07": 84.0, "ENE_08": 48.8, "ENE_09": 150.0, "ENE_10": 570.0, "ENE_11": 424.8, "ENE_12": 612.02, "DIC_01": 0.0, "DIC_02": 0.0, "DIC_03": 0.0, "DIC_04": 0.0, "DIC_05": 0.0, "DIC_06": 0.0, "DIC_07": 0.31, "DIC_08": 0.0, "DIC_09": 0.0, "DIC_10": 0.0, "DIC_11": 0.0, "DIC_12": 0.0, "FIC_01": 0.0, "FIC_02": 0.0, "FIC_03": 0.0, "FIC_04": 0.0, "FIC_05": 0.0, "FIC_06": 0.0, "FIC_07": 2.0, "FIC_08": 0.0, "FIC_09": 0.0, "FIC_10": 0.0, "FIC_11": 0.0, "FIC_12": 0.0, "SEMRED": 0, "DESCR": " ", "COD_ID": "269a9075451f76b49953d4c34a1ad0e7463554146cdb8d0f53975e815e7128d4", "__layer": "UCBT_tab", "lon": null, "lat": null }, "geometry": null },
{ "type": "Feature", "properties": { "DIST": 390, "PAC": "33071144739360737L", "RAMAL": "12297875S1", "PN_CON": "10971323", "UNI_TR_MT": "14374375", "CTMT": "AUG0201", "UNI_TR_AT": "DAUG-EQ-TR2", "SUB": "DAUG", "CONJ": 16596, "MUN": "3550308", "CEG_GD": " ", "BRR": "AV PAULISTA 2006 BELA VISTA", "CEP": "01310-200", "CLAS_SUB": "CO1", "CNAE": "9602-5/02", "TIP_CC": "COM-Tipo02", "FAS_CON": "ABN", "GRU_TEN": "BT", "TEN_FORN": "10", "GRU_TAR": "B3", "SIT_ATIV": "AT", "DAT_CON": "24/03/1992", "CAR_INST": 2.7, "LIV": 0, "ARE_LOC": "UB", "TIP_SIST": "RD_INTERLIG", "ENE_01": 400.0, "ENE_02": 480.0, "ENE_03": 619.63, "ENE_04": 490.0, "ENE_05": 510.0, "ENE_06": 450.0, "ENE_07": 394.8, "ENE_08": 305.0, "ENE_09": 410.0, "ENE_10": 470.0, "ENE_11": 259.6, "ENE_12": 459.01, "DIC_01": 0.0, "DIC_02": 0.0, "DIC_03": 0.0, "DIC_04": 0.0, "DIC_05": 0.0, "DIC_06": 0.0, "DIC_07": 0.31, "DIC_08": 0.0, "DIC_09": 0.0, "DIC_10": 0.0, "DIC_11": 0.0, "DIC_12": 0.0, "FIC_01": 0.0, "FIC_02": 0.0, "FIC_03": 0.0, "FIC_04": 0.0, "FIC_05": 0.0, "FIC_06": 0.0, "FIC_07": 2.0, "FIC_08": 0.0, "FIC_09": 0.0, "FIC_10": 0.0, "FIC_11": 0.0, "FIC_12": 0.0, "SEMRED": 0, "DESCR": " ", "COD_ID": "21cea8c180ea64dc59b9c2e376000534b7dd431f0b8bc883c1b6521232a87f1b", "__layer": "UCBT_tab", "lon": null, "lat": null }, "geometry": null },
{ "type": "Feature", "properties": { "DIST": 390, "PAC": "33071144739360737L", "RAMAL": "12297875S1", "PN_CON": "10971323", "UNI_TR_MT": "14374375", "CTMT": "AUG0201", "UNI_TR_AT": "DAUG-EQ-TR2", "SUB": "DAUG", "CONJ": 16596, "MUN": "3550308", "CEG_GD": " ", "BRR": "AV PAULISTA 2006 BELA VISTA", "CEP": "01310-200", "CLAS_SUB": "RE1", "CNAE": " ", "TIP_CC": "RES-Tipo03", "FAS_CON": "ABCN", "GRU_TEN": "BT", "TEN_FORN": "10", "GRU_TAR": "B1", "SIT_ATIV": "DS", "DAT_CON": "08/02/1993", "CAR_INST": 6.5, "LIV": 0, "ARE_LOC": "UB", "TIP_SIST": "RD_INTERLIG", "ENE_01": 35.02, "ENE_02": 120.0, "ENE_03": 130.0, "ENE_04": 110.0, "ENE_05": 100.0, "ENE_06": 90.0, "ENE_07": 100.0, "ENE_08": 100.0, "ENE_09": 120.0, "ENE_10": 140.0, "ENE_11": 100.0, "ENE_12": 0.0, "DIC_01": 0.0, "DIC_02": 0.0, "DIC_03": 0.0, "DIC_04": 0.0, "DIC_05": 0.0, "DIC_06": 0.0, "DIC_07": 0.31, "DIC_08": 0.0, "DIC_09": 0.0, "DIC_10": 0.0, "DIC_11": 0.0, "DIC_12": 0.0, "FIC_01": 0.0, "FIC_02": 0.0, "FIC_03": 0.0, "FIC_04": 0.0, "FIC_05": 0.0, "FIC_06": 0.0, "FIC_07": 2.0, "FIC_08": 0.0, "FIC_09": 0.0, "FIC_10": 0.0, "FIC_11": 0.0, "FIC_12": 0.0, "SEMRED": 0, "DESCR": " ", "COD_ID": "76601591c663fc1178c3d0d08191ca122d27faab2828ce4f7d3abe19d0c3a3c8", "__layer": "UCBT_tab", "lon": null, "lat": null }, "geometry": null },
{ "type": "Feature", "properties": { "DIST": 390, "PAC": "33071144739360737L", "RAMAL": "12297875S1", "PN_CON": "10971323", "UNI_TR_MT": "14374375", "CTMT": "AUG0201", "UNI_TR_AT": "DAUG-EQ-TR2", "SUB": "DAUG", "CONJ": 16596, "MUN": "3550308", "CEG_GD": " ", "BRR": "AV PAULISTA 2006 BELA VISTA", "CEP": "01310-200", "CLAS_SUB": "RE1", "CNAE": " ", "TIP_CC": "RES-Tipo03", "FAS_CON": "ABCN", "GRU_TEN": "BT", "TEN_FORN": "10", "GRU_TAR": "B1", "SIT_ATIV": "DS", "DAT_CON": "16/03/1993", "CAR_INST": 0.3, "LIV": 0, "ARE_LOC": "UB", "TIP_SIST": "RD_INTERLIG", "ENE_01": 100.06, "ENE_02": 0.0, "ENE_03": 0.0, "ENE_04": 0.0, "ENE_05": 0.0, "ENE_06": 20.0, "ENE_07": 50.0, "ENE_08": 20.0, "ENE_09": 50.0, "ENE_10": 10.0, "ENE_11": 10.0, "ENE_12": 0.0, "DIC_01": 0.0, "DIC_02": 0.0, "DIC_03": 0.0, "DIC_04": 0.0, "DIC_05": 0.0, "DIC_06": 0.0, "DIC_07": 0.31, "DIC_08": 0.0, "DIC_09": 0.0, "DIC_10": 0.0, "DIC_11": 0.0, "DIC_12": 0.0, "FIC_01": 0.0, "FIC_02": 0.0, "FIC_03": 0.0, "FIC_04": 0.0, "FIC_05": 0.0, "FIC_06": 0.0, "FIC_07": 2.0, "FIC_08": 0.0, "FIC_09": 0.0, "FIC_10": 0.0, "FIC_11": 0.0, "FIC_12": 0.0, "SEMRED": 0, "DESCR": " ", "COD_ID": "d85fadaec28a16e97263a82a724d21e2fcd7ccf6844fc46b742ba01156574a36", "__layer": "UCBT_tab", "lon": null, "lat": null }, "geometry": null },
{ "type": "Feature", "properties": { "DIST": 390, "PAC": "33061008739369866L", "RAMAL": "12297501S1", "PN_CON": "10971152", "UNI_TR_MT": "14373896", "CTMT": "AUG0201", "UNI_TR_AT": "DAUG-EQ-TR2", "SUB": "DAUG", "CONJ": 16584, "MUN": "3550308", "CEG_GD": " ", "BRR": "AV PAULISTA 2064 BELA VISTA", "CEP": "01310-200", "CLAS_SUB": "RE1", "CNAE": " ", "TIP_CC": "COM-Tipo02", "FAS_CON": "ABCN", "GRU_TEN": "BT", "TEN_FORN": "10", "GRU_TAR": "B1", "SIT_ATIV": "AT", "DAT_CON": "07/07/1994", "CAR_INST": 2.0, "LIV": 0, "ARE_LOC": "UB", "TIP_SIST": "RD_INTERLIG", "ENE_01": 138.59, "ENE_02": 237.0, "ENE_03": 212.0, "ENE_04": 320.0, "ENE_05": 282.0, "ENE_06": 276.0, "ENE_07": 0.0, "ENE_08": 0.0, "ENE_09": 0.0, "ENE_10": 0.0, "ENE_11": 95.0, "ENE_12": 208.74, "DIC_01": 0.0, "DIC_02": 0.0, "DIC_03": 0.0, "DIC_04": 0.0, "DIC_05": 0.0, "DIC_06": 0.0, "DIC_07": 0.0, "DIC_08": 0.0, "DIC_09": 0.0, "DIC_10": 0.0, "DIC_11": 0.0, "DIC_12": 0.0, "FIC_01": 0.0, "FIC_02": 0.0, "FIC_03": 0.0, "FIC_04": 0.0, "FIC_05": 0.0, "FIC_06": 0.0, "FIC_07": 0.0, "FIC_08": 0.0, "FIC_09": 0.0, "FIC_10": 0.0, "FIC_11": 0.0, "FIC_12": 0.0, "SEMRED": 0, "DESCR": " ", "COD_ID": "2989996b9b75371dabf36859b3610c4db563ae57ff9e26389425a500d1934d6d", "__layer": "UCBT_tab", "lon": null, "lat": null }, "geometry": null },
{ "type": "Feature", "properties": { "DIST": 390, "PAC": "33071144739360737L", "RAMAL": "12297875S1", "PN_CON": "10971323", "UNI_TR_MT": "14374375", "CTMT": "AUG0201", "UNI_TR_AT": "DAUG-EQ-TR2", "SUB": "DAUG", "CONJ": 16596, "MUN": "3550308", "CEG_GD": " ", "BRR": "AV PAULISTA 2006 BELA VISTA", "CEP": "01310-200", "CLAS_SUB": "CO9", "CNAE": "6399-2/00", "TIP_CC": "COM-Tipo02", "FAS_CON": "ABN", "GRU_TEN": "BT", "TEN_FORN": "10", "GRU_TAR": "B3", "SIT_ATIV": "AT", "DAT_CON": "06/12/1994", "CAR_INST": 4.0, "LIV": 0, "ARE_LOC": "UB", "TIP_SIST": "RD_INTERLIG", "ENE_01": 29.0, "ENE_02": 30.0, "ENE_03": 54.354, "ENE_04": 32.0, "ENE_05": 38.0, "ENE_06": 50.0, "ENE_07": 42.0, "ENE_08": 15.86, "ENE_09": 51.0, "ENE_10": 45.0, "ENE_11": 29.5, "ENE_12": 49.72, "DIC_01": 0.0, "DIC_02": 0.0, "DIC_03": 0.0, "DIC_04": 0.0, "DIC_05": 0.0, "DIC_06": 0.0, "DIC_07": 0.31, "DIC_08": 0.0, "DIC_09": 0.0, "DIC_10": 0.0, "DIC_11": 0.0, "DIC_12": 0.0, "FIC_01": 0.0, "FIC_02": 0.0, "FIC_03": 0.0, "FIC_04": 0.0, "FIC_05": 0.0, "FIC_06": 0.0, "FIC_07": 3.0, "FIC_08": 0.0, "FIC_09": 0.0, "FIC_10": 0.0, "FIC_11": 0.0, "FIC_12": 0.0, "SEMRED": 0, "DESCR": " ", "COD_ID": "1ded1d1de14d3c291f6da3cabffae40461f6a7e778c1495a192632a4f2a8fd08", "__layer": "UCBT_tab", "lon": null, "lat": null }, "geometry": null },
{ "type": "Feature", "properties": { "DIST": 390, "PAC": "33085305739347489L", "RAMAL": "12307074S1", "PN_CON": "10971552", "UNI_TR_MT": "14374950", "CTMT": "AUG0202", "UNI_TR_AT": "DAUG-EQ-TR2", "SUB": "DAUG", "CONJ": 16596, "MUN": "3550308", "CEG_GD": " ", "BRR": "AV PAULISTA 1754 BELA VISTA", "CEP": "01310-200", "CLAS_SUB": "CO9", "CNAE": "6399-2/00", "TIP_CC": "COM-Tipo02", "FAS_CON": "ABCN", "GRU_TEN": "BT", "TEN_FORN": "10", "GRU_TAR": "B3", "SIT_ATIV": "AT", "DAT_CON": "19/11/1996", "CAR_INST": 5.4, "LIV": 0, "ARE_LOC": "UB", "TIP_SIST": "RD_INTERLIG", "ENE_01": 100.0, "ENE_02": 6.0, "ENE_03": 7.609, "ENE_04": 5.0, "ENE_05": 100.0, "ENE_06": 16.0, "ENE_07": 84.0, "ENE_08": 7.32, "ENE_09": 6.0, "ENE_10": 100.0, "ENE_11": 3.54, "ENE_12": 95.62, "DIC_01": 0.0, "DIC_02": 0.0, "DIC_03": 0.0, "DIC_04": 0.0, "DIC_05": 0.0, "DIC_06": 0.0, "DIC_07": 0.29, "DIC_08": 0.0, "DIC_09": 0.0, "DIC_10": 0.0, "DIC_11": 0.0, "DIC_12": 0.0, "FIC_01": 0.0, "FIC_02": 0.0, "FIC_03": 0.0, "FIC_04": 0.0, "FIC_05": 0.0, "FIC_06": 0.0, "FIC_07": 2.0, "FIC_08": 0.0, "FIC_09": 0.0, "FIC_10": 0.0, "FIC_11": 0.0, "FIC_12": 0.0, "SEMRED": 0, "DESCR": " ", "COD_ID": "1efd4d8b08ca7ca622f169dec9018f4fb968cf79a43d4031358d276349a29dee", "__layer": "UCBT_tab", "lon": null, "lat": null }, "geometry": null },
{ "type": "Feature", "properties": { "DIST": 390, "PAC": "33093860739338162L", "RAMAL": " ", "PN_CON": "1310925", "UNI_TR_MT": "14375157", "CTMT": "AUG0202", "UNI_TR_AT": "DAUG-EQ-TR2", "SUB": "DAUG", "CONJ": 16573, "MUN": "3550308", "CEG_GD": " ", "BRR": "AV PAULISTA 1636 BELA VISTA", "CEP": "01310-200", "CLAS_SUB": "RE1", "CNAE": " ", "TIP_CC": "RES-Tipo05", "FAS_CON": "ABN", "GRU_TEN": "BT", "TEN_FORN": "10", "GRU_TAR": "B1", "SIT_ATIV": "AT", "DAT_CON": "26/06/2001", "CAR_INST": 1.9, "LIV": 0, "ARE_LOC": "UB", "TIP_SIST": "RD_INTERLIG", "ENE_01": 367.24, "ENE_02": 658.0, "ENE_03": 887.0, "ENE_04": 659.0, "ENE_05": 767.0, "ENE_06": 620.0, "ENE_07": 575.0, "ENE_08": 672.0, "ENE_09": 656.0, "ENE_10": 738.0, "ENE_11": 616.0, "ENE_12": 765.08, "DIC_01": 0.0, "DIC_02": 0.0, "DIC_03": 0.0, "DIC_04": 0.0, "DIC_05": 0.0, "DIC_06": 0.0, "DIC_07": 0.0, "DIC_08": 0.0, "DIC_09": 0.0, "DIC_10": 0.0, "DIC_11": 0.0, "DIC_12": 0.0, "FIC_01": 0.0, "FIC_02": 0.0, "FIC_03": 0.0, "FIC_04": 0.0, "FIC_05": 0.0, "FIC_06": 0.0, "FIC_07": 0.0, "FIC_08": 0.0, "FIC_09": 0.0, "FIC_10": 0.0, "FIC_11": 0.0, "FIC_12": 0.0, "SEMRED": 0, "DESCR": " ", "COD_ID": "6263d081d51823dcdfeaca819ca2ae319a7f53a607cf0b2f069b116ca3d2274a", "__layer": "UCBT_tab", "lon": null, "lat": null }, "geometry": null },
{ "type": "Feature", "properties": { "DIST": 390, "PAC": "33071144739360737L", "RAMAL": "12297875S1", "PN_CON": "10971323", "UNI_TR_MT": "14374375", "CTMT": "AUG0201", "UNI_TR_AT": "DAUG-EQ-TR2", "SUB": "DAUG", "CONJ": 16596, "MUN": "3550308", "CEG_GD": " ", "BRR": "AV PAULISTA 2006 BELA VISTA", "CEP": "01310-200", "CLAS_SUB": "CO3", "CNAE": "6110-8/01", "TIP_CC": "COM-Tipo04", "FAS_CON": "ABCN", "GRU_TEN": "BT", "TEN_FORN": "10", "GRU_TAR": "B3", "SIT_ATIV": "AT", "DAT_CON": "27/01/2003", "CAR_INST": 19.0, "LIV": 0, "ARE_LOC": "UB", "TIP_SIST": "RD_INTERLIG", "ENE_01": 6288.0, "ENE_02": 0.0, "ENE_03": 7079.006, "ENE_04": 6141.0, "ENE_05": 0.0, "ENE_06": 0.0, "ENE_07": 0.0, "ENE_08": 0.0, "ENE_09": 19169.0, "ENE_10": 19273.0, "ENE_11": 3524.07, "ENE_12": 5840.98, "DIC_01": 0.0, "DIC_02": 0.0, "DIC_03": 0.0, "DIC_04": 0.0, "DIC_05": 0.0, "DIC_06": 0.0, "DIC_07": 0.0, "DIC_08": 0.0, "DIC_09": 0.0, "DIC_10": 0.0, "DIC_11": 0.0, "DIC_12": 0.0, "FIC_01": 0.0, "FIC_02": 0.0, "FIC_03": 0.0, "FIC_04": 0.0, "FIC_05": 0.0, "FIC_06": 0.0, "FIC_07": 0.0, "FIC_08": 0.0, "FIC_09": 0.0, "FIC_10": 0.0, "FIC_11": 0.0, "FIC_12": 0.0, "SEMRED": 0, "DESCR": " ", "COD_ID": "aa0f6f29d692c7667534fab35e23fffb55db9c8c1ffa2f3f4852ebddf1192583", "__layer": "UCBT_tab", "lon": null, "lat": null }, "geometry": null },
{ "type": "Feature", "properties": { "DIST": 390, "PAC": "33071144739360737L", "RAMAL": "12297875S1", "PN_CON": "10971323", "UNI_TR_MT": "14374375", "CTMT": "AUG0201", "UNI_TR_AT": "DAUG-EQ-TR2", "SUB": "DAUG", "CONJ": 16596, "MUN": "3550308", "CEG_GD": " ", "BRR": "AV PAULISTA 2006 BELA VISTA", "CEP": "01310-200", "CLAS_SUB": "CO1", "CNAE": "7740-3/00", "TIP_CC": "COM-Tipo02", "FAS_CON": "ABN", "GRU_TEN": "BT", "TEN_FORN": "10", "GRU_TAR": "B3", "SIT_ATIV": "AT", "DAT_CON": "31/05/2003", "CAR_INST": 11.6, "LIV": 0, "ARE_LOC": "UB", "TIP_SIST": "RD_INTERLIG", "ENE_01": 170.0, "ENE_02": 134.0, "ENE_03": 222.85, "ENE_04": 120.0, "ENE_05": 136.0, "ENE_06": 81.0, "ENE_07": 60.48, "ENE_08": 53.07, "ENE_09": 120.0, "ENE_10": 124.0, "ENE_11": 49.56, "ENE_12": 102.32, "DIC_01": 0.0, "DIC_02": 0.0, "DIC_03": 0.0, "DIC_04": 0.0, "DIC_05": 0.0, "DIC_06": 0.0, "DIC_07": 0.31, "DIC_08": 0.0, "DIC_09": 0.0, "DIC_10": 0.0, "DIC_11": 0.0, "DIC_12": 0.0, "FIC_01": 0.0, "FIC_02": 0.0, "FIC_03": 0.0, "FIC_04": 0.0, "FIC_05": 0.0, "FIC_06": 0.0, "FIC_07": 2.0, "FIC_08": 0.0, "FIC_09": 0.0, "FIC_10": 0.0, "FIC_11": 0.0, "FIC_12": 0.0, "SEMRED": 0, "DESCR": " ", "COD_ID": "aa481ffaf4ae908563b5dd83023cd168e6d44086f9bbcfc6f4a0b3aa922c0c1f", "__layer": "UCBT_tab", "lon": null, "lat": null }, "geometry": null },
{ "type": "Feature", "properties": { "DIST": 390, "PAC": "33071144739360737L", "RAMAL": "12297875S1", "PN_CON": "10971323", "UNI_TR_MT": "14374375", "CTMT": "AUG0201", "UNI_TR_AT": "DAUG-EQ-TR2", "SUB": "DAUG", "CONJ": 16596, "MUN": "3550308", "CEG_GD": " ", "BRR": "AV PAULISTA 2006 BELA VISTA", "CEP": "01310-200", "CLAS_SUB": "RE1", "CNAE": " ", "TIP_CC": "RES-Tipo04", "FAS_CON": "ABCN", "GRU_TEN": "BT", "TEN_FORN": "10", "GRU_TAR": "B1", "SIT_ATIV": "AT", "DAT_CON": "23/07/2003", "CAR_INST": 13.3, "LIV": 0, "ARE_LOC": "UB", "TIP_SIST": "RD_INTERLIG", "ENE_01": 180.12, "ENE_02": 440.0, "ENE_03": 430.0, "ENE_04": 310.0, "ENE_05": 520.0, "ENE_06": 250.0, "ENE_07": 190.0, "ENE_08": 220.0, "ENE_09": 240.0, "ENE_10": 250.0, "ENE_11": 110.0, "ENE_12": 213.6, "DIC_01": 0.0, "DIC_02": 0.0, "DIC_03": 0.0, "DIC_04": 0.0, "DIC_05": 0.0, "DIC_06": 0.0, "DIC_07": 0.31, "DIC_08": 0.0, "DIC_09": 0.0, "DIC_10": 0.0, "DIC_11": 0.0, "DIC_12": 0.0, "FIC_01": 0.0, "FIC_02": 0.0, "FIC_03": 0.0, "FIC_04": 0.0, "FIC_05": 0.0, "FIC_06": 0.0, "FIC_07": 2.0, "FIC_08": 0.0, "FIC_09": 0.0, "FIC_10": 0.0, "FIC_11": 0.0, "FIC_12": 0.0, "SEMRED": 0, "DESCR": " ", "COD_ID": "e3d0e8a198ae3582aa7ee85cb4206e8a0efd0b672b488efde252dfe45258d630", "__layer": "UCBT_tab", "lon": null, "lat": null }, "geometry": null },
{ "type": "Feature", "properties": { "DIST": 390, "PAC": "33061008739369866L", "RAMAL": "12297501S1", "PN_CON": "10971152", "UNI_TR_MT": "14373896", "CTMT": "AUG0201", "UNI_TR_AT": "DAUG-EQ-TR2", "SUB": "DAUG", "CONJ": 16596, "MUN": "3550308", "CEG_GD": " ", "BRR": "AV PAULISTA 2064 BELA VISTA", "CEP": "01310-200", "CLAS_SUB": "CO1", "CNAE": "4721-1/02", "TIP_CC": "COM-Tipo01", "FAS_CON": "ABCN", "GRU_TEN": "BT", "TEN_FORN": "10", "GRU_TAR": "B3", "SIT_ATIV": "AT", "DAT_CON": "12/12/2003", "CAR_INST": 56.7, "LIV": 0, "ARE_LOC": "UB", "TIP_SIST": "RD_INTERLIG", "ENE_01": 9969.0, "ENE_02": 10153.0, "ENE_03": 9367.291, "ENE_04": 10245.0, "ENE_05": 13365.0, "ENE_06": 10181.0, "ENE_07": 7733.04, "ENE_08": 6104.88, "ENE_09": 10461.0, "ENE_10": 10631.0, "ENE_11": 6581.45, "ENE_12": 10112.7, "DIC_01": 0.0, "DIC_02": 0.0, "DIC_03": 0.0, "DIC_04": 0.0, "DIC_05": 0.0, "DIC_06": 0.0, "DIC_07": 0.31, "DIC_08": 0.0, "DIC_09": 0.0, "DIC_10": 0.0, "DIC_11": 0.0, "DIC_12": 0.0, "FIC_01": 0.0, "FIC_02": 0.0, "FIC_03": 0.0, "FIC_04": 0.0, "FIC_05": 0.0, "FIC_06": 0.0, "FIC_07": 2.0, "FIC_08": 0.0, "FIC_09": 0.0, "FIC_10": 0.0, "FIC_11": 0.0, "FIC_12": 0.0, "SEMRED": 0, "DESCR": " ", "COD_ID": "3fc2c1e01b07d06f894f08db61394f80eb1873072d0329bc1d4267e3a82f58af", "__layer": "UCBT_tab", "lon": null, "lat": null }, "geometry": null },
{ "type": "Feature", "properties": { "DIST": 390, "PAC": "33071144739360737L", "RAMAL": "12297875S1", "PN_CON": "10971323", "UNI_TR_MT": "14374375", "CTMT": "AUG0201", "UNI_TR_AT": "DAUG-EQ-TR2", "SUB": "DAUG", "CONJ": 16596, "MUN": "3550308", "CEG_GD": " ", "BRR": "AV PAULISTA 2006 BELA VISTA", "CEP": "01310-200", "CLAS_SUB": "RE1", "CNAE": " ", "TIP_CC": "RES-Tipo01", "FAS_CON": "ABN", "GRU_TEN": "BT", "TEN_FORN": "10", "GRU_TAR": "B1", "SIT_ATIV": "DS", "DAT_CON": "12/06/2004", "CAR_INST": 8.0, "LIV": 0, "ARE_LOC": "UB", "TIP_SIST": "RD_INTERLIG", "ENE_01": 25.01, "ENE_02": 46.0, "ENE_03": 49.0, "ENE_04": 40.0, "ENE_05": 48.0, "ENE_06": 38.0, "ENE_07": 36.0, "ENE_08": 39.0, "ENE_09": 37.0, "ENE_10": 41.0, "ENE_11": 37.0, "ENE_12": 0.0, "DIC_01": 0.0, "DIC_02": 0.0, "DIC_03": 0.0, "DIC_04": 0.0, "DIC_05": 0.0, "DIC_06": 0.0, "DIC_07": 0.31, "DIC_08": 0.0, "DIC_09": 0.0, "DIC_10": 0.0, "DIC_11": 0.0, "DIC_12": 0.0, "FIC_01": 0.0, "FIC_02": 0.0, "FIC_03": 0.0, "FIC_04": 0.0, "FIC_05": 0.0, "FIC_06": 0.0, "FIC_07": 2.0, "FIC_08": 0.0, "FIC_09": 0.0, "FIC_10": 0.0, "FIC_11": 0.0, "FIC_12": 0.0, "SEMRED": 0, "DESCR": " ", "COD_ID": "afd03017394be87118d836b5a2bcb3a5892956fb44b285bcd7e79969c91ff006", "__layer": "UCBT_tab", "lon": null, "lat": null }, "geometry": null },
{ "type": "Feature", "properties": { "DIST": 390, "PAC": "33071144739360737L", "RAMAL": "12297875S1", "PN_CON": "10971323", "UNI_TR_MT": "14374375", "CTMT": "AUG0201", "UNI_TR_AT": "DAUG-EQ-TR2", "SUB": "DAUG", "CONJ": 16596, "MUN": "3550308", "CEG_GD": " ", "BRR": "AV PAULISTA 2006 BELA VISTA", "CEP": "01310-200", "CLAS_SUB": "CO9", "CNAE": "7319-0/01", "TIP_CC": "COM-Tipo03", "FAS_CON": "ABCN", "GRU_TEN": "BT", "TEN_FORN": "10", "GRU_TAR": "B3", "SIT_ATIV": "AT", "DAT_CON": "03/01/2006", "CAR_INST": 4.3, "LIV": 0, "ARE_LOC": "UB", "TIP_SIST": "RD_INTERLIG", "ENE_01": 1299.0, "ENE_02": 1111.0, "ENE_03": 1336.01, "ENE_04": 968.0, "ENE_05": 954.0, "ENE_06": 632.0, "ENE_07": 554.4, "ENE_08": 447.13, "ENE_09": 294.0, "ENE_10": 895.0, "ENE_11": 394.12, "ENE_12": 824.31, "DIC_01": 0.0, "DIC_02": 0.0, "DIC_03": 0.0, "DIC_04": 0.0, "DIC_05": 0.0, "DIC_06": 0.0, "DIC_07": 0.31, "DIC_08": 0.0, "DIC_09": 0.0, "DIC_10": 0.0, "DIC_11": 0.0, "DIC_12": 0.0, "FIC_01": 0.0, "FIC_02": 0.0, "FIC_03": 0.0, "FIC_04": 0.0, "FIC_05": 0.0, "FIC_06": 0.0, "FIC_07": 2.0, "FIC_08": 0.0, "FIC_09": 0.0, "FIC_10": 0.0, "FIC_11": 0.0, "FIC_12": 0.0, "SEMRED": 0, "DESCR": " ", "COD_ID": "a7ff98a6333da7bffc32bb0e31d9a794075fe761b4e42e4990ee1b90079986dc", "__layer": "UCBT_tab", "lon": null, "lat": null }, "geometry": null },
{ "type": "Feature", "properties": { "DIST": 390, "PAC": "33071144739360737L", "RAMAL": "12297875S1", "PN_CON": "10971323", "UNI_TR_MT": "14374375", "CTMT": "AUG0201", "UNI_TR_AT": "DAUG-EQ-TR2", "SUB": "DAUG", "CONJ": 16596, "MUN": "3550308", "CEG_GD": " ", "BRR": "AV PAULISTA 2006 BELA VISTA", "CEP": "01310-200", "CLAS_SUB": "IN", "CNAE": "3821-1/00", "TIP_CC": "IND-Tipo05", "FAS_CON": "ABN", "GRU_TEN": "BT", "TEN_FORN": "10", "GRU_TAR": "B3", "SIT_ATIV": "AT", "DAT_CON": "15/09/2006", "CAR_INST": 6.9, "LIV": 0, "ARE_LOC": "UB", "TIP_SIST": "RD_INTERLIG", "ENE_01": 221.0, "ENE_02": 223.0, "ENE_03": 478.0, "ENE_04": 252.0, "ENE_05": 382.0, "ENE_06": 198.0, "ENE_07": 190.0, "ENE_08": 349.0, "ENE_09": 379.0, "ENE_10": 590.0, "ENE_11": 452.0, "ENE_12": 643.97, "DIC_01": 0.0, "DIC_02": 0.0, "DIC_03": 0.0, "DIC_04": 0.0, "DIC_05": 0.0, "DIC_06": 0.0, "DIC_07": 0.31, "DIC_08": 0.0, "DIC_09": 0.0, "DIC_10": 0.0, "DIC_11": 0.0, "DIC_12": 0.0, "FIC_01": 0.0, "FIC_02": 0.0, "FIC_03": 0.0, "FIC_04": 0.0, "FIC_05": 0.0, "FIC_06": 0.0, "FIC_07": 2.0, "FIC_08": 0.0, "FIC_09": 0.0, "FIC_10": 0.0, "FIC_11": 0.0, "FIC_12": 0.0, "SEMRED": 0, "DESCR": " ", "COD_ID": "a303890f06c2f14f73f8118f162da0adee6cb70ae9df38e9fbfe59612a147d38", "__layer": "UCBT_tab", "lon": null, "lat": null }, "geometry": null },
{ "type": "Feature", "properties": { "DIST": 390, "PAC": "33061008739369866L", "RAMAL": "12297501S1", "PN_CON": "10971152", "UNI_TR_MT": "14373896", "CTMT": "AUG0201", "UNI_TR_AT": "DAUG-EQ-TR2", "SUB": "DAUG", "CONJ": 16596, "MUN": "3550308", "CEG_GD": " ", "BRR": "AV PAULISTA 2064 BELA VISTA", "CEP": "01310-200", "CLAS_SUB": "CO1", "CNAE": "4781-4/00", "TIP_CC": "COM-Tipo03", "FAS_CON": "ABN", "GRU_TEN": "BT", "TEN_FORN": "10", "GRU_TAR": "B3", "SIT_ATIV": "AT", "DAT_CON": "24/10/2006", "CAR_INST": 8.9, "LIV": 0, "ARE_LOC": "UB", "TIP_SIST": "RD_INTERLIG", "ENE_01": 1449.0, "ENE_02": 1524.0, "ENE_03": 1592.559, "ENE_04": 1459.0, "ENE_05": 1449.0, "ENE_06": 1794.0, "ENE_07": 1175.16, "ENE_08": 895.48, "ENE_09": 1400.0, "ENE_10": 1544.0, "ENE_11": 897.39, "ENE_12": 1351.22, "DIC_01": 0.0, "DIC_02": 0.0, "DIC_03": 0.0, "DIC_04": 0.0, "DIC_05": 0.0, "DIC_06": 0.0, "DIC_07": 0.31, "DIC_08": 0.0, "DIC_09": 0.0, "DIC_10": 0.0, "DIC_11": 0.0, "DIC_12": 0.0, "FIC_01": 0.0, "FIC_02": 0.0, "FIC_03": 0.0, "FIC_04": 0.0, "FIC_05": 0.0, "FIC_06": 0.0, "FIC_07": 2.0, "FIC_08": 0.0, "FIC_09": 0.0, "FIC_10": 0.0, "FIC_11": 0.0, "FIC_12": 0.0, "SEMRED": 0, "DESCR": " ", "COD_ID": "71cddc40b1d656b1f497912ba476a48c81a9341df24545806aa1f7da1544e413", "__layer": "UCBT_tab", "lon": null, "lat": null }, "geometry": null },
{ "type": "Feature", "properties": { "DIST": 390, "PAC": "33073873739357834L", "RAMAL": "12298004S1", "PN_CON": "10971365", "UNI_TR_MT": "14374600", "CTMT": "AUG0201", "UNI_TR_AT": "DAUG-EQ-TR2", "SUB": "DAUG", "CONJ": 16596, "MUN": "3550308", "CEG_GD": " ", "BRR": "AV PAULISTA 1912 BELA VISTA", "CEP": "01310-200", "CLAS_SUB": "CO1", "CNAE": "6810-2/02", "TIP_CC": "COM-Tipo02", "FAS_CON": "ABCN", "GRU_TEN": "BT", "TEN_FORN": "10", "GRU_TAR": "B3", "SIT_ATIV": "AT", "DAT_CON": "20/11/2007", "CAR_INST": 23.1, "LIV": 0, "ARE_LOC": "UB", "TIP_SIST": "RD_INTERLIG", "ENE_01": 255.0, "ENE_02": 2.0, "ENE_03": 108.707, "ENE_04": 187.0, "ENE_05": 1287.0, "ENE_06": 1409.0, "ENE_07": 1198.68, "ENE_08": 952.82, "ENE_09": 1412.0, "ENE_10": 1548.0, "ENE_11": 803.58, "ENE_12": 1511.88, "DIC_01": 0.0, "DIC_02": 0.0, "DIC_03": 0.0, "DIC_04": 0.0, "DIC_05": 0.0, "DIC_06": 0.0, "DIC_07": 0.31, "DIC_08": 0.0, "DIC_09": 0.0, "DIC_10": 0.0, "DIC_11": 0.0, "DIC_12": 0.0, "FIC_01": 0.0, "FIC_02": 0.0, "FIC_03": 0.0, "FIC_04": 0.0, "FIC_05": 0.0, "FIC_06": 0.0, "FIC_07": 2.0, "FIC_08": 0.0, "FIC_09": 0.0, "FIC_10": 0.0, "FIC_11": 0.0, "FIC_12": 0.0, "SEMRED": 0, "DESCR": " ", "COD_ID": "efb23b754baaf2170a9c1684b206a61826b945c8e93fb2c422867a6efa5f6e93", "__layer": "UCBT_tab", "lon": null, "lat": null }, "geometry": null },
{ "type": "Feature", "properties": { "DIST": 390, "PAC": "33073873739357834L", "RAMAL": "12298004S1", "PN_CON": "10971365", "UNI_TR_MT": "14374600", "CTMT": "AUG0201", "UNI_TR_AT": "DAUG-EQ-TR2", "SUB": "DAUG", "CONJ": 16596, "MUN": "3550308", "CEG_GD": " ", "BRR": "AV PAULISTA 1912 BELA VISTA", "CEP": "01310-200", "CLAS_SUB": "CO1", "CNAE": "6810-2/02", "TIP_CC": "COM-Tipo02", "FAS_CON": "ABCN", "GRU_TEN": "BT", "TEN_FORN": "10", "GRU_TAR": "B3", "SIT_ATIV": "AT", "DAT_CON": "20/11/2007", "CAR_INST": 22.4, "LIV": 0, "ARE_LOC": "UB", "TIP_SIST": "RD_INTERLIG", "ENE_01": 103.0, "ENE_02": 100.0, "ENE_03": 2.602, "ENE_04": 42.6, "ENE_05": 368.2, "ENE_06": 559.4, "ENE_07": 1008.5, "ENE_08": 990.15, "ENE_09": 2010.2, "ENE_10": 2491.4, "ENE_11": 1312.51, "ENE_12": 2330.27, "DIC_01": 0.0, "DIC_02": 0.0, "DIC_03": 0.0, "DIC_04": 0.0, "DIC_05": 0.0, "DIC_06": 0.0, "DIC_07": 0.31, "DIC_08": 0.0, "DIC_09": 0.0, "DIC_10": 0.0, "DIC_11": 0.0, "DIC_12": 0.0, "FIC_01": 0.0, "FIC_02": 0.0, "FIC_03": 0.0, "FIC_04": 0.0, "FIC_05": 0.0, "FIC_06": 0.0, "FIC_07": 2.0, "FIC_08": 0.0, "FIC_09": 0.0, "FIC_10": 0.0, "FIC_11": 0.0, "FIC_12": 0.0, "SEMRED": 0, "DESCR": " ", "COD_ID": "63c0fef1b1eb7e6be6c0fa2890836a43e44501c82f97ac0adf9e10938655f4b2", "__layer": "UCBT_tab", "lon": null, "lat": null }, "geometry": null },
{ "type": "Feature", "properties": { "DIST": 390, "PAC": "33088242739344597L", "RAMAL": "12307182S1", "PN_CON": " ", "UNI_TR_MT": "14375010", "CTMT": "AUG0201", "UNI_TR_AT": "DAUG-EQ-TR2", "SUB": "DAUG", "CONJ": 16596, "MUN": "3550308", "CEG_GD": " ", "BRR": "AV PAULISTA 1728 BELA VISTA", "CEP": "01310-200", "CLAS_SUB": "CO1", "CNAE": "6622-3/00", "TIP_CC": "COM-Tipo05", "FAS_CON": "ABCN", "GRU_TEN": "BT", "TEN_FORN": "10", "GRU_TAR": "B3", "SIT_ATIV": "AT", "DAT_CON": "22/11/2007", "CAR_INST": 4.5, "LIV": 0, "ARE_LOC": "UB", "TIP_SIST": "RD_INTERLIG", "ENE_01": 3140.0, "ENE_02": 3137.6, "ENE_03": 4516.994, "ENE_04": 3125.6, "ENE_05": 3348.8, "ENE_06": 2458.4, "ENE_07": 1866.14, "ENE_08": 1593.32, "ENE_09": 2928.0, "ENE_10": 3331.2, "ENE_11": 1708.17, "ENE_12": 3133.55, "DIC_01": 0.0, "DIC_02": 0.0, "DIC_03": 0.0, "DIC_04": 0.0, "DIC_05": 0.0, "DIC_06": 0.0, "DIC_07": 0.31, "DIC_08": 0.0, "DIC_09": 0.0, "DIC_10": 0.0, "DIC_11": 0.0, "DIC_12": 0.0, "FIC_01": 0.0, "FIC_02": 0.0, "FIC_03": 0.0, "FIC_04": 0.0, "FIC_05": 0.0, "FIC_06": 0.0, "FIC_07": 2.0, "FIC_08": 0.0, "FIC_09": 0.0, "FIC_10": 0.0, "FIC_11": 0.0, "FIC_12": 0.0, "SEMRED": 0, "DESCR": " ", "COD_ID": "157a873908406e5193e9394afbc86cbb26d22a20f54c30e44416715bc25021b7", "__layer": "UCBT_tab", "lon": null, "lat": null }, "geometry": null },
{ "type": "Feature", "properties": { "DIST": 390, "PAC": "33085305739347489L", "RAMAL": "12307074S1", "PN_CON": "10971552", "UNI_TR_MT": "14374950", "CTMT": "AUG0202", "UNI_TR_AT": "DAUG-EQ-TR2", "SUB": "DAUG", "CONJ": 16596, "MUN": "3550308", "CEG_GD": " ", "BRR": "AV PAULISTA 1754 BELA VISTA", "CEP": "01310-200", "CLAS_SUB": "CO1", "CNAE": "6202-3/00", "TIP_CC": "COM-Tipo01", "FAS_CON": "ABCN", "GRU_TEN": "BT", "TEN_FORN": "10", "GRU_TAR": "B3", "SIT_ATIV": "AT", "DAT_CON": "22/11/2007", "CAR_INST": 7.6, "LIV": 0, "ARE_LOC": "UB", "TIP_SIST": "RD_INTERLIG", "ENE_01": 1.0, "ENE_02": 50.0, "ENE_03": 1139.25, "ENE_04": 1468.0, "ENE_05": 1546.0, "ENE_06": 1023.0, "ENE_07": 765.24, "ENE_08": 639.89, "ENE_09": 1520.0, "ENE_10": 1798.0, "ENE_11": 995.33, "ENE_12": 1907.78, "DIC_01": 0.0, "DIC_02": 0.0, "DIC_03": 0.0, "DIC_04": 0.0, "DIC_05": 0.0, "DIC_06": 0.0, "DIC_07": 0.29, "DIC_08": 0.0, "DIC_09": 0.0, "DIC_10": 0.0, "DIC_11": 0.0, "DIC_12": 0.0, "FIC_01": 0.0, "FIC_02": 0.0, "FIC_03": 0.0, "FIC_04": 0.0, "FIC_05": 0.0, "FIC_06": 0.0, "FIC_07": 2.0, "FIC_08": 0.0, "FIC_09": 0.0, "FIC_10": 0.0, "FIC_11": 0.0, "FIC_12": 0.0, "SEMRED": 0, "DESCR": " ", "COD_ID": "a2837e20bfe2d4ee8fee7e4d6327fe5002d379e4b8fc964ea372e7fffbdbd10f", "__layer": "UCBT_tab", "lon": null, "lat": null }, "geometry": null },
{ "type": "Feature", "properties": { "DIST": 390, "PAC": "33088242739344597L", "RAMAL": "12307182S1", "PN_CON": " ", "UNI_TR_MT": "14375010", "CTMT": "AUG0201", "UNI_TR_AT": "DAUG-EQ-TR2", "SUB": "DAUG", "CONJ": 16596, "MUN": "3550308", "CEG_GD": " ", "BRR": "AV PAULISTA 1728 BELA VISTA", "CEP": "01310-200", "CLAS_SUB": "CO1", "CNAE": "6619-3/99", "TIP_CC": "COM-Tipo01", "FAS_CON": "ABCN", "GRU_TEN": "BT", "TEN_FORN": "10", "GRU_TAR": "B3", "SIT_ATIV": "AT", "DAT_CON": "23/11/2007", "CAR_INST": 39.0, "LIV": 0, "ARE_LOC": "UB", "TIP_SIST": "RD_INTERLIG", "ENE_01": 13392.8, "ENE_02": 14081.6, "ENE_03": 16121.691, "ENE_04": 14080.0, "ENE_05": 15528.0, "ENE_06": 14042.4, "ENE_07": 11097.41, "ENE_08": 9084.61, "ENE_09": 13308.8, "ENE_10": 13429.6, "ENE_11": 6105.32, "ENE_12": 11073.76, "DIC_01": 0.0, "DIC_02": 0.0, "DIC_03": 0.0, "DIC_04": 0.0, "DIC_05": 0.0, "DIC_06": 0.0, "DIC_07": 0.31, "DIC_08": 0.0, "DIC_09": 0.0, "DIC_10": 0.0, "DIC_11": 0.0, "DIC_12": 0.0, "FIC_01": 0.0, "FIC_02": 0.0, "FIC_03": 0.0, "FIC_04": 0.0, "FIC_05": 0.0, "FIC_06": 0.0, "FIC_07": 2.0, "FIC_08": 0.0, "FIC_09": 0.0, "FIC_10": 0.0, "FIC_11": 0.0, "FIC_12": 0.0, "SEMRED": 0, "DESCR": " ", "COD_ID": "54e408b819d36ce32bfae394d8d896693a0ae7f8f24bf69b8f7078230054219f", "__layer": "UCBT_tab", "lon": null, "lat": null }, "geometry": null },
{ "type": "Feature", "properties": { "DIST": 390, "PAC": "33088242739344597L", "RAMAL": "12307182S1", "PN_CON": " ", "UNI_TR_MT": "14375010", "CTMT": "AUG0201", "UNI_TR_AT": "DAUG-EQ-TR2", "SUB": "DAUG", "CONJ": 16596, "MUN": "3550308", "CEG_GD": " ", "BRR": "AV PAULISTA 1728 BELA VISTA", "CEP": "01310-200", "CLAS_SUB": "CO1", "CNAE": "6612-6/04", "TIP_CC": "COM-Tipo02", "FAS_CON": "ABCN", "GRU_TEN": "BT", "TEN_FORN": "10", "GRU_TAR": "B3", "SIT_ATIV": "AT", "DAT_CON": "23/11/2007", "CAR_INST": 37.0, "LIV": 0, "ARE_LOC": "UB", "TIP_SIST": "RD_INTERLIG", "ENE_01": 459.2, "ENE_02": 433.6, "ENE_03": 699.201, "ENE_04": 440.0, "ENE_05": 475.2, "ENE_06": 372.8, "ENE_07": 247.3, "ENE_08": 222.53, "ENE_09": 483.2, "ENE_10": 324.8, "ENE_11": 193.52, "ENE_12": 374.86, "DIC_01": 0.0, "DIC_02": 0.0, "DIC_03": 0.0, "DIC_04": 0.0, "DIC_05": 0.0, "DIC_06": 0.0, "DIC_07": 0.31, "DIC_08": 0.0, "DIC_09": 0.0, "DIC_10": 0.0, "DIC_11": 0.0, "DIC_12": 0.0, "FIC_01": 0.0, "FIC_02": 0.0, "FIC_03": 0.0, "FIC_04": 0.0, "FIC_05": 0.0, "FIC_06": 0.0, "FIC_07": 2.0, "FIC_08": 0.0, "FIC_09": 0.0, "FIC_10": 0.0, "FIC_11": 0.0, "FIC_12": 0.0, "SEMRED": 0, "DESCR": " ", "COD_ID": "53a8007c3841aa71c56e0c867bda5fc25c3a46ff9fb73d19436782e536a02872", "__layer": "UCBT_tab", "lon": null, "lat": null }, "geometry": null },
{ "type": "Feature", "properties": { "DIST": 390, "PAC": "33085305739347489L", "RAMAL": "12307074S1", "PN_CON": "10971552", "UNI_TR_MT": "14374950", "CTMT": "AUG0202", "UNI_TR_AT": "DAUG-EQ-TR2", "SUB": "DAUG", "CONJ": 16596, "MUN": "3550308", "CEG_GD": " ", "BRR": "AV PAULISTA 1754 BELA VISTA", "CEP": "01310-200", "CLAS_SUB": "CO1", "CNAE": "4691-5/00", "TIP_CC": "COM-Tipo05", "FAS_CON": "ABCN", "GRU_TEN": "BT", "TEN_FORN": "10", "GRU_TAR": "B3", "SIT_ATIV": "AT", "DAT_CON": "23/11/2007", "CAR_INST": 17.3, "LIV": 0, "ARE_LOC": "UB", "TIP_SIST": "RD_INTERLIG", "ENE_01": 2215.0, "ENE_02": 2132.0, "ENE_03": 2616.58, "ENE_04": 1746.0, "ENE_05": 3522.0, "ENE_06": 3230.0, "ENE_07": 2477.16, "ENE_08": 1848.3, "ENE_09": 2865.0, "ENE_10": 2204.0, "ENE_11": 918.04, "ENE_12": 1721.31, "DIC_01": 0.0, "DIC_02": 0.0, "DIC_03": 0.0, "DIC_04": 0.0, "DIC_05": 0.0, "DIC_06": 0.0, "DIC_07": 0.29, "DIC_08": 0.0, "DIC_09": 0.0, "DIC_10": 0.0, "DIC_11": 0.0, "DIC_12": 0.0, "FIC_01": 0.0, "FIC_02": 0.0, "FIC_03": 0.0, "FIC_04": 0.0, "FIC_05": 0.0, "FIC_06": 0.0, "FIC_07": 2.0, "FIC_08": 0.0, "FIC_09": 0.0, "FIC_10": 0.0, "FIC_11": 0.0, "FIC_12": 0.0, "SEMRED": 0, "DESCR": " ", "COD_ID": "4990b625c9de85aca45922a16bb268d4aabcbf58e30c25194127a0eec9bdf287", "__layer": "UCBT_tab", "lon": null, "lat": null }, "geometry": null },
{ "type": "Feature", "properties": { "DIST": 390, "PAC": "33083328739348867L", "RAMAL": "12307012S1", "PN_CON": "10971520", "UNI_TR_MT": "14374917", "CTMT": "AUG0202", "UNI_TR_AT": "DAUG-EQ-TR2", "SUB": "DAUG", "CONJ": 16596, "MUN": "3550308", "CEG_GD": " ", "BRR": "AV PAULISTA 1776 BELA VISTA", "CEP": "01310-200", "CLAS_SUB": "CO1", "CNAE": "9430-8/00", "TIP_CC": "COM-Tipo05", "FAS_CON": "ABCN", "GRU_TEN": "BT", "TEN_FORN": "10", "GRU_TAR": "B3", "SIT_ATIV": "AT", "DAT_CON": "23/11/2007", "CAR_INST": 68.0, "LIV": 0, "ARE_LOC": "UB", "TIP_SIST": "RD_INTERLIG", "ENE_01": 2160.0, "ENE_02": 2120.0, "ENE_03": 2826.385, "ENE_04": 1960.0, "ENE_05": 2400.0, "ENE_06": 1760.0, "ENE_07": 1612.8, "ENE_08": 1317.6, "ENE_09": 2080.0, "ENE_10": 2240.0, "ENE_11": 1156.4, "ENE_12": 2027.32, "DIC_01": 0.0, "DIC_02": 0.0, "DIC_03": 0.0, "DIC_04": 0.0, "DIC_05": 0.0, "DIC_06": 0.0, "DIC_07": 0.29, "DIC_08": 0.0, "DIC_09": 0.0, "DIC_10": 0.0, "DIC_11": 0.0, "DIC_12": 0.0, "FIC_01": 0.0, "FIC_02": 0.0, "FIC_03": 0.0, "FIC_04": 0.0, "FIC_05": 0.0, "FIC_06": 0.0, "FIC_07": 2.0, "FIC_08": 0.0, "FIC_09": 0.0, "FIC_10": 0.0, "FIC_11": 0.0, "FIC_12": 0.0, "SEMRED": 0, "DESCR": " ", "COD_ID": "5d9833b507688ea019788f0126eb628099a81ebd7285cd4873ea1dbb53b4d03d", "__layer": "UCBT_tab", "lon": null, "lat": null }, "geometry": null },
{ "type": "Feature", "properties": { "DIST": 390, "PAC": "33073873739357834L", "RAMAL": "12298004S1", "PN_CON": "10971365", "UNI_TR_MT": "14374600", "CTMT": "AUG0201", "UNI_TR_AT": "DAUG-EQ-TR2", "SUB": "DAUG", "CONJ": 16596, "MUN": "3550308", "CEG_GD": " ", "BRR": "AV PAULISTA 1904 BELA VISTA", "CEP": "01310-200", "CLAS_SUB": "CO1", "CNAE": "6810-2/02", "TIP_CC": "COM-Tipo02", "FAS_CON": "ABCN", "GRU_TEN": "BT", "TEN_FORN": "10", "GRU_TAR": "B3", "SIT_ATIV": "AT", "DAT_CON": "23/11/2007", "CAR_INST": 23.2, "LIV": 0, "ARE_LOC": "UB", "TIP_SIST": "RD_INTERLIG", "ENE_01": 1239.6, "ENE_02": 1289.0, "ENE_03": 1614.959, "ENE_04": 1356.8, "ENE_05": 1441.0, "ENE_06": 1358.6, "ENE_07": 1142.9, "ENE_08": 920.49, "ENE_09": 1489.6, "ENE_10": 1726.2, "ENE_11": 877.8, "ENE_12": 1415.87, "DIC_01": 0.0, "DIC_02": 0.0, "DIC_03": 0.0, "DIC_04": 0.0, "DIC_05": 0.0, "DIC_06": 0.0, "DIC_07": 0.31, "DIC_08": 0.0, "DIC_09": 0.0, "DIC_10": 0.0, "DIC_11": 0.0, "DIC_12": 0.0, "FIC_01": 0.0, "FIC_02": 0.0, "FIC_03": 0.0, "FIC_04": 0.0, "FIC_05": 0.0, "FIC_06": 0.0, "FIC_07": 2.0, "FIC_08": 0.0, "FIC_09": 0.0, "FIC_10": 0.0, "FIC_11": 0.0, "FIC_12": 0.0, "SEMRED": 0, "DESCR": " ", "COD_ID": "76ec73c5f0d26834e5bb273b4e6a5082cadfcce125af2eb81aef6dc9909b5b4f", "__layer": "UCBT_tab", "lon": null, "lat": null }, "geometry": null },
{ "type": "Feature", "properties": { "DIST": 390, "PAC": "33085305739347489L", "RAMAL": "12307074S1", "PN_CON": "10971552", "UNI_TR_MT": "14374950", "CTMT": "AUG0202", "UNI_TR_AT": "DAUG-EQ-TR2", "SUB": "DAUG", "CONJ": 16596, "MUN": "3550308", "CEG_GD": " ", "BRR": "AV PAULISTA 1754 BELA VISTA", "CEP": "01310-200", "CLAS_SUB": "CO1", "CNAE": "6612-6/01", "TIP_CC": "COM-Tipo03", "FAS_CON": "ABCN", "GRU_TEN": "BT", "TEN_FORN": "10", "GRU_TAR": "B3", "SIT_ATIV": "AT", "DAT_CON": "23/11/2007", "CAR_INST": 7.0, "LIV": 0, "ARE_LOC": "UB", "TIP_SIST": "RD_INTERLIG", "ENE_01": 80.0, "ENE_02": 50.0, "ENE_03": 86.966, "ENE_04": 50.0, "ENE_05": 80.0, "ENE_06": 50.0, "ENE_07": 42.0, "ENE_08": 97.6, "ENE_09": 160.0, "ENE_10": 160.0, "ENE_11": 141.6, "ENE_12": 153.0, "DIC_01": 0.0, "DIC_02": 0.0, "DIC_03": 0.0, "DIC_04": 0.0, "DIC_05": 0.0, "DIC_06": 0.0, "DIC_07": 0.29, "DIC_08": 0.0, "DIC_09": 0.0, "DIC_10": 0.0, "DIC_11": 0.0, "DIC_12": 0.0, "FIC_01": 0.0, "FIC_02": 0.0, "FIC_03": 0.0, "FIC_04": 0.0, "FIC_05": 0.0, "FIC_06": 0.0, "FIC_07": 2.0, "FIC_08": 0.0, "FIC_09": 0.0, "FIC_10": 0.0, "FIC_11": 0.0, "FIC_12": 0.0, "SEMRED": 0, "DESCR": " ", "COD_ID": "f00a83414c68db66a562122ccdeea50d20ef2ab1d1765133e8c3ec574fa0f388", "__layer": "UCBT_tab", "lon": null, "lat": null }, "geometry": null },
{ "type": "Feature", "properties": { "DIST": 390, "PAC": "33083328739348867L", "RAMAL": "12307012S1", "PN_CON": "10971520", "UNI_TR_MT": "14374917", "CTMT": "AUG0202", "UNI_TR_AT": "DAUG-EQ-TR2", "SUB": "DAUG", "CONJ": 16596, "MUN": "3550308", "CEG_GD": " ", "BRR": "AV PAULISTA 1776 BELA VISTA", "CEP": "01310-200", "CLAS_SUB": "CO1", "CNAE": "6421-2/00", "TIP_CC": "COM-Tipo05", "FAS_CON": "ABCN", "GRU_TEN": "BT", "TEN_FORN": "10", "GRU_TAR": "B3", "SIT_ATIV": "AT", "DAT_CON": "23/11/2007", "CAR_INST": 9.0, "LIV": 0, "ARE_LOC": "UB", "TIP_SIST": "RD_INTERLIG", "ENE_01": 4120.0, "ENE_02": 4280.0, "ENE_03": 5087.492, "ENE_04": 3680.0, "ENE_05": 4000.0, "ENE_06": 3000.0, "ENE_07": 2520.0, "ENE_08": 2098.4, "ENE_09": 3400.0, "ENE_10": 3680.0, "ENE_11": 1817.2, "ENE_12": 3480.87, "DIC_01": 0.0, "DIC_02": 0.0, "DIC_03": 0.0, "DIC_04": 0.0, "DIC_05": 0.0, "DIC_06": 0.0, "DIC_07": 0.29, "DIC_08": 0.0, "DIC_09": 0.0, "DIC_10": 0.0, "DIC_11": 0.0, "DIC_12": 0.0, "FIC_01": 0.0, "FIC_02": 0.0, "FIC_03": 0.0, "FIC_04": 0.0, "FIC_05": 0.0, "FIC_06": 0.0, "FIC_07": 2.0, "FIC_08": 0.0, "FIC_09": 0.0, "FIC_10": 0.0, "FIC_11": 0.0, "FIC_12": 0.0, "SEMRED": 0, "DESCR": " ", "COD_ID": "b050d44772c5a5e508e12e87028f67d6ce2d6d7bba0f1e04b8428ac229d1759f", "__layer": "UCBT_tab", "lon": null, "lat": null }, "geometry": null },
{ "type": "Feature", "properties": { "DIST": 390, "PAC": "33085305739347489L", "RAMAL": "12307074S1", "PN_CON": "10971552", "UNI_TR_MT": "14374950", "CTMT": "AUG0202", "UNI_TR_AT": "DAUG-EQ-TR2", "SUB": "DAUG", "CONJ": 16596, "MUN": "3550308", "CEG_GD": " ", "BRR": "AV PAULISTA 1754 BELA VISTA", "CEP": "01310-200", "CLAS_SUB": "CO1", "CNAE": "8299-7/99", "TIP_CC": "COM-Tipo03", "FAS_CON": "ABCN", "GRU_TEN": "BT", "TEN_FORN": "10", "GRU_TAR": "B3", "SIT_ATIV": "AT", "DAT_CON": "23/11/2007", "CAR_INST": 17.3, "LIV": 0, "ARE_LOC": "UB", "TIP_SIST": "RD_INTERLIG", "ENE_01": 50.0, "ENE_02": 5.0, "ENE_03": 52.179, "ENE_04": 50.0, "ENE_05": 50.0, "ENE_06": 155.0, "ENE_07": 59.64, "ENE_08": 24.4, "ENE_09": 6.0, "ENE_10": 50.0, "ENE_11": 21.83, "ENE_12": 36.33, "DIC_01": 0.0, "DIC_02": 0.0, "DIC_03": 0.0, "DIC_04": 0.0, "DIC_05": 0.0, "DIC_06": 0.0, "DIC_07": 0.29, "DIC_08": 0.0, "DIC_09": 0.0, "DIC_10": 0.0, "DIC_11": 0.0, "DIC_12": 0.0, "FIC_01": 0.0, "FIC_02": 0.0, "FIC_03": 0.0, "FIC_04": 0.0, "FIC_05": 0.0, "FIC_06": 0.0, "FIC_07": 2.0, "FIC_08": 0.0, "FIC_09": 0.0, "FIC_10": 0.0, "FIC_11": 0.0, "FIC_12": 0.0, "SEMRED": 0, "DESCR": " ", "COD_ID": "38bbaee2459e1251595e0b9583beb3c14c547a2896c00d262d7dc5c653382860", "__layer": "UCBT_tab", "lon": null, "lat": null }, "geometry": null },
{ "type": "Feature", "properties": { "DIST": 390, "PAC": "33083328739348867L", "RAMAL": "12307012S1", "PN_CON": "10971520", "UNI_TR_MT": "14374917", "CTMT": "AUG0202", "UNI_TR_AT": "DAUG-EQ-TR2", "SUB": "DAUG", "CONJ": 16596, "MUN": "3550308", "CEG_GD": " ", "BRR": "AV PAULISTA 1776 BELA VISTA", "CEP": "01310-200", "CLAS_SUB": "RE1", "CNAE": " ", "TIP_CC": "RES-Tipo05", "FAS_CON": "ABC", "GRU_TEN": "BT", "TEN_FORN": "10", "GRU_TAR": "B1", "SIT_ATIV": "AT", "DAT_CON": "23/11/2007", "CAR_INST": 8.4, "LIV": 0, "ARE_LOC": "UB", "TIP_SIST": "RD_INTERLIG", "ENE_01": 1679.13, "ENE_02": 3305.0, "ENE_03": 4264.0, "ENE_04": 2740.0, "ENE_05": 3631.0, "ENE_06": 2712.0, "ENE_07": 2798.0, "ENE_08": 3350.0, "ENE_09": 3440.0, "ENE_10": 3934.0, "ENE_11": 2835.0, "ENE_12": 3334.14, "DIC_01": 0.0, "DIC_02": 0.0, "DIC_03": 0.0, "DIC_04": 0.0, "DIC_05": 0.0, "DIC_06": 0.0, "DIC_07": 0.29, "DIC_08": 0.0, "DIC_09": 0.0, "DIC_10": 0.0, "DIC_11": 0.0, "DIC_12": 0.0, "FIC_01": 0.0, "FIC_02": 0.0, "FIC_03": 0.0, "FIC_04": 0.0, "FIC_05": 0.0, "FIC_06": 0.0, "FIC_07": 2.0, "FIC_08": 0.0, "FIC_09": 0.0, "FIC_10": 0.0, "FIC_11": 0.0, "FIC_12": 0.0, "SEMRED": 0, "DESCR": " ", "COD_ID": "edca72ea6cb616f12057019d123a48c3aadd40c36a3e06aa5e985b77e0af1a75", "__layer": "UCBT_tab", "lon": null, "lat": null }, "geometry": null },
{ "type": "Feature", "properties": { "DIST": 390, "PAC": "33083328739348867L", "RAMAL": "12307012S1", "PN_CON": "10971520", "UNI_TR_MT": "14374917", "CTMT": "AUG0202", "UNI_TR_AT": "DAUG-EQ-TR2", "SUB": "DAUG", "CONJ": 16596, "MUN": "3550308", "CEG_GD": " ", "BRR": "AV PAULISTA 1776 BELA VISTA", "CEP": "01310-200", "CLAS_SUB": "CO5", "CNAE": "6920-6/01", "TIP_CC": "COM-Tipo03", "FAS_CON": "ABCN", "GRU_TEN": "BT", "TEN_FORN": "10", "GRU_TAR": "B3", "SIT_ATIV": "AT", "DAT_CON": "03/12/2007", "CAR_INST": 68.0, "LIV": 0, "ARE_LOC": "UB", "TIP_SIST": "RD_INTERLIG", "ENE_01": 213.0, "ENE_02": 503.0, "ENE_03": 1160.992, "ENE_04": 611.0, "ENE_05": 723.0, "ENE_06": 552.0, "ENE_07": 414.96, "ENE_08": 348.31, "ENE_09": 654.0, "ENE_10": 795.0, "ENE_11": 286.15, "ENE_12": 833.87, "DIC_01": 0.0, "DIC_02": 0.0, "DIC_03": 0.0, "DIC_04": 0.0, "DIC_05": 0.0, "DIC_06": 0.0, "DIC_07": 0.29, "DIC_08": 0.0, "DIC_09": 0.0, "DIC_10": 0.0, "DIC_11": 0.0, "DIC_12": 0.0, "FIC_01": 0.0, "FIC_02": 0.0, "FIC_03": 0.0, "FIC_04": 0.0, "FIC_05": 0.0, "FIC_06": 0.0, "FIC_07": 2.0, "FIC_08": 0.0, "FIC_09": 0.0, "FIC_10": 0.0, "FIC_11": 0.0, "FIC_12": 0.0, "SEMRED": 0, "DESCR": " ", "COD_ID": "2b708b8c25f1359b46037124173c90e1ad38fe87e78dc3a20e9544b6612f34bf", "__layer": "UCBT_tab", "lon": null, "lat": null }, "geometry": null },
{ "type": "Feature", "properties": { "DIST": 390, "PAC": "33088242739344597L", "RAMAL": "12307182S1", "PN_CON": " ", "UNI_TR_MT": "14375010", "CTMT": "AUG0201", "UNI_TR_AT": "DAUG-EQ-TR2", "SUB": "DAUG", "CONJ": 16596, "MUN": "3550308", "CEG_GD": " ", "BRR": "AV PAULISTA 1728 BELA VISTA", "CEP": "01310-200", "CLAS_SUB": "CO1", "CNAE": "6613-4/00", "TIP_CC": "COM-Tipo04", "FAS_CON": "ABCN", "GRU_TEN": "BT", "TEN_FORN": "10", "GRU_TAR": "B3", "SIT_ATIV": "AT", "DAT_CON": "03/01/2008", "CAR_INST": 5.0, "LIV": 0, "ARE_LOC": "UB", "TIP_SIST": "RD_INTERLIG", "ENE_01": 4520.8, "ENE_02": 4032.8, "ENE_03": 5339.693, "ENE_04": 3655.2, "ENE_05": 4174.4, "ENE_06": 2048.8, "ENE_07": 42.0, "ENE_08": 256.69, "ENE_09": 13.6, "ENE_10": 14.4, "ENE_11": 8.5, "ENE_12": 461.3, "DIC_01": 0.0, "DIC_02": 0.0, "DIC_03": 0.0, "DIC_04": 0.0, "DIC_05": 0.0, "DIC_06": 0.0, "DIC_07": 0.31, "DIC_08": 0.0, "DIC_09": 0.0, "DIC_10": 0.0, "DIC_11": 0.0, "DIC_12": 0.0, "FIC_01": 0.0, "FIC_02": 0.0, "FIC_03": 0.0, "FIC_04": 0.0, "FIC_05": 0.0, "FIC_06": 0.0, "FIC_07": 2.0, "FIC_08": 0.0, "FIC_09": 0.0, "FIC_10": 0.0, "FIC_11": 0.0, "FIC_12": 0.0, "SEMRED": 0, "DESCR": " ", "COD_ID": "9ad7cf9b117aaa9c2dc2828e85951446ed378d15ffa3e706f1704a39677bccce", "__layer": "UCBT_tab", "lon": null, "lat": null }, "geometry": null },
{ "type": "Feature", "properties": { "DIST": 390, "PAC": "33083328739348867L", "RAMAL": "12307012S1", "PN_CON": "10971520", "UNI_TR_MT": "14374917", "CTMT": "AUG0202", "UNI_TR_AT": "DAUG-EQ-TR2", "SUB": "DAUG", "CONJ": 16596, "MUN": "3550308", "CEG_GD": " ", "BRR": "AV PAULISTA 1776 BELA VISTA", "CEP": "01310-200", "CLAS_SUB": "CO1", "CNAE": "6911-7/01", "TIP_CC": "COM-Tipo05", "FAS_CON": "ABCN", "GRU_TEN": "BT", "TEN_FORN": "10", "GRU_TAR": "B3", "SIT_ATIV": "AT", "DAT_CON": "03/01/2008", "CAR_INST": 41.0, "LIV": 0, "ARE_LOC": "UB", "TIP_SIST": "RD_INTERLIG", "ENE_01": 1693.0, "ENE_02": 1879.0, "ENE_03": 2136.094, "ENE_04": 1446.0, "ENE_05": 1503.0, "ENE_06": 979.0, "ENE_07": 725.76, "ENE_08": 660.02, "ENE_09": 1510.0, "ENE_10": 1308.0, "ENE_11": 578.2, "ENE_12": 1652.45, "DIC_01": 0.0, "DIC_02": 0.0, "DIC_03": 0.0, "DIC_04": 0.0, "DIC_05": 0.0, "DIC_06": 0.0, "DIC_07": 0.29, "DIC_08": 0.0, "DIC_09": 0.0, "DIC_10": 0.0, "DIC_11": 0.0, "DIC_12": 0.0, "FIC_01": 0.0, "FIC_02": 0.0, "FIC_03": 0.0, "FIC_04": 0.0, "FIC_05": 0.0, "FIC_06": 0.0, "FIC_07": 2.0, "FIC_08": 0.0, "FIC_09": 0.0, "FIC_10": 0.0, "FIC_11": 0.0, "FIC_12": 0.0, "SEMRED": 0, "DESCR": " ", "COD_ID": "937af948f8b4a7e701c38dc76bc99911cc80035018dcc049570bbb4e40b41da7", "__layer": "UCBT_tab", "lon": null, "lat": null }, "geometry": null },
{ "type": "Feature", "properties": { "DIST": 390, "PAC": "33083328739348867L", "RAMAL": "12307012S1", "PN_CON": "10971520", "UNI_TR_MT": "14374917", "CTMT": "AUG0202", "UNI_TR_AT": "DAUG-EQ-TR2", "SUB": "DAUG", "CONJ": 16596, "MUN": "3550308", "CEG_GD": " ", "BRR": "AV PAULISTA 1776 BELA VISTA", "CEP": "01310-200", "CLAS_SUB": "CO1", "CNAE": "8121-4/00", "TIP_CC": "COM-Tipo03", "FAS_CON": "ABCN", "GRU_TEN": "BT", "TEN_FORN": "10", "GRU_TAR": "B3", "SIT_ATIV": "AT", "DAT_CON": "03/01/2008", "CAR_INST": 68.0, "LIV": 0, "ARE_LOC": "UB", "TIP_SIST": "RD_INTERLIG", "ENE_01": 1841.0, "ENE_02": 1737.0, "ENE_03": 2461.129, "ENE_04": 1101.0, "ENE_05": 1487.0, "ENE_06": 990.0, "ENE_07": 607.32, "ENE_08": 455.06, "ENE_09": 988.0, "ENE_10": 956.0, "ENE_11": 405.33, "ENE_12": 1215.43, "DIC_01": 0.0, "DIC_02": 0.0, "DIC_03": 0.0, "DIC_04": 0.0, "DIC_05": 0.0, "DIC_06": 0.0, "DIC_07": 0.29, "DIC_08": 0.0, "DIC_09": 0.0, "DIC_10": 0.0, "DIC_11": 0.0, "DIC_12": 0.0, "FIC_01": 0.0, "FIC_02": 0.0, "FIC_03": 0.0, "FIC_04": 0.0, "FIC_05": 0.0, "FIC_06": 0.0, "FIC_07": 2.0, "FIC_08": 0.0, "FIC_09": 0.0, "FIC_10": 0.0, "FIC_11": 0.0, "FIC_12": 0.0, "SEMRED": 0, "DESCR": " ", "COD_ID": "408b440f63fc7c81cf7b132c07733999e85105eeb369fc9cc670b1094b2cd1cf", "__layer": "UCBT_tab", "lon": null, "lat": null }, "geometry": null },
{ "type": "Feature", "properties": { "DIST": 390, "PAC": "33084737739339721L", "RAMAL": "12307081S1", "PN_CON": "1310571", "UNI_TR_MT": "14375004", "CTMT": "IBP0201", "UNI_TR_AT": "DIBP-EQ-TR1", "SUB": "DIBP", "CONJ": 16573, "MUN": "3550308", "CEG_GD": " ", "BRR": "AV PAULISTA 1708 BELA VISTA", "CEP": "01310-200", "CLAS_SUB": "CO9", "CNAE": "6423-9/00", "TIP_CC": "COM-Tipo01", "FAS_CON": "ABN", "GRU_TEN": "BT", "TEN_FORN": "10", "GRU_TAR": "B3", "SIT_ATIV": "AT", "DAT_CON": "28/04/2008", "CAR_INST": 5.0, "LIV": 0, "ARE_LOC": "UB", "TIP_SIST": "RD_INTERLIG", "ENE_01": 14784.0, "ENE_02": 14609.6, "ENE_03": 16652.181, "ENE_04": 13252.8, "ENE_05": 14366.4, "ENE_06": 12200.0, "ENE_07": 8995.39, "ENE_08": 6907.15, "ENE_09": 11491.2, "ENE_10": 13777.6, "ENE_11": 6919.52, "ENE_12": 13066.66, "DIC_01": 0.0, "DIC_02": 0.0, "DIC_03": 0.0, "DIC_04": 0.0, "DIC_05": 0.0, "DIC_06": 0.0, "DIC_07": 0.0, "DIC_08": 0.0, "DIC_09": 0.0, "DIC_10": 0.0, "DIC_11": 0.0, "DIC_12": 0.0, "FIC_01": 0.0, "FIC_02": 0.0, "FIC_03": 0.0, "FIC_04": 0.0, "FIC_05": 0.0, "FIC_06": 0.0, "FIC_07": 0.0, "FIC_08": 0.0, "FIC_09": 0.0, "FIC_10": 0.0, "FIC_11": 0.0, "FIC_12": 0.0, "SEMRED": 0, "DESCR": " ", "COD_ID": "ea1e94c0d39a5856ee50619609fc09d73547767d0bf0c8e4441475609c44b3b2", "__layer": "UCBT_tab", "lon": null, "lat": null }, "geometry": null },
{ "type": "Feature", "properties": { "DIST": 390, "PAC": "33061008739369866L", "RAMAL": "12297501S1", "PN_CON": "10971152", "UNI_TR_MT": "14373896", "CTMT": "AUG0201", "UNI_TR_AT": "DAUG-EQ-TR2", "SUB": "DAUG", "CONJ": 16596, "MUN": "3550308", "CEG_GD": " ", "BRR": "AV PAULISTA 2064 BELA VISTA", "CEP": "01310-200", "CLAS_SUB": "CO1", "CNAE": "8112-5/00", "TIP_CC": "COM-Tipo02", "FAS_CON": "ABCN", "GRU_TEN": "BT", "TEN_FORN": "10", "GRU_TAR": "B3", "SIT_ATIV": "AT", "DAT_CON": "29/11/2011", "CAR_INST": 5.5, "LIV": 0, "ARE_LOC": "UB", "TIP_SIST": "RD_INTERLIG", "ENE_01": 100.0, "ENE_02": 100.0, "ENE_03": 108.707, "ENE_04": 100.0, "ENE_05": 100.0, "ENE_06": 16.0, "ENE_07": 14.28, "ENE_08": 10.98, "ENE_09": 100.0, "ENE_10": 100.0, "ENE_11": 59.0, "ENE_12": 95.62, "DIC_01": 0.0, "DIC_02": 0.0, "DIC_03": 0.0, "DIC_04": 0.0, "DIC_05": 0.0, "DIC_06": 0.0, "DIC_07": 0.31, "DIC_08": 0.0, "DIC_09": 0.0, "DIC_10": 0.0, "DIC_11": 0.0, "DIC_12": 0.0, "FIC_01": 0.0, "FIC_02": 0.0, "FIC_03": 0.0, "FIC_04": 0.0, "FIC_05": 0.0, "FIC_06": 0.0, "FIC_07": 2.0, "FIC_08": 0.0, "FIC_09": 0.0, "FIC_10": 0.0, "FIC_11": 0.0, "FIC_12": 0.0, "SEMRED": 0, "DESCR": " ", "COD_ID": "9e17d3cc56a130bfe21e6dc6f2b45af6ff68c3d7669a99faa213ac1c638a90c3", "__layer": "UCBT_tab", "lon": null, "lat": null }, "geometry": null },
{ "type": "Feature", "properties": { "DIST": 390, "PAC": "33071144739360737L", "RAMAL": "12297875S1", "PN_CON": "10971323", "UNI_TR_MT": "14374375", "CTMT": "AUG0201", "UNI_TR_AT": "DAUG-EQ-TR2", "SUB": "DAUG", "CONJ": 16596, "MUN": "3550308", "CEG_GD": " ", "BRR": "AV PAULISTA 2006 BELA VISTA", "CEP": "01310-200", "CLAS_SUB": "IN", "CNAE": "3821-1/00", "TIP_CC": "IND-Tipo05", "FAS_CON": "ABN", "GRU_TEN": "BT", "TEN_FORN": "10", "GRU_TAR": "B3", "SIT_ATIV": "AT", "DAT_CON": "08/01/2012", "CAR_INST": 6.9, "LIV": 0, "ARE_LOC": "UB", "TIP_SIST": "RD_INTERLIG", "ENE_01": 80.0, "ENE_02": 33.0, "ENE_03": 50.0, "ENE_04": 50.0, "ENE_05": 73.0, "ENE_06": 37.0, "ENE_07": 50.0, "ENE_08": 45.0, "ENE_09": 86.0, "ENE_10": 112.0, "ENE_11": 70.0, "ENE_12": 109.57, "DIC_01": 0.0, "DIC_02": 0.0, "DIC_03": 0.0, "DIC_04": 0.0, "DIC_05": 0.0, "DIC_06": 0.0, "DIC_07": 0.31, "DIC_08": 0.0, "DIC_09": 0.0, "DIC_10": 0.0, "DIC_11": 0.0, "DIC_12": 0.0, "FIC_01": 0.0, "FIC_02": 0.0, "FIC_03": 0.0, "FIC_04": 0.0, "FIC_05": 0.0, "FIC_06": 0.0, "FIC_07": 2.0, "FIC_08": 0.0, "FIC_09": 0.0, "FIC_10": 0.0, "FIC_11": 0.0, "FIC_12": 0.0, "SEMRED": 0, "DESCR": " ", "COD_ID": "62592753d566731c133ca72163edefe9faaf6b9b8bb4f4befe25fadf1e701483", "__layer": "UCBT_tab", "lon": null, "lat": null }, "geometry": null },
{ "type": "Feature", "properties": { "DIST": 390, "PAC": "33071144739360737L", "RAMAL": "12297875S1", "PN_CON": "10971323", "UNI_TR_MT": "14374375", "CTMT": "AUG0201", "UNI_TR_AT": "DAUG-EQ-TR2", "SUB": "DAUG", "CONJ": 16596, "MUN": "3550308", "CEG_GD": " ", "BRR": "AV PAULISTA 2006 BELA VISTA", "CEP": "01310-200", "CLAS_SUB": "CO3", "CNAE": "6110-8/01", "TIP_CC": "COM-Tipo04", "FAS_CON": "ABN", "GRU_TEN": "BT", "TEN_FORN": "10", "GRU_TAR": "B3", "SIT_ATIV": "AT", "DAT_CON": "08/03/2012", "CAR_INST": 13.6, "LIV": 0, "ARE_LOC": "UB", "TIP_SIST": "RD_INTERLIG", "ENE_01": 4741.0, "ENE_02": 4991.0, "ENE_03": 5506.014, "ENE_04": 4772.0, "ENE_05": 5320.0, "ENE_06": 4891.0, "ENE_07": 4074.0, "ENE_08": 3195.79, "ENE_09": 4850.0, "ENE_10": 5237.0, "ENE_11": 2755.3, "ENE_12": 4692.48, "DIC_01": 0.0, "DIC_02": 0.0, "DIC_03": 0.0, "DIC_04": 0.0, "DIC_05": 0.0, "DIC_06": 0.0, "DIC_07": 0.31, "DIC_08": 0.0, "DIC_09": 0.0, "DIC_10": 0.0, "DIC_11": 0.0, "DIC_12": 0.0, "FIC_01": 0.0, "FIC_02": 0.0, "FIC_03": 0.0, "FIC_04": 0.0, "FIC_05": 0.0, "FIC_06": 0.0, "FIC_07": 2.0, "FIC_08": 0.0, "FIC_09": 0.0, "FIC_10": 0.0, "FIC_11": 0.0, "FIC_12": 0.0, "SEMRED": 0, "DESCR": " ", "COD_ID": "4d1151cd2df82c5a4fbfd9c829ec28f8dccc216dbab965a22c4c7d644626f39b", "__layer": "UCBT_tab", "lon": null, "lat": null }, "geometry": null },
{ "type": "Feature", "properties": { "DIST": 390, "PAC": "33061008739369866L", "RAMAL": "12297501S1", "PN_CON": "10971152", "UNI_TR_MT": "14373896", "CTMT": "AUG0201", "UNI_TR_AT": "DAUG-EQ-TR2", "SUB": "DAUG", "CONJ": 16596, "MUN": "3550308", "CEG_GD": " ", "BRR": "AV PAULISTA 2064 BELA VISTA", "CEP": "01310-200", "CLAS_SUB": "CO1", "CNAE": "8610-1/01", "TIP_CC": "COM-Tipo04", "FAS_CON": "ABCN", "GRU_TEN": "BT", "TEN_FORN": "10", "GRU_TAR": "B3", "SIT_ATIV": "AT", "DAT_CON": "29/05/2012", "CAR_INST": 121.4, "LIV": 0, "ARE_LOC": "UB", "TIP_SIST": "RD_INTERLIG", "ENE_01": 7440.0, "ENE_02": 7360.0, "ENE_03": 8870.499, "ENE_04": 8080.0, "ENE_05": 9040.0, "ENE_06": 8640.0, "ENE_07": 6451.2, "ENE_08": 4733.6, "ENE_09": 8800.0, "ENE_10": 8960.0, "ENE_11": 5050.4, "ENE_12": 7650.27, "DIC_01": 0.0, "DIC_02": 0.0, "DIC_03": 0.0, "DIC_04": 0.0, "DIC_05": 0.0, "DIC_06": 0.0, "DIC_07": 0.31, "DIC_08": 0.0, "DIC_09": 0.0, "DIC_10": 0.0, "DIC_11": 0.0, "DIC_12": 0.0, "FIC_01": 0.0, "FIC_02": 0.0, "FIC_03": 0.0, "FIC_04": 0.0, "FIC_05": 0.0, "FIC_06": 0.0, "FIC_07": 2.0, "FIC_08": 0.0, "FIC_09": 0.0, "FIC_10": 0.0, "FIC_11": 0.0, "FIC_12": 0.0, "SEMRED": 0, "DESCR": " ", "COD_ID": "934cc05a6e89e714e2177961f9c71b8ef5d8ddfbc3735c241c5e3d8994a25113", "__layer": "UCBT_tab", "lon": null, "lat": null }, "geometry": null },
{ "type": "Feature", "properties": { "DIST": 390, "PAC": "33061008739369866L", "RAMAL": "12297501S1", "PN_CON": "10971152", "UNI_TR_MT": "14373896", "CTMT": "AUG0201", "UNI_TR_AT": "DAUG-EQ-TR2", "SUB": "DAUG", "CONJ": 16596, "MUN": "3550308", "CEG_GD": " ", "BRR": "AV PAULISTA 2064 BELA VISTA", "CEP": "01310-200", "CLAS_SUB": "CO1", "CNAE": "6311-9/00", "TIP_CC": "COM-Tipo04", "FAS_CON": "ABCN", "GRU_TEN": "BT", "TEN_FORN": "10", "GRU_TAR": "B3", "SIT_ATIV": "AT", "DAT_CON": "29/05/2012", "CAR_INST": 74.2, "LIV": 0, "ARE_LOC": "UB", "TIP_SIST": "RD_INTERLIG", "ENE_01": 9050.0, "ENE_02": 9210.0, "ENE_03": 10372.831, "ENE_04": 9117.0, "ENE_05": 9721.0, "ENE_06": 9640.0, "ENE_07": 6995.52, "ENE_08": 4987.97, "ENE_09": 8318.0, "ENE_10": 9021.0, "ENE_11": 5517.68, "ENE_12": 8111.2, "DIC_01": 0.0, "DIC_02": 0.0, "DIC_03": 0.0, "DIC_04": 0.0, "DIC_05": 0.0, "DIC_06": 0.0, "DIC_07": 0.31, "DIC_08": 0.0, "DIC_09": 0.0, "DIC_10": 0.0, "DIC_11": 0.0, "DIC_12": 0.0, "FIC_01": 0.0, "FIC_02": 0.0, "FIC_03": 0.0, "FIC_04": 0.0, "FIC_05": 0.0, "FIC_06": 0.0, "FIC_07": 2.0, "FIC_08": 0.0, "FIC_09": 0.0, "FIC_10": 0.0, "FIC_11": 0.0, "FIC_12": 0.0, "SEMRED": 0, "DESCR": " ", "COD_ID": "03187d71a635f56e9d4f8df32c137a7281d80943f45ffc7b61b811c0d8f8c74e", "__layer": "UCBT_tab", "lon": null, "lat": null }, "geometry": null },
{ "type": "Feature", "properties": { "DIST": 390, "PAC": "33093860739338162L", "RAMAL": " ", "PN_CON": "1310925", "UNI_TR_MT": "14375157", "CTMT": "AUG0202", "UNI_TR_AT": "DAUG-EQ-TR2", "SUB": "DAUG", "CONJ": 16573, "MUN": "3550308", "CEG_GD": " ", "BRR": "AV PAULISTA 1636 BELA VISTA", "CEP": "01310-200", "CLAS_SUB": "CO1", "CNAE": "4110-7/00", "TIP_CC": "COM-Tipo02", "FAS_CON": "ABN", "GRU_TEN": "BT", "TEN_FORN": "10", "GRU_TAR": "B3", "SIT_ATIV": "AT", "DAT_CON": "30/08/2012", "CAR_INST": 4.8, "LIV": 0, "ARE_LOC": "UB", "TIP_SIST": "RD_INTERLIG", "ENE_01": 26.0, "ENE_02": 48.0, "ENE_03": 31.525, "ENE_04": 133.0, "ENE_05": 387.0, "ENE_06": 71.0, "ENE_07": 151.2, "ENE_08": 139.69, "ENE_09": 289.0, "ENE_10": 454.0, "ENE_11": 345.15, "ENE_12": 345.21, "DIC_01": 0.0, "DIC_02": 0.0, "DIC_03": 0.0, "DIC_04": 0.0, "DIC_05": 0.0, "DIC_06": 0.0, "DIC_07": 0.28, "DIC_08": 0.0, "DIC_09": 0.0, "DIC_10": 0.0, "DIC_11": 0.0, "DIC_12": 0.0, "FIC_01": 0.0, "FIC_02": 0.0, "FIC_03": 0.0, "FIC_04": 0.0, "FIC_05": 0.0, "FIC_06": 0.0, "FIC_07": 1.0, "FIC_08": 0.0, "FIC_09": 0.0, "FIC_10": 0.0, "FIC_11": 0.0, "FIC_12": 0.0, "SEMRED": 0, "DESCR": " ", "COD_ID": "f780aaa0876cbdce3576cb66c707cc7c33d5b7978f219194e6284afc7c489e44", "__layer": "UCBT_tab", "lon": null, "lat": null }, "geometry": null },
{ "type": "Feature", "properties": { "DIST": 390, "PAC": "33061008739369866L", "RAMAL": "12297501S1", "PN_CON": "10971152", "UNI_TR_MT": "14373896", "CTMT": "AUG0201", "UNI_TR_AT": "DAUG-EQ-TR2", "SUB": "DAUG", "CONJ": 16596, "MUN": "3550308", "CEG_GD": " ", "BRR": "AV PAULISTA 2064 BELA VISTA", "CEP": "01310-200", "CLAS_SUB": "CO1", "CNAE": "8112-5/00", "TIP_CC": "COM-Tipo04", "FAS_CON": "ABCN", "GRU_TEN": "BT", "TEN_FORN": "10", "GRU_TAR": "B3", "SIT_ATIV": "AT", "DAT_CON": "04/12/2012", "CAR_INST": 9.4, "LIV": 0, "ARE_LOC": "UB", "TIP_SIST": "RD_INTERLIG", "ENE_01": 3781.0, "ENE_02": 3867.0, "ENE_03": 4715.714, "ENE_04": 4471.0, "ENE_05": 4804.0, "ENE_06": 4789.0, "ENE_07": 3433.08, "ENE_08": 2458.91, "ENE_09": 5241.0, "ENE_10": 4930.0, "ENE_11": 2437.88, "ENE_12": 4051.77, "DIC_01": 0.0, "DIC_02": 0.0, "DIC_03": 0.0, "DIC_04": 0.0, "DIC_05": 0.0, "DIC_06": 0.0, "DIC_07": 0.31, "DIC_08": 0.0, "DIC_09": 0.0, "DIC_10": 0.0, "DIC_11": 0.0, "DIC_12": 0.0, "FIC_01": 0.0, "FIC_02": 0.0, "FIC_03": 0.0, "FIC_04": 0.0, "FIC_05": 0.0, "FIC_06": 0.0, "FIC_07": 2.0, "FIC_08": 0.0, "FIC_09": 0.0, "FIC_10": 0.0, "FIC_11": 0.0, "FIC_12": 0.0, "SEMRED": 0, "DESCR": " ", "COD_ID": "a5b60b414109bafa8bd3c0ebffbf50eb717ab1ee2954dd4452dad0b43e89e7b1", "__layer": "UCBT_tab", "lon": null, "lat": null }, "geometry": null },
{ "type": "Feature", "properties": { "DIST": 390, "PAC": "33061008739369866L", "RAMAL": "12297501S1", "PN_CON": "10971152", "UNI_TR_MT": "14373896", "CTMT": "AUG0201", "UNI_TR_AT": "DAUG-EQ-TR2", "SUB": "DAUG", "CONJ": 16596, "MUN": "3550308", "CEG_GD": " ", "BRR": "AV PAULISTA 2064 BELA VISTA", "CEP": "01310-200", "CLAS_SUB": "CO1", "CNAE": "8112-5/00", "TIP_CC": "COM-Tipo05", "FAS_CON": "ABCN", "GRU_TEN": "BT", "TEN_FORN": "10", "GRU_TAR": "B3", "SIT_ATIV": "AT", "DAT_CON": "04/12/2012", "CAR_INST": 11.9, "LIV": 0, "ARE_LOC": "UB", "TIP_SIST": "RD_INTERLIG", "ENE_01": 3347.0, "ENE_02": 3401.0, "ENE_03": 4587.44, "ENE_04": 4229.0, "ENE_05": 4611.0, "ENE_06": 4601.0, "ENE_07": 3297.0, "ENE_08": 2183.8, "ENE_09": 4182.0, "ENE_10": 4771.0, "ENE_11": 2486.26, "ENE_12": 3453.14, "DIC_01": 0.0, "DIC_02": 0.0, "DIC_03": 0.0, "DIC_04": 0.0, "DIC_05": 0.0, "DIC_06": 0.0, "DIC_07": 0.31, "DIC_08": 0.0, "DIC_09": 0.0, "DIC_10": 0.0, "DIC_11": 0.0, "DIC_12": 0.0, "FIC_01": 0.0, "FIC_02": 0.0, "FIC_03": 0.0, "FIC_04": 0.0, "FIC_05": 0.0, "FIC_06": 0.0, "FIC_07": 2.0, "FIC_08": 0.0, "FIC_09": 0.0, "FIC_10": 0.0, "FIC_11": 0.0, "FIC_12": 0.0, "SEMRED": 0, "DESCR": " ", "COD_ID": "1cc9dc0713e416ea684062e7faad6bdf31fa1837b8cd6b18dfe4f7b41eac7a1d", "__layer": "UCBT_tab", "lon": null, "lat": null }, "geometry": null },
{ "type": "Feature", "properties": { "DIST": 390, "PAC": "33061008739369866L", "RAMAL": "12297501S1", "PN_CON": "10971152", "UNI_TR_MT": "14373896", "CTMT": "AUG0201", "UNI_TR_AT": "DAUG-EQ-TR2", "SUB": "DAUG", "CONJ": 16596, "MUN": "3550308", "CEG_GD": " ", "BRR": "AV PAULISTA 2064 BELA VISTA", "CEP": "01310-200", "CLAS_SUB": "CO1", "CNAE": "6311-9/00", "TIP_CC": "COM-Tipo03", "FAS_CON": "ABCN", "GRU_TEN": "BT", "TEN_FORN": "10", "GRU_TAR": "B3", "SIT_ATIV": "AT", "DAT_CON": "04/12/2012", "CAR_INST": 26.6, "LIV": 0, "ARE_LOC": "UB", "TIP_SIST": "RD_INTERLIG", "ENE_01": 2817.0, "ENE_02": 3096.0, "ENE_03": 2934.005, "ENE_04": 2800.0, "ENE_05": 3235.0, "ENE_06": 2987.0, "ENE_07": 2820.72, "ENE_08": 1853.79, "ENE_09": 3005.0, "ENE_10": 3048.0, "ENE_11": 1693.89, "ENE_12": 2537.02, "DIC_01": 0.0, "DIC_02": 0.0, "DIC_03": 0.0, "DIC_04": 0.0, "DIC_05": 0.0, "DIC_06": 0.0, "DIC_07": 0.31, "DIC_08": 0.0, "DIC_09": 0.0, "DIC_10": 0.0, "DIC_11": 0.0, "DIC_12": 0.0, "FIC_01": 0.0, "FIC_02": 0.0, "FIC_03": 0.0, "FIC_04": 0.0, "FIC_05": 0.0, "FIC_06": 0.0, "FIC_07": 2.0, "FIC_08": 0.0, "FIC_09": 0.0, "FIC_10": 0.0, "FIC_11": 0.0, "FIC_12": 0.0, "SEMRED": 0, "DESCR": " ", "COD_ID": "cb44d66ce87096abe90ba69f36e479e08601b6f54516433da7fc44b94fdf526d", "__layer": "UCBT_tab", "lon": null, "lat": null }, "geometry": null },
{ "type": "Feature", "properties": { "DIST": 390, "PAC": "33061008739369866L", "RAMAL": "12297501S1", "PN_CON": "10971152", "UNI_TR_MT": "14373896", "CTMT": "AUG0201", "UNI_TR_AT": "DAUG-EQ-TR2", "SUB": "DAUG", "CONJ": 16596, "MUN": "3550308", "CEG_GD": " ", "BRR": "AV PAULISTA 2064 BELA VISTA", "CEP": "01310-200", "CLAS_SUB": "CO1", "CNAE": "4713-0/04", "TIP_CC": "COM-Tipo05", "FAS_CON": "ABN", "GRU_TEN": "BT", "TEN_FORN": "10", "GRU_TAR": "B3", "SIT_ATIV": "AT", "DAT_CON": "04/12/2012", "CAR_INST": 26.6, "LIV": 0, "ARE_LOC": "UB", "TIP_SIST": "RD_INTERLIG", "ENE_01": 1728.0, "ENE_02": 1967.0, "ENE_03": 1958.902, "ENE_04": 2001.0, "ENE_05": 2282.0, "ENE_06": 2136.0, "ENE_07": 1777.44, "ENE_08": 1276.73, "ENE_09": 2050.0, "ENE_10": 2185.0, "ENE_11": 1152.27, "ENE_12": 1884.83, "DIC_01": 0.0, "DIC_02": 0.0, "DIC_03": 0.0, "DIC_04": 0.0, "DIC_05": 0.0, "DIC_06": 0.0, "DIC_07": 0.31, "DIC_08": 0.0, "DIC_09": 0.0, "DIC_10": 0.0, "DIC_11": 0.0, "DIC_12": 0.0, "FIC_01": 0.0, "FIC_02": 0.0, "FIC_03": 0.0, "FIC_04": 0.0, "FIC_05": 0.0, "FIC_06": 0.0, "FIC_07": 2.0, "FIC_08": 0.0, "FIC_09": 0.0, "FIC_10": 0.0, "FIC_11": 0.0, "FIC_12": 0.0, "SEMRED": 0, "DESCR": " ", "COD_ID": "0e4762487425f31466da77ab46fd4b0df9470ff0beebeb58787876a22bd443b3", "__layer": "UCBT_tab", "lon": null, "lat": null }, "geometry": null },
{ "type": "Feature", "properties": { "DIST": 390, "PAC": "33061008739369866L", "RAMAL": "12297501S1", "PN_CON": "10971152", "UNI_TR_MT": "14373896", "CTMT": "AUG0201", "UNI_TR_AT": "DAUG-EQ-TR2", "SUB": "DAUG", "CONJ": 16596, "MUN": "3550308", "CEG_GD": " ", "BRR": "AV PAULISTA 2064 BELA VISTA", "CEP": "01310-200", "CLAS_SUB": "CO1", "CNAE": "8211-3/00", "TIP_CC": "COM-Tipo03", "FAS_CON": "BN", "GRU_TEN": "BT", "TEN_FORN": "10", "GRU_TAR": "B3", "SIT_ATIV": "AT", "DAT_CON": "04/12/2012", "CAR_INST": 5.2, "LIV": 0, "ARE_LOC": "UB", "TIP_SIST": "RD_INTERLIG", "ENE_01": 2913.0, "ENE_02": 3187.0, "ENE_03": 3435.144, "ENE_04": 2369.0, "ENE_05": 2395.0, "ENE_06": 2478.0, "ENE_07": 1865.64, "ENE_08": 1407.27, "ENE_09": 2362.0, "ENE_10": 2503.0, "ENE_11": 1069.08, "ENE_12": 332.78, "DIC_01": 0.0, "DIC_02": 0.0, "DIC_03": 0.0, "DIC_04": 0.0, "DIC_05": 0.0, "DIC_06": 0.0, "DIC_07": 0.31, "DIC_08": 0.0, "DIC_09": 0.0, "DIC_10": 0.0, "DIC_11": 0.0, "DIC_12": 0.0, "FIC_01": 0.0, "FIC_02": 0.0, "FIC_03": 0.0, "FIC_04": 0.0, "FIC_05": 0.0, "FIC_06": 0.0, "FIC_07": 2.0, "FIC_08": 0.0, "FIC_09": 0.0, "FIC_10": 0.0, "FIC_11": 0.0, "FIC_12": 0.0, "SEMRED": 0, "DESCR": " ", "COD_ID": "69eae3ac4b93bd12bcaddccac2e3620b193e87385b01d9638b1e961d3538b539", "__layer": "UCBT_tab", "lon": null, "lat": null }, "geometry": null },
{ "type": "Feature", "properties": { "DIST": 390, "PAC": "33061008739369866L", "RAMAL": "12297501S1", "PN_CON": "10971152", "UNI_TR_MT": "14373896", "CTMT": "AUG0201", "UNI_TR_AT": "DAUG-EQ-TR2", "SUB": "DAUG", "CONJ": 16596, "MUN": "3550308", "CEG_GD": " ", "BRR": "AV PAULISTA 2064 BELA VISTA", "CEP": "01310-200", "CLAS_SUB": "CO1", "CNAE": "7490-1/04", "TIP_CC": "COM-Tipo05", "FAS_CON": "ABN", "GRU_TEN": "BT", "TEN_FORN": "10", "GRU_TAR": "B3", "SIT_ATIV": "AT", "DAT_CON": "04/12/2012", "CAR_INST": 26.6, "LIV": 0, "ARE_LOC": "UB", "TIP_SIST": "RD_INTERLIG", "ENE_01": 2094.0, "ENE_02": 1396.0, "ENE_03": 1315.356, "ENE_04": 998.0, "ENE_05": 1244.0, "ENE_06": 2477.0, "ENE_07": 1552.32, "ENE_08": 1179.74, "ENE_09": 2019.0, "ENE_10": 1931.0, "ENE_11": 1218.35, "ENE_12": 1696.44, "DIC_01": 0.0, "DIC_02": 0.0, "DIC_03": 0.0, "DIC_04": 0.0, "DIC_05": 0.0, "DIC_06": 0.0, "DIC_07": 0.31, "DIC_08": 0.0, "DIC_09": 0.0, "DIC_10": 0.0, "DIC_11": 0.0, "DIC_12": 0.0, "FIC_01": 0.0, "FIC_02": 0.0, "FIC_03": 0.0, "FIC_04": 0.0, "FIC_05": 0.0, "FIC_06": 0.0, "FIC_07": 2.0, "FIC_08": 0.0, "FIC_09": 0.0, "FIC_10": 0.0, "FIC_11": 0.0, "FIC_12": 0.0, "SEMRED": 0, "DESCR": " ", "COD_ID": "1c99146eb48df95d742cfb9426e497a898e5f2ff3343f329a62fd3deb0f5b58b", "__layer": "UCBT_tab", "lon": null, "lat": null }, "geometry": null },
{ "type": "Feature", "properties": { "DIST": 390, "PAC": "33061008739369866L", "RAMAL": "12297501S1", "PN_CON": "10971152", "UNI_TR_MT": "14373896", "CTMT": "AUG0201", "UNI_TR_AT": "DAUG-EQ-TR2", "SUB": "DAUG", "CONJ": 16596, "MUN": "3550308", "CEG_GD": " ", "BRR": "AV PAULISTA 2064 BELA VISTA", "CEP": "01310-200", "CLAS_SUB": "CO1", "CNAE": "4713-0/04", "TIP_CC": "COM-Tipo05", "FAS_CON": "ABN", "GRU_TEN": "BT", "TEN_FORN": "10", "GRU_TAR": "B3", "SIT_ATIV": "AT", "DAT_CON": "04/12/2012", "CAR_INST": 26.6, "LIV": 0, "ARE_LOC": "UB", "TIP_SIST": "RD_INTERLIG", "ENE_01": 1932.0, "ENE_02": 1228.0, "ENE_03": 1390.364, "ENE_04": 1371.0, "ENE_05": 1496.0, "ENE_06": 1436.0, "ENE_07": 1101.24, "ENE_08": 842.41, "ENE_09": 1267.0, "ENE_10": 1271.0, "ENE_11": 815.97, "ENE_12": 990.71, "DIC_01": 0.0, "DIC_02": 0.0, "DIC_03": 0.0, "DIC_04": 0.0, "DIC_05": 0.0, "DIC_06": 0.0, "DIC_07": 0.31, "DIC_08": 0.0, "DIC_09": 0.0, "DIC_10": 0.0, "DIC_11": 0.0, "DIC_12": 0.0, "FIC_01": 0.0, "FIC_02": 0.0, "FIC_03": 0.0, "FIC_04": 0.0, "FIC_05": 0.0, "FIC_06": 0.0, "FIC_07": 2.0, "FIC_08": 0.0, "FIC_09": 0.0, "FIC_10": 0.0, "FIC_11": 0.0, "FIC_12": 0.0, "SEMRED": 0, "DESCR": " ", "COD_ID": "09c978fc1a30564495dcd63c24753e6b377447ebab29243ddbc8d45a4de23493", "__layer": "UCBT_tab", "lon": null, "lat": null }, "geometry": null },
{ "type": "Feature", "properties": { "DIST": 390, "PAC": "33061008739369866L", "RAMAL": "12297501S1", "PN_CON": "10971152", "UNI_TR_MT": "14373896", "CTMT": "AUG0201", "UNI_TR_AT": "DAUG-EQ-TR2", "SUB": "DAUG", "CONJ": 16596, "MUN": "3550308", "CEG_GD": " ", "BRR": "AV PAULISTA 2064 BELA VISTA", "CEP": "01310-200", "CLAS_SUB": "CO1", "CNAE": "7112-0/00", "TIP_CC": "COM-Tipo05", "FAS_CON": "ABCN", "GRU_TEN": "BT", "TEN_FORN": "10", "GRU_TAR": "B3", "SIT_ATIV": "AT", "DAT_CON": "04/12/2012", "CAR_INST": 2.9, "LIV": 0, "ARE_LOC": "UB", "TIP_SIST": "RD_INTERLIG", "ENE_01": 2009.0, "ENE_02": 2158.0, "ENE_03": 2518.743, "ENE_04": 2197.0, "ENE_05": 2382.0, "ENE_06": 2224.0, "ENE_07": 1578.36, "ENE_08": 1147.41, "ENE_09": 2013.0, "ENE_10": 2034.0, "ENE_11": 1184.72, "ENE_12": 1982.37, "DIC_01": 0.0, "DIC_02": 0.0, "DIC_03": 0.0, "DIC_04": 0.0, "DIC_05": 0.0, "DIC_06": 0.0, "DIC_07": 0.31, "DIC_08": 0.0, "DIC_09": 0.0, "DIC_10": 0.0, "DIC_11": 0.0, "DIC_12": 0.0, "FIC_01": 0.0, "FIC_02": 0.0, "FIC_03": 0.0, "FIC_04": 0.0, "FIC_05": 0.0, "FIC_06": 0.0, "FIC_07": 2.0, "FIC_08": 0.0, "FIC_09": 0.0, "FIC_10": 0.0, "FIC_11": 0.0, "FIC_12": 0.0, "SEMRED": 0, "DESCR": " ", "COD_ID": "6e60dc8d97ea887e994350706c0f9df72eaf8f58f35097b69a666677b76feaf8", "__layer": "UCBT_tab", "lon": null, "lat": null }, "geometry": null },
{ "type": "Feature", "properties": { "DIST": 390, "PAC": "33061008739369866L", "RAMAL": "12297501S1", "PN_CON": "10971152", "UNI_TR_MT": "14373896", "CTMT": "AUG0201", "UNI_TR_AT": "DAUG-EQ-TR2", "SUB": "DAUG", "CONJ": 16596, "MUN": "3550308", "CEG_GD": " ", "BRR": "AV PAULISTA 2064 BELA VISTA", "CEP": "01310-200", "CLAS_SUB": "CO1", "CNAE": "7911-2/00", "TIP_CC": "COM-Tipo02", "FAS_CON": "ABCN", "GRU_TEN": "BT", "TEN_FORN": "10", "GRU_TAR": "B3", "SIT_ATIV": "AT", "DAT_CON": "04/12/2012", "CAR_INST": 6.0, "LIV": 0, "ARE_LOC": "UB", "TIP_SIST": "RD_INTERLIG", "ENE_01": 19.0, "ENE_02": 55.0, "ENE_03": 241.33, "ENE_04": 124.0, "ENE_05": 187.0, "ENE_06": 1133.0, "ENE_07": 2269.68, "ENE_08": 2023.37, "ENE_09": 3459.0, "ENE_10": 3128.0, "ENE_11": 1943.46, "ENE_12": 2958.74, "DIC_01": 0.0, "DIC_02": 0.0, "DIC_03": 0.0, "DIC_04": 0.0, "DIC_05": 0.0, "DIC_06": 0.0, "DIC_07": 0.31, "DIC_08": 0.0, "DIC_09": 0.0, "DIC_10": 0.0, "DIC_11": 0.0, "DIC_12": 0.0, "FIC_01": 0.0, "FIC_02": 0.0, "FIC_03": 0.0, "FIC_04": 0.0, "FIC_05": 0.0, "FIC_06": 0.0, "FIC_07": 2.0, "FIC_08": 0.0, "FIC_09": 0.0, "FIC_10": 0.0, "FIC_11": 0.0, "FIC_12": 0.0, "SEMRED": 0, "DESCR": " ", "COD_ID": "8cec0e4cbdfeeff49460d4ccf7de5b29398e6ddcbc45e0c62c0ea392eebc4e77", "__layer": "UCBT_tab", "lon": null, "lat": null }, "geometry": null },
{ "type": "Feature", "properties": { "DIST": 390, "PAC": "33061008739369866L", "RAMAL": "12297501S1", "PN_CON": "10971152", "UNI_TR_MT": "14373896", "CTMT": "AUG0201", "UNI_TR_AT": "DAUG-EQ-TR2", "SUB": "DAUG", "CONJ": 16596, "MUN": "3550308", "CEG_GD": " ", "BRR": "AV PAULISTA 2064 BELA VISTA", "CEP": "01310-200", "CLAS_SUB": "CO1", "CNAE": "6311-9/00", "TIP_CC": "COM-Tipo05", "FAS_CON": "ABN", "GRU_TEN": "BT", "TEN_FORN": "10", "GRU_TAR": "B3", "SIT_ATIV": "AT", "DAT_CON": "04/12/2012", "CAR_INST": 26.6, "LIV": 0, "ARE_LOC": "UB", "TIP_SIST": "RD_INTERLIG", "ENE_01": 2030.0, "ENE_02": 2210.0, "ENE_03": 2219.799, "ENE_04": 2113.0, "ENE_05": 2057.0, "ENE_06": 2071.0, "ENE_07": 1462.44, "ENE_08": 1135.21, "ENE_09": 2101.0, "ENE_10": 1941.0, "ENE_11": 1167.02, "ENE_12": 1949.86, "DIC_01": 0.0, "DIC_02": 0.0, "DIC_03": 0.0, "DIC_04": 0.0, "DIC_05": 0.0, "DIC_06": 0.0, "DIC_07": 0.31, "DIC_08": 0.0, "DIC_09": 0.0, "DIC_10": 0.0, "DIC_11": 0.0, "DIC_12": 0.0, "FIC_01": 0.0, "FIC_02": 0.0, "FIC_03": 0.0, "FIC_04": 0.0, "FIC_05": 0.0, "FIC_06": 0.0, "FIC_07": 2.0, "FIC_08": 0.0, "FIC_09": 0.0, "FIC_10": 0.0, "FIC_11": 0.0, "FIC_12": 0.0, "SEMRED": 0, "DESCR": " ", "COD_ID": "6ba400b9ddba5c34b72402d0284eb40f27031acf08ed4b9c9fe84920c782c4e7", "__layer": "UCBT_tab", "lon": null, "lat": null }, "geometry": null },
{ "type": "Feature", "properties": { "DIST": 390, "PAC": "33061008739369866L", "RAMAL": "12297501S1", "PN_CON": "10971152", "UNI_TR_MT": "14373896", "CTMT": "AUG0201", "UNI_TR_AT": "DAUG-EQ-TR2", "SUB": "DAUG", "CONJ": 16596, "MUN": "3550308", "CEG_GD": " ", "BRR": "AV PAULISTA 2064 BELA VISTA", "CEP": "01310-200", "CLAS_SUB": "CO1", "CNAE": "8220-2/00", "TIP_CC": "COM-Tipo02", "FAS_CON": "ABCN", "GRU_TEN": "BT", "TEN_FORN": "10", "GRU_TAR": "B3", "SIT_ATIV": "AT", "DAT_CON": "04/12/2012", "CAR_INST": 178.7, "LIV": 0, "ARE_LOC": "UB", "TIP_SIST": "RD_INTERLIG", "ENE_01": 34440.0, "ENE_02": 2080.0, "ENE_03": 2261.108, "ENE_04": 2080.0, "ENE_05": 32200.0, "ENE_06": 2880.0, "ENE_07": 84.0, "ENE_08": 61.0, "ENE_09": 100.0, "ENE_10": 40960.0, "ENE_11": 2454.4, "ENE_12": 19087.42, "DIC_01": 0.0, "DIC_02": 0.0, "DIC_03": 0.0, "DIC_04": 0.0, "DIC_05": 0.0, "DIC_06": 0.0, "DIC_07": 0.31, "DIC_08": 0.0, "DIC_09": 0.0, "DIC_10": 0.0, "DIC_11": 0.0, "DIC_12": 0.0, "FIC_01": 0.0, "FIC_02": 0.0, "FIC_03": 0.0, "FIC_04": 0.0, "FIC_05": 0.0, "FIC_06": 0.0, "FIC_07": 2.0, "FIC_08": 0.0, "FIC_09": 0.0, "FIC_10": 0.0, "FIC_11": 0.0, "FIC_12": 0.0, "SEMRED": 0, "DESCR": " ", "COD_ID": "8dc105c257e0671ea1e63598fecccbe4acd12c5988c0c34a52b31313d498e8bc", "__layer": "UCBT_tab", "lon": null, "lat": null }, "geometry": null },
{ "type": "Feature", "properties": { "DIST": 390, "PAC": "33061008739369866L", "RAMAL": "12297501S1", "PN_CON": "10971152", "UNI_TR_MT": "14373896", "CTMT": "AUG0201", "UNI_TR_AT": "DAUG-EQ-TR2", "SUB": "DAUG", "CONJ": 16596, "MUN": "3550308", "CEG_GD": " ", "BRR": "AV PAULISTA 2064 BELA VISTA", "CEP": "01310-200", "CLAS_SUB": "CO1", "CNAE": "8220-2/00", "TIP_CC": "COM-Tipo01", "FAS_CON": "ABCN", "GRU_TEN": "BT", "TEN_FORN": "10", "GRU_TAR": "B3", "SIT_ATIV": "AT", "DAT_CON": "04/12/2012", "CAR_INST": 95.8, "LIV": 0, "ARE_LOC": "UB", "TIP_SIST": "RD_INTERLIG", "ENE_01": 6000.0, "ENE_02": 6000.0, "ENE_03": 6522.426, "ENE_04": 100.0, "ENE_05": 5560.0, "ENE_06": 100.0, "ENE_07": 84.0, "ENE_08": 61.0, "ENE_09": 100.0, "ENE_10": 170720.0, "ENE_11": 3964.8, "ENE_12": 51983.59, "DIC_01": 0.0, "DIC_02": 0.0, "DIC_03": 0.0, "DIC_04": 0.0, "DIC_05": 0.0, "DIC_06": 0.0, "DIC_07": 0.31, "DIC_08": 0.0, "DIC_09": 0.0, "DIC_10": 0.0, "DIC_11": 0.0, "DIC_12": 0.0, "FIC_01": 0.0, "FIC_02": 0.0, "FIC_03": 0.0, "FIC_04": 0.0, "FIC_05": 0.0, "FIC_06": 0.0, "FIC_07": 2.0, "FIC_08": 0.0, "FIC_09": 0.0, "FIC_10": 0.0, "FIC_11": 0.0, "FIC_12": 0.0, "SEMRED": 0, "DESCR": " ", "COD_ID": "017deaf3f35b57a12dc72d7a56da2dca0da541896e7043db1bfb5bc4f49cb8fe", "__layer": "UCBT_tab", "lon": null, "lat": null }, "geometry": null },
{ "type": "Feature", "properties": { "DIST": 390, "PAC": "33061008739369866L", "RAMAL": "12297501S1", "PN_CON": "10971152", "UNI_TR_MT": "14373896", "CTMT": "AUG0201", "UNI_TR_AT": "DAUG-EQ-TR2", "SUB": "DAUG", "CONJ": 16596, "MUN": "3550308", "CEG_GD": " ", "BRR": "AV PAULISTA 2064 BELA VISTA", "CEP": "01310-200", "CLAS_SUB": "CO1", "CNAE": "6311-9/00", "TIP_CC": "COM-Tipo05", "FAS_CON": "ABN", "GRU_TEN": "BT", "TEN_FORN": "10", "GRU_TAR": "B3", "SIT_ATIV": "AT", "DAT_CON": "04/12/2012", "CAR_INST": 26.6, "LIV": 0, "ARE_LOC": "UB", "TIP_SIST": "RD_INTERLIG", "ENE_01": 1354.0, "ENE_02": 1990.0, "ENE_03": 2089.35, "ENE_04": 1795.0, "ENE_05": 1620.0, "ENE_06": 2197.0, "ENE_07": 1755.6, "ENE_08": 1270.63, "ENE_09": 1736.0, "ENE_10": 2795.0, "ENE_11": 1528.69, "ENE_12": 2509.28, "DIC_01": 0.0, "DIC_02": 0.0, "DIC_03": 0.0, "DIC_04": 0.0, "DIC_05": 0.0, "DIC_06": 0.0, "DIC_07": 0.31, "DIC_08": 0.0, "DIC_09": 0.0, "DIC_10": 0.0, "DIC_11": 0.0, "DIC_12": 0.0, "FIC_01": 0.0, "FIC_02": 0.0, "FIC_03": 0.0, "FIC_04": 0.0, "FIC_05": 0.0, "FIC_06": 0.0, "FIC_07": 2.0, "FIC_08": 0.0, "FIC_09": 0.0, "FIC_10": 0.0, "FIC_11": 0.0, "FIC_12": 0.0, "SEMRED": 0, "DESCR": " ", "COD_ID": "7a3c81c0105b29a2cebe38e79ace7b8649187f1d7254c0d72186e34b99c148d7", "__layer": "UCBT_tab", "lon": null, "lat": null }, "geometry": null },
{ "type": "Feature", "properties": { "DIST": 390, "PAC": "33061008739369866L", "RAMAL": "12297501S1", "PN_CON": "10971152", "UNI_TR_MT": "14373896", "CTMT": "AUG0201", "UNI_TR_AT": "DAUG-EQ-TR2", "SUB": "DAUG", "CONJ": 16596, "MUN": "3550308", "CEG_GD": " ", "BRR": "AV PAULISTA 2064 BELA VISTA", "CEP": "01310-200", "CLAS_SUB": "CO1", "CNAE": "8112-5/00", "TIP_CC": "COM-Tipo05", "FAS_CON": "ABCN", "GRU_TEN": "BT", "TEN_FORN": "10", "GRU_TAR": "B3", "SIT_ATIV": "AT", "DAT_CON": "04/12/2012", "CAR_INST": 4.9, "LIV": 0, "ARE_LOC": "UB", "TIP_SIST": "RD_INTERLIG", "ENE_01": 3440.0, "ENE_02": 3456.0, "ENE_03": 3808.01, "ENE_04": 3912.0, "ENE_05": 3968.0, "ENE_06": 3730.0, "ENE_07": 2806.44, "ENE_08": 2170.99, "ENE_09": 3587.0, "ENE_10": 3730.0, "ENE_11": 2254.98, "ENE_12": 3142.34, "DIC_01": 0.0, "DIC_02": 0.0, "DIC_03": 0.0, "DIC_04": 0.0, "DIC_05": 0.0, "DIC_06": 0.0, "DIC_07": 0.31, "DIC_08": 0.0, "DIC_09": 0.0, "DIC_10": 0.0, "DIC_11": 0.0, "DIC_12": 0.0, "FIC_01": 0.0, "FIC_02": 0.0, "FIC_03": 0.0, "FIC_04": 0.0, "FIC_05": 0.0, "FIC_06": 0.0, "FIC_07": 2.0, "FIC_08": 0.0, "FIC_09": 0.0, "FIC_10": 0.0, "FIC_11": 0.0, "FIC_12": 0.0, "SEMRED": 0, "DESCR": " ", "COD_ID": "10800b175d94cf0355237d8c3180604f0f4bdf8f9d4e3075eff7893d8755239e", "__layer": "UCBT_tab", "lon": null, "lat": null }, "geometry": null },
{ "type": "Feature", "properties": { "DIST": 390, "PAC": "33061008739369866L", "RAMAL": "12297501S1", "PN_CON": "10971152", "UNI_TR_MT": "14373896", "CTMT": "AUG0201", "UNI_TR_AT": "DAUG-EQ-TR2", "SUB": "DAUG", "CONJ": 16596, "MUN": "3550308", "CEG_GD": " ", "BRR": "AV PAULISTA 2064 BELA VISTA", "CEP": "01310-200", "CLAS_SUB": "CO1", "CNAE": "8211-3/00", "TIP_CC": "COM-Tipo03", "FAS_CON": "ABCN", "GRU_TEN": "BT", "TEN_FORN": "10", "GRU_TAR": "B3", "SIT_ATIV": "AT", "DAT_CON": "04/12/2012", "CAR_INST": 9.1, "LIV": 0, "ARE_LOC": "UB", "TIP_SIST": "RD_INTERLIG", "ENE_01": 577.0, "ENE_02": 522.0, "ENE_03": 1316.443, "ENE_04": 2177.0, "ENE_05": 1162.0, "ENE_06": 198.0, "ENE_07": 1475.88, "ENE_08": 777.14, "ENE_09": 952.0, "ENE_10": 1042.0, "ENE_11": 714.49, "ENE_12": 510.65, "DIC_01": 0.0, "DIC_02": 0.0, "DIC_03": 0.0, "DIC_04": 0.0, "DIC_05": 0.0, "DIC_06": 0.0, "DIC_07": 0.31, "DIC_08": 0.0, "DIC_09": 0.0, "DIC_10": 0.0, "DIC_11": 0.0, "DIC_12": 0.0, "FIC_01": 0.0, "FIC_02": 0.0, "FIC_03": 0.0, "FIC_04": 0.0, "FIC_05": 0.0, "FIC_06": 0.0, "FIC_07": 2.0, "FIC_08": 0.0, "FIC_09": 0.0, "FIC_10": 0.0, "FIC_11": 0.0, "FIC_12": 0.0, "SEMRED": 0, "DESCR": " ", "COD_ID": "b4c0ef1c5f5a24e924b494067b303028eefbfdebb5c0d88179971512c7605f5a", "__layer": "UCBT_tab", "lon": null, "lat": null }, "geometry": null },
{ "type": "Feature", "properties": { "DIST": 390, "PAC": "33061008739369866L", "RAMAL": "12297501S1", "PN_CON": "10971152", "UNI_TR_MT": "14373896", "CTMT": "AUG0201", "UNI_TR_AT": "DAUG-EQ-TR2", "SUB": "DAUG", "CONJ": 16596, "MUN": "3550308", "CEG_GD": " ", "BRR": "AV PAULISTA 2064 BELA VISTA", "CEP": "01310-200", "CLAS_SUB": "RE1", "CNAE": " ", "TIP_CC": "RES-Tipo05", "FAS_CON": "ABN", "GRU_TEN": "BT", "TEN_FORN": "10", "GRU_TAR": "B1", "SIT_ATIV": "AT", "DAT_CON": "04/12/2012", "CAR_INST": 5.0, "LIV": 0, "ARE_LOC": "UB", "TIP_SIST": "RD_INTERLIG", "ENE_01": 25.01, "ENE_02": 50.0, "ENE_03": 50.0, "ENE_04": 50.0, "ENE_05": 1147.0, "ENE_06": 1161.0, "ENE_07": 1171.0, "ENE_08": 934.0, "ENE_09": 50.0, "ENE_10": 715.0, "ENE_11": 613.0, "ENE_12": 488.37, "DIC_01": 0.0, "DIC_02": 0.0, "DIC_03": 0.0, "DIC_04": 0.0, "DIC_05": 0.0, "DIC_06": 0.0, "DIC_07": 0.31, "DIC_08": 0.0, "DIC_09": 0.0, "DIC_10": 0.0, "DIC_11": 0.0, "DIC_12": 0.0, "FIC_01": 0.0, "FIC_02": 0.0, "FIC_03": 0.0, "FIC_04": 0.0, "FIC_05": 0.0, "FIC_06": 0.0, "FIC_07": 2.0, "FIC_08": 0.0, "FIC_09": 0.0, "FIC_10": 0.0, "FIC_11": 0.0, "FIC_12": 0.0, "SEMRED": 0, "DESCR": " ", "COD_ID": "b257d6d66319cc9e3d6764e042ccfc244b22b45840ff1f50921f981f8d42d036", "__layer": "UCBT_tab", "lon": null, "lat": null }, "geometry": null },
{ "type": "Feature", "properties": { "DIST": 390, "PAC": "33061008739369866L", "RAMAL": "12297501S1", "PN_CON": "10971152", "UNI_TR_MT": "14373896", "CTMT": "AUG0201", "UNI_TR_AT": "DAUG-EQ-TR2", "SUB": "DAUG", "CONJ": 16596, "MUN": "3550308", "CEG_GD": " ", "BRR": "AV PAULISTA 2064 BELA VISTA", "CEP": "01310-200", "CLAS_SUB": "CO9", "CNAE": "8211-3/00", "TIP_CC": "COM-Tipo02", "FAS_CON": "ABN", "GRU_TEN": "BT", "TEN_FORN": "10", "GRU_TAR": "B3", "SIT_ATIV": "AT", "DAT_CON": "04/12/2012", "CAR_INST": 47.2, "LIV": 0, "ARE_LOC": "UB", "TIP_SIST": "RD_INTERLIG", "ENE_01": 304.0, "ENE_02": 126.0, "ENE_03": 108.707, "ENE_04": 4724.0, "ENE_05": 5697.0, "ENE_06": 4937.0, "ENE_07": 3364.2, "ENE_08": 852.78, "ENE_09": 1506.0, "ENE_10": 100.0, "ENE_11": 957.57, "ENE_12": 1673.49, "DIC_01": 0.0, "DIC_02": 0.0, "DIC_03": 0.0, "DIC_04": 0.0, "DIC_05": 0.0, "DIC_06": 0.0, "DIC_07": 0.31, "DIC_08": 0.0, "DIC_09": 0.0, "DIC_10": 0.0, "DIC_11": 0.0, "DIC_12": 0.0, "FIC_01": 0.0, "FIC_02": 0.0, "FIC_03": 0.0, "FIC_04": 0.0, "FIC_05": 0.0, "FIC_06": 0.0, "FIC_07": 2.0, "FIC_08": 0.0, "FIC_09": 0.0, "FIC_10": 0.0, "FIC_11": 0.0, "FIC_12": 0.0, "SEMRED": 0, "DESCR": " ", "COD_ID": "a614cc71c781a0649a8bd5e7de61416707fd5ee652aa58c1be1f78e916bd812f", "__layer": "UCBT_tab", "lon": null, "lat": null }, "geometry": null },
{ "type": "Feature", "properties": { "DIST": 390, "PAC": "33061008739369866L", "RAMAL": "12297501S1", "PN_CON": "10971152", "UNI_TR_MT": "14373896", "CTMT": "AUG0201", "UNI_TR_AT": "DAUG-EQ-TR2", "SUB": "DAUG", "CONJ": 16596, "MUN": "3550308", "CEG_GD": " ", "BRR": "AV PAULISTA 2064 BELA VISTA", "CEP": "01310-200", "CLAS_SUB": "CO1", "CNAE": "8610-1/01", "TIP_CC": "COM-Tipo05", "FAS_CON": "ABCN", "GRU_TEN": "BT", "TEN_FORN": "10", "GRU_TAR": "B3", "SIT_ATIV": "AT", "DAT_CON": "04/12/2012", "CAR_INST": 47.2, "LIV": 0, "ARE_LOC": "UB", "TIP_SIST": "RD_INTERLIG", "ENE_01": 4322.0, "ENE_02": 2881.0, "ENE_03": 3399.271, "ENE_04": 3214.0, "ENE_05": 4375.0, "ENE_06": 2593.0, "ENE_07": 1788.36, "ENE_08": 1125.45, "ENE_09": 2716.0, "ENE_10": 2973.0, "ENE_11": 1831.36, "ENE_12": 2449.99, "DIC_01": 0.0, "DIC_02": 0.0, "DIC_03": 0.0, "DIC_04": 0.0, "DIC_05": 0.0, "DIC_06": 0.0, "DIC_07": 0.31, "DIC_08": 0.0, "DIC_09": 0.0, "DIC_10": 0.0, "DIC_11": 0.0, "DIC_12": 0.0, "FIC_01": 0.0, "FIC_02": 0.0, "FIC_03": 0.0, "FIC_04": 0.0, "FIC_05": 0.0, "FIC_06": 0.0, "FIC_07": 2.0, "FIC_08": 0.0, "FIC_09": 0.0, "FIC_10": 0.0, "FIC_11": 0.0, "FIC_12": 0.0, "SEMRED": 0, "DESCR": " ", "COD_ID": "892f43841c2be9fa94a4f552d77c7f00e97a664486d5ff35c8b625a2122c6164", "__layer": "UCBT_tab", "lon": null, "lat": null }, "geometry": null },
{ "type": "Feature", "properties": { "DIST": 390, "PAC": "33093860739338162L", "RAMAL": " ", "PN_CON": "1310925", "UNI_TR_MT": "14375157", "CTMT": "AUG0202", "UNI_TR_AT": "DAUG-EQ-TR2", "SUB": "DAUG", "CONJ": 16573, "MUN": "3550308", "CEG_GD": " ", "BRR": "AV PAULISTA 1636 BELA VISTA", "CEP": "01310-200", "CLAS_SUB": "RE1", "CNAE": " ", "TIP_CC": "RES-Tipo05", "FAS_CON": "ABN", "GRU_TEN": "BT", "TEN_FORN": "10", "GRU_TAR": "B1", "SIT_ATIV": "AT", "DAT_CON": "11/12/2012", "CAR_INST": 3.5, "LIV": 0, "ARE_LOC": "UB", "TIP_SIST": "RD_INTERLIG", "ENE_01": 225.15, "ENE_02": 471.0, "ENE_03": 602.0, "ENE_04": 446.0, "ENE_05": 496.0, "ENE_06": 366.0, "ENE_07": 486.0, "ENE_08": 480.0, "ENE_09": 502.0, "ENE_10": 554.0, "ENE_11": 459.0, "ENE_12": 533.03, "DIC_01": 0.0, "DIC_02": 0.0, "DIC_03": 0.0, "DIC_04": 0.0, "DIC_05": 0.0, "DIC_06": 0.0, "DIC_07": 0.28, "DIC_08": 0.0, "DIC_09": 0.0, "DIC_10": 0.0, "DIC_11": 0.0, "DIC_12": 0.0, "FIC_01": 0.0, "FIC_02": 0.0, "FIC_03": 0.0, "FIC_04": 0.0, "FIC_05": 0.0, "FIC_06": 0.0, "FIC_07": 1.0, "FIC_08": 0.0, "FIC_09": 0.0, "FIC_10": 0.0, "FIC_11": 0.0, "FIC_12": 0.0, "SEMRED": 0, "DESCR": " ", "COD_ID": "6dd9eca031de582901aed2a7c6474a427efd1daca0df4892dd4278f3539d578c", "__layer": "UCBT_tab", "lon": null, "lat": null }, "geometry": null },
{ "type": "Feature", "properties": { "DIST": 390, "PAC": "33093860739338162L", "RAMAL": " ", "PN_CON": "1310925", "UNI_TR_MT": "14375157", "CTMT": "AUG0202", "UNI_TR_AT": "DAUG-EQ-TR2", "SUB": "DAUG", "CONJ": 16573, "MUN": "3550308", "CEG_GD": " ", "BRR": "AV PAULISTA 1636 BELA VISTA", "CEP": "01310-200", "CLAS_SUB": "RE1", "CNAE": " ", "TIP_CC": "RES-Tipo02", "FAS_CON": "ABN", "GRU_TEN": "BT", "TEN_FORN": "10", "GRU_TAR": "B1", "SIT_ATIV": "AT", "DAT_CON": "26/01/2013", "CAR_INST": 5.5, "LIV": 0, "ARE_LOC": "UB", "TIP_SIST": "RD_INTERLIG", "ENE_01": 223.15, "ENE_02": 378.0, "ENE_03": 523.0, "ENE_04": 266.0, "ENE_05": 245.0, "ENE_06": 147.0, "ENE_07": 167.0, "ENE_08": 168.0, "ENE_09": 211.0, "ENE_10": 293.0, "ENE_11": 215.0, "ENE_12": 304.86, "DIC_01": 0.0, "DIC_02": 0.0, "DIC_03": 0.0, "DIC_04": 0.0, "DIC_05": 0.0, "DIC_06": 0.0, "DIC_07": 0.28, "DIC_08": 0.0, "DIC_09": 0.0, "DIC_10": 0.0, "DIC_11": 0.0, "DIC_12": 0.0, "FIC_01": 0.0, "FIC_02": 0.0, "FIC_03": 0.0, "FIC_04": 0.0, "FIC_05": 0.0, "FIC_06": 0.0, "FIC_07": 1.0, "FIC_08": 0.0, "FIC_09": 0.0, "FIC_10": 0.0, "FIC_11": 0.0, "FIC_12": 0.0, "SEMRED": 0, "DESCR": " ", "COD_ID": "ad3736151fd0416b2060665f2e96048a9215c7d971fa73f1f735566842616ce4", "__layer": "UCBT_tab", "lon": null, "lat": null }, "geometry": null },
{ "type": "Feature", "properties": { "DIST": 390, "PAC": "33093860739338162L", "RAMAL": " ", "PN_CON": "1310925", "UNI_TR_MT": "14375157", "CTMT": "AUG0202", "UNI_TR_AT": "DAUG-EQ-TR2", "SUB": "DAUG", "CONJ": 16573, "MUN": "3550308", "CEG_GD": " ", "BRR": "AV PAULISTA 1636 BELA VISTA", "CEP": "01310-200", "CLAS_SUB": "CO1", "CNAE": "6491-3/00", "TIP_CC": "COM-Tipo03", "FAS_CON": "ABN", "GRU_TEN": "BT", "TEN_FORN": "10", "GRU_TAR": "B3", "SIT_ATIV": "AT", "DAT_CON": "14/05/2013", "CAR_INST": 3.6, "LIV": 0, "ARE_LOC": "UB", "TIP_SIST": "RD_INTERLIG", "ENE_01": 928.0, "ENE_02": 957.0, "ENE_03": 1359.926, "ENE_04": 878.0, "ENE_05": 894.0, "ENE_06": 685.0, "ENE_07": 513.24, "ENE_08": 408.09, "ENE_09": 726.0, "ENE_10": 690.0, "ENE_11": 350.46, "ENE_12": 509.69, "DIC_01": 0.0, "DIC_02": 0.0, "DIC_03": 0.0, "DIC_04": 0.0, "DIC_05": 0.0, "DIC_06": 0.0, "DIC_07": 0.0, "DIC_08": 0.0, "DIC_09": 0.0, "DIC_10": 0.0, "DIC_11": 0.0, "DIC_12": 0.0, "FIC_01": 0.0, "FIC_02": 0.0, "FIC_03": 0.0, "FIC_04": 0.0, "FIC_05": 0.0, "FIC_06": 0.0, "FIC_07": 0.0, "FIC_08": 0.0, "FIC_09": 0.0, "FIC_10": 0.0, "FIC_11": 0.0, "FIC_12": 0.0, "SEMRED": 0, "DESCR": " ", "COD_ID": "4108f353691ad1f55111c85710821cfadaec06c772bbfbdd4007a17e4d0093a4", "__layer": "UCBT_tab", "lon": null, "lat": null }, "geometry": null },
{ "type": "Feature", "properties": { "DIST": 390, "PAC": "33093860739338162L", "RAMAL": " ", "PN_CON": "1310925", "UNI_TR_MT": "14375157", "CTMT": "AUG0202", "UNI_TR_AT": "DAUG-EQ-TR2", "SUB": "DAUG", "CONJ": 16573, "MUN": "3550308", "CEG_GD": " ", "BRR": "AV PAULISTA 1636 BELA VISTA", "CEP": "01310-200", "CLAS_SUB": "CO1", "CNAE": "7490-1/04", "TIP_CC": "RES-Tipo01", "FAS_CON": "ABCN", "GRU_TEN": "BT", "TEN_FORN": "10", "GRU_TAR": "B3", "SIT_ATIV": "AT", "DAT_CON": "14/05/2013", "CAR_INST": 4.8, "LIV": 0, "ARE_LOC": "UB", "TIP_SIST": "RD_INTERLIG", "ENE_01": 4.0, "ENE_02": 50.0, "ENE_03": 54.354, "ENE_04": 26.0, "ENE_05": 50.0, "ENE_06": 4.0, "ENE_07": 5.88, "ENE_08": 4.88, "ENE_09": 8.0, "ENE_10": 55.0, "ENE_11": 102.07, "ENE_12": 127.18, "DIC_01": 0.0, "DIC_02": 0.0, "DIC_03": 0.0, "DIC_04": 0.0, "DIC_05": 0.0, "DIC_06": 0.0, "DIC_07": 0.0, "DIC_08": 0.0, "DIC_09": 0.0, "DIC_10": 0.0, "DIC_11": 0.0, "DIC_12": 0.0, "FIC_01": 0.0, "FIC_02": 0.0, "FIC_03": 0.0, "FIC_04": 0.0, "FIC_05": 0.0, "FIC_06": 0.0, "FIC_07": 0.0, "FIC_08": 0.0, "FIC_09": 0.0, "FIC_10": 0.0, "FIC_11": 0.0, "FIC_12": 0.0, "SEMRED": 0, "DESCR": " ", "COD_ID": "3e0741d92f450a761f4ec1db7936f7bcb528a76b4110f0208f1b5d46cab23f1a", "__layer": "UCBT_tab", "lon": null, "lat": null }, "geometry": null },
{ "type": "Feature", "properties": { "DIST": 390, "PAC": "33071144739360737L", "RAMAL": "12297875S1", "PN_CON": "10971323", "UNI_TR_MT": "14374375", "CTMT": "AUG0201", "UNI_TR_AT": "DAUG-EQ-TR2", "SUB": "DAUG", "CONJ": 16596, "MUN": "3550308", "CEG_GD": " ", "BRR": "AV PAULISTA 2006 BELA VISTA", "CEP": "01310-200", "CLAS_SUB": "CO9", "CNAE": "8711-5/05", "TIP_CC": "COM-Tipo03", "FAS_CON": "ABN", "GRU_TEN": "BT", "TEN_FORN": "10", "GRU_TAR": "B3", "SIT_ATIV": "AT", "DAT_CON": "24/06/2013", "CAR_INST": 33.1, "LIV": 0, "ARE_LOC": "UB", "TIP_SIST": "RD_INTERLIG", "ENE_01": 100.0, "ENE_02": 36.0, "ENE_03": 39.135, "ENE_04": 34.0, "ENE_05": 33.0, "ENE_06": 0.0, "ENE_07": 0.0, "ENE_08": 0.0, "ENE_09": 65.0, "ENE_10": 52.0, "ENE_11": 20.06, "ENE_12": 95.62, "DIC_01": 0.0, "DIC_02": 0.0, "DIC_03": 0.0, "DIC_04": 0.0, "DIC_05": 0.0, "DIC_06": 0.0, "DIC_07": 0.0, "DIC_08": 0.0, "DIC_09": 0.0, "DIC_10": 0.0, "DIC_11": 0.0, "DIC_12": 0.0, "FIC_01": 0.0, "FIC_02": 0.0, "FIC_03": 0.0, "FIC_04": 0.0, "FIC_05": 0.0, "FIC_06": 0.0, "FIC_07": 0.0, "FIC_08": 0.0, "FIC_09": 0.0, "FIC_10": 0.0, "FIC_11": 0.0, "FIC_12": 0.0, "SEMRED": 0, "DESCR": " ", "COD_ID": "c5a86abe4fe7fabff6ea4afd8565654cad85ab44a25f0fef8c20c7d4a3d124d5", "__layer": "UCBT_tab", "lon": null, "lat": null }, "geometry": null },
{ "type": "Feature", "properties": { "DIST": 390, "PAC": "33093860739338162L", "RAMAL": " ", "PN_CON": "1310925", "UNI_TR_MT": "14375157", "CTMT": "AUG0202", "UNI_TR_AT": "DAUG-EQ-TR2", "SUB": "DAUG", "CONJ": 16573, "MUN": "3550308", "CEG_GD": " ", "BRR": "AV PAULISTA 1636 BELA VISTA", "CEP": "01310-200", "CLAS_SUB": "RE1", "CNAE": " ", "TIP_CC": "RES-Tipo05", "FAS_CON": "ABN", "GRU_TEN": "BT", "TEN_FORN": "10", "GRU_TAR": "B1", "SIT_ATIV": "AT", "DAT_CON": "30/07/2013", "CAR_INST": 1.2, "LIV": 0, "ARE_LOC": "UB", "TIP_SIST": "RD_INTERLIG", "ENE_01": 267.68, "ENE_02": 491.0, "ENE_03": 717.0, "ENE_04": 578.0, "ENE_05": 628.0, "ENE_06": 376.0, "ENE_07": 353.0, "ENE_08": 404.0, "ENE_09": 441.0, "ENE_10": 546.0, "ENE_11": 364.0, "ENE_12": 416.52, "DIC_01": 0.0, "DIC_02": 0.0, "DIC_03": 0.0, "DIC_04": 0.0, "DIC_05": 0.0, "DIC_06": 0.0, "DIC_07": 0.0, "DIC_08": 0.0, "DIC_09": 0.0, "DIC_10": 0.0, "DIC_11": 0.0, "DIC_12": 0.0, "FIC_01": 0.0, "FIC_02": 0.0, "FIC_03": 0.0, "FIC_04": 0.0, "FIC_05": 0.0, "FIC_06": 0.0, "FIC_07": 0.0, "FIC_08": 0.0, "FIC_09": 0.0, "FIC_10": 0.0, "FIC_11": 0.0, "FIC_12": 0.0, "SEMRED": 0, "DESCR": " ", "COD_ID": "dd76bc1ba592c229d730b65847a91c1dc863abfa6a4bdab91be29e3a69898f0b", "__layer": "UCBT_tab", "lon": null, "lat": null }, "geometry": null },
{ "type": "Feature", "properties": { "DIST": 390, "PAC": "33061008739369866L", "RAMAL": "12297501S1", "PN_CON": "10971152", "UNI_TR_MT": "14373896", "CTMT": "AUG0201", "UNI_TR_AT": "DAUG-EQ-TR2", "SUB": "DAUG", "CONJ": 16596, "MUN": "3550308", "CEG_GD": " ", "BRR": "AV PAULISTA 2064 BELA VISTA", "CEP": "01310-200", "CLAS_SUB": "CO1", "CNAE": "8299-7/06", "TIP_CC": "COM-Tipo02", "FAS_CON": "ABCN", "GRU_TEN": "BT", "TEN_FORN": "10", "GRU_TAR": "B3", "SIT_ATIV": "AT", "DAT_CON": "30/10/2013", "CAR_INST": 5.2, "LIV": 0, "ARE_LOC": "UB", "TIP_SIST": "RD_INTERLIG", "ENE_01": 317.0, "ENE_02": 307.0, "ENE_03": 303.293, "ENE_04": 150.0, "ENE_05": 594.0, "ENE_06": 340.0, "ENE_07": 227.64, "ENE_08": 171.41, "ENE_09": 292.0, "ENE_10": 305.0, "ENE_11": 178.18, "ENE_12": 310.79, "DIC_01": 0.0, "DIC_02": 0.0, "DIC_03": 0.0, "DIC_04": 0.0, "DIC_05": 0.0, "DIC_06": 0.0, "DIC_07": 0.31, "DIC_08": 0.0, "DIC_09": 0.0, "DIC_10": 0.0, "DIC_11": 0.0, "DIC_12": 0.0, "FIC_01": 0.0, "FIC_02": 0.0, "FIC_03": 0.0, "FIC_04": 0.0, "FIC_05": 0.0, "FIC_06": 0.0, "FIC_07": 2.0, "FIC_08": 0.0, "FIC_09": 0.0, "FIC_10": 0.0, "FIC_11": 0.0, "FIC_12": 0.0, "SEMRED": 0, "DESCR": " ", "COD_ID": "8d67a00e50393a239d275778d0b22a24af903c99265d15d5c66cf83be0a291f8", "__layer": "UCBT_tab", "lon": null, "lat": null }, "geometry": null },
{ "type": "Feature", "properties": { "DIST": 390, "PAC": "33093860739338162L", "RAMAL": " ", "PN_CON": "1310925", "UNI_TR_MT": "14375157", "CTMT": "AUG0202", "UNI_TR_AT": "DAUG-EQ-TR2", "SUB": "DAUG", "CONJ": 16573, "MUN": "3550308", "CEG_GD": " ", "BRR": "AV PAULISTA 1636 BELA VISTA", "CEP": "01310-200", "CLAS_SUB": "CO1", "CNAE": "9491-0/00", "TIP_CC": "COM-Tipo03", "FAS_CON": "ABN", "GRU_TEN": "BT", "TEN_FORN": "10", "GRU_TAR": "B3", "SIT_ATIV": "AT", "DAT_CON": "20/01/2014", "CAR_INST": 8.9, "LIV": 0, "ARE_LOC": "UB", "TIP_SIST": "RD_INTERLIG", "ENE_01": 50.0, "ENE_02": 50.0, "ENE_03": 140.232, "ENE_04": 50.0, "ENE_05": 180.0, "ENE_06": 78.0, "ENE_07": 179.76, "ENE_08": 203.13, "ENE_09": 167.0, "ENE_10": 93.0, "ENE_11": 107.38, "ENE_12": 91.8, "DIC_01": 0.0, "DIC_02": 0.0, "DIC_03": 0.0, "DIC_04": 0.0, "DIC_05": 0.0, "DIC_06": 0.0, "DIC_07": 0.0, "DIC_08": 0.0, "DIC_09": 0.0, "DIC_10": 0.0, "DIC_11": 0.0, "DIC_12": 0.0, "FIC_01": 0.0, "FIC_02": 0.0, "FIC_03": 0.0, "FIC_04": 0.0, "FIC_05": 0.0, "FIC_06": 0.0, "FIC_07": 0.0, "FIC_08": 0.0, "FIC_09": 0.0, "FIC_10": 0.0, "FIC_11": 0.0, "FIC_12": 0.0, "SEMRED": 0, "DESCR": " ", "COD_ID": "4d39d049750c6feca89075f72352c939e51050c41bddbe524d32297abead2d0e", "__layer": "UCBT_tab", "lon": null, "lat": null }, "geometry": null },
{ "type": "Feature", "properties": { "DIST": 390, "PAC": "33061008739369866L", "RAMAL": "12297501S1", "PN_CON": "10971152", "UNI_TR_MT": "14373896", "CTMT": "AUG0201", "UNI_TR_AT": "DAUG-EQ-TR2", "SUB": "DAUG", "CONJ": 16596, "MUN": "3550308", "CEG_GD": " ", "BRR": "AV PAULISTA 2064 BELA VISTA", "CEP": "01310-200", "CLAS_SUB": "CO1", "CNAE": "5611-2/03", "TIP_CC": "COM-Tipo04", "FAS_CON": "ABCN", "GRU_TEN": "BT", "TEN_FORN": "10", "GRU_TAR": "B3", "SIT_ATIV": "AT", "DAT_CON": "16/05/2014", "CAR_INST": 8.8, "LIV": 0, "ARE_LOC": "UB", "TIP_SIST": "RD_INTERLIG", "ENE_01": 3640.0, "ENE_02": 4037.0, "ENE_03": 3706.912, "ENE_04": 4080.0, "ENE_05": 4430.0, "ENE_06": 4209.0, "ENE_07": 3071.04, "ENE_08": 2372.29, "ENE_09": 3638.0, "ENE_10": 4017.0, "ENE_11": 2537.0, "ENE_12": 3862.43, "DIC_01": 0.0, "DIC_02": 0.0, "DIC_03": 0.0, "DIC_04": 0.0, "DIC_05": 0.0, "DIC_06": 0.0, "DIC_07": 0.31, "DIC_08": 0.0, "DIC_09": 0.0, "DIC_10": 0.0, "DIC_11": 0.0, "DIC_12": 0.0, "FIC_01": 0.0, "FIC_02": 0.0, "FIC_03": 0.0, "FIC_04": 0.0, "FIC_05": 0.0, "FIC_06": 0.0, "FIC_07": 2.0, "FIC_08": 0.0, "FIC_09": 0.0, "FIC_10": 0.0, "FIC_11": 0.0, "FIC_12": 0.0, "SEMRED": 0, "DESCR": " ", "COD_ID": "01126cfb027904e67cfbf26b5cb9a2cd4abcda79f945bf3af69961e7ac39bb48", "__layer": "UCBT_tab", "lon": null, "lat": null }, "geometry": null },
{ "type": "Feature", "properties": { "DIST": 390, "PAC": "33065242739366097L", "RAMAL": "12297660S1", "PN_CON": "1309838", "UNI_TR_MT": "14374078", "CTMT": "AUG0202", "UNI_TR_AT": "DAUG-EQ-TR2", "SUB": "DAUG", "CONJ": 16596, "MUN": "3550308", "CEG_GD": " ", "BRR": "AV PAULISTA 2028 BELA VISTA", "CEP": "01310-200", "CLAS_SUB": "CO9", "CNAE": "8112-5/00", "TIP_CC": "COM-Tipo05", "FAS_CON": "ABCN", "GRU_TEN": "BT", "TEN_FORN": "10", "GRU_TAR": "B3", "SIT_ATIV": "AT", "DAT_CON": "18/12/2014", "CAR_INST": 49.6, "LIV": 0, "ARE_LOC": "UB", "TIP_SIST": "RD_INTERLIG", "ENE_01": 4360.0, "ENE_02": 4480.0, "ENE_03": 5261.424, "ENE_04": 4560.0, "ENE_05": 4720.0, "ENE_06": 4480.0, "ENE_07": 3091.2, "ENE_08": 2244.8, "ENE_09": 4040.0, "ENE_10": 4560.0, "ENE_11": 778.8, "ENE_12": 153.0, "DIC_01": 0.0, "DIC_02": 0.0, "DIC_03": 0.0, "DIC_04": 0.0, "DIC_05": 0.0, "DIC_06": 0.0, "DIC_07": 0.29, "DIC_08": 0.0, "DIC_09": 0.0, "DIC_10": 0.0, "DIC_11": 0.0, "DIC_12": 0.0, "FIC_01": 0.0, "FIC_02": 0.0, "FIC_03": 0.0, "FIC_04": 0.0, "FIC_05": 0.0, "FIC_06": 0.0, "FIC_07": 2.0, "FIC_08": 0.0, "FIC_09": 0.0, "FIC_10": 0.0, "FIC_11": 0.0, "FIC_12": 0.0, "SEMRED": 0, "DESCR": " ", "COD_ID": "a51fc0be96b4de4263e306ed1a716292d68c476645a733f81a258b02cbbf272b", "__layer": "UCBT_tab", "lon": null, "lat": null }, "geometry": null },
{ "type": "Feature", "properties": { "DIST": 390, "PAC": "33065242739366097L", "RAMAL": "12297660S1", "PN_CON": "1309838", "UNI_TR_MT": "14374078", "CTMT": "AUG0202", "UNI_TR_AT": "DAUG-EQ-TR2", "SUB": "DAUG", "CONJ": 16596, "MUN": "3550308", "CEG_GD": " ", "BRR": "AV PAULISTA 2028 BELA VISTA", "CEP": "01310-200", "CLAS_SUB": "CO9", "CNAE": "8112-5/00", "TIP_CC": "COM-Tipo05", "FAS_CON": "ABCN", "GRU_TEN": "BT", "TEN_FORN": "10", "GRU_TAR": "B3", "SIT_ATIV": "AT", "DAT_CON": "18/12/2014", "CAR_INST": 49.6, "LIV": 0, "ARE_LOC": "UB", "TIP_SIST": "RD_INTERLIG", "ENE_01": 3400.0, "ENE_02": 3440.0, "ENE_03": 3869.973, "ENE_04": 3640.0, "ENE_05": 3760.0, "ENE_06": 3440.0, "ENE_07": 2452.8, "ENE_08": 1659.2, "ENE_09": 2880.0, "ENE_10": 3040.0, "ENE_11": 684.4, "ENE_12": 344.26, "DIC_01": 0.0, "DIC_02": 0.0, "DIC_03": 0.0, "DIC_04": 0.0, "DIC_05": 0.0, "DIC_06": 0.0, "DIC_07": 0.29, "DIC_08": 0.0, "DIC_09": 0.0, "DIC_10": 0.0, "DIC_11": 0.0, "DIC_12": 0.0, "FIC_01": 0.0, "FIC_02": 0.0, "FIC_03": 0.0, "FIC_04": 0.0, "FIC_05": 0.0, "FIC_06": 0.0, "FIC_07": 2.0, "FIC_08": 0.0, "FIC_09": 0.0, "FIC_10": 0.0, "FIC_11": 0.0, "FIC_12": 0.0, "SEMRED": 0, "DESCR": " ", "COD_ID": "8ec70a975db789d0bf20edc1318b2ecb359637c503d281d05583772ffc0c97e0", "__layer": "UCBT_tab", "lon": null, "lat": null }, "geometry": null },
{ "type": "Feature", "properties": { "DIST": 390, "PAC": "33065242739366097L", "RAMAL": "12297660S1", "PN_CON": "1309838", "UNI_TR_MT": "14374078", "CTMT": "AUG0202", "UNI_TR_AT": "DAUG-EQ-TR2", "SUB": "DAUG", "CONJ": 16596, "MUN": "3550308", "CEG_GD": " ", "BRR": "AV PAULISTA 2028 BELA VISTA", "CEP": "01310-200", "CLAS_SUB": "CO9", "CNAE": "8112-5/00", "TIP_CC": "COM-Tipo05", "FAS_CON": "ABN", "GRU_TEN": "BT", "TEN_FORN": "10", "GRU_TAR": "B3", "SIT_ATIV": "AT", "DAT_CON": "18/12/2014", "CAR_INST": 49.6, "LIV": 0, "ARE_LOC": "UB", "TIP_SIST": "RD_INTERLIG", "ENE_01": 2120.0, "ENE_02": 2160.0, "ENE_03": 2304.59, "ENE_04": 2760.0, "ENE_05": 2080.0, "ENE_06": 1680.0, "ENE_07": 1041.6, "ENE_08": 732.0, "ENE_09": 1560.0, "ENE_10": 2080.0, "ENE_11": 1062.0, "ENE_12": 1568.3, "DIC_01": 0.0, "DIC_02": 0.0, "DIC_03": 0.0, "DIC_04": 0.0, "DIC_05": 0.0, "DIC_06": 0.0, "DIC_07": 0.29, "DIC_08": 0.0, "DIC_09": 0.0, "DIC_10": 0.0, "DIC_11": 0.0, "DIC_12": 0.0, "FIC_01": 0.0, "FIC_02": 0.0, "FIC_03": 0.0, "FIC_04": 0.0, "FIC_05": 0.0, "FIC_06": 0.0, "FIC_07": 2.0, "FIC_08": 0.0, "FIC_09": 0.0, "FIC_10": 0.0, "FIC_11": 0.0, "FIC_12": 0.0, "SEMRED": 0, "DESCR": " ", "COD_ID": "248ed09ea6c642adda71ad9306243a8e9d44e75f7e55f8647d997b62fb6654ac", "__layer": "UCBT_tab", "lon": null, "lat": null }, "geometry": null },
{ "type": "Feature", "properties": { "DIST": 390, "PAC": "33071144739360737L", "RAMAL": "12297875S1", "PN_CON": "10971323", "UNI_TR_MT": "14374375", "CTMT": "AUG0201", "UNI_TR_AT": "DAUG-EQ-TR2", "SUB": "DAUG", "CONJ": 16596, "MUN": "3550308", "CEG_GD": " ", "BRR": "AV PAULISTA 2028 BELA VISTA", "CEP": "01310-200", "CLAS_SUB": "CO1", "CNAE": "4645-1/03", "TIP_CC": "COM-Tipo05", "FAS_CON": "ABCN", "GRU_TEN": "BT", "TEN_FORN": "10", "GRU_TAR": "B3", "SIT_ATIV": "AT", "DAT_CON": "18/12/2014", "CAR_INST": 7.9, "LIV": 0, "ARE_LOC": "UB", "TIP_SIST": "RD_INTERLIG", "ENE_01": 2240.0, "ENE_02": 2200.0, "ENE_03": 2261.108, "ENE_04": 2280.0, "ENE_05": 1920.0, "ENE_06": 1040.0, "ENE_07": 134.4, "ENE_08": 97.6, "ENE_09": 240.0, "ENE_10": 1160.0, "ENE_11": 94.4, "ENE_12": 191.25, "DIC_01": 0.0, "DIC_02": 0.0, "DIC_03": 0.0, "DIC_04": 0.0, "DIC_05": 0.0, "DIC_06": 0.0, "DIC_07": 0.31, "DIC_08": 0.0, "DIC_09": 0.0, "DIC_10": 0.0, "DIC_11": 0.0, "DIC_12": 0.0, "FIC_01": 0.0, "FIC_02": 0.0, "FIC_03": 0.0, "FIC_04": 0.0, "FIC_05": 0.0, "FIC_06": 0.0, "FIC_07": 2.0, "FIC_08": 0.0, "FIC_09": 0.0, "FIC_10": 0.0, "FIC_11": 0.0, "FIC_12": 0.0, "SEMRED": 0, "DESCR": " ", "COD_ID": "57ac389432df61479a84e8e5e2535b43f26eed553d8141c3aae3f7c7e1d2a244", "__layer": "UCBT_tab", "lon": null, "lat": null }, "geometry": null },
{ "type": "Feature", "properties": { "DIST": 390, "PAC": "33065242739366097L", "RAMAL": "12297660S1", "PN_CON": "1309838", "UNI_TR_MT": "14374078", "CTMT": "AUG0202", "UNI_TR_AT": "DAUG-EQ-TR2", "SUB": "DAUG", "CONJ": 16596, "MUN": "3550308", "CEG_GD": " ", "BRR": "AV PAULISTA 2028 BELA VISTA", "CEP": "01310-200", "CLAS_SUB": "CO9", "CNAE": "8112-5/00", "TIP_CC": "COM-Tipo05", "FAS_CON": "ABCN", "GRU_TEN": "BT", "TEN_FORN": "10", "GRU_TAR": "B3", "SIT_ATIV": "AT", "DAT_CON": "18/12/2014", "CAR_INST": 49.6, "LIV": 0, "ARE_LOC": "UB", "TIP_SIST": "RD_INTERLIG", "ENE_01": 2960.0, "ENE_02": 2800.0, "ENE_03": 3478.627, "ENE_04": 3360.0, "ENE_05": 3040.0, "ENE_06": 2560.0, "ENE_07": 1680.0, "ENE_08": 1122.4, "ENE_09": 2240.0, "ENE_10": 2800.0, "ENE_11": 1510.4, "ENE_12": 2524.58, "DIC_01": 0.0, "DIC_02": 0.0, "DIC_03": 0.0, "DIC_04": 0.0, "DIC_05": 0.0, "DIC_06": 0.0, "DIC_07": 0.29, "DIC_08": 0.0, "DIC_09": 0.0, "DIC_10": 0.0, "DIC_11": 0.0, "DIC_12": 0.0, "FIC_01": 0.0, "FIC_02": 0.0, "FIC_03": 0.0, "FIC_04": 0.0, "FIC_05": 0.0, "FIC_06": 0.0, "FIC_07": 2.0, "FIC_08": 0.0, "FIC_09": 0.0, "FIC_10": 0.0, "FIC_11": 0.0, "FIC_12": 0.0, "SEMRED": 0, "DESCR": " ", "COD_ID": "1aad1706aaa2f422ea054b37124528e37a37ec125208c3580a5f6dfd84477f80", "__layer": "UCBT_tab", "lon": null, "lat": null }, "geometry": null },
{ "type": "Feature", "properties": { "DIST": 390, "PAC": "33065242739366097L", "RAMAL": "12297660S1", "PN_CON": "1309838", "UNI_TR_MT": "14374078", "CTMT": "AUG0202", "UNI_TR_AT": "DAUG-EQ-TR2", "SUB": "DAUG", "CONJ": 16596, "MUN": "3550308", "CEG_GD": " ", "BRR": "AV PAULISTA 2028 BELA VISTA", "CEP": "01310-200", "CLAS_SUB": "CO9", "CNAE": "8112-5/00", "TIP_CC": "COM-Tipo02", "FAS_CON": "ABCN", "GRU_TEN": "BT", "TEN_FORN": "10", "GRU_TAR": "B3", "SIT_ATIV": "AT", "DAT_CON": "18/12/2014", "CAR_INST": 61.4, "LIV": 0, "ARE_LOC": "UB", "TIP_SIST": "RD_INTERLIG", "ENE_01": 100.0, "ENE_02": 100.0, "ENE_03": 108.707, "ENE_04": 100.0, "ENE_05": 100.0, "ENE_06": 1.0, "ENE_07": 84.0, "ENE_08": 61.0, "ENE_09": 100.0, "ENE_10": 100.0, "ENE_11": 59.0, "ENE_12": 95.62, "DIC_01": 0.0, "DIC_02": 0.0, "DIC_03": 0.0, "DIC_04": 0.0, "DIC_05": 0.0, "DIC_06": 0.0, "DIC_07": 0.29, "DIC_08": 0.0, "DIC_09": 0.0, "DIC_10": 0.0, "DIC_11": 0.0, "DIC_12": 0.0, "FIC_01": 0.0, "FIC_02": 0.0, "FIC_03": 0.0, "FIC_04": 0.0, "FIC_05": 0.0, "FIC_06": 0.0, "FIC_07": 2.0, "FIC_08": 0.0, "FIC_09": 0.0, "FIC_10": 0.0, "FIC_11": 0.0, "FIC_12": 0.0, "SEMRED": 0, "DESCR": " ", "COD_ID": "21a519a8c4193efc376f480619e10bb6cece1239671ba3fe8977c466821ef515", "__layer": "UCBT_tab", "lon": null, "lat": null }, "geometry": null },
{ "type": "Feature", "properties": { "DIST": 390, "PAC": "33093860739338162L", "RAMAL": " ", "PN_CON": "1310925", "UNI_TR_MT": "14375157", "CTMT": "AUG0202", "UNI_TR_AT": "DAUG-EQ-TR2", "SUB": "DAUG", "CONJ": 16573, "MUN": "3550308", "CEG_GD": " ", "BRR": "AV PAULISTA 1636 BELA VISTA", "CEP": "01310-200", "CLAS_SUB": "RE2", "CNAE": " ", "TIP_CC": "RES-Tipo01", "FAS_CON": "BCN", "GRU_TEN": "BT", "TEN_FORN": "10", "GRU_TAR": "B1BR", "SIT_ATIV": "AT", "DAT_CON": "03/06/2015", "CAR_INST": 5.4, "LIV": 0, "ARE_LOC": "UB", "TIP_SIST": "RD_INTERLIG", "ENE_01": 14.5, "ENE_02": 37.0, "ENE_03": 36.0, "ENE_04": 50.0, "ENE_05": 50.0, "ENE_06": 35.0, "ENE_07": 33.0, "ENE_08": 30.0, "ENE_09": 13.0, "ENE_10": 50.0, "ENE_11": 50.0, "ENE_12": 48.54, "DIC_01": 0.0, "DIC_02": 0.0, "DIC_03": 0.0, "DIC_04": 0.0, "DIC_05": 0.0, "DIC_06": 0.0, "DIC_07": 0.0, "DIC_08": 0.0, "DIC_09": 0.0, "DIC_10": 0.0, "DIC_11": 0.0, "DIC_12": 0.0, "FIC_01": 0.0, "FIC_02": 0.0, "FIC_03": 0.0, "FIC_04": 0.0, "FIC_05": 0.0, "FIC_06": 0.0, "FIC_07": 0.0, "FIC_08": 0.0, "FIC_09": 0.0, "FIC_10": 0.0, "FIC_11": 0.0, "FIC_12": 0.0, "SEMRED": 0, "DESCR": " ", "COD_ID": "100c4752151628391e3d1b16a767f4eff8dd869132f4cbd38e8bed7b3936a7cf", "__layer": "UCBT_tab", "lon": null, "lat": null }, "geometry": null },
{ "type": "Feature", "properties": { "DIST": 390, "PAC": "33083328739348867L", "RAMAL": "12307012S1", "PN_CON": "10971520", "UNI_TR_MT": "14374917", "CTMT": "AUG0202", "UNI_TR_AT": "DAUG-EQ-TR2", "SUB": "DAUG", "CONJ": 16596, "MUN": "3550308", "CEG_GD": " ", "BRR": "AV PAULISTA 1776 BELA VISTA", "CEP": "01310-200", "CLAS_SUB": "CO1", "CNAE": "6612-6/03", "TIP_CC": "COM-Tipo03", "FAS_CON": "ABCN", "GRU_TEN": "BT", "TEN_FORN": "10", "GRU_TAR": "B3", "SIT_ATIV": "AT", "DAT_CON": "23/06/2015", "CAR_INST": 6.8, "LIV": 0, "ARE_LOC": "UB", "TIP_SIST": "RD_INTERLIG", "ENE_01": 2880.0, "ENE_02": 1760.0, "ENE_03": 3739.524, "ENE_04": 1280.0, "ENE_05": 1400.0, "ENE_06": 1400.0, "ENE_07": 1108.8, "ENE_08": 927.2, "ENE_09": 1440.0, "ENE_10": 1520.0, "ENE_11": 708.0, "ENE_12": 1568.3, "DIC_01": 0.0, "DIC_02": 0.0, "DIC_03": 0.0, "DIC_04": 0.0, "DIC_05": 0.0, "DIC_06": 0.0, "DIC_07": 0.29, "DIC_08": 0.0, "DIC_09": 0.0, "DIC_10": 0.0, "DIC_11": 0.0, "DIC_12": 0.0, "FIC_01": 0.0, "FIC_02": 0.0, "FIC_03": 0.0, "FIC_04": 0.0, "FIC_05": 0.0, "FIC_06": 0.0, "FIC_07": 2.0, "FIC_08": 0.0, "FIC_09": 0.0, "FIC_10": 0.0, "FIC_11": 0.0, "FIC_12": 0.0, "SEMRED": 0, "DESCR": " ", "COD_ID": "1deb7645d8c551b311729d5ec60147043e6d79a79b8fb28b03486f534bcf813a", "__layer": "UCBT_tab", "lon": null, "lat": null }, "geometry": null },
{ "type": "Feature", "properties": { "DIST": 390, "PAC": "33083328739348867L", "RAMAL": "12307012S1", "PN_CON": "10971520", "UNI_TR_MT": "14374917", "CTMT": "AUG0202", "UNI_TR_AT": "DAUG-EQ-TR2", "SUB": "DAUG", "CONJ": 16596, "MUN": "3550308", "CEG_GD": " ", "BRR": "AV PAULISTA 1776 BELA VISTA", "CEP": "01310-200", "CLAS_SUB": "CO1", "CNAE": "6912-5/00", "TIP_CC": "COM-Tipo04", "FAS_CON": "ABCN", "GRU_TEN": "BT", "TEN_FORN": "10", "GRU_TAR": "B3", "SIT_ATIV": "AT", "DAT_CON": "23/06/2015", "CAR_INST": 6.8, "LIV": 0, "ARE_LOC": "UB", "TIP_SIST": "RD_INTERLIG", "ENE_01": 6360.0, "ENE_02": 5440.0, "ENE_03": 8174.774, "ENE_04": 5680.0, "ENE_05": 6560.0, "ENE_06": 4320.0, "ENE_07": 3326.4, "ENE_08": 2903.6, "ENE_09": 4720.0, "ENE_10": 6160.0, "ENE_11": 2572.4, "ENE_12": 5316.93, "DIC_01": 0.0, "DIC_02": 0.0, "DIC_03": 0.0, "DIC_04": 0.0, "DIC_05": 0.0, "DIC_06": 0.0, "DIC_07": 0.29, "DIC_08": 0.0, "DIC_09": 0.0, "DIC_10": 0.0, "DIC_11": 0.0, "DIC_12": 0.0, "FIC_01": 0.0, "FIC_02": 0.0, "FIC_03": 0.0, "FIC_04": 0.0, "FIC_05": 0.0, "FIC_06": 0.0, "FIC_07": 2.0, "FIC_08": 0.0, "FIC_09": 0.0, "FIC_10": 0.0, "FIC_11": 0.0, "FIC_12": 0.0, "SEMRED": 0, "DESCR": " ", "COD_ID": "9242ac5e1922ffa911e8c353ef9553d379d299adc02bf091f53fe0e2d0aa07bb", "__layer": "UCBT_tab", "lon": null, "lat": null }, "geometry": null },
{ "type": "Feature", "properties": { "DIST": 390, "PAC": "33083328739348867L", "RAMAL": "12307012S1", "PN_CON": "10971520", "UNI_TR_MT": "14374917", "CTMT": "AUG0202", "UNI_TR_AT": "DAUG-EQ-TR2", "SUB": "DAUG", "CONJ": 16596, "MUN": "3550308", "CEG_GD": " ", "BRR": "AV PAULISTA 1776 BELA VISTA", "CEP": "01310-200", "CLAS_SUB": "CO6", "CNAE": "7112-0/00", "TIP_CC": "COM-Tipo03", "FAS_CON": "ABCN", "GRU_TEN": "BT", "TEN_FORN": "10", "GRU_TAR": "B3", "SIT_ATIV": "AT", "DAT_CON": "23/06/2015", "CAR_INST": 6.8, "LIV": 0, "ARE_LOC": "UB", "TIP_SIST": "RD_INTERLIG", "ENE_01": 928.0, "ENE_02": 956.0, "ENE_03": 1491.461, "ENE_04": 1134.0, "ENE_05": 1595.0, "ENE_06": 1585.0, "ENE_07": 1018.92, "ENE_08": 1111.42, "ENE_09": 1925.0, "ENE_10": 1704.0, "ENE_11": 634.25, "ENE_12": 1743.3, "DIC_01": 0.0, "DIC_02": 0.0, "DIC_03": 0.0, "DIC_04": 0.0, "DIC_05": 0.0, "DIC_06": 0.0, "DIC_07": 0.29, "DIC_08": 0.0, "DIC_09": 0.0, "DIC_10": 0.0, "DIC_11": 0.0, "DIC_12": 0.0, "FIC_01": 0.0, "FIC_02": 0.0, "FIC_03": 0.0, "FIC_04": 0.0, "FIC_05": 0.0, "FIC_06": 0.0, "FIC_07": 2.0, "FIC_08": 0.0, "FIC_09": 0.0, "FIC_10": 0.0, "FIC_11": 0.0, "FIC_12": 0.0, "SEMRED": 0, "DESCR": " ", "COD_ID": "4d9e01b33c6922f91da512d502e48946785afa6779bc3ee806b314e1304aac1b", "__layer": "UCBT_tab", "lon": null, "lat": null }, "geometry": null },
{ "type": "Feature", "properties": { "DIST": 390, "PAC": "33083328739348867L", "RAMAL": "12307012S1", "PN_CON": "10971520", "UNI_TR_MT": "14374917", "CTMT": "AUG0202", "UNI_TR_AT": "DAUG-EQ-TR2", "SUB": "DAUG", "CONJ": 16596, "MUN": "3550308", "CEG_GD": " ", "BRR": "AV PAULISTA 1776 BELA VISTA", "CEP": "01310-200", "CLAS_SUB": "CO1", "CNAE": "6619-3/02", "TIP_CC": "COM-Tipo04", "FAS_CON": "ABCN", "GRU_TEN": "BT", "TEN_FORN": "10", "GRU_TAR": "B3", "SIT_ATIV": "AT", "DAT_CON": "23/06/2015", "CAR_INST": 6.8, "LIV": 0, "ARE_LOC": "UB", "TIP_SIST": "RD_INTERLIG", "ENE_01": 9760.0, "ENE_02": 9720.0, "ENE_03": 11870.815, "ENE_04": 8560.0, "ENE_05": 9080.0, "ENE_06": 6160.0, "ENE_07": 5040.0, "ENE_08": 3904.0, "ENE_09": 6760.0, "ENE_10": 8040.0, "ENE_11": 3658.0, "ENE_12": 7535.51, "DIC_01": 0.0, "DIC_02": 0.0, "DIC_03": 0.0, "DIC_04": 0.0, "DIC_05": 0.0, "DIC_06": 0.0, "DIC_07": 0.29, "DIC_08": 0.0, "DIC_09": 0.0, "DIC_10": 0.0, "DIC_11": 0.0, "DIC_12": 0.0, "FIC_01": 0.0, "FIC_02": 0.0, "FIC_03": 0.0, "FIC_04": 0.0, "FIC_05": 0.0, "FIC_06": 0.0, "FIC_07": 2.0, "FIC_08": 0.0, "FIC_09": 0.0, "FIC_10": 0.0, "FIC_11": 0.0, "FIC_12": 0.0, "SEMRED": 0, "DESCR": " ", "COD_ID": "8598101b6a00dc880c55958a9ed897b22ff31574ea339b8ae5231b497427cf2b", "__layer": "UCBT_tab", "lon": null, "lat": null }, "geometry": null },
{ "type": "Feature", "properties": { "DIST": 390, "PAC": "33093860739338162L", "RAMAL": " ", "PN_CON": "1310925", "UNI_TR_MT": "14375157", "CTMT": "AUG0202", "UNI_TR_AT": "DAUG-EQ-TR2", "SUB": "DAUG", "CONJ": 16573, "MUN": "3550308", "CEG_GD": " ", "BRR": "AV PAULISTA 1636 BELA VISTA", "CEP": "01310-200", "CLAS_SUB": "CO1", "CNAE": "6462-0/00", "TIP_CC": "COM-Tipo02", "FAS_CON": "ABN", "GRU_TEN": "BT", "TEN_FORN": "10", "GRU_TAR": "B3", "SIT_ATIV": "AT", "DAT_CON": "10/09/2015", "CAR_INST": 8.8, "LIV": 0, "ARE_LOC": "UB", "TIP_SIST": "RD_INTERLIG", "ENE_01": 221.0, "ENE_02": 191.0, "ENE_03": 146.755, "ENE_04": 130.0, "ENE_05": 116.0, "ENE_06": 65.0, "ENE_07": 58.8, "ENE_08": 50.02, "ENE_09": 108.0, "ENE_10": 170.0, "ENE_11": 88.5, "ENE_12": 213.25, "DIC_01": 0.0, "DIC_02": 0.0, "DIC_03": 0.0, "DIC_04": 0.0, "DIC_05": 0.0, "DIC_06": 0.0, "DIC_07": 0.0, "DIC_08": 0.0, "DIC_09": 0.0, "DIC_10": 0.0, "DIC_11": 0.0, "DIC_12": 0.0, "FIC_01": 0.0, "FIC_02": 0.0, "FIC_03": 0.0, "FIC_04": 0.0, "FIC_05": 0.0, "FIC_06": 0.0, "FIC_07": 0.0, "FIC_08": 0.0, "FIC_09": 0.0, "FIC_10": 0.0, "FIC_11": 0.0, "FIC_12": 0.0, "SEMRED": 0, "DESCR": " ", "COD_ID": "6c78a4f83ac924325a585a37a28de25086948be89532eb0c78f9d5c0b9081bce", "__layer": "UCBT_tab", "lon": null, "lat": null }, "geometry": null },
{ "type": "Feature", "properties": { "DIST": 390, "PAC": "33061008739369866L", "RAMAL": "12297501S1", "PN_CON": "10971152", "UNI_TR_MT": "14373896", "CTMT": "AUG0201", "UNI_TR_AT": "DAUG-EQ-TR2", "SUB": "DAUG", "CONJ": 16596, "MUN": "3550308", "CEG_GD": " ", "BRR": "AV PAULISTA 2064 BELA VISTA", "CEP": "01310-200", "CLAS_SUB": "CO9", "CNAE": "8211-3/00", "TIP_CC": "COM-Tipo05", "FAS_CON": "ABN", "GRU_TEN": "BT", "TEN_FORN": "10", "GRU_TAR": "B3", "SIT_ATIV": "AT", "DAT_CON": "18/01/2017", "CAR_INST": 10.3, "LIV": 0, "ARE_LOC": "UB", "TIP_SIST": "RD_INTERLIG", "ENE_01": 3190.0, "ENE_02": 3348.0, "ENE_03": 3783.007, "ENE_04": 3365.0, "ENE_05": 3489.0, "ENE_06": 3648.0, "ENE_07": 2697.24, "ENE_08": 2196.61, "ENE_09": 3733.0, "ENE_10": 3513.0, "ENE_11": 2318.11, "ENE_12": 3356.55, "DIC_01": 0.0, "DIC_02": 0.0, "DIC_03": 0.0, "DIC_04": 0.0, "DIC_05": 0.0, "DIC_06": 0.0, "DIC_07": 0.31, "DIC_08": 0.0, "DIC_09": 0.0, "DIC_10": 0.0, "DIC_11": 0.0, "DIC_12": 0.0, "FIC_01": 0.0, "FIC_02": 0.0, "FIC_03": 0.0, "FIC_04": 0.0, "FIC_05": 0.0, "FIC_06": 0.0, "FIC_07": 2.0, "FIC_08": 0.0, "FIC_09": 0.0, "FIC_10": 0.0, "FIC_11": 0.0, "FIC_12": 0.0, "SEMRED": 0, "DESCR": " ", "COD_ID": "23b1f5406cecd0957ab3579a2ae8a3c45cdc74086a272cc486c624cfc1fc85c3", "__layer": "UCBT_tab", "lon": null, "lat": null }, "geometry": null },
{ "type": "Feature", "properties": { "DIST": 390, "PAC": "0-16600015A76842L_14374038", "RAMAL": " ", "PN_CON": " ", "UNI_TR_MT": "14374038", "CTMT": "AUG0204", "UNI_TR_AT": "DAUG-EQ-TR2", "SUB": "DAUG", "CONJ": 0, "MUN": "3550308", "CEG_GD": " ", "BRR": "AV PAULISTA 2034 BELA VISTA", "CEP": "01310-200", "CLAS_SUB": "CO9", "CNAE": "8211-3/00", "TIP_CC": "COM-Tipo01", "FAS_CON": "ABC", "GRU_TEN": "BT", "TEN_FORN": "06", "GRU_TAR": "AS", "SIT_ATIV": "AT", "DAT_CON": "28/08/1990", "CAR_INST": 3000.0, "LIV": 1, "ARE_LOC": "UB", "TIP_SIST": "RD_INTERLIG", "ENE_01": 47013.28, "ENE_02": 45221.71, "ENE_03": 42881.66, "ENE_04": 50018.13, "ENE_05": 47183.87, "ENE_06": 42470.66, "ENE_07": 41788.55, "ENE_08": 41070.4, "ENE_09": 38638.08, "ENE_10": 39591.83, "ENE_11": 41804.31, "ENE_12": 43339.37, "DIC_01": 0.0, "DIC_02": 0.0, "DIC_03": 0.0, "DIC_04": 0.0, "DIC_05": 0.0, "DIC_06": 0.0, "DIC_07": 0.0, "DIC_08": 0.0, "DIC_09": 0.0, "DIC_10": 0.0, "DIC_11": 0.0, "DIC_12": 0.0, "FIC_01": 0.0, "FIC_02": 0.0, "FIC_03": 0.0, "FIC_04": 0.0, "FIC_05": 0.0, "FIC_06": 0.0, "FIC_07": 0.0, "FIC_08": 0.0, "FIC_09": 0.0, "FIC_10": 0.0, "FIC_11": 0.0, "FIC_12": 0.0, "SEMRED": 0, "DESCR": " ", "COD_ID": "04c14c8c6f76eaf350938d3d97dfb7020c503391d96d20ba0ec4ae90a5d8d5ea", "__layer": "UCBT_tab", "lon": null, "lat": null }, "geometry": null },
{ "type": "Feature", "properties": { "DIST": 390, "PAC": "0-16600015A769A0L", "RAMAL": " ", "PN_CON": " ", "UNI_TR_MT": "14374950", "CTMT": "AUG0202", "UNI_TR_AT": "DAUG-EQ-TR2", "SUB": "DAUG", "CONJ": 0, "MUN": "3550308", "CEG_GD": " ", "BRR": "AV PAULISTA 1754 BELA VISTA", "CEP": "01310-200", "CLAS_SUB": "CO3", "CNAE": "6021-7/00", "TIP_CC": "COM-Tipo01", "FAS_CON": "ABC", "GRU_TEN": "BT", "TEN_FORN": "06", "GRU_TAR": "AS", "SIT_ATIV": "AT", "DAT_CON": "24/03/1984", "CAR_INST": 2198.0, "LIV": 1, "ARE_LOC": "UB", "TIP_SIST": "RD_INTERLIG", "ENE_01": 134458.2, "ENE_02": 131801.26, "ENE_03": 369125.1, "ENE_04": 127819.43, "ENE_05": 122499.05, "ENE_06": 128603.14, "ENE_07": 123525.57, "ENE_08": 124427.8, "ENE_09": 120993.0, "ENE_10": 119095.15, "ENE_11": 117131.66, "ENE_12": 113794.12, "DIC_01": 0.0, "DIC_02": 0.0, "DIC_03": 0.0, "DIC_04": 0.0, "DIC_05": 0.0, "DIC_06": 0.0, "DIC_07": 0.0, "DIC_08": 0.0, "DIC_09": 0.0, "DIC_10": 0.0, "DIC_11": 0.0, "DIC_12": 0.0, "FIC_01": 0.0, "FIC_02": 0.0, "FIC_03": 0.0, "FIC_04": 0.0, "FIC_05": 0.0, "FIC_06": 0.0, "FIC_07": 0.0, "FIC_08": 0.0, "FIC_09": 0.0, "FIC_10": 0.0, "FIC_11": 0.0, "FIC_12": 0.0, "SEMRED": 0, "DESCR": " ", "COD_ID": "1442fca32d0109478c2cab039ce1bcd1260167282b15efa506ba58baee5a93c0", "__layer": "UCBT_tab", "lon": null, "lat": null }, "geometry": null },
{ "type": "Feature", "properties": { "DIST": 390, "PAC": "0-16600015A76AB6L_14375671", "RAMAL": " ", "PN_CON": " ", "UNI_TR_MT": "14375671", "CTMT": "BRG0203", "UNI_TR_AT": "DBRG-EQ-TR1", "SUB": "DBRG", "CONJ": 0, "MUN": "3550308", "CEG_GD": " ", "BRR": "AV PAULISTA 1578 BELA VISTA", "CEP": "01310-200", "CLAS_SUB": "CO9", "CNAE": "9102-3/01", "TIP_CC": "COM-Tipo01", "FAS_CON": "ABC", "GRU_TEN": "BT", "TEN_FORN": "06", "GRU_TAR": "AS", "SIT_ATIV": "AT", "DAT_CON": "17/12/1981", "CAR_INST": 20120.0, "LIV": 1, "ARE_LOC": "UB", "TIP_SIST": "RD_INTERLIG", "ENE_01": 259199.33, "ENE_02": 270764.14, "ENE_03": 246393.3, "ENE_04": 202947.18, "ENE_05": 349629.75, "ENE_06": 267564.25, "ENE_07": 204584.79, "ENE_08": 230053.3, "ENE_09": 179706.49, "ENE_10": 202133.68, "ENE_11": 285622.88, "ENE_12": 236585.8, "DIC_01": 0.0, "DIC_02": 0.0, "DIC_03": 0.0, "DIC_04": 0.0, "DIC_05": 0.0, "DIC_06": 0.0, "DIC_07": 0.0, "DIC_08": 0.0, "DIC_09": 0.0, "DIC_10": 0.0, "DIC_11": 0.0, "DIC_12": 0.0, "FIC_01": 0.0, "FIC_02": 0.0, "FIC_03": 0.0, "FIC_04": 0.0, "FIC_05": 0.0, "FIC_06": 0.0, "FIC_07": 0.0, "FIC_08": 0.0, "FIC_09": 0.0, "FIC_10": 0.0, "FIC_11": 0.0, "FIC_12": 0.0, "SEMRED": 0, "DESCR": " ", "COD_ID": "fc54275cf11f799c9dba8622384541cb78c9778fe89e271d1c95f26103a8f4fc", "__layer": "UCBT_tab", "lon": null, "lat": null }, "geometry": null },
{ "type": "Feature", "properties": { "DIST": 390, "PAC": "0-16600015A767F5L_14373820", "RAMAL": " ", "PN_CON": " ", "UNI_TR_MT": "14373820", "CTMT": "CTR0211", "UNI_TR_AT": " ", "SUB": "TCTR", "CONJ": 0, "MUN": "3550308", "CEG_GD": " ", "BRR": "AV PAULISTA 2100 BELA VISTA", "CEP": "01310-200", "CLAS_SUB": "CO6", "CNAE": "6422-1/00", "TIP_CC": "COM-Tipo01", "FAS_CON": "ABC", "GRU_TEN": "BT", "TEN_FORN": "10", "GRU_TAR": "AS", "SIT_ATIV": "AT", "DAT_CON": "04/05/1989", "CAR_INST": 41465.0, "LIV": 1, "ARE_LOC": "UB", "TIP_SIST": "RD_INTERLIG", "ENE_01": 562898.56, "ENE_02": 571219.37, "ENE_03": 514918.27, "ENE_04": 593157.47, "ENE_05": 552590.45, "ENE_06": 530081.11, "ENE_07": 467683.37, "ENE_08": 474184.75, "ENE_09": 486767.05, "ENE_10": 521658.51, "ENE_11": 539891.7, "ENE_12": 500553.38, "DIC_01": 0.0, "DIC_02": 0.0, "DIC_03": 0.0, "DIC_04": 0.0, "DIC_05": 0.0, "DIC_06": 0.0, "DIC_07": 0.0, "DIC_08": 0.0, "DIC_09": 0.0, "DIC_10": 0.0, "DIC_11": 0.0, "DIC_12": 0.0, "FIC_01": 0.0, "FIC_02": 0.0, "FIC_03": 0.0, "FIC_04": 0.0, "FIC_05": 0.0, "FIC_06": 0.0, "FIC_07": 0.0, "FIC_08": 0.0, "FIC_09": 0.0, "FIC_10": 0.0, "FIC_11": 0.0, "FIC_12": 0.0, "SEMRED": 0, "DESCR": " ", "COD_ID": "409f96a3e9f5327a4054970306fd34ad816e103b80e7a21ac976a5923ef35001", "__layer": "UCBT_tab", "lon": null, "lat": null }, "geometry": null },
{ "type": "Feature", "properties": { "DIST": 390, "PAC": "0-16600015A76989L_14374909", "RAMAL": " ", "PN_CON": " ", "UNI_TR_MT": "14374909", "CTMT": "AUG0204", "UNI_TR_AT": "DAUG-EQ-TR2", "SUB": "DAUG", "CONJ": 0, "MUN": "3550308", "CEG_GD": " ", "BRR": "AV PAULISTA 1804 BELA VISTA", "CEP": "01310-200", "CLAS_SUB": "PP1", "CNAE": "6410-7/00", "TIP_CC": "SP-Tipo01", "FAS_CON": "ABC", "GRU_TEN": "BT", "TEN_FORN": "10", "GRU_TAR": "AS", "SIT_ATIV": "AT", "DAT_CON": "01/04/1987", "CAR_INST": 412.03, "LIV": 0, "ARE_LOC": "UB", "TIP_SIST": "RD_INTERLIG", "ENE_01": 208174.98, "ENE_02": 98442.54, "ENE_03": 287290.08, "ENE_04": 258871.57, "ENE_05": 296661.24, "ENE_06": 279342.54, "ENE_07": 243200.34, "ENE_08": 240873.66, "ENE_09": 242844.48, "ENE_10": 260202.6, "ENE_11": 267739.92, "ENE_12": 245839.91, "DIC_01": 0.0, "DIC_02": 0.0, "DIC_03": 0.0, "DIC_04": 0.0, "DIC_05": 0.0, "DIC_06": 0.0, "DIC_07": 0.0, "DIC_08": 0.0, "DIC_09": 0.0, "DIC_10": 0.0, "DIC_11": 0.0, "DIC_12": 0.0, "FIC_01": 0.0, "FIC_02": 0.0, "FIC_03": 0.0, "FIC_04": 0.0, "FIC_05": 0.0, "FIC_06": 0.0, "FIC_07": 0.0, "FIC_08": 0.0, "FIC_09": 0.0, "FIC_10": 0.0, "FIC_11": 0.0, "FIC_12": 0.0, "SEMRED": 0, "DESCR": " ", "COD_ID": "47192b3fc5666aac178572ba39476a4afe8840f8ebd52914347aa888abec9a22", "__layer": "UCBT_tab", "lon": null, "lat": null }, "geometry": null },
{ "type": "Feature", "properties": { "DIST": 390, "PAC": "0-16600015A76910L", "RAMAL": " ", "PN_CON": " ", "UNI_TR_MT": "14374600", "CTMT": "AUG0201", "UNI_TR_AT": "DAUG-EQ-TR2", "SUB": "DAUG", "CONJ": 0, "MUN": "3550308", "CEG_GD": " ", "BRR": "AV PAULISTA 1842 BELA VISTA", "CEP": "01310-200", "CLAS_SUB": "PP1", "CNAE": "8423-0/00", "TIP_CC": "SP-Tipo01", "FAS_CON": "ABC", "GRU_TEN": "BT", "TEN_FORN": "10", "GRU_TAR": "AS", "SIT_ATIV": "AT", "DAT_CON": "04/11/1990", "CAR_INST": 42934.0, "LIV": 0, "ARE_LOC": "UB", "TIP_SIST": "RD_INTERLIG", "ENE_01": 272467.09, "ENE_02": 136090.58, "ENE_03": 454986.24, "ENE_04": 394933.69, "ENE_05": 480789.12, "ENE_06": 443254.8, "ENE_07": 404906.88, "ENE_08": 383246.16, "ENE_09": 389357.52, "ENE_10": 421304.88, "ENE_11": 447919.2, "ENE_12": 384298.6, "DIC_01": 0.0, "DIC_02": 0.0, "DIC_03": 0.0, "DIC_04": 0.0, "DIC_05": 0.0, "DIC_06": 0.0, "DIC_07": 0.0, "DIC_08": 0.0, "DIC_09": 0.0, "DIC_10": 0.0, "DIC_11": 0.0, "DIC_12": 0.0, "FIC_01": 0.0, "FIC_02": 0.0, "FIC_03": 0.0, "FIC_04": 0.0, "FIC_05": 0.0, "FIC_06": 0.0, "FIC_07": 0.0, "FIC_08": 0.0, "FIC_09": 0.0, "FIC_10": 0.0, "FIC_11": 0.0, "FIC_12": 0.0, "SEMRED": 0, "DESCR": " ", "COD_ID": "68a532ad189e9f67dadff9ac3b21fb34941a18af713717fe923ca74539221806", "__layer": "UCBT_tab", "lon": null, "lat": null }, "geometry": null },
{ "type": "Feature", "properties": { "DIST": 390, "PAC": "0-16600015A76980L_14374884", "RAMAL": " ", "PN_CON": " ", "UNI_TR_MT": "14374884", "CTMT": "AUG0204", "UNI_TR_AT": "DAUG-EQ-TR2", "SUB": "DAUG", "CONJ": 0, "MUN": "3550308", "CEG_GD": " ", "BRR": "AV PAULISTA 1776 BELA VISTA", "CEP": "01310-200", "CLAS_SUB": "CO9", "CNAE": "8112-5/00", "TIP_CC": "COM-Tipo01", "FAS_CON": "ABC", "GRU_TEN": "BT", "TEN_FORN": "06", "GRU_TAR": "AS", "SIT_ATIV": "AT", "DAT_CON": "14/12/2004", "CAR_INST": 36.791, "LIV": 0, "ARE_LOC": "UB", "TIP_SIST": "RD_INTERLIG", "ENE_01": 25103.14, "ENE_02": 23254.18, "ENE_03": 15312.13, "ENE_04": 26489.25, "ENE_05": 23935.39, "ENE_06": 22739.17, "ENE_07": 16020.83, "ENE_08": 11185.12, "ENE_09": 18996.64, "ENE_10": 20521.02, "ENE_11": 12309.85, "ENE_12": 18972.55, "DIC_01": 0.0, "DIC_02": 0.0, "DIC_03": 0.0, "DIC_04": 0.0, "DIC_05": 0.0, "DIC_06": 0.0, "DIC_07": 0.0, "DIC_08": 0.0, "DIC_09": 0.0, "DIC_10": 0.0, "DIC_11": 0.0, "DIC_12": 0.0, "FIC_01": 0.0, "FIC_02": 0.0, "FIC_03": 0.0, "FIC_04": 0.0, "FIC_05": 0.0, "FIC_06": 0.0, "FIC_07": 0.0, "FIC_08": 0.0, "FIC_09": 0.0, "FIC_10": 0.0, "FIC_11": 0.0, "FIC_12": 0.0, "SEMRED": 0, "DESCR": " ", "COD_ID": "0725a16357e621a19e05dbb9af2e5c4ffa4963cf8c8ee83097510ee733a6dafa", "__layer": "UCBT_tab", "lon": null, "lat": null }, "geometry": null },
{ "type": "Feature", "properties": { "DIST": 390, "PAC": "0-16600015A768C2L", "RAMAL": " ", "PN_CON": " ", "UNI_TR_MT": "14374363", "CTMT": "AUG0201", "UNI_TR_AT": "DAUG-EQ-TR2", "SUB": "DAUG", "CONJ": 0, "MUN": "3550308", "CEG_GD": " ", "BRR": "AV PAULISTA 2000 BELA VISTA", "CEP": "01310-200", "CLAS_SUB": "CO9", "CNAE": "8531-7/00", "TIP_CC": "COM-Tipo01", "FAS_CON": "ABC", "GRU_TEN": "BT", "TEN_FORN": "06", "GRU_TAR": "AS", "SIT_ATIV": "AT", "DAT_CON": "18/05/2005", "CAR_INST": 178.677, "LIV": 1, "ARE_LOC": "UB", "TIP_SIST": "RD_INTERLIG", "ENE_01": 63893.07, "ENE_02": 45007.13, "ENE_03": 53343.53, "ENE_04": 82211.92, "ENE_05": 70180.33, "ENE_06": 66157.12, "ENE_07": 45627.99, "ENE_08": 39611.5, "ENE_09": 52952.61, "ENE_10": 62524.5, "ENE_11": 66791.69, "ENE_12": 63094.98, "DIC_01": 0.0, "DIC_02": 0.0, "DIC_03": 0.0, "DIC_04": 0.0, "DIC_05": 0.0, "DIC_06": 0.0, "DIC_07": 0.0, "DIC_08": 0.0, "DIC_09": 0.0, "DIC_10": 0.0, "DIC_11": 0.0, "DIC_12": 0.0, "FIC_01": 0.0, "FIC_02": 0.0, "FIC_03": 0.0, "FIC_04": 0.0, "FIC_05": 0.0, "FIC_06": 0.0, "FIC_07": 0.0, "FIC_08": 0.0, "FIC_09": 0.0, "FIC_10": 0.0, "FIC_11": 0.0, "FIC_12": 0.0, "SEMRED": 0, "DESCR": " ", "COD_ID": "e130c9e8c776e81e355d6f7c0633dd635493e4c3bd75cb60c41e733f7d3931ef", "__layer": "UCBT_tab", "lon": null, "lat": null }, "geometry": null },
{ "type": "Feature", "properties": { "DIST": 390, "PAC": "33085305739347489L", "RAMAL": "12307074S1", "PN_CON": "10971552", "UNI_TR_MT": "14374950", "CTMT": "AUG0202", "UNI_TR_AT": "DAUG-EQ-TR2", "SUB": "DAUG", "CONJ": 16596, "MUN": "3550308", "CEG_GD": " ", "BRR": "AV PAULISTA 1754 BELA VISTA", "CEP": "01310-200", "CLAS_SUB": "CO1", "CNAE": "6822-6/00", "TIP_CC": "COM-Tipo03", "FAS_CON": "ABC", "GRU_TEN": "BT", "TEN_FORN": "10", "GRU_TAR": "B3", "SIT_ATIV": "DS", "DAT_CON": "01/03/1986", "CAR_INST": 7.6, "LIV": 0, "ARE_LOC": "UB", "TIP_SIST": "RD_INTERLIG", "ENE_01": 1622.0, "ENE_02": 1384.0, "ENE_03": 2203.493, "ENE_04": 1280.0, "ENE_05": 1261.0, "ENE_06": 660.0, "ENE_07": 426.72, "ENE_08": 360.51, "ENE_09": 988.0, "ENE_10": 1063.0, "ENE_11": 0.0, "ENE_12": 0.0, "DIC_01": 0.0, "DIC_02": 0.0, "DIC_03": 0.0, "DIC_04": 0.0, "DIC_05": 0.0, "DIC_06": 0.0, "DIC_07": 0.29, "DIC_08": 0.0, "DIC_09": 0.0, "DIC_10": 0.0, "DIC_11": 0.0, "DIC_12": 0.0, "FIC_01": 0.0, "FIC_02": 0.0, "FIC_03": 0.0, "FIC_04": 0.0, "FIC_05": 0.0, "FIC_06": 0.0, "FIC_07": 2.0, "FIC_08": 0.0, "FIC_09": 0.0, "FIC_10": 0.0, "FIC_11": 0.0, "FIC_12": 0.0, "SEMRED": 0, "DESCR": " ", "COD_ID": "b8c406dfb491ccf5a7cc11e4f500999064d5748a4d73f95db1f7494150fcda42", "__layer": "UCBT_tab", "lon": null, "lat": null }, "geometry": null },
{ "type": "Feature", "properties": { "DIST": 390, "PAC": "33071144739360737L", "RAMAL": "12297875S1", "PN_CON": "10971323", "UNI_TR_MT": "14374375", "CTMT": "AUG0201", "UNI_TR_AT": "DAUG-EQ-TR2", "SUB": "DAUG", "CONJ": 16596, "MUN": "3550308", "CEG_GD": " ", "BRR": "AV PAULISTA 2006 BELA VISTA", "CEP": "01310-200", "CLAS_SUB": "RE1", "CNAE": " ", "TIP_CC": "RES-Tipo03", "FAS_CON": "BCN", "GRU_TEN": "BT", "TEN_FORN": "10", "GRU_TAR": "B1", "SIT_ATIV": "DS", "DAT_CON": "01/10/1979", "CAR_INST": 2.8, "LIV": 0, "ARE_LOC": "UB", "TIP_SIST": "RD_INTERLIG", "ENE_01": 45.03, "ENE_02": 100.0, "ENE_03": 100.0, "ENE_04": 90.0, "ENE_05": 90.0, "ENE_06": 70.0, "ENE_07": 100.0, "ENE_08": 100.0, "ENE_09": 90.0, "ENE_10": 30.0, "ENE_11": 0.0, "ENE_12": 0.0, "DIC_01": 0.0, "DIC_02": 0.0, "DIC_03": 0.0, "DIC_04": 0.0, "DIC_05": 0.0, "DIC_06": 0.0, "DIC_07": 0.31, "DIC_08": 0.0, "DIC_09": 0.0, "DIC_10": 0.0, "DIC_11": 0.0, "DIC_12": 0.0, "FIC_01": 0.0, "FIC_02": 0.0, "FIC_03": 0.0, "FIC_04": 0.0, "FIC_05": 0.0, "FIC_06": 0.0, "FIC_07": 2.0, "FIC_08": 0.0, "FIC_09": 0.0, "FIC_10": 0.0, "FIC_11": 0.0, "FIC_12": 0.0, "SEMRED": 0, "DESCR": " ", "COD_ID": "9dcfa4060b5b870e35d77087f23d2d4eff0fcd8676555d9ea6bbd19b2700cb68", "__layer": "UCBT_tab", "lon": null, "lat": null }, "geometry": null },
{ "type": "Feature", "properties": { "DIST": 390, "PAC": "33071144739360737L", "RAMAL": "12297875S1", "PN_CON": "10971323", "UNI_TR_MT": "14374375", "CTMT": "AUG0201", "UNI_TR_AT": "DAUG-EQ-TR2", "SUB": "DAUG", "CONJ": 16596, "MUN": "3550308", "CEG_GD": " ", "BRR": "AV PAULISTA 2006 BELA VISTA", "CEP": "01310-200", "CLAS_SUB": "CO6", "CNAE": "4642-7/01", "TIP_CC": "COM-Tipo02", "FAS_CON": "CAN", "GRU_TEN": "BT", "TEN_FORN": "10", "GRU_TAR": "B3", "SIT_ATIV": "DS", "DAT_CON": "01/06/1983", "CAR_INST": 1.0, "LIV": 0, "ARE_LOC": "UB", "TIP_SIST": "RD_INTERLIG", "ENE_01": 110.0, "ENE_02": 90.0, "ENE_03": 86.966, "ENE_04": 110.0, "ENE_05": 90.0, "ENE_06": 50.0, "ENE_07": 33.6, "ENE_08": 48.8, "ENE_09": 80.0, "ENE_10": 80.0, "ENE_11": 29.5, "ENE_12": 0.0, "DIC_01": 0.0, "DIC_02": 0.0, "DIC_03": 0.0, "DIC_04": 0.0, "DIC_05": 0.0, "DIC_06": 0.0, "DIC_07": 0.31, "DIC_08": 0.0, "DIC_09": 0.0, "DIC_10": 0.0, "DIC_11": 0.0, "DIC_12": 0.0, "FIC_01": 0.0, "FIC_02": 0.0, "FIC_03": 0.0, "FIC_04": 0.0, "FIC_05": 0.0, "FIC_06": 0.0, "FIC_07": 2.0, "FIC_08": 0.0, "FIC_09": 0.0, "FIC_10": 0.0, "FIC_11": 0.0, "FIC_12": 0.0, "SEMRED": 0, "DESCR": " ", "COD_ID": "c4b2af7883c56fba85629fb273fcb09672497e4cd522158859926d43ea82ecaa", "__layer": "UCBT_tab", "lon": null, "lat": null }, "geometry": null },
{ "type": "Feature", "properties": { "DIST": 390, "PAC": "33071144739360737L", "RAMAL": "12297875S1", "PN_CON": "10971323", "UNI_TR_MT": "14374375", "CTMT": "AUG0201", "UNI_TR_AT": "DAUG-EQ-TR2", "SUB": "DAUG", "CONJ": 16596, "MUN": "3550308", "CEG_GD": " ", "BRR": "AV PAULISTA 2006 BELA VISTA", "CEP": "01310-200", "CLAS_SUB": "CO1", "CNAE": "6822-6/00", "TIP_CC": "COM-Tipo02", "FAS_CON": "ABCN", "GRU_TEN": "BT", "TEN_FORN": "10", "GRU_TAR": "B3", "SIT_ATIV": "DS", "DAT_CON": "01/01/1973", "CAR_INST": 9.7, "LIV": 0, "ARE_LOC": "UB", "TIP_SIST": "RD_INTERLIG", "ENE_01": 98.0, "ENE_02": 94.0, "ENE_03": 142.406, "ENE_04": 75.0, "ENE_05": 78.0, "ENE_06": 67.0, "ENE_07": 52.08, "ENE_08": 40.26, "ENE_09": 35.0, "ENE_10": 50.0, "ENE_11": 6.49, "ENE_12": 0.0, "DIC_01": 0.0, "DIC_02": 0.0, "DIC_03": 0.0, "DIC_04": 0.0, "DIC_05": 0.0, "DIC_06": 0.0, "DIC_07": 0.31, "DIC_08": 0.0, "DIC_09": 0.0, "DIC_10": 0.0, "DIC_11": 0.0, "DIC_12": 0.0, "FIC_01": 0.0, "FIC_02": 0.0, "FIC_03": 0.0, "FIC_04": 0.0, "FIC_05": 0.0, "FIC_06": 0.0, "FIC_07": 2.0, "FIC_08": 0.0, "FIC_09": 0.0, "FIC_10": 0.0, "FIC_11": 0.0, "FIC_12": 0.0, "SEMRED": 0, "DESCR": " ", "COD_ID": "ef0cdf80ca0e19b0afe7f0b30a1d7cf2d1b6991394ee99d1a678da0658a744ff", "__layer": "UCBT_tab", "lon": null, "lat": null }, "geometry": null },
{ "type": "Feature", "properties": { "DIST": 390, "PAC": "33073873739357834L", "RAMAL": "12298004S1", "PN_CON": "10971365", "UNI_TR_MT": "14374600", "CTMT": "AUG0201", "UNI_TR_AT": "DAUG-EQ-TR2", "SUB": "DAUG", "CONJ": 16596, "MUN": "3550308", "CEG_GD": " ", "BRR": "AV PAULISTA 1912 BELA VISTA", "CEP": "01310-200", "CLAS_SUB": "CO1", "CNAE": "6810-2/02", "TIP_CC": "COM-Tipo02", "FAS_CON": "ABCN", "GRU_TEN": "BT", "TEN_FORN": "10", "GRU_TAR": "B3", "SIT_ATIV": "DS", "DAT_CON": "10/01/1992", "CAR_INST": 23.8, "LIV": 0, "ARE_LOC": "UB", "TIP_SIST": "RD_INTERLIG", "ENE_01": 871.74, "ENE_02": 1517.04, "ENE_03": 1780.622, "ENE_04": 1495.8, "ENE_05": 1549.26, "ENE_06": 1440.9, "ENE_07": 1223.66, "ENE_08": 835.69, "ENE_09": 1371.06, "ENE_10": 1686.24, "ENE_11": 874.29, "ENE_12": 0.0, "DIC_01": 0.0, "DIC_02": 0.0, "DIC_03": 0.0, "DIC_04": 0.0, "DIC_05": 0.0, "DIC_06": 0.0, "DIC_07": 0.31, "DIC_08": 0.0, "DIC_09": 0.0, "DIC_10": 0.0, "DIC_11": 0.0, "DIC_12": 0.0, "FIC_01": 0.0, "FIC_02": 0.0, "FIC_03": 0.0, "FIC_04": 0.0, "FIC_05": 0.0, "FIC_06": 0.0, "FIC_07": 2.0, "FIC_08": 0.0, "FIC_09": 0.0, "FIC_10": 0.0, "FIC_11": 0.0, "FIC_12": 0.0, "SEMRED": 0, "DESCR": " ", "COD_ID": "c03cd0a3574b21efdf084e1eae6fb169194ad361160c67173131b1ffa631bf15", "__layer": "UCBT_tab", "lon": null, "lat": null }, "geometry": null },
{ "type": "Feature", "properties": { "DIST": 390, "PAC": "33071144739360737L", "RAMAL": "12297875S1", "PN_CON": "10971323", "UNI_TR_MT": "14374375", "CTMT": "AUG0201", "UNI_TR_AT": "DAUG-EQ-TR2", "SUB": "DAUG", "CONJ": 16596, "MUN": "3550308", "CEG_GD": " ", "BRR": "AV PAULISTA 2006 BELA VISTA", "CEP": "01310-200", "CLAS_SUB": "RE1", "CNAE": " ", "TIP_CC": "RES-Tipo01", "FAS_CON": "ABN", "GRU_TEN": "BT", "TEN_FORN": "10", "GRU_TAR": "B1", "SIT_ATIV": "DS", "DAT_CON": "30/06/1992", "CAR_INST": 5.5, "LIV": 0, "ARE_LOC": "UB", "TIP_SIST": "RD_INTERLIG", "ENE_01": 25.01, "ENE_02": 50.0, "ENE_03": 50.0, "ENE_04": 50.0, "ENE_05": 50.0, "ENE_06": 50.0, "ENE_07": 50.0, "ENE_08": 50.0, "ENE_09": 50.0, "ENE_10": 50.0, "ENE_11": 50.0, "ENE_12": 0.0, "DIC_01": 0.0, "DIC_02": 0.0, "DIC_03": 0.0, "DIC_04": 0.0, "DIC_05": 0.0, "DIC_06": 0.0, "DIC_07": 0.31, "DIC_08": 0.0, "DIC_09": 0.0, "DIC_10": 0.0, "DIC_11": 0.0, "DIC_12": 0.0, "FIC_01": 0.0, "FIC_02": 0.0, "FIC_03": 0.0, "FIC_04": 0.0, "FIC_05": 0.0, "FIC_06": 0.0, "FIC_07": 2.0, "FIC_08": 0.0, "FIC_09": 0.0, "FIC_10": 0.0, "FIC_11": 0.0, "FIC_12": 0.0, "SEMRED": 0, "DESCR": " ", "COD_ID": "74177c66704331f1fde6b1d193f9749896d4d0241e6a4fa329efc56c8e943dcd", "__layer": "UCBT_tab", "lon": null, "lat": null }, "geometry": null },
{ "type": "Feature", "properties": { "DIST": 390, "PAC": "33083328739348867L", "RAMAL": "12307012S1", "PN_CON": "10971520", "UNI_TR_MT": "14374917", "CTMT": "AUG0202", "UNI_TR_AT": "DAUG-EQ-TR2", "SUB": "DAUG", "CONJ": 16596, "MUN": "3550308", "CEG_GD": " ", "BRR": "AV PAULISTA 1776 BELA VISTA", "CEP": "01310-200", "CLAS_SUB": "CO1", "CNAE": "6912-5/00", "TIP_CC": "COM-Tipo04", "FAS_CON": "ABC", "GRU_TEN": "BT", "TEN_FORN": "10", "GRU_TAR": "B3", "SIT_ATIV": "AT", "DAT_CON": "21/09/2016", "CAR_INST": 51.1, "LIV": 0, "ARE_LOC": "UB", "TIP_SIST": "RD_INTERLIG", "ENE_01": 0.0, "ENE_02": 3480.0, "ENE_03": 0.0, "ENE_04": 0.0, "ENE_05": 12600.0, "ENE_06": 0.0, "ENE_07": 0.0, "ENE_08": 13322.4, "ENE_09": 3400.0, "ENE_10": 2920.0, "ENE_11": 0.0, "ENE_12": 6196.72, "DIC_01": 0.0, "DIC_02": 0.0, "DIC_03": 0.0, "DIC_04": 0.0, "DIC_05": 0.0, "DIC_06": 0.0, "DIC_07": 0.0, "DIC_08": 0.0, "DIC_09": 0.0, "DIC_10": 0.0, "DIC_11": 0.0, "DIC_12": 0.0, "FIC_01": 0.0, "FIC_02": 0.0, "FIC_03": 0.0, "FIC_04": 0.0, "FIC_05": 0.0, "FIC_06": 0.0, "FIC_07": 0.0, "FIC_08": 0.0, "FIC_09": 0.0, "FIC_10": 0.0, "FIC_11": 0.0, "FIC_12": 0.0, "SEMRED": 0, "DESCR": " ", "COD_ID": "3b9f7b867b733f5d7b07072f3d54e039bb468314a4766f25b8d84c607c2f2461", "__layer": "UCBT_tab", "lon": null, "lat": null }, "geometry": null },
{ "type": "Feature", "properties": { "DIST": 390, "PAC": "33083328739348867L", "RAMAL": "12307012S1", "PN_CON": "10971520", "UNI_TR_MT": "14374917", "CTMT": "AUG0202", "UNI_TR_AT": "DAUG-EQ-TR2", "SUB": "DAUG", "CONJ": 16596, "MUN": "3550308", "CEG_GD": " ", "BRR": "AV PAULISTA 1776 BELA VISTA", "CEP": "01310-200", "CLAS_SUB": "CO1", "CNAE": "7740-3/00", "TIP_CC": "COM-Tipo03", "FAS_CON": "ABCN", "GRU_TEN": "BT", "TEN_FORN": "10", "GRU_TAR": "B3", "SIT_ATIV": "AT", "DAT_CON": "21/09/2016", "CAR_INST": 17.6, "LIV": 0, "ARE_LOC": "UB", "TIP_SIST": "RD_INTERLIG", "ENE_01": 740.0, "ENE_02": 717.0, "ENE_03": 1144.686, "ENE_04": 770.0, "ENE_05": 992.0, "ENE_06": 795.0, "ENE_07": 621.6, "ENE_08": 519.72, "ENE_09": 1026.0, "ENE_10": 957.0, "ENE_11": 497.96, "ENE_12": 1047.13, "DIC_01": 0.0, "DIC_02": 0.0, "DIC_03": 0.0, "DIC_04": 0.0, "DIC_05": 0.0, "DIC_06": 0.0, "DIC_07": 0.29, "DIC_08": 0.0, "DIC_09": 0.0, "DIC_10": 0.0, "DIC_11": 0.0, "DIC_12": 0.0, "FIC_01": 0.0, "FIC_02": 0.0, "FIC_03": 0.0, "FIC_04": 0.0, "FIC_05": 0.0, "FIC_06": 0.0, "FIC_07": 2.0, "FIC_08": 0.0, "FIC_09": 0.0, "FIC_10": 0.0, "FIC_11": 0.0, "FIC_12": 0.0, "SEMRED": 0, "DESCR": " ", "COD_ID": "ddca4a45c64a255d6e9de3e92ad07c38256d91eed408813d5ffed8d8e949fb43", "__layer": "UCBT_tab", "lon": null, "lat": null }, "geometry": null },
{ "type": "Feature", "properties": { "DIST": 390, "PAC": "33090569739342260L", "RAMAL": "12307295S1", "PN_CON": "1310750", "UNI_TR_MT": "14375157", "CTMT": "AUG0202", "UNI_TR_AT": "DAUG-EQ-TR2", "SUB": "DAUG", "CONJ": 16596, "MUN": "3550308", "CEG_GD": " ", "BRR": "AV PAULISTA 1682 BELA VISTA", "CEP": "01310-200", "CLAS_SUB": "PP1", "CNAE": "8423-0/00", "TIP_CC": "SP-Tipo05", "FAS_CON": "ABCN", "GRU_TEN": "BT", "TEN_FORN": "10", "GRU_TAR": "B3", "SIT_ATIV": "AT", "DAT_CON": "09/10/2017", "CAR_INST": 2.2, "LIV": 0, "ARE_LOC": "UB", "TIP_SIST": "RD_INTERLIG", "ENE_01": 67100.0, "ENE_02": 32160.0, "ENE_03": 0.0, "ENE_04": 102271.769, "ENE_05": 136800.0, "ENE_06": 102000.0, "ENE_07": 95200.0, "ENE_08": 115200.0, "ENE_09": 121600.0, "ENE_10": 136800.0, "ENE_11": 112000.0, "ENE_12": 124824.33, "DIC_01": 0.0, "DIC_02": 0.0, "DIC_03": 0.0, "DIC_04": 0.0, "DIC_05": 0.0, "DIC_06": 0.0, "DIC_07": 0.29, "DIC_08": 0.0, "DIC_09": 0.0, "DIC_10": 0.0, "DIC_11": 0.0, "DIC_12": 0.0, "FIC_01": 0.0, "FIC_02": 0.0, "FIC_03": 0.0, "FIC_04": 0.0, "FIC_05": 0.0, "FIC_06": 0.0, "FIC_07": 2.0, "FIC_08": 0.0, "FIC_09": 0.0, "FIC_10": 0.0, "FIC_11": 0.0, "FIC_12": 0.0, "SEMRED": 0, "DESCR": " ", "COD_ID": "e799bb880831e295a4f92c6b4bbb360696890ed797b6affee206803014927bdc", "__layer": "UCBT_tab", "lon": null, "lat": null }, "geometry": null },
{ "type": "Feature", "properties": { "DIST": 390, "PAC": "33061008739369866L", "RAMAL": "12297501S1", "PN_CON": "10971152", "UNI_TR_MT": "14373896", "CTMT": "AUG0201", "UNI_TR_AT": "DAUG-EQ-TR2", "SUB": "DAUG", "CONJ": 16596, "MUN": "3550308", "CEG_GD": " ", "BRR": "AV PAULISTA 2064 BELA VISTA", "CEP": "01310-200", "CLAS_SUB": "RE1", "CNAE": " ", "TIP_CC": "RES-Tipo05", "FAS_CON": "ABCN", "GRU_TEN": "BT", "TEN_FORN": "10", "GRU_TAR": "B1", "SIT_ATIV": "AT", "DAT_CON": "18/01/2018", "CAR_INST": 1.7, "LIV": 0, "ARE_LOC": "UB", "TIP_SIST": "RD_INTERLIG", "ENE_01": 4142.79, "ENE_02": 8360.0, "ENE_03": 7640.0, "ENE_04": 8560.0, "ENE_05": 9640.0, "ENE_06": 8520.0, "ENE_07": 7160.0, "ENE_08": 8200.0, "ENE_09": 8480.0, "ENE_10": 8240.0, "ENE_11": 8720.0, "ENE_12": 7883.87, "DIC_01": 0.0, "DIC_02": 0.0, "DIC_03": 0.0, "DIC_04": 0.0, "DIC_05": 0.0, "DIC_06": 0.0, "DIC_07": 0.31, "DIC_08": 0.0, "DIC_09": 0.0, "DIC_10": 0.0, "DIC_11": 0.0, "DIC_12": 0.0, "FIC_01": 0.0, "FIC_02": 0.0, "FIC_03": 0.0, "FIC_04": 0.0, "FIC_05": 0.0, "FIC_06": 0.0, "FIC_07": 2.0, "FIC_08": 0.0, "FIC_09": 0.0, "FIC_10": 0.0, "FIC_11": 0.0, "FIC_12": 0.0, "SEMRED": 0, "DESCR": " ", "COD_ID": "4ec6e2e4ae57fbeb8e3a486a0934bcccd8fc64eed0353d443da07072f7598b88", "__layer": "UCBT_tab", "lon": null, "lat": null }, "geometry": null },
{ "type": "Feature", "properties": { "DIST": 390, "PAC": "33071144739360737L", "RAMAL": "12297875S1", "PN_CON": "10971323", "UNI_TR_MT": "14374375", "CTMT": "AUG0201", "UNI_TR_AT": "DAUG-EQ-TR2", "SUB": "DAUG", "CONJ": 16596, "MUN": "3550308", "CEG_GD": " ", "BRR": "AV PAULISTA 2006 BELA VISTA", "CEP": "01310-200", "CLAS_SUB": "RE1", "CNAE": " ", "TIP_CC": "RES-Tipo01", "FAS_CON": "ABN", "GRU_TEN": "BT", "TEN_FORN": "10", "GRU_TAR": "B1", "SIT_ATIV": "AT", "DAT_CON": "29/01/2019", "CAR_INST": 6.4, "LIV": 0, "ARE_LOC": "UB", "TIP_SIST": "RD_INTERLIG", "ENE_01": 0.0, "ENE_02": 0.0, "ENE_03": 0.0, "ENE_04": 50.0, "ENE_05": 50.0, "ENE_06": 50.0, "ENE_07": 32.0, "ENE_08": 70.0, "ENE_09": 93.0, "ENE_10": 98.0, "ENE_11": 85.0, "ENE_12": 98.06, "DIC_01": 0.0, "DIC_02": 0.0, "DIC_03": 0.0, "DIC_04": 0.0, "DIC_05": 0.0, "DIC_06": 0.0, "DIC_07": 0.31, "DIC_08": 0.0, "DIC_09": 0.0, "DIC_10": 0.0, "DIC_11": 0.0, "DIC_12": 0.0, "FIC_01": 0.0, "FIC_02": 0.0, "FIC_03": 0.0, "FIC_04": 0.0, "FIC_05": 0.0, "FIC_06": 0.0, "FIC_07": 2.0, "FIC_08": 0.0, "FIC_09": 0.0, "FIC_10": 0.0, "FIC_11": 0.0, "FIC_12": 0.0, "SEMRED": 0, "DESCR": " ", "COD_ID": "77fd50cf78a630ed8775ba466693294a44a9b063bbafd26d2ce492693667a168", "__layer": "UCBT_tab", "lon": null, "lat": null }, "geometry": null },
{ "type": "Feature", "properties": { "DIST": 390, "PAC": "33085305739347489L", "RAMAL": "12307074S1", "PN_CON": "10971552", "UNI_TR_MT": "14374950", "CTMT": "AUG0202", "UNI_TR_AT": "DAUG-EQ-TR2", "SUB": "DAUG", "CONJ": 16596, "MUN": "3550308", "CEG_GD": " ", "BRR": "AV PAULISTA 1754 BELA VISTA", "CEP": "01310-200", "CLAS_SUB": "CO9", "CNAE": "8112-5/00", "TIP_CC": "COM-Tipo01", "FAS_CON": "ABCN", "GRU_TEN": "BT", "TEN_FORN": "10", "GRU_TAR": "B3", "SIT_ATIV": "AT", "DAT_CON": "18/03/2019", "CAR_INST": 161.0, "LIV": 0, "ARE_LOC": "UB", "TIP_SIST": "RD_INTERLIG", "ENE_01": 27040.0, "ENE_02": 26240.0, "ENE_03": 36351.653, "ENE_04": 29760.0, "ENE_05": 29280.0, "ENE_06": 26400.0, "ENE_07": 21638.4, "ENE_08": 15811.2, "ENE_09": 25280.0, "ENE_10": 28800.0, "ENE_11": 14537.6, "ENE_12": 26010.92, "DIC_01": 0.0, "DIC_02": 0.0, "DIC_03": 0.0, "DIC_04": 0.0, "DIC_05": 0.0, "DIC_06": 0.0, "DIC_07": 0.29, "DIC_08": 0.0, "DIC_09": 0.0, "DIC_10": 0.0, "DIC_11": 0.0, "DIC_12": 0.0, "FIC_01": 0.0, "FIC_02": 0.0, "FIC_03": 0.0, "FIC_04": 0.0, "FIC_05": 0.0, "FIC_06": 0.0, "FIC_07": 2.0, "FIC_08": 0.0, "FIC_09": 0.0, "FIC_10": 0.0, "FIC_11": 0.0, "FIC_12": 0.0, "SEMRED": 0, "DESCR": " ", "COD_ID": "15ea6aea05193a253752460c5018d15864667939391198fa5e23d34085ad97f5", "__layer": "UCBT_tab", "lon": null, "lat": null }, "geometry": null },
{ "type": "Feature", "properties": { "DIST": 390, "PAC": "0-16600015A768BBL_14374355", "RAMAL": " ", "PN_CON": " ", "UNI_TR_MT": "14374355", "CTMT": "AUG0202", "UNI_TR_AT": "DAUG-EQ-TR2", "SUB": "DAUG", "CONJ": 0, "MUN": "3550308", "CEG_GD": " ", "BRR": "AV PAULISTA 1938 BELA VISTA", "CEP": "01310-200", "CLAS_SUB": "CO1", "CNAE": "8112-5/00", "TIP_CC": "COM-Tipo01", "FAS_CON": "ABC", "GRU_TEN": "BT", "TEN_FORN": "06", "GRU_TAR": "AS", "SIT_ATIV": "AT", "DAT_CON": "04/01/2021", "CAR_INST": 967.0, "LIV": 0, "ARE_LOC": "UB", "TIP_SIST": "RD_INTERLIG", "ENE_01": 116570.88, "ENE_02": 0.0, "ENE_03": 0.0, "ENE_04": 0.0, "ENE_05": 0.0, "ENE_06": 0.0, "ENE_07": 0.0, "ENE_08": 0.0, "ENE_09": 0.0, "ENE_10": 0.0, "ENE_11": 0.0, "ENE_12": 0.0, "DIC_01": 0.0, "DIC_02": 0.0, "DIC_03": 0.0, "DIC_04": 0.0, "DIC_05": 0.0, "DIC_06": 0.0, "DIC_07": 0.0, "DIC_08": 0.0, "DIC_09": 0.0, "DIC_10": 0.0, "DIC_11": 0.0, "DIC_12": 0.0, "FIC_01": 0.0, "FIC_02": 0.0, "FIC_03": 0.0, "FIC_04": 0.0, "FIC_05": 0.0, "FIC_06": 0.0, "FIC_07": 0.0, "FIC_08": 0.0, "FIC_09": 0.0, "FIC_10": 0.0, "FIC_11": 0.0, "FIC_12": 0.0, "SEMRED": 0, "DESCR": " ", "COD_ID": "cbfbac7ba06981252f05d64f8a8267fd3ea5e64b1448c7e9b72e82fb2d1e0317", "__layer": "UCBT_tab", "lon": null, "lat": null }, "geometry": null },
{ "type": "Feature", "properties": { "DIST": 390, "PAC": "0-16600015A768BBL_14374355", "RAMAL": " ", "PN_CON": " ", "UNI_TR_MT": "14374355", "CTMT": "AUG0202", "UNI_TR_AT": "DAUG-EQ-TR2", "SUB": "DAUG", "CONJ": 0, "MUN": "3550308", "CEG_GD": " ", "BRR": "AV PAULISTA 1938 BELA VISTA", "CEP": "01310-200", "CLAS_SUB": "CO1", "CNAE": "8112-5/00", "TIP_CC": "COM-Tipo01", "FAS_CON": "ABC", "GRU_TEN": "BT", "TEN_FORN": "06", "GRU_TAR": "AS", "SIT_ATIV": "DS", "DAT_CON": "04/01/2021", "CAR_INST": 967.0, "LIV": 1, "ARE_LOC": "UB", "TIP_SIST": "RD_INTERLIG", "ENE_01": 0.0, "ENE_02": 111301.09, "ENE_03": 98798.14, "ENE_04": 110161.85, "ENE_05": 103793.52, "ENE_06": 99748.18, "ENE_07": 90898.21, "ENE_08": 87670.61, "ENE_09": 90700.31, "ENE_10": 97197.13, "ENE_11": 96851.03, "ENE_12": 88746.64, "DIC_01": 0.0, "DIC_02": 0.0, "DIC_03": 0.0, "DIC_04": 0.0, "DIC_05": 0.0, "DIC_06": 0.0, "DIC_07": 0.0, "DIC_08": 0.0, "DIC_09": 0.0, "DIC_10": 0.0, "DIC_11": 0.0, "DIC_12": 0.0, "FIC_01": 0.0, "FIC_02": 0.0, "FIC_03": 0.0, "FIC_04": 0.0, "FIC_05": 0.0, "FIC_06": 0.0, "FIC_07": 0.0, "FIC_08": 0.0, "FIC_09": 0.0, "FIC_10": 0.0, "FIC_11": 0.0, "FIC_12": 0.0, "SEMRED": 0, "DESCR": " ", "COD_ID": "ec8ccbb46c7bb5ab7da4d63f2e3d1c7aa83b1e1b89e99d08ec6e63ee53d8582f", "__layer": "UCBT_tab", "lon": null, "lat": null }, "geometry": null },
{ "type": "Feature", "properties": { "DIST": 390, "PAC": "0-16600015A767F9L_14373828", "RAMAL": " ", "PN_CON": " ", "UNI_TR_MT": "14373828", "CTMT": "CTR0210", "UNI_TR_AT": " ", "SUB": "TCTR", "CONJ": 0, "MUN": "3550308", "CEG_GD": " ", "BRR": "AV PAULISTA 2064 BELA VISTA", "CEP": "01310-200", "CLAS_SUB": "CO9", "CNAE": "8112-5/00", "TIP_CC": "COM-Tipo01", "FAS_CON": "ABC", "GRU_TEN": "BT", "TEN_FORN": "06", "GRU_TAR": "AS", "SIT_ATIV": "AT", "DAT_CON": "16/11/2022", "CAR_INST": 396.163, "LIV": 1, "ARE_LOC": "UB", "TIP_SIST": "RD_INTERLIG", "ENE_01": 182279.92, "ENE_02": 177084.14, "ENE_03": 167359.44, "ENE_04": 177049.24, "ENE_05": 167348.52, "ENE_06": 166630.99, "ENE_07": 150967.72, "ENE_08": 157266.75, "ENE_09": 172004.33, "ENE_10": 177240.03, "ENE_11": 165182.97, "ENE_12": 153848.97, "DIC_01": 0.0, "DIC_02": 0.0, "DIC_03": 0.0, "DIC_04": 0.0, "DIC_05": 0.0, "DIC_06": 0.0, "DIC_07": 0.0, "DIC_08": 0.0, "DIC_09": 0.0, "DIC_10": 0.0, "DIC_11": 0.0, "DIC_12": 0.0, "FIC_01": 0.0, "FIC_02": 0.0, "FIC_03": 0.0, "FIC_04": 0.0, "FIC_05": 0.0, "FIC_06": 0.0, "FIC_07": 0.0, "FIC_08": 0.0, "FIC_09": 0.0, "FIC_10": 0.0, "FIC_11": 0.0, "FIC_12": 0.0, "SEMRED": 0, "DESCR": " ", "COD_ID": "6c2095c0d73a5503bda9fee1df0d6958594f5c928edf6265d4cc13b1d05631af", "__layer": "UCBT_tab", "lon": null, "lat": null }, "geometry": null },
{ "type": "Feature", "properties": { "DIST": 390, "PAC": "33092813739339446L", "RAMAL": "445547910S1", "PN_CON": "445547744", "UNI_TR_MT": "14375157", "CTMT": "AUG0202", "UNI_TR_AT": "DAUG-EQ-TR2", "SUB": "DAUG", "CONJ": 16573, "MUN": "3550308", "CEG_GD": " ", "BRR": "AV PAULISTA 1650 BELA VISTA", "CEP": "01310-200", "CLAS_SUB": "CO1", "CNAE": "4110-7/00", "TIP_CC": "COM-Tipo02", "FAS_CON": "ABCN", "GRU_TEN": "BT", "TEN_FORN": "10", "GRU_TAR": "B3", "SIT_ATIV": "AT", "DAT_CON": "25/07/2023", "CAR_INST": 59.6, "LIV": 0, "ARE_LOC": "UB", "TIP_SIST": "RD_INTERLIG", "ENE_01": 100.0, "ENE_02": 360.0, "ENE_03": 108.707, "ENE_04": 100.0, "ENE_05": 100.0, "ENE_06": 100.0, "ENE_07": 84.0, "ENE_08": 61.0, "ENE_09": 100.0, "ENE_10": 100.0, "ENE_11": 59.0, "ENE_12": 95.62, "DIC_01": 0.0, "DIC_02": 0.0, "DIC_03": 0.0, "DIC_04": 0.0, "DIC_05": 0.0, "DIC_06": 0.0, "DIC_07": 0.0, "DIC_08": 0.0, "DIC_09": 0.0, "DIC_10": 0.0, "DIC_11": 0.0, "DIC_12": 0.0, "FIC_01": 0.0, "FIC_02": 0.0, "FIC_03": 0.0, "FIC_04": 0.0, "FIC_05": 0.0, "FIC_06": 0.0, "FIC_07": 0.0, "FIC_08": 0.0, "FIC_09": 0.0, "FIC_10": 0.0, "FIC_11": 0.0, "FIC_12": 0.0, "SEMRED": 0, "DESCR": " ", "COD_ID": "f667b225109313398b92dbe8b0273653e3d627646dbbba131b349ab3bc778c38", "__layer": "UCBT_tab", "lon": null, "lat": null }, "geometry": null },
{ "type": "Feature", "properties": { "DIST": 390, "PAC": "33088242739344597L", "RAMAL": "12307182S1", "PN_CON": " ", "UNI_TR_MT": "14375010", "CTMT": "AUG0201", "UNI_TR_AT": "DAUG-EQ-TR2", "SUB": "DAUG", "CONJ": 16596, "MUN": "3550308", "CEG_GD": " ", "BRR": "AV PAULISTA 1728 BELA VISTA", "CEP": "01310-200", "CLAS_SUB": "CO9", "CNAE": "6421-2/00", "TIP_CC": "COM-Tipo05", "FAS_CON": "ABCN", "GRU_TEN": "BT", "TEN_FORN": "10", "GRU_TAR": "B3", "SIT_ATIV": "DS", "DAT_CON": "01/02/1986", "CAR_INST": 45.0, "LIV": 0, "ARE_LOC": "UB", "TIP_SIST": "RD_INTERLIG", "ENE_01": 1920.0, "ENE_02": 1880.0, "ENE_03": 2565.488, "ENE_04": 1840.0, "ENE_05": 2000.0, "ENE_06": 1400.0, "ENE_07": 1243.2, "ENE_08": 1000.4, "ENE_09": 1840.0, "ENE_10": 1880.0, "ENE_11": 944.0, "ENE_12": 1797.81, "DIC_01": 0.0, "DIC_02": 0.0, "DIC_03": 0.0, "DIC_04": 0.0, "DIC_05": 0.0, "DIC_06": 0.0, "DIC_07": 0.31, "DIC_08": 0.0, "DIC_09": 0.0, "DIC_10": 0.0, "DIC_11": 0.0, "DIC_12": 0.0, "FIC_01": 0.0, "FIC_02": 0.0, "FIC_03": 0.0, "FIC_04": 0.0, "FIC_05": 0.0, "FIC_06": 0.0, "FIC_07": 2.0, "FIC_08": 0.0, "FIC_09": 0.0, "FIC_10": 0.0, "FIC_11": 0.0, "FIC_12": 0.0, "SEMRED": 0, "DESCR": " ", "COD_ID": "e093d3a7b363dbd6a83fdb69bd569266b1c3097f236d05201261e42fc73db10e", "__layer": "UCBT_tab", "lon": null, "lat": null }, "geometry": null },
{ "type": "Feature", "properties": { "DIST": 390, "PAC": "33088242739344597L", "RAMAL": "12307182S1", "PN_CON": " ", "UNI_TR_MT": "14375010", "CTMT": "AUG0201", "UNI_TR_AT": "DAUG-EQ-TR2", "SUB": "DAUG", "CONJ": 16596, "MUN": "3550308", "CEG_GD": " ", "BRR": "AV PAULISTA 1728 BELA VISTA", "CEP": "01310-200", "CLAS_SUB": "CO1", "CNAE": "6619-3/99", "TIP_CC": "COM-Tipo04", "FAS_CON": "ABCN", "GRU_TEN": "BT", "TEN_FORN": "10", "GRU_TAR": "B3", "SIT_ATIV": "DS", "DAT_CON": "01/02/1986", "CAR_INST": 39.0, "LIV": 0, "ARE_LOC": "UB", "TIP_SIST": "RD_INTERLIG", "ENE_01": 3360.0, "ENE_02": 2520.0, "ENE_03": 4739.629, "ENE_04": 2680.0, "ENE_05": 3440.0, "ENE_06": 1080.0, "ENE_07": 84.0, "ENE_08": 73.2, "ENE_09": 100.0, "ENE_10": 100.0, "ENE_11": 59.0, "ENE_12": 95.62, "DIC_01": 0.0, "DIC_02": 0.0, "DIC_03": 0.0, "DIC_04": 0.0, "DIC_05": 0.0, "DIC_06": 0.0, "DIC_07": 0.31, "DIC_08": 0.0, "DIC_09": 0.0, "DIC_10": 0.0, "DIC_11": 0.0, "DIC_12": 0.0, "FIC_01": 0.0, "FIC_02": 0.0, "FIC_03": 0.0, "FIC_04": 0.0, "FIC_05": 0.0, "FIC_06": 0.0, "FIC_07": 2.0, "FIC_08": 0.0, "FIC_09": 0.0, "FIC_10": 0.0, "FIC_11": 0.0, "FIC_12": 0.0, "SEMRED": 0, "DESCR": " ", "COD_ID": "7aac832548defff8d69d227d282a67bf2036f84dc12c57b48f6be0a716319caa", "__layer": "UCBT_tab", "lon": null, "lat": null }, "geometry": null },
{ "type": "Feature", "properties": { "DIST": 390, "PAC": "33085305739347489L", "RAMAL": "12307074S1", "PN_CON": "10971552", "UNI_TR_MT": "14374950", "CTMT": "AUG0202", "UNI_TR_AT": "DAUG-EQ-TR2", "SUB": "DAUG", "CONJ": 16596, "MUN": "3550308", "CEG_GD": " ", "BRR": "AV PAULISTA 1754 BELA VISTA", "CEP": "01310-200", "CLAS_SUB": "CO1", "CNAE": "4691-5/00", "TIP_CC": "COM-Tipo02", "FAS_CON": "ABCN", "GRU_TEN": "BT", "TEN_FORN": "10", "GRU_TAR": "B3", "SIT_ATIV": "DS", "DAT_CON": "01/09/1985", "CAR_INST": 0.4, "LIV": 0, "ARE_LOC": "UB", "TIP_SIST": "RD_INTERLIG", "ENE_01": 290.0, "ENE_02": 500.0, "ENE_03": 304.38, "ENE_04": 260.0, "ENE_05": 210.0, "ENE_06": 170.0, "ENE_07": 117.6, "ENE_08": 103.7, "ENE_09": 190.0, "ENE_10": 210.0, "ENE_11": 118.0, "ENE_12": 248.63, "DIC_01": 0.0, "DIC_02": 0.0, "DIC_03": 0.0, "DIC_04": 0.0, "DIC_05": 0.0, "DIC_06": 0.0, "DIC_07": 0.29, "DIC_08": 0.0, "DIC_09": 0.0, "DIC_10": 0.0, "DIC_11": 0.0, "DIC_12": 0.0, "FIC_01": 0.0, "FIC_02": 0.0, "FIC_03": 0.0, "FIC_04": 0.0, "FIC_05": 0.0, "FIC_06": 0.0, "FIC_07": 2.0, "FIC_08": 0.0, "FIC_09": 0.0, "FIC_10": 0.0, "FIC_11": 0.0, "FIC_12": 0.0, "SEMRED": 0, "DESCR": " ", "COD_ID": "5f98fb1a1562076a4b30f95ee15ff732f04522b1d2f9a0b01437066897bfa6df", "__layer": "UCBT_tab", "lon": null, "lat": null }, "geometry": null },
{ "type": "Feature", "properties": { "DIST": 390, "PAC": "33085305739347489L", "RAMAL": "12307074S1", "PN_CON": "10971552", "UNI_TR_MT": "14374950", "CTMT": "AUG0202", "UNI_TR_AT": "DAUG-EQ-TR2", "SUB": "DAUG", "CONJ": 16596, "MUN": "3550308", "CEG_GD": " ", "BRR": "AV PAULISTA 1754 BELA VISTA", "CEP": "01310-200", "CLAS_SUB": "CO9", "CNAE": "6399-2/00", "TIP_CC": "COM-Tipo02", "FAS_CON": "ABCN", "GRU_TEN": "BT", "TEN_FORN": "10", "GRU_TAR": "B3", "SIT_ATIV": "DS", "DAT_CON": "01/09/1985", "CAR_INST": 3.6, "LIV": 0, "ARE_LOC": "UB", "TIP_SIST": "RD_INTERLIG", "ENE_01": 70.0, "ENE_02": 50.0, "ENE_03": 130.449, "ENE_04": 40.0, "ENE_05": 50.0, "ENE_06": 50.0, "ENE_07": 42.0, "ENE_08": 30.5, "ENE_09": 30.0, "ENE_10": 50.0, "ENE_11": 29.5, "ENE_12": 66.93, "DIC_01": 0.0, "DIC_02": 0.0, "DIC_03": 0.0, "DIC_04": 0.0, "DIC_05": 0.0, "DIC_06": 0.0, "DIC_07": 0.29, "DIC_08": 0.0, "DIC_09": 0.0, "DIC_10": 0.0, "DIC_11": 0.0, "DIC_12": 0.0, "FIC_01": 0.0, "FIC_02": 0.0, "FIC_03": 0.0, "FIC_04": 0.0, "FIC_05": 0.0, "FIC_06": 0.0, "FIC_07": 2.0, "FIC_08": 0.0, "FIC_09": 0.0, "FIC_10": 0.0, "FIC_11": 0.0, "FIC_12": 0.0, "SEMRED": 0, "DESCR": " ", "COD_ID": "43c25071f8354025c63ebce5a3689441a1b338cbb600c2086eebce982c039103", "__layer": "UCBT_tab", "lon": null, "lat": null }, "geometry": null },
{ "type": "Feature", "properties": { "DIST": 390, "PAC": "33085305739347489L", "RAMAL": "12307074S1", "PN_CON": "10971552", "UNI_TR_MT": "14374950", "CTMT": "AUG0202", "UNI_TR_AT": "DAUG-EQ-TR2", "SUB": "DAUG", "CONJ": 16596, "MUN": "3550308", "CEG_GD": " ", "BRR": "AV PAULISTA 1754 BELA VISTA", "CEP": "01310-200", "CLAS_SUB": "RE1", "CNAE": " ", "TIP_CC": "RES-Tipo01", "FAS_CON": "ABN", "GRU_TEN": "BT", "TEN_FORN": "10", "GRU_TAR": "B1", "SIT_ATIV": "DS", "DAT_CON": "01/01/1980", "CAR_INST": 3.6, "LIV": 0, "ARE_LOC": "UB", "TIP_SIST": "RD_INTERLIG", "ENE_01": 60.04, "ENE_02": 90.0, "ENE_03": 100.0, "ENE_04": 90.0, "ENE_05": 120.0, "ENE_06": 70.0, "ENE_07": 70.0, "ENE_08": 90.0, "ENE_09": 100.0, "ENE_10": 120.0, "ENE_11": 110.0, "ENE_12": 87.38, "DIC_01": 0.0, "DIC_02": 0.0, "DIC_03": 0.0, "DIC_04": 0.0, "DIC_05": 0.0, "DIC_06": 0.0, "DIC_07": 0.29, "DIC_08": 0.0, "DIC_09": 0.0, "DIC_10": 0.0, "DIC_11": 0.0, "DIC_12": 0.0, "FIC_01": 0.0, "FIC_02": 0.0, "FIC_03": 0.0, "FIC_04": 0.0, "FIC_05": 0.0, "FIC_06": 0.0, "FIC_07": 2.0, "FIC_08": 0.0, "FIC_09": 0.0, "FIC_10": 0.0, "FIC_11": 0.0, "FIC_12": 0.0, "SEMRED": 0, "DESCR": " ", "COD_ID": "87f7a09241d4b011590fb6fb364290233521ba282e61e4baee491f77288b7f92", "__layer": "UCBT_tab", "lon": null, "lat": null }, "geometry": null },
{ "type": "Feature", "properties": { "DIST": 390, "PAC": "33085305739347489L", "RAMAL": "12307074S1", "PN_CON": "10971552", "UNI_TR_MT": "14374950", "CTMT": "AUG0202", "UNI_TR_AT": "DAUG-EQ-TR2", "SUB": "DAUG", "CONJ": 16596, "MUN": "3550308", "CEG_GD": " ", "BRR": "AV PAULISTA 1754 BELA VISTA", "CEP": "01310-200", "CLAS_SUB": "CO9", "CNAE": "6499-9/99", "TIP_CC": "COM-Tipo02", "FAS_CON": "ABCN", "GRU_TEN": "BT", "TEN_FORN": "10", "GRU_TAR": "B3", "SIT_ATIV": "DS", "DAT_CON": "01/09/1983", "CAR_INST": 3.6, "LIV": 0, "ARE_LOC": "UB", "TIP_SIST": "RD_INTERLIG", "ENE_01": 290.0, "ENE_02": 170.0, "ENE_03": 445.699, "ENE_04": 400.0, "ENE_05": 1270.0, "ENE_06": 50.0, "ENE_07": 42.0, "ENE_08": 30.5, "ENE_09": 50.0, "ENE_10": 50.0, "ENE_11": 29.5, "ENE_12": 47.81, "DIC_01": 0.0, "DIC_02": 0.0, "DIC_03": 0.0, "DIC_04": 0.0, "DIC_05": 0.0, "DIC_06": 0.0, "DIC_07": 0.29, "DIC_08": 0.0, "DIC_09": 0.0, "DIC_10": 0.0, "DIC_11": 0.0, "DIC_12": 0.0, "FIC_01": 0.0, "FIC_02": 0.0, "FIC_03": 0.0, "FIC_04": 0.0, "FIC_05": 0.0, "FIC_06": 0.0, "FIC_07": 2.0, "FIC_08": 0.0, "FIC_09": 0.0, "FIC_10": 0.0, "FIC_11": 0.0, "FIC_12": 0.0, "SEMRED": 0, "DESCR": " ", "COD_ID": "ec32e5bc4b27ff527ca7122cd87279d02173bf5218a0d91f6821e72ff3e7d150", "__layer": "UCBT_tab", "lon": null, "lat": null }, "geometry": null },
{ "type": "Feature", "properties": { "DIST": 390, "PAC": "33085305739347489L", "RAMAL": "12307074S1", "PN_CON": "10971552", "UNI_TR_MT": "14374950", "CTMT": "AUG0202", "UNI_TR_AT": "DAUG-EQ-TR2", "SUB": "DAUG", "CONJ": 16596, "MUN": "3550308", "CEG_GD": " ", "BRR": "AV PAULISTA 1754 BELA VISTA", "CEP": "01310-200", "CLAS_SUB": "CO9", "CNAE": "4619-2/00", "TIP_CC": "COM-Tipo02", "FAS_CON": "ABCN", "GRU_TEN": "BT", "TEN_FORN": "10", "GRU_TAR": "B3", "SIT_ATIV": "DS", "DAT_CON": "01/02/1985", "CAR_INST": 4.5, "LIV": 0, "ARE_LOC": "UB", "TIP_SIST": "RD_INTERLIG", "ENE_01": 322.0, "ENE_02": 257.0, "ENE_03": 0.0, "ENE_04": 280.0, "ENE_05": 217.0, "ENE_06": 95.0, "ENE_07": 68.88, "ENE_08": 71.98, "ENE_09": 115.0, "ENE_10": 218.0, "ENE_11": 94.4, "ENE_12": 241.93, "DIC_01": 0.0, "DIC_02": 0.0, "DIC_03": 0.0, "DIC_04": 0.0, "DIC_05": 0.0, "DIC_06": 0.0, "DIC_07": 0.29, "DIC_08": 0.0, "DIC_09": 0.0, "DIC_10": 0.0, "DIC_11": 0.0, "DIC_12": 0.0, "FIC_01": 0.0, "FIC_02": 0.0, "FIC_03": 0.0, "FIC_04": 0.0, "FIC_05": 0.0, "FIC_06": 0.0, "FIC_07": 2.0, "FIC_08": 0.0, "FIC_09": 0.0, "FIC_10": 0.0, "FIC_11": 0.0, "FIC_12": 0.0, "SEMRED": 0, "DESCR": " ", "COD_ID": "5e440be7571dfc7127f07feba4fb03a9a0a7b852444798566af74e053e538dcf", "__layer": "UCBT_tab", "lon": null, "lat": null }, "geometry": null },
{ "type": "Feature", "properties": { "DIST": 390, "PAC": "33085305739347489L", "RAMAL": "12307074S1", "PN_CON": "10971552", "UNI_TR_MT": "14374950", "CTMT": "AUG0202", "UNI_TR_AT": "DAUG-EQ-TR2", "SUB": "DAUG", "CONJ": 16596, "MUN": "3550308", "CEG_GD": " ", "BRR": "AV PAULISTA 1754 BELA VISTA", "CEP": "01310-200", "CLAS_SUB": "CO1", "CNAE": "9411-1/00", "TIP_CC": "COM-Tipo02", "FAS_CON": "ABN", "GRU_TEN": "BT", "TEN_FORN": "10", "GRU_TAR": "B3", "SIT_ATIV": "DS", "DAT_CON": "01/01/1985", "CAR_INST": 0.8, "LIV": 0, "ARE_LOC": "UB", "TIP_SIST": "RD_INTERLIG", "ENE_01": 37.0, "ENE_02": 13.0, "ENE_03": 64.137, "ENE_04": 23.0, "ENE_05": 50.0, "ENE_06": 50.0, "ENE_07": 10.08, "ENE_08": 7.93, "ENE_09": 12.0, "ENE_10": 18.0, "ENE_11": 29.5, "ENE_12": 35.38, "DIC_01": 0.0, "DIC_02": 0.0, "DIC_03": 0.0, "DIC_04": 0.0, "DIC_05": 0.0, "DIC_06": 0.0, "DIC_07": 0.29, "DIC_08": 0.0, "DIC_09": 0.0, "DIC_10": 0.0, "DIC_11": 0.0, "DIC_12": 0.0, "FIC_01": 0.0, "FIC_02": 0.0, "FIC_03": 0.0, "FIC_04": 0.0, "FIC_05": 0.0, "FIC_06": 0.0, "FIC_07": 2.0, "FIC_08": 0.0, "FIC_09": 0.0, "FIC_10": 0.0, "FIC_11": 0.0, "FIC_12": 0.0, "SEMRED": 0, "DESCR": " ", "COD_ID": "88e36082b343aba8dd082e7ae76326a862bc0389222ef21f6801d67ecf5d3ca3", "__layer": "UCBT_tab", "lon": null, "lat": null }, "geometry": null },
{ "type": "Feature", "properties": { "DIST": 390, "PAC": "33085305739347489L", "RAMAL": "12307074S1", "PN_CON": "10971552", "UNI_TR_MT": "14374950", "CTMT": "AUG0202", "UNI_TR_AT": "DAUG-EQ-TR2", "SUB": "DAUG", "CONJ": 16596, "MUN": "3550308", "CEG_GD": " ", "BRR": "AV PAULISTA 1754 BELA VISTA", "CEP": "01310-200", "CLAS_SUB": "CO9", "CNAE": "4691-5/00", "TIP_CC": "COM-Tipo02", "FAS_CON": "ABCN", "GRU_TEN": "BT", "TEN_FORN": "10", "GRU_TAR": "B3", "SIT_ATIV": "DS", "DAT_CON": "01/10/1985", "CAR_INST": 3.6, "LIV": 0, "ARE_LOC": "UB", "TIP_SIST": "RD_INTERLIG", "ENE_01": 50.0, "ENE_02": 10.0, "ENE_03": 54.354, "ENE_04": 50.0, "ENE_05": 50.0, "ENE_06": 50.0, "ENE_07": 42.0, "ENE_08": 30.5, "ENE_09": 50.0, "ENE_10": 50.0, "ENE_11": 5.9, "ENE_12": 76.5, "DIC_01": 0.0, "DIC_02": 0.0, "DIC_03": 0.0, "DIC_04": 0.0, "DIC_05": 0.0, "DIC_06": 0.0, "DIC_07": 0.29, "DIC_08": 0.0, "DIC_09": 0.0, "DIC_10": 0.0, "DIC_11": 0.0, "DIC_12": 0.0, "FIC_01": 0.0, "FIC_02": 0.0, "FIC_03": 0.0, "FIC_04": 0.0, "FIC_05": 0.0, "FIC_06": 0.0, "FIC_07": 2.0, "FIC_08": 0.0, "FIC_09": 0.0, "FIC_10": 0.0, "FIC_11": 0.0, "FIC_12": 0.0, "SEMRED": 0, "DESCR": " ", "COD_ID": "eeb2a668d72b4efff2f2e3c11f04347e048bbc39e6ce6bc440acc75969aa4f37", "__layer": "UCBT_tab", "lon": null, "lat": null }, "geometry": null },
{ "type": "Feature", "properties": { "DIST": 390, "PAC": "33085305739347489L", "RAMAL": "12307074S1", "PN_CON": "10971552", "UNI_TR_MT": "14374950", "CTMT": "AUG0202", "UNI_TR_AT": "DAUG-EQ-TR2", "SUB": "DAUG", "CONJ": 16596, "MUN": "3550308", "CEG_GD": " ", "BRR": "AV PAULISTA 1754 BELA VISTA", "CEP": "01310-200", "CLAS_SUB": "CO9", "CNAE": "4771-7/01", "TIP_CC": "COM-Tipo04", "FAS_CON": "ABCN", "GRU_TEN": "BT", "TEN_FORN": "10", "GRU_TAR": "B3", "SIT_ATIV": "DS", "DAT_CON": "01/09/1983", "CAR_INST": 12.9, "LIV": 0, "ARE_LOC": "UB", "TIP_SIST": "RD_INTERLIG", "ENE_01": 7760.0, "ENE_02": 7440.0, "ENE_03": 9392.293, "ENE_04": 7120.0, "ENE_05": 8120.0, "ENE_06": 5520.0, "ENE_07": 4132.8, "ENE_08": 3464.8, "ENE_09": 6320.0, "ENE_10": 7040.0, "ENE_11": 3681.6, "ENE_12": 7573.76, "DIC_01": 0.0, "DIC_02": 0.0, "DIC_03": 0.0, "DIC_04": 0.0, "DIC_05": 0.0, "DIC_06": 0.0, "DIC_07": 0.29, "DIC_08": 0.0, "DIC_09": 0.0, "DIC_10": 0.0, "DIC_11": 0.0, "DIC_12": 0.0, "FIC_01": 0.0, "FIC_02": 0.0, "FIC_03": 0.0, "FIC_04": 0.0, "FIC_05": 0.0, "FIC_06": 0.0, "FIC_07": 2.0, "FIC_08": 0.0, "FIC_09": 0.0, "FIC_10": 0.0, "FIC_11": 0.0, "FIC_12": 0.0, "SEMRED": 0, "DESCR": " ", "COD_ID": "9e1637f5acf02cf19b66b8b7a1558046e75ba6e910a0cec560e1458081e62734", "__layer": "UCBT_tab", "lon": null, "lat": null }, "geometry": null },
{ "type": "Feature", "properties": { "DIST": 390, "PAC": "33085305739347489L", "RAMAL": "12307074S1", "PN_CON": "10971552", "UNI_TR_MT": "14374950", "CTMT": "AUG0202", "UNI_TR_AT": "DAUG-EQ-TR2", "SUB": "DAUG", "CONJ": 16596, "MUN": "3550308", "CEG_GD": " ", "BRR": "AV PAULISTA 1754 BELA VISTA", "CEP": "01310-200", "CLAS_SUB": "CO1", "CNAE": "4691-5/00", "TIP_CC": "COM-Tipo03", "FAS_CON": "ABC", "GRU_TEN": "BT", "TEN_FORN": "10", "GRU_TAR": "B3", "SIT_ATIV": "DS", "DAT_CON": "01/02/1985", "CAR_INST": 0.4, "LIV": 0, "ARE_LOC": "UB", "TIP_SIST": "RD_INTERLIG", "ENE_01": 860.0, "ENE_02": 833.0, "ENE_03": 1469.72, "ENE_04": 579.0, "ENE_05": 852.0, "ENE_06": 465.0, "ENE_07": 457.8, "ENE_08": 392.84, "ENE_09": 723.0, "ENE_10": 813.0, "ENE_11": 349.87, "ENE_12": 790.84, "DIC_01": 0.0, "DIC_02": 0.0, "DIC_03": 0.0, "DIC_04": 0.0, "DIC_05": 0.0, "DIC_06": 0.0, "DIC_07": 0.29, "DIC_08": 0.0, "DIC_09": 0.0, "DIC_10": 0.0, "DIC_11": 0.0, "DIC_12": 0.0, "FIC_01": 0.0, "FIC_02": 0.0, "FIC_03": 0.0, "FIC_04": 0.0, "FIC_05": 0.0, "FIC_06": 0.0, "FIC_07": 2.0, "FIC_08": 0.0, "FIC_09": 0.0, "FIC_10": 0.0, "FIC_11": 0.0, "FIC_12": 0.0, "SEMRED": 0, "DESCR": " ", "COD_ID": "21eca47107dbf19c0ef079903efbea6444dc50a8dc73d3f1fc213763505623bf", "__layer": "UCBT_tab", "lon": null, "lat": null }, "geometry": null },
{ "type": "Feature", "properties": { "DIST": 390, "PAC": "33085305739347489L", "RAMAL": "12307074S1", "PN_CON": "10971552", "UNI_TR_MT": "14374950", "CTMT": "AUG0202", "UNI_TR_AT": "DAUG-EQ-TR2", "SUB": "DAUG", "CONJ": 16596, "MUN": "3550308", "CEG_GD": " ", "BRR": "AV PAULISTA 1754 BELA VISTA", "CEP": "01310-200", "CLAS_SUB": "CO1", "CNAE": "7112-0/00", "TIP_CC": "IND-Tipo05", "FAS_CON": "ABCN", "GRU_TEN": "BT", "TEN_FORN": "10", "GRU_TAR": "B3", "SIT_ATIV": "DS", "DAT_CON": "01/02/1985", "CAR_INST": 17.3, "LIV": 0, "ARE_LOC": "UB", "TIP_SIST": "RD_INTERLIG", "ENE_01": 1760.0, "ENE_02": 0.0, "ENE_03": 0.0, "ENE_04": 0.0, "ENE_05": 2000.0, "ENE_06": 1360.0, "ENE_07": 1075.2, "ENE_08": 829.6, "ENE_09": 1520.0, "ENE_10": 1760.0, "ENE_11": 802.4, "ENE_12": 1530.05, "DIC_01": 0.0, "DIC_02": 0.0, "DIC_03": 0.0, "DIC_04": 0.0, "DIC_05": 0.0, "DIC_06": 0.0, "DIC_07": 0.29, "DIC_08": 0.0, "DIC_09": 0.0, "DIC_10": 0.0, "DIC_11": 0.0, "DIC_12": 0.0, "FIC_01": 0.0, "FIC_02": 0.0, "FIC_03": 0.0, "FIC_04": 0.0, "FIC_05": 0.0, "FIC_06": 0.0, "FIC_07": 2.0, "FIC_08": 0.0, "FIC_09": 0.0, "FIC_10": 0.0, "FIC_11": 0.0, "FIC_12": 0.0, "SEMRED": 0, "DESCR": " ", "COD_ID": "a88428cd3f209e01100fa429bd449d76953ed7d78acad201abd8c332d5553f94", "__layer": "UCBT_tab", "lon": null, "lat": null }, "geometry": null },
{ "type": "Feature", "properties": { "DIST": 390, "PAC": "33083328739348867L", "RAMAL": "12307012S1", "PN_CON": "10971520", "UNI_TR_MT": "14374917", "CTMT": "AUG0202", "UNI_TR_AT": "DAUG-EQ-TR2", "SUB": "DAUG", "CONJ": 16584, "MUN": "3550308", "CEG_GD": " ", "BRR": "AV PAULISTA 1776 BELA VISTA", "CEP": "01310-200", "CLAS_SUB": "CO1", "CNAE": "6822-6/00", "TIP_CC": "COM-Tipo03", "FAS_CON": "ABN", "GRU_TEN": "BT", "TEN_FORN": "10", "GRU_TAR": "B3", "SIT_ATIV": "AT", "DAT_CON": "01/01/1974", "CAR_INST": 6.0, "LIV": 0, "ARE_LOC": "UB", "TIP_SIST": "RD_INTERLIG", "ENE_01": 102.0, "ENE_02": 279.0, "ENE_03": 860.96, "ENE_04": 190.0, "ENE_05": 534.0, "ENE_06": 0.0, "ENE_07": 0.0, "ENE_08": 0.0, "ENE_09": 0.0, "ENE_10": 0.0, "ENE_11": 29.5, "ENE_12": 47.81, "DIC_01": 0.0, "DIC_02": 0.0, "DIC_03": 0.0, "DIC_04": 0.0, "DIC_05": 0.0, "DIC_06": 0.0, "DIC_07": 0.0, "DIC_08": 0.0, "DIC_09": 0.0, "DIC_10": 0.0, "DIC_11": 0.0, "DIC_12": 0.0, "FIC_01": 0.0, "FIC_02": 0.0, "FIC_03": 0.0, "FIC_04": 0.0, "FIC_05": 0.0, "FIC_06": 0.0, "FIC_07": 0.0, "FIC_08": 0.0, "FIC_09": 0.0, "FIC_10": 0.0, "FIC_11": 0.0, "FIC_12": 0.0, "SEMRED": 0, "DESCR": " ", "COD_ID": "240043d8f1da4018da330f1060ef809f4fe342fe3ba9c4930f2dc71562786a89", "__layer": "UCBT_tab", "lon": null, "lat": null }, "geometry": null },
{ "type": "Feature", "properties": { "DIST": 390, "PAC": "33084775739339765L", "RAMAL": "12307084S1", "PN_CON": "1310571", "UNI_TR_MT": "14375004", "CTMT": "IBP0201", "UNI_TR_AT": "DIBP-EQ-TR1", "SUB": "DIBP", "CONJ": 16584, "MUN": "3550308", "CEG_GD": " ", "BRR": "AV PAULISTA 1776 BELA VISTA", "CEP": "01310-200", "CLAS_SUB": "CO1", "CNAE": "6911-7/01", "TIP_CC": "COM-Tipo05", "FAS_CON": "ABN", "GRU_TEN": "BT", "TEN_FORN": "10", "GRU_TAR": "B3", "SIT_ATIV": "AT", "DAT_CON": "01/04/1974", "CAR_INST": 1.1, "LIV": 0, "ARE_LOC": "UB", "TIP_SIST": "RD_INTERLIG", "ENE_01": 2065.0, "ENE_02": 2103.0, "ENE_03": 2707.894, "ENE_04": 1641.0, "ENE_05": 2092.0, "ENE_06": 1499.0, "ENE_07": 1116.36, "ENE_08": 957.7, "ENE_09": 1748.0, "ENE_10": 1592.0, "ENE_11": 714.49, "ENE_12": 1877.18, "DIC_01": 0.0, "DIC_02": 0.0, "DIC_03": 0.0, "DIC_04": 0.0, "DIC_05": 0.0, "DIC_06": 0.0, "DIC_07": 0.0, "DIC_08": 0.0, "DIC_09": 0.0, "DIC_10": 0.0, "DIC_11": 0.0, "DIC_12": 0.0, "FIC_01": 0.0, "FIC_02": 0.0, "FIC_03": 0.0, "FIC_04": 0.0, "FIC_05": 0.0, "FIC_06": 0.0, "FIC_07": 0.0, "FIC_08": 0.0, "FIC_09": 0.0, "FIC_10": 0.0, "FIC_11": 0.0, "FIC_12": 0.0, "SEMRED": 0, "DESCR": " ", "COD_ID": "169f950e6847c0f47de534cb4f0e4bac864d1c1d9d44a37283f9d0576228de2d", "__layer": "UCBT_tab", "lon": null, "lat": null }, "geometry": null },
{ "type": "Feature", "properties": { "DIST": 390, "PAC": "33084775739339765L", "RAMAL": "12307084S1", "PN_CON": "1310571", "UNI_TR_MT": "14375004", "CTMT": "IBP0201", "UNI_TR_AT": "DIBP-EQ-TR1", "SUB": "DIBP", "CONJ": 16584, "MUN": "3550308", "CEG_GD": " ", "BRR": "AV PAULISTA 1776 BELA VISTA", "CEP": "01310-200", "CLAS_SUB": "CO9", "CNAE": "6499-9/99", "TIP_CC": "COM-Tipo03", "FAS_CON": "AB", "GRU_TEN": "BT", "TEN_FORN": "10", "GRU_TAR": "B3", "SIT_ATIV": "AT", "DAT_CON": "01/01/1974", "CAR_INST": 8.4, "LIV": 0, "ARE_LOC": "UB", "TIP_SIST": "RD_INTERLIG", "ENE_01": 1526.0, "ENE_02": 1644.0, "ENE_03": 2341.551, "ENE_04": 1416.0, "ENE_05": 1725.0, "ENE_06": 1434.0, "ENE_07": 1029.84, "ENE_08": 872.3, "ENE_09": 1639.0, "ENE_10": 1781.0, "ENE_11": 665.52, "ENE_12": 1431.55, "DIC_01": 0.0, "DIC_02": 0.0, "DIC_03": 0.0, "DIC_04": 0.0, "DIC_05": 0.0, "DIC_06": 0.0, "DIC_07": 0.0, "DIC_08": 0.0, "DIC_09": 0.0, "DIC_10": 0.0, "DIC_11": 0.0, "DIC_12": 0.0, "FIC_01": 0.0, "FIC_02": 0.0, "FIC_03": 0.0, "FIC_04": 0.0, "FIC_05": 0.0, "FIC_06": 0.0, "FIC_07": 0.0, "FIC_08": 0.0, "FIC_09": 0.0, "FIC_10": 0.0, "FIC_11": 0.0, "FIC_12": 0.0, "SEMRED": 0, "DESCR": " ", "COD_ID": "3067f6871eb3577df55a1d1af21ec05b745849828776391f7e8ea769f3b41785", "__layer": "UCBT_tab", "lon": null, "lat": null }, "geometry": null },
{ "type": "Feature", "properties": { "DIST": 390, "PAC": "33083328739348867L", "RAMAL": "12307012S1", "PN_CON": "10971520", "UNI_TR_MT": "14374917", "CTMT": "AUG0202", "UNI_TR_AT": "DAUG-EQ-TR2", "SUB": "DAUG", "CONJ": 16596, "MUN": "3550308", "CEG_GD": " ", "BRR": "AV PAULISTA 1776 BELA VISTA", "CEP": "01310-200", "CLAS_SUB": "CO1", "CNAE": "6912-5/00", "TIP_CC": "COM-Tipo04", "FAS_CON": "ABCN", "GRU_TEN": "BT", "TEN_FORN": "10", "GRU_TAR": "B3", "SIT_ATIV": "DS", "DAT_CON": "01/02/1976", "CAR_INST": 1.4, "LIV": 0, "ARE_LOC": "UB", "TIP_SIST": "RD_INTERLIG", "ENE_01": 6280.0, "ENE_02": 5040.0, "ENE_03": 8653.085, "ENE_04": 4560.0, "ENE_05": 5520.0, "ENE_06": 3520.0, "ENE_07": 2520.0, "ENE_08": 2220.4, "ENE_09": 4800.0, "ENE_10": 4440.0, "ENE_11": 2053.2, "ENE_12": 4857.92, "DIC_01": 0.0, "DIC_02": 0.0, "DIC_03": 0.0, "DIC_04": 0.0, "DIC_05": 0.0, "DIC_06": 0.0, "DIC_07": 0.29, "DIC_08": 0.0, "DIC_09": 0.0, "DIC_10": 0.0, "DIC_11": 0.0, "DIC_12": 0.0, "FIC_01": 0.0, "FIC_02": 0.0, "FIC_03": 0.0, "FIC_04": 0.0, "FIC_05": 0.0, "FIC_06": 0.0, "FIC_07": 2.0, "FIC_08": 0.0, "FIC_09": 0.0, "FIC_10": 0.0, "FIC_11": 0.0, "FIC_12": 0.0, "SEMRED": 0, "DESCR": " ", "COD_ID": "26a104d26ff0854a4653ac39682785cf45e3e0e53ee997a968642cb204163989", "__layer": "UCBT_tab", "lon": null, "lat": null }, "geometry": null },
{ "type": "Feature", "properties": { "DIST": 390, "PAC": "33073873739357834L", "RAMAL": "12298004S1", "PN_CON": "10971365", "UNI_TR_MT": "14374600", "CTMT": "AUG0201", "UNI_TR_AT": "DAUG-EQ-TR2", "SUB": "DAUG", "CONJ": 16596, "MUN": "3550308", "CEG_GD": " ", "BRR": "AV PAULISTA 1912 BELA VISTA", "CEP": "01310-200", "CLAS_SUB": "CO1", "CNAE": "6810-2/02", "TIP_CC": "COM-Tipo02", "FAS_CON": "ABCN", "GRU_TEN": "BT", "TEN_FORN": "10", "GRU_TAR": "B3", "SIT_ATIV": "DS", "DAT_CON": "01/11/1977", "CAR_INST": 23.1, "LIV": 0, "ARE_LOC": "UB", "TIP_SIST": "RD_INTERLIG", "ENE_01": 1320.0, "ENE_02": 1280.0, "ENE_03": 1608.865, "ENE_04": 1370.0, "ENE_05": 1460.0, "ENE_06": 1410.0, "ENE_07": 1184.4, "ENE_08": 1024.8, "ENE_09": 1400.0, "ENE_10": 1680.0, "ENE_11": 826.0, "ENE_12": 1424.86, "DIC_01": 0.0, "DIC_02": 0.0, "DIC_03": 0.0, "DIC_04": 0.0, "DIC_05": 0.0, "DIC_06": 0.0, "DIC_07": 0.31, "DIC_08": 0.0, "DIC_09": 0.0, "DIC_10": 0.0, "DIC_11": 0.0, "DIC_12": 0.0, "FIC_01": 0.0, "FIC_02": 0.0, "FIC_03": 0.0, "FIC_04": 0.0, "FIC_05": 0.0, "FIC_06": 0.0, "FIC_07": 2.0, "FIC_08": 0.0, "FIC_09": 0.0, "FIC_10": 0.0, "FIC_11": 0.0, "FIC_12": 0.0, "SEMRED": 0, "DESCR": " ", "COD_ID": "2e7e8b5169d1d1919f5020b55a604813b484a36f80d612d9c7a7dfa9457a4c11", "__layer": "UCBT_tab", "lon": null, "lat": null }, "geometry": null },
{ "type": "Feature", "properties": { "DIST": 390, "PAC": "33071144739360737L", "RAMAL": "12297875S1", "PN_CON": "10971323", "UNI_TR_MT": "14374375", "CTMT": "AUG0201", "UNI_TR_AT": "DAUG-EQ-TR2", "SUB": "DAUG", "CONJ": 16596, "MUN": "3550308", "CEG_GD": " ", "BRR": "AV PAULISTA 2006 BELA VISTA", "CEP": "01310-200", "CLAS_SUB": "CO1", "CNAE": "4789-0/99", "TIP_CC": "COM-Tipo02", "FAS_CON": "ABN", "GRU_TEN": "BT", "TEN_FORN": "10", "GRU_TAR": "B3", "SIT_ATIV": "DS", "DAT_CON": "01/05/1973", "CAR_INST": 2.5, "LIV": 0, "ARE_LOC": "UB", "TIP_SIST": "RD_INTERLIG", "ENE_01": 300.0, "ENE_02": 330.0, "ENE_03": 467.441, "ENE_04": 400.0, "ENE_05": 510.0, "ENE_06": 360.0, "ENE_07": 268.8, "ENE_08": 231.8, "ENE_09": 440.0, "ENE_10": 1630.0, "ENE_11": 879.1, "ENE_12": 1491.8, "DIC_01": 0.0, "DIC_02": 0.0, "DIC_03": 0.0, "DIC_04": 0.0, "DIC_05": 0.0, "DIC_06": 0.0, "DIC_07": 0.31, "DIC_08": 0.0, "DIC_09": 0.0, "DIC_10": 0.0, "DIC_11": 0.0, "DIC_12": 0.0, "FIC_01": 0.0, "FIC_02": 0.0, "FIC_03": 0.0, "FIC_04": 0.0, "FIC_05": 0.0, "FIC_06": 0.0, "FIC_07": 2.0, "FIC_08": 0.0, "FIC_09": 0.0, "FIC_10": 0.0, "FIC_11": 0.0, "FIC_12": 0.0, "SEMRED": 0, "DESCR": " ", "COD_ID": "bf3f1c23b58339a0480aa6b28ca6959d30ce9993ce06edd0f788766e39a6c272", "__layer": "UCBT_tab", "lon": null, "lat": null }, "geometry": null },
{ "type": "Feature", "properties": { "DIST": 390, "PAC": "33071144739360737L", "RAMAL": "12297875S1", "PN_CON": "10971323", "UNI_TR_MT": "14374375", "CTMT": "AUG0201", "UNI_TR_AT": "DAUG-EQ-TR2", "SUB": "DAUG", "CONJ": 16596, "MUN": "3550308", "CEG_GD": " ", "BRR": "AV PAULISTA 2006 BELA VISTA", "CEP": "01310-200", "CLAS_SUB": "CO1", "CNAE": "8211-3/00", "TIP_CC": "COM-Tipo02", "FAS_CON": "BCN", "GRU_TEN": "BT", "TEN_FORN": "10", "GRU_TAR": "B3", "SIT_ATIV": "DS", "DAT_CON": "01/09/1980", "CAR_INST": 5.0, "LIV": 0, "ARE_LOC": "UB", "TIP_SIST": "RD_INTERLIG", "ENE_01": 90.0, "ENE_02": 80.0, "ENE_03": 130.449, "ENE_04": 100.0, "ENE_05": 130.0, "ENE_06": 70.0, "ENE_07": 67.2, "ENE_08": 36.6, "ENE_09": 80.0, "ENE_10": 90.0, "ENE_11": 35.4, "ENE_12": 105.19, "DIC_01": 0.0, "DIC_02": 0.0, "DIC_03": 0.0, "DIC_04": 0.0, "DIC_05": 0.0, "DIC_06": 0.0, "DIC_07": 0.31, "DIC_08": 0.0, "DIC_09": 0.0, "DIC_10": 0.0, "DIC_11": 0.0, "DIC_12": 0.0, "FIC_01": 0.0, "FIC_02": 0.0, "FIC_03": 0.0, "FIC_04": 0.0, "FIC_05": 0.0, "FIC_06": 0.0, "FIC_07": 2.0, "FIC_08": 0.0, "FIC_09": 0.0, "FIC_10": 0.0, "FIC_11": 0.0, "FIC_12": 0.0, "SEMRED": 0, "DESCR": " ", "COD_ID": "403156e39a6fb118ad001dcf674dc55ecbe6066225609f9a339633dd0a5bb1ba", "__layer": "UCBT_tab", "lon": null, "lat": null }, "geometry": null },
{ "type": "Feature", "properties": { "DIST": 390, "PAC": "33071144739360737L", "RAMAL": "12297875S1", "PN_CON": "10971323", "UNI_TR_MT": "14374375", "CTMT": "AUG0201", "UNI_TR_AT": "DAUG-EQ-TR2", "SUB": "DAUG", "CONJ": 16596, "MUN": "3550308", "CEG_GD": " ", "BRR": "AV PAULISTA 2006 BELA VISTA", "CEP": "01310-200", "CLAS_SUB": "CO1", "CNAE": "4755-5/02", "TIP_CC": "COM-Tipo02", "FAS_CON": "CAN", "GRU_TEN": "BT", "TEN_FORN": "10", "GRU_TAR": "B3", "SIT_ATIV": "DS", "DAT_CON": "01/04/1985", "CAR_INST": 4.8, "LIV": 0, "ARE_LOC": "UB", "TIP_SIST": "RD_INTERLIG", "ENE_01": 270.0, "ENE_02": 220.0, "ENE_03": 347.863, "ENE_04": 190.0, "ENE_05": 230.0, "ENE_06": 80.0, "ENE_07": 58.8, "ENE_08": 91.5, "ENE_09": 190.0, "ENE_10": 220.0, "ENE_11": 88.5, "ENE_12": 200.81, "DIC_01": 0.0, "DIC_02": 0.0, "DIC_03": 0.0, "DIC_04": 0.0, "DIC_05": 0.0, "DIC_06": 0.0, "DIC_07": 0.31, "DIC_08": 0.0, "DIC_09": 0.0, "DIC_10": 0.0, "DIC_11": 0.0, "DIC_12": 0.0, "FIC_01": 0.0, "FIC_02": 0.0, "FIC_03": 0.0, "FIC_04": 0.0, "FIC_05": 0.0, "FIC_06": 0.0, "FIC_07": 2.0, "FIC_08": 0.0, "FIC_09": 0.0, "FIC_10": 0.0, "FIC_11": 0.0, "FIC_12": 0.0, "SEMRED": 0, "DESCR": " ", "COD_ID": "74fbcfa156ee6d2d31684d90a82f687759fedee3483d453190dde599712a4657", "__layer": "UCBT_tab", "lon": null, "lat": null }, "geometry": null },
{ "type": "Feature", "properties": { "DIST": 390, "PAC": "33071144739360737L", "RAMAL": "12297875S1", "PN_CON": "10971323", "UNI_TR_MT": "14374375", "CTMT": "AUG0201", "UNI_TR_AT": "DAUG-EQ-TR2", "SUB": "DAUG", "CONJ": 16596, "MUN": "3550308", "CEG_GD": " ", "BRR": "AV PAULISTA 2006 BELA VISTA", "CEP": "01310-200", "CLAS_SUB": "CO1", "CNAE": "6911-7/01", "TIP_CC": "COM-Tipo02", "FAS_CON": "ABN", "GRU_TEN": "BT", "TEN_FORN": "10", "GRU_TAR": "B3", "SIT_ATIV": "DS", "DAT_CON": "01/07/1974", "CAR_INST": 5.6, "LIV": 0, "ARE_LOC": "UB", "TIP_SIST": "RD_INTERLIG", "ENE_01": 190.0, "ENE_02": 230.0, "ENE_03": 293.509, "ENE_04": 230.0, "ENE_05": 240.0, "ENE_06": 190.0, "ENE_07": 142.8, "ENE_08": 122.0, "ENE_09": 240.0, "ENE_10": 300.0, "ENE_11": 147.5, "ENE_12": 267.75, "DIC_01": 0.0, "DIC_02": 0.0, "DIC_03": 0.0, "DIC_04": 0.0, "DIC_05": 0.0, "DIC_06": 0.0, "DIC_07": 0.31, "DIC_08": 0.0, "DIC_09": 0.0, "DIC_10": 0.0, "DIC_11": 0.0, "DIC_12": 0.0, "FIC_01": 0.0, "FIC_02": 0.0, "FIC_03": 0.0, "FIC_04": 0.0, "FIC_05": 0.0, "FIC_06": 0.0, "FIC_07": 2.0, "FIC_08": 0.0, "FIC_09": 0.0, "FIC_10": 0.0, "FIC_11": 0.0, "FIC_12": 0.0, "SEMRED": 0, "DESCR": " ", "COD_ID": "8861e6d3a545567f2db5773cdc74d5d76976b212c40b07d854ff03b3338e4db7", "__layer": "UCBT_tab", "lon": null, "lat": null }, "geometry": null },
{ "type": "Feature", "properties": { "DIST": 390, "PAC": "33071144739360737L", "RAMAL": "12297875S1", "PN_CON": "10971323", "UNI_TR_MT": "14374375", "CTMT": "AUG0201", "UNI_TR_AT": "DAUG-EQ-TR2", "SUB": "DAUG", "CONJ": 16596, "MUN": "3550308", "CEG_GD": " ", "BRR": "AV PAULISTA 2006 BELA VISTA", "CEP": "01310-200", "CLAS_SUB": "CO6", "CNAE": "7490-1/99", "TIP_CC": "COM-Tipo02", "FAS_CON": "CAN", "GRU_TEN": "BT", "TEN_FORN": "10", "GRU_TAR": "B3", "SIT_ATIV": "DS", "DAT_CON": "01/02/1976", "CAR_INST": 2.5, "LIV": 0, "ARE_LOC": "UB", "TIP_SIST": "RD_INTERLIG", "ENE_01": 50.0, "ENE_02": 80.0, "ENE_03": 97.836, "ENE_04": 70.0, "ENE_05": 100.0, "ENE_06": 50.0, "ENE_07": 42.0, "ENE_08": 36.6, "ENE_09": 60.0, "ENE_10": 50.0, "ENE_11": 35.4, "ENE_12": 66.93, "DIC_01": 0.0, "DIC_02": 0.0, "DIC_03": 0.0, "DIC_04": 0.0, "DIC_05": 0.0, "DIC_06": 0.0, "DIC_07": 0.31, "DIC_08": 0.0, "DIC_09": 0.0, "DIC_10": 0.0, "DIC_11": 0.0, "DIC_12": 0.0, "FIC_01": 0.0, "FIC_02": 0.0, "FIC_03": 0.0, "FIC_04": 0.0, "FIC_05": 0.0, "FIC_06": 0.0, "FIC_07": 2.0, "FIC_08": 0.0, "FIC_09": 0.0, "FIC_10": 0.0, "FIC_11": 0.0, "FIC_12": 0.0, "SEMRED": 0, "DESCR": " ", "COD_ID": "f31699649b8cdc289f665592af96c1e873824473da18fc57177ead33356046bf", "__layer": "UCBT_tab", "lon": null, "lat": null }, "geometry": null },
{ "type": "Feature", "properties": { "DIST": 390, "PAC": "33071144739360737L", "RAMAL": "12297875S1", "PN_CON": "10971323", "UNI_TR_MT": "14374375", "CTMT": "AUG0201", "UNI_TR_AT": "DAUG-EQ-TR2", "SUB": "DAUG", "CONJ": 16596, "MUN": "3550308", "CEG_GD": " ", "BRR": "AV PAULISTA 2006 BELA VISTA", "CEP": "01310-200", "CLAS_SUB": "CO1", "CNAE": "7490-1/99", "TIP_CC": "COM-Tipo02", "FAS_CON": "ABN", "GRU_TEN": "BT", "TEN_FORN": "10", "GRU_TAR": "B3", "SIT_ATIV": "DS", "DAT_CON": "01/08/1973", "CAR_INST": 7.9, "LIV": 0, "ARE_LOC": "UB", "TIP_SIST": "RD_INTERLIG", "ENE_01": 11.0, "ENE_02": 50.0, "ENE_03": 54.354, "ENE_04": 50.0, "ENE_05": 50.0, "ENE_06": 50.0, "ENE_07": 42.0, "ENE_08": 30.5, "ENE_09": 50.0, "ENE_10": 50.0, "ENE_11": 29.5, "ENE_12": 47.81, "DIC_01": 0.0, "DIC_02": 0.0, "DIC_03": 0.0, "DIC_04": 0.0, "DIC_05": 0.0, "DIC_06": 0.0, "DIC_07": 0.31, "DIC_08": 0.0, "DIC_09": 0.0, "DIC_10": 0.0, "DIC_11": 0.0, "DIC_12": 0.0, "FIC_01": 0.0, "FIC_02": 0.0, "FIC_03": 0.0, "FIC_04": 0.0, "FIC_05": 0.0, "FIC_06": 0.0, "FIC_07": 2.0, "FIC_08": 0.0, "FIC_09": 0.0, "FIC_10": 0.0, "FIC_11": 0.0, "FIC_12": 0.0, "SEMRED": 0, "DESCR": " ", "COD_ID": "88e6fdaeddf9377bee0bdb3fe27acdc09560b1ecb2c2320d5d52ceae91a20ba3", "__layer": "UCBT_tab", "lon": null, "lat": null }, "geometry": null },
{ "type": "Feature", "properties": { "DIST": 390, "PAC": "33071144739360737L", "RAMAL": "12297875S1", "PN_CON": "10971323", "UNI_TR_MT": "14374375", "CTMT": "AUG0201", "UNI_TR_AT": "DAUG-EQ-TR2", "SUB": "DAUG", "CONJ": 16596, "MUN": "3550308", "CEG_GD": " ", "BRR": "AV PAULISTA 2006 BELA VISTA", "CEP": "01310-200", "CLAS_SUB": "RE1", "CNAE": " ", "TIP_CC": "RES-Tipo01", "FAS_CON": "ABN", "GRU_TEN": "BT", "TEN_FORN": "10", "GRU_TAR": "B1", "SIT_ATIV": "DS", "DAT_CON": "01/01/1980", "CAR_INST": 4.6, "LIV": 0, "ARE_LOC": "UB", "TIP_SIST": "RD_INTERLIG", "ENE_01": 32.52, "ENE_02": 61.0, "ENE_03": 107.0, "ENE_04": 71.0, "ENE_05": 92.0, "ENE_06": 64.0, "ENE_07": 47.0, "ENE_08": 57.0, "ENE_09": 67.0, "ENE_10": 71.0, "ENE_11": 49.0, "ENE_12": 76.7, "DIC_01": 0.0, "DIC_02": 0.0, "DIC_03": 0.0, "DIC_04": 0.0, "DIC_05": 0.0, "DIC_06": 0.0, "DIC_07": 0.31, "DIC_08": 0.0, "DIC_09": 0.0, "DIC_10": 0.0, "DIC_11": 0.0, "DIC_12": 0.0, "FIC_01": 0.0, "FIC_02": 0.0, "FIC_03": 0.0, "FIC_04": 0.0, "FIC_05": 0.0, "FIC_06": 0.0, "FIC_07": 2.0, "FIC_08": 0.0, "FIC_09": 0.0, "FIC_10": 0.0, "FIC_11": 0.0, "FIC_12": 0.0, "SEMRED": 0, "DESCR": " ", "COD_ID": "af2c4d35009fc3075d986af053fd9b0906c0205dc16caca87c91823fa823d68c", "__layer": "UCBT_tab", "lon": null, "lat": null }, "geometry": null },
{ "type": "Feature", "properties": { "DIST": 390, "PAC": "33071144739360737L", "RAMAL": "12297875S1", "PN_CON": "10971323", "UNI_TR_MT": "14374375", "CTMT": "AUG0201", "UNI_TR_AT": "DAUG-EQ-TR2", "SUB": "DAUG", "CONJ": 16596, "MUN": "3550308", "CEG_GD": " ", "BRR": "AV PAULISTA 2006 BELA VISTA", "CEP": "01310-200", "CLAS_SUB": "CO9", "CNAE": "4619-2/00", "TIP_CC": "COM-Tipo02", "FAS_CON": "BCN", "GRU_TEN": "BT", "TEN_FORN": "10", "GRU_TAR": "B3", "SIT_ATIV": "DS", "DAT_CON": "01/10/1973", "CAR_INST": 2.7, "LIV": 0, "ARE_LOC": "UB", "TIP_SIST": "RD_INTERLIG", "ENE_01": 1.0, "ENE_02": 50.0, "ENE_03": 54.354, "ENE_04": 14.0, "ENE_05": 15.0, "ENE_06": 50.0, "ENE_07": 6.72, "ENE_08": 30.5, "ENE_09": 50.0, "ENE_10": 50.0, "ENE_11": 3.54, "ENE_12": 47.81, "DIC_01": 0.0, "DIC_02": 0.0, "DIC_03": 0.0, "DIC_04": 0.0, "DIC_05": 0.0, "DIC_06": 0.0, "DIC_07": 0.31, "DIC_08": 0.0, "DIC_09": 0.0, "DIC_10": 0.0, "DIC_11": 0.0, "DIC_12": 0.0, "FIC_01": 0.0, "FIC_02": 0.0, "FIC_03": 0.0, "FIC_04": 0.0, "FIC_05": 0.0, "FIC_06": 0.0, "FIC_07": 2.0, "FIC_08": 0.0, "FIC_09": 0.0, "FIC_10": 0.0, "FIC_11": 0.0, "FIC_12": 0.0, "SEMRED": 0, "DESCR": " ", "COD_ID": "b1cce3b848cad7c6ed1ae46f8c749ad17f5a5383ca6ab77abe2356636f221503", "__layer": "UCBT_tab", "lon": null, "lat": null }, "geometry": null },
{ "type": "Feature", "properties": { "DIST": 390, "PAC": "33071144739360737L", "RAMAL": "12297875S1", "PN_CON": "10971323", "UNI_TR_MT": "14374375", "CTMT": "AUG0201", "UNI_TR_AT": "DAUG-EQ-TR2", "SUB": "DAUG", "CONJ": 16596, "MUN": "3550308", "CEG_GD": " ", "BRR": "AV PAULISTA 2006 BELA VISTA", "CEP": "01310-200", "CLAS_SUB": "RE1", "CNAE": " ", "TIP_CC": "RES-Tipo01", "FAS_CON": "ABN", "GRU_TEN": "BT", "TEN_FORN": "10", "GRU_TAR": "B1", "SIT_ATIV": "DS", "DAT_CON": "01/09/1977", "CAR_INST": 2.6, "LIV": 0, "ARE_LOC": "UB", "TIP_SIST": "RD_INTERLIG", "ENE_01": 0.0, "ENE_02": 10.0, "ENE_03": 50.0, "ENE_04": 50.0, "ENE_05": 50.0, "ENE_06": 50.0, "ENE_07": 50.0, "ENE_08": 50.0, "ENE_09": 10.0, "ENE_10": 10.0, "ENE_11": 50.0, "ENE_12": 48.54, "DIC_01": 0.0, "DIC_02": 0.0, "DIC_03": 0.0, "DIC_04": 0.0, "DIC_05": 0.0, "DIC_06": 0.0, "DIC_07": 0.31, "DIC_08": 0.0, "DIC_09": 0.0, "DIC_10": 0.0, "DIC_11": 0.0, "DIC_12": 0.0, "FIC_01": 0.0, "FIC_02": 0.0, "FIC_03": 0.0, "FIC_04": 0.0, "FIC_05": 0.0, "FIC_06": 0.0, "FIC_07": 2.0, "FIC_08": 0.0, "FIC_09": 0.0, "FIC_10": 0.0, "FIC_11": 0.0, "FIC_12": 0.0, "SEMRED": 0, "DESCR": " ", "COD_ID": "a03cde41b46829f7426fca04e8dbf516b2165f873497ff3657c64673e8c858e9", "__layer": "UCBT_tab", "lon": null, "lat": null }, "geometry": null },
{ "type": "Feature", "properties": { "DIST": 390, "PAC": "33071144739360737L", "RAMAL": "12297875S1", "PN_CON": "10971323", "UNI_TR_MT": "14374375", "CTMT": "AUG0201", "UNI_TR_AT": "DAUG-EQ-TR2", "SUB": "DAUG", "CONJ": 16596, "MUN": "3550308", "CEG_GD": " ", "BRR": "AV PAULISTA 2006 BELA VISTA", "CEP": "01310-200", "CLAS_SUB": "CO9", "CNAE": "4619-2/00", "TIP_CC": "COM-Tipo02", "FAS_CON": "BCN", "GRU_TEN": "BT", "TEN_FORN": "10", "GRU_TAR": "B3", "SIT_ATIV": "DS", "DAT_CON": "01/10/1973", "CAR_INST": 2.6, "LIV": 0, "ARE_LOC": "UB", "TIP_SIST": "RD_INTERLIG", "ENE_01": 50.0, "ENE_02": 50.0, "ENE_03": 54.354, "ENE_04": 50.0, "ENE_05": 50.0, "ENE_06": 50.0, "ENE_07": 42.0, "ENE_08": 30.5, "ENE_09": 50.0, "ENE_10": 50.0, "ENE_11": 29.5, "ENE_12": 47.81, "DIC_01": 0.0, "DIC_02": 0.0, "DIC_03": 0.0, "DIC_04": 0.0, "DIC_05": 0.0, "DIC_06": 0.0, "DIC_07": 0.31, "DIC_08": 0.0, "DIC_09": 0.0, "DIC_10": 0.0, "DIC_11": 0.0, "DIC_12": 0.0, "FIC_01": 0.0, "FIC_02": 0.0, "FIC_03": 0.0, "FIC_04": 0.0, "FIC_05": 0.0, "FIC_06": 0.0, "FIC_07": 2.0, "FIC_08": 0.0, "FIC_09": 0.0, "FIC_10": 0.0, "FIC_11": 0.0, "FIC_12": 0.0, "SEMRED": 0, "DESCR": " ", "COD_ID": "21674036418697c49b3aad56d6acb6113fd6b71088ad89895f399085fb39bb8a", "__layer": "UCBT_tab", "lon": null, "lat": null }, "geometry": null },
{ "type": "Feature", "properties": { "DIST": 390, "PAC": "33071144739360737L", "RAMAL": "12297875S1", "PN_CON": "10971323", "UNI_TR_MT": "14374375", "CTMT": "AUG0201", "UNI_TR_AT": "DAUG-EQ-TR2", "SUB": "DAUG", "CONJ": 16596, "MUN": "3550308", "CEG_GD": " ", "BRR": "AV PAULISTA 2006 BELA VISTA", "CEP": "01310-200", "CLAS_SUB": "RE1", "CNAE": " ", "TIP_CC": "RES-Tipo04", "FAS_CON": "ABN", "GRU_TEN": "BT", "TEN_FORN": "10", "GRU_TAR": "B1", "SIT_ATIV": "DS", "DAT_CON": "01/11/1973", "CAR_INST": 7.4, "LIV": 0, "ARE_LOC": "UB", "TIP_SIST": "RD_INTERLIG", "ENE_01": 135.09, "ENE_02": 290.0, "ENE_03": 440.0, "ENE_04": 300.0, "ENE_05": 260.0, "ENE_06": 380.0, "ENE_07": 310.0, "ENE_08": 330.0, "ENE_09": 320.0, "ENE_10": 390.0, "ENE_11": 290.0, "ENE_12": 320.4, "DIC_01": 0.0, "DIC_02": 0.0, "DIC_03": 0.0, "DIC_04": 0.0, "DIC_05": 0.0, "DIC_06": 0.0, "DIC_07": 0.31, "DIC_08": 0.0, "DIC_09": 0.0, "DIC_10": 0.0, "DIC_11": 0.0, "DIC_12": 0.0, "FIC_01": 0.0, "FIC_02": 0.0, "FIC_03": 0.0, "FIC_04": 0.0, "FIC_05": 0.0, "FIC_06": 0.0, "FIC_07": 2.0, "FIC_08": 0.0, "FIC_09": 0.0, "FIC_10": 0.0, "FIC_11": 0.0, "FIC_12": 0.0, "SEMRED": 0, "DESCR": " ", "COD_ID": "385cb13b847f96277c73de58e3e72eef0a2c929aca80209a2f3d02ad0e24d1cf", "__layer": "UCBT_tab", "lon": null, "lat": null }, "geometry": null },
{ "type": "Feature", "properties": { "DIST": 390, "PAC": "33071144739360737L", "RAMAL": "12297875S1", "PN_CON": "10971323", "UNI_TR_MT": "14374375", "CTMT": "AUG0201", "UNI_TR_AT": "DAUG-EQ-TR2", "SUB": "DAUG", "CONJ": 16596, "MUN": "3550308", "CEG_GD": " ", "BRR": "AV PAULISTA 2006 BELA VISTA", "CEP": "01310-200", "CLAS_SUB": "RE1", "CNAE": " ", "TIP_CC": "RES-Tipo01", "FAS_CON": "BCN", "GRU_TEN": "BT", "TEN_FORN": "10", "GRU_TAR": "B1", "SIT_ATIV": "DS", "DAT_CON": "01/05/1973", "CAR_INST": 6.9, "LIV": 0, "ARE_LOC": "UB", "TIP_SIST": "RD_INTERLIG", "ENE_01": 5.0, "ENE_02": 50.0, "ENE_03": 50.0, "ENE_04": 50.0, "ENE_05": 50.0, "ENE_06": 50.0, "ENE_07": 50.0, "ENE_08": 50.0, "ENE_09": 50.0, "ENE_10": 50.0, "ENE_11": 50.0, "ENE_12": 48.54, "DIC_01": 0.0, "DIC_02": 0.0, "DIC_03": 0.0, "DIC_04": 0.0, "DIC_05": 0.0, "DIC_06": 0.0, "DIC_07": 0.31, "DIC_08": 0.0, "DIC_09": 0.0, "DIC_10": 0.0, "DIC_11": 0.0, "DIC_12": 0.0, "FIC_01": 0.0, "FIC_02": 0.0, "FIC_03": 0.0, "FIC_04": 0.0, "FIC_05": 0.0, "FIC_06": 0.0, "FIC_07": 2.0, "FIC_08": 0.0, "FIC_09": 0.0, "FIC_10": 0.0, "FIC_11": 0.0, "FIC_12": 0.0, "SEMRED": 0, "DESCR": " ", "COD_ID": "51c73d99706f4a521d44f15338ceec844fab0da70da05c2f0c8c103321af33a5", "__layer": "UCBT_tab", "lon": null, "lat": null }, "geometry": null },
{ "type": "Feature", "properties": { "DIST": 390, "PAC": "33071144739360737L", "RAMAL": "12297875S1", "PN_CON": "10971323", "UNI_TR_MT": "14374375", "CTMT": "AUG0201", "UNI_TR_AT": "DAUG-EQ-TR2", "SUB": "DAUG", "CONJ": 16596, "MUN": "3550308", "CEG_GD": " ", "BRR": "AV PAULISTA 2006 BELA VISTA", "CEP": "01310-200", "CLAS_SUB": "RE1", "CNAE": " ", "TIP_CC": "RES-Tipo04", "FAS_CON": "ABCN", "GRU_TEN": "BT", "TEN_FORN": "10", "GRU_TAR": "B1", "SIT_ATIV": "DS", "DAT_CON": "01/06/1973", "CAR_INST": 7.0, "LIV": 0, "ARE_LOC": "UB", "TIP_SIST": "RD_INTERLIG", "ENE_01": 225.15, "ENE_02": 440.0, "ENE_03": 490.0, "ENE_04": 240.0, "ENE_05": 300.0, "ENE_06": 230.0, "ENE_07": 210.0, "ENE_08": 190.0, "ENE_09": 320.0, "ENE_10": 320.0, "ENE_11": 300.0, "ENE_12": 320.4, "DIC_01": 0.0, "DIC_02": 0.0, "DIC_03": 0.0, "DIC_04": 0.0, "DIC_05": 0.0, "DIC_06": 0.0, "DIC_07": 0.31, "DIC_08": 0.0, "DIC_09": 0.0, "DIC_10": 0.0, "DIC_11": 0.0, "DIC_12": 0.0, "FIC_01": 0.0, "FIC_02": 0.0, "FIC_03": 0.0, "FIC_04": 0.0, "FIC_05": 0.0, "FIC_06": 0.0, "FIC_07": 2.0, "FIC_08": 0.0, "FIC_09": 0.0, "FIC_10": 0.0, "FIC_11": 0.0, "FIC_12": 0.0, "SEMRED": 0, "DESCR": " ", "COD_ID": "a866c1b9b24c40722da347794b65894a7cacd54fd96bdacbb54e94549340ac27", "__layer": "UCBT_tab", "lon": null, "lat": null }, "geometry": null },
{ "type": "Feature", "properties": { "DIST": 390, "PAC": "33071144739360737L", "RAMAL": "12297875S1", "PN_CON": "10971323", "UNI_TR_MT": "14374375", "CTMT": "AUG0201", "UNI_TR_AT": "DAUG-EQ-TR2", "SUB": "DAUG", "CONJ": 16584, "MUN": "3550308", "CEG_GD": " ", "BRR": "AV PAULISTA 2006 BELA VISTA", "CEP": "01310-200", "CLAS_SUB": "CO1", "CNAE": "4635-4/03", "TIP_CC": "COM-Tipo02", "FAS_CON": "ABCN", "GRU_TEN": "BT", "TEN_FORN": "10", "GRU_TAR": "B3", "SIT_ATIV": "AT", "DAT_CON": "01/04/1975", "CAR_INST": 6.0, "LIV": 0, "ARE_LOC": "UB", "TIP_SIST": "RD_INTERLIG", "ENE_01": 34.0, "ENE_02": 55.0, "ENE_03": 61.963, "ENE_04": 51.0, "ENE_05": 101.0, "ENE_06": 0.0, "ENE_07": 0.0, "ENE_08": 0.0, "ENE_09": 0.0, "ENE_10": 0.0, "ENE_11": 0.0, "ENE_12": 0.0, "DIC_01": 0.0, "DIC_02": 0.0, "DIC_03": 0.0, "DIC_04": 0.0, "DIC_05": 0.0, "DIC_06": 0.0, "DIC_07": 0.0, "DIC_08": 0.0, "DIC_09": 0.0, "DIC_10": 0.0, "DIC_11": 0.0, "DIC_12": 0.0, "FIC_01": 0.0, "FIC_02": 0.0, "FIC_03": 0.0, "FIC_04": 0.0, "FIC_05": 0.0, "FIC_06": 0.0, "FIC_07": 0.0, "FIC_08": 0.0, "FIC_09": 0.0, "FIC_10": 0.0, "FIC_11": 0.0, "FIC_12": 0.0, "SEMRED": 0, "DESCR": " ", "COD_ID": "9ac40efba3e11d24dcac7560938dcaa920382f11956d3043bf41b5aea1133fa1", "__layer": "UCBT_tab", "lon": null, "lat": null }, "geometry": null },
{ "type": "Feature", "properties": { "DIST": 390, "PAC": "33071144739360737L", "RAMAL": "12297875S1", "PN_CON": "10971323", "UNI_TR_MT": "14374375", "CTMT": "AUG0201", "UNI_TR_AT": "DAUG-EQ-TR2", "SUB": "DAUG", "CONJ": 16596, "MUN": "3550308", "CEG_GD": " ", "BRR": "AV PAULISTA 2006 BELA VISTA", "CEP": "01310-200", "CLAS_SUB": "CO9", "CNAE": "8211-3/00", "TIP_CC": "COM-Tipo03", "FAS_CON": "CAN", "GRU_TEN": "BT", "TEN_FORN": "10", "GRU_TAR": "B3", "SIT_ATIV": "DS", "DAT_CON": "01/09/1988", "CAR_INST": 2.7, "LIV": 0, "ARE_LOC": "UB", "TIP_SIST": "RD_INTERLIG", "ENE_01": 530.0, "ENE_02": 520.0, "ENE_03": 695.725, "ENE_04": 550.0, "ENE_05": 560.0, "ENE_06": 440.0, "ENE_07": 361.2, "ENE_08": 280.6, "ENE_09": 490.0, "ENE_10": 600.0, "ENE_11": 271.4, "ENE_12": 592.89, "DIC_01": 0.0, "DIC_02": 0.0, "DIC_03": 0.0, "DIC_04": 0.0, "DIC_05": 0.0, "DIC_06": 0.0, "DIC_07": 0.31, "DIC_08": 0.0, "DIC_09": 0.0, "DIC_10": 0.0, "DIC_11": 0.0, "DIC_12": 0.0, "FIC_01": 0.0, "FIC_02": 0.0, "FIC_03": 0.0, "FIC_04": 0.0, "FIC_05": 0.0, "FIC_06": 0.0, "FIC_07": 2.0, "FIC_08": 0.0, "FIC_09": 0.0, "FIC_10": 0.0, "FIC_11": 0.0, "FIC_12": 0.0, "SEMRED": 0, "DESCR": " ", "COD_ID": "f9eff0798aefae03ac46964008d6aa7fe6cf3d1071cbcfa979f9b49b76934cbf", "__layer": "UCBT_tab", "lon": null, "lat": null }, "geometry": null },
{ "type": "Feature", "properties": { "DIST": 390, "PAC": "33071144739360737L", "RAMAL": "12297875S1", "PN_CON": "10971323", "UNI_TR_MT": "14374375", "CTMT": "AUG0201", "UNI_TR_AT": "DAUG-EQ-TR2", "SUB": "DAUG", "CONJ": 16596, "MUN": "3550308", "CEG_GD": " ", "BRR": "AV PAULISTA 2006 BELA VISTA", "CEP": "01310-200", "CLAS_SUB": "RE1", "CNAE": " ", "TIP_CC": "RES-Tipo01", "FAS_CON": "ABN", "GRU_TEN": "BT", "TEN_FORN": "10", "GRU_TAR": "B1", "SIT_ATIV": "DS", "DAT_CON": "01/07/1989", "CAR_INST": 4.9, "LIV": 0, "ARE_LOC": "UB", "TIP_SIST": "RD_INTERLIG", "ENE_01": 29.01, "ENE_02": 52.0, "ENE_03": 75.0, "ENE_04": 45.0, "ENE_05": 47.0, "ENE_06": 37.0, "ENE_07": 38.0, "ENE_08": 39.0, "ENE_09": 47.0, "ENE_10": 57.0, "ENE_11": 50.0, "ENE_12": 66.02, "DIC_01": 0.0, "DIC_02": 0.0, "DIC_03": 0.0, "DIC_04": 0.0, "DIC_05": 0.0, "DIC_06": 0.0, "DIC_07": 0.31, "DIC_08": 0.0, "DIC_09": 0.0, "DIC_10": 0.0, "DIC_11": 0.0, "DIC_12": 0.0, "FIC_01": 0.0, "FIC_02": 0.0, "FIC_03": 0.0, "FIC_04": 0.0, "FIC_05": 0.0, "FIC_06": 0.0, "FIC_07": 2.0, "FIC_08": 0.0, "FIC_09": 0.0, "FIC_10": 0.0, "FIC_11": 0.0, "FIC_12": 0.0, "SEMRED": 0, "DESCR": " ", "COD_ID": "3a4de5865b34f1a5db24c350f116fe34d5123e780d44fc284250270dda03bb57", "__layer": "UCBT_tab", "lon": null, "lat": null }, "geometry": null },
{ "type": "Feature", "properties": { "DIST": 390, "PAC": "33071144739360737L", "RAMAL": "12297875S1", "PN_CON": "10971323", "UNI_TR_MT": "14374375", "CTMT": "AUG0201", "UNI_TR_AT": "DAUG-EQ-TR2", "SUB": "DAUG", "CONJ": 16596, "MUN": "3550308", "CEG_GD": " ", "BRR": "AV PAULISTA 2006 BELA VISTA", "CEP": "01310-200", "CLAS_SUB": "RE1", "CNAE": " ", "TIP_CC": "RES-Tipo03", "FAS_CON": "ABN", "GRU_TEN": "BT", "TEN_FORN": "10", "GRU_TAR": "B1", "SIT_ATIV": "DS", "DAT_CON": "01/06/1983", "CAR_INST": 3.5, "LIV": 0, "ARE_LOC": "UB", "TIP_SIST": "RD_INTERLIG", "ENE_01": 105.07, "ENE_02": 210.0, "ENE_03": 340.0, "ENE_04": 260.0, "ENE_05": 310.0, "ENE_06": 170.0, "ENE_07": 110.0, "ENE_08": 120.0, "ENE_09": 180.0, "ENE_10": 270.0, "ENE_11": 50.0, "ENE_12": 213.6, "DIC_01": 0.0, "DIC_02": 0.0, "DIC_03": 0.0, "DIC_04": 0.0, "DIC_05": 0.0, "DIC_06": 0.0, "DIC_07": 0.31, "DIC_08": 0.0, "DIC_09": 0.0, "DIC_10": 0.0, "DIC_11": 0.0, "DIC_12": 0.0, "FIC_01": 0.0, "FIC_02": 0.0, "FIC_03": 0.0, "FIC_04": 0.0, "FIC_05": 0.0, "FIC_06": 0.0, "FIC_07": 2.0, "FIC_08": 0.0, "FIC_09": 0.0, "FIC_10": 0.0, "FIC_11": 0.0, "FIC_12": 0.0, "SEMRED": 0, "DESCR": " ", "COD_ID": "ce8be335992f341d722f2605fdc73de4e6cf142032e8ab9f9c369212f9044c22", "__layer": "UCBT_tab", "lon": null, "lat": null }, "geometry": null },
{ "type": "Feature", "properties": { "DIST": 390, "PAC": "33071144739360737L", "RAMAL": "12297875S1", "PN_CON": "10971323", "UNI_TR_MT": "14374375", "CTMT": "AUG0201", "UNI_TR_AT": "DAUG-EQ-TR2", "SUB": "DAUG", "CONJ": 16596, "MUN": "3550308", "CEG_GD": " ", "BRR": "AV PAULISTA 2006 BELA VISTA", "CEP": "01310-200", "CLAS_SUB": "CO9", "CNAE": "6399-2/00", "TIP_CC": "COM-Tipo02", "FAS_CON": "ABN", "GRU_TEN": "BT", "TEN_FORN": "10", "GRU_TAR": "B3", "SIT_ATIV": "DS", "DAT_CON": "01/07/1973", "CAR_INST": 7.5, "LIV": 0, "ARE_LOC": "UB", "TIP_SIST": "RD_INTERLIG", "ENE_01": 50.0, "ENE_02": 50.0, "ENE_03": 54.354, "ENE_04": 50.0, "ENE_05": 50.0, "ENE_06": 50.0, "ENE_07": 42.0, "ENE_08": 30.5, "ENE_09": 50.0, "ENE_10": 50.0, "ENE_11": 29.5, "ENE_12": 47.81, "DIC_01": 0.0, "DIC_02": 0.0, "DIC_03": 0.0, "DIC_04": 0.0, "DIC_05": 0.0, "DIC_06": 0.0, "DIC_07": 0.31, "DIC_08": 0.0, "DIC_09": 0.0, "DIC_10": 0.0, "DIC_11": 0.0, "DIC_12": 0.0, "FIC_01": 0.0, "FIC_02": 0.0, "FIC_03": 0.0, "FIC_04": 0.0, "FIC_05": 0.0, "FIC_06": 0.0, "FIC_07": 2.0, "FIC_08": 0.0, "FIC_09": 0.0, "FIC_10": 0.0, "FIC_11": 0.0, "FIC_12": 0.0, "SEMRED": 0, "DESCR": " ", "COD_ID": "d92e5c751e5921f95a25c1b7748710dafbdfc049f0cfc9986aef248ea32882c1", "__layer": "UCBT_tab", "lon": null, "lat": null }, "geometry": null },
{ "type": "Feature", "properties": { "DIST": 390, "PAC": "33071144739360737L", "RAMAL": "12297875S1", "PN_CON": "10971323", "UNI_TR_MT": "14374375", "CTMT": "AUG0201", "UNI_TR_AT": "DAUG-EQ-TR2", "SUB": "DAUG", "CONJ": 16596, "MUN": "3550308", "CEG_GD": " ", "BRR": "AV PAULISTA 2006 BELA VISTA", "CEP": "01310-200", "CLAS_SUB": "IN", "CNAE": "3821-1/00", "TIP_CC": "IND-Tipo05", "FAS_CON": "ABN", "GRU_TEN": "BT", "TEN_FORN": "10", "GRU_TAR": "B3", "SIT_ATIV": "DS", "DAT_CON": "01/03/1973", "CAR_INST": 11.4, "LIV": 0, "ARE_LOC": "UB", "TIP_SIST": "RD_INTERLIG", "ENE_01": 380.0, "ENE_02": 354.0, "ENE_03": 647.0, "ENE_04": 449.0, "ENE_05": 546.0, "ENE_06": 372.0, "ENE_07": 342.0, "ENE_08": 324.0, "ENE_09": 311.0, "ENE_10": 394.0, "ENE_11": 308.0, "ENE_12": 419.06, "DIC_01": 0.0, "DIC_02": 0.0, "DIC_03": 0.0, "DIC_04": 0.0, "DIC_05": 0.0, "DIC_06": 0.0, "DIC_07": 0.31, "DIC_08": 0.0, "DIC_09": 0.0, "DIC_10": 0.0, "DIC_11": 0.0, "DIC_12": 0.0, "FIC_01": 0.0, "FIC_02": 0.0, "FIC_03": 0.0, "FIC_04": 0.0, "FIC_05": 0.0, "FIC_06": 0.0, "FIC_07": 2.0, "FIC_08": 0.0, "FIC_09": 0.0, "FIC_10": 0.0, "FIC_11": 0.0, "FIC_12": 0.0, "SEMRED": 0, "DESCR": " ", "COD_ID": "ddce2c76dab272473247f764cd0c972b8313764e84b09584d4da3ffcb9368930", "__layer": "UCBT_tab", "lon": null, "lat": null }, "geometry": null },
{ "type": "Feature", "properties": { "DIST": 390, "PAC": "33071144739360737L", "RAMAL": "12297875S1", "PN_CON": "10971323", "UNI_TR_MT": "14374375", "CTMT": "AUG0201", "UNI_TR_AT": "DAUG-EQ-TR2", "SUB": "DAUG", "CONJ": 16596, "MUN": "3550308", "CEG_GD": " ", "BRR": "AV PAULISTA 2006 BELA VISTA", "CEP": "01310-200", "CLAS_SUB": "IN", "CNAE": "3821-1/00", "TIP_CC": "IND-Tipo05", "FAS_CON": "ABN", "GRU_TEN": "BT", "TEN_FORN": "10", "GRU_TAR": "B3", "SIT_ATIV": "DS", "DAT_CON": "01/02/1973", "CAR_INST": 11.4, "LIV": 0, "ARE_LOC": "UB", "TIP_SIST": "RD_INTERLIG", "ENE_01": 117.0, "ENE_02": 112.0, "ENE_03": 227.0, "ENE_04": 60.0, "ENE_05": 196.0, "ENE_06": 50.0, "ENE_07": 38.0, "ENE_08": 45.0, "ENE_09": 76.0, "ENE_10": 101.0, "ENE_11": 81.0, "ENE_12": 141.29, "DIC_01": 0.0, "DIC_02": 0.0, "DIC_03": 0.0, "DIC_04": 0.0, "DIC_05": 0.0, "DIC_06": 0.0, "DIC_07": 0.31, "DIC_08": 0.0, "DIC_09": 0.0, "DIC_10": 0.0, "DIC_11": 0.0, "DIC_12": 0.0, "FIC_01": 0.0, "FIC_02": 0.0, "FIC_03": 0.0, "FIC_04": 0.0, "FIC_05": 0.0, "FIC_06": 0.0, "FIC_07": 2.0, "FIC_08": 0.0, "FIC_09": 0.0, "FIC_10": 0.0, "FIC_11": 0.0, "FIC_12": 0.0, "SEMRED": 0, "DESCR": " ", "COD_ID": "62a540b8e3f606372ad779f01cc8014dff2e491e8b104cc35649fd8715cf8aa6", "__layer": "UCBT_tab", "lon": null, "lat": null }, "geometry": null },
{ "type": "Feature", "properties": { "DIST": 390, "PAC": "33071144739360737L", "RAMAL": "12297875S1", "PN_CON": "10971323", "UNI_TR_MT": "14374375", "CTMT": "AUG0201", "UNI_TR_AT": "DAUG-EQ-TR2", "SUB": "DAUG", "CONJ": 16596, "MUN": "3550308", "CEG_GD": " ", "BRR": "AV PAULISTA 2028 BELA VISTA", "CEP": "01310-200", "CLAS_SUB": "CO9", "CNAE": "8112-5/00", "TIP_CC": "COM-Tipo04", "FAS_CON": "ABCN", "GRU_TEN": "BT", "TEN_FORN": "10", "GRU_TAR": "B3", "SIT_ATIV": "DS", "DAT_CON": "01/06/1976", "CAR_INST": 114.7, "LIV": 0, "ARE_LOC": "UB", "TIP_SIST": "RD_INTERLIG", "ENE_01": 7920.0, "ENE_02": 8760.0, "ENE_03": 9783.639, "ENE_04": 8160.0, "ENE_05": 8520.0, "ENE_06": 8400.0, "ENE_07": 5947.2, "ENE_08": 4465.2, "ENE_09": 7680.0, "ENE_10": 7080.0, "ENE_11": 4318.8, "ENE_12": 6426.22, "DIC_01": 0.0, "DIC_02": 0.0, "DIC_03": 0.0, "DIC_04": 0.0, "DIC_05": 0.0, "DIC_06": 0.0, "DIC_07": 0.31, "DIC_08": 0.0, "DIC_09": 0.0, "DIC_10": 0.0, "DIC_11": 0.0, "DIC_12": 0.0, "FIC_01": 0.0, "FIC_02": 0.0, "FIC_03": 0.0, "FIC_04": 0.0, "FIC_05": 0.0, "FIC_06": 0.0, "FIC_07": 2.0, "FIC_08": 0.0, "FIC_09": 0.0, "FIC_10": 0.0, "FIC_11": 0.0, "FIC_12": 0.0, "SEMRED": 0, "DESCR": " ", "COD_ID": "9b55d6e4b5d13921e3f0dc3faabc10e6ebeda30275d1c320430d18f37a194895", "__layer": "UCBT_tab", "lon": null, "lat": null }, "geometry": null },
{ "type": "Feature", "properties": { "DIST": 390, "PAC": "33061008739369866L", "RAMAL": "12297501S1", "PN_CON": "10971152", "UNI_TR_MT": "14373896", "CTMT": "AUG0201", "UNI_TR_AT": "DAUG-EQ-TR2", "SUB": "DAUG", "CONJ": 16596, "MUN": "3550308", "CEG_GD": " ", "BRR": "AV PAULISTA 2064 BELA VISTA", "CEP": "01310-200", "CLAS_SUB": "CO1", "CNAE": "4729-6/99", "TIP_CC": "COM-Tipo03", "FAS_CON": "CAN", "GRU_TEN": "BT", "TEN_FORN": "10", "GRU_TAR": "B3", "SIT_ATIV": "DS", "DAT_CON": "01/11/1978", "CAR_INST": 7.4, "LIV": 0, "ARE_LOC": "UB", "TIP_SIST": "RD_INTERLIG", "ENE_01": 645.0, "ENE_02": 649.0, "ENE_03": 826.174, "ENE_04": 727.0, "ENE_05": 1311.0, "ENE_06": 572.0, "ENE_07": 425.04, "ENE_08": 299.51, "ENE_09": 522.0, "ENE_10": 588.0, "ENE_11": 367.57, "ENE_12": 587.15, "DIC_01": 0.0, "DIC_02": 0.0, "DIC_03": 0.0, "DIC_04": 0.0, "DIC_05": 0.0, "DIC_06": 0.0, "DIC_07": 0.31, "DIC_08": 0.0, "DIC_09": 0.0, "DIC_10": 0.0, "DIC_11": 0.0, "DIC_12": 0.0, "FIC_01": 0.0, "FIC_02": 0.0, "FIC_03": 0.0, "FIC_04": 0.0, "FIC_05": 0.0, "FIC_06": 0.0, "FIC_07": 2.0, "FIC_08": 0.0, "FIC_09": 0.0, "FIC_10": 0.0, "FIC_11": 0.0, "FIC_12": 0.0, "SEMRED": 0, "DESCR": " ", "COD_ID": "aab3c4ea03cd616cbdf3253de7bb2316f911fdf19a44395da28cfe6f1e1856d1", "__layer": "UCBT_tab", "lon": null, "lat": null }, "geometry": null },
{ "type": "Feature", "properties": { "DIST": 390, "PAC": "33073873739357834L", "RAMAL": "12298004S1", "PN_CON": "10971365", "UNI_TR_MT": "14374600", "CTMT": "AUG0201", "UNI_TR_AT": "DAUG-EQ-TR2", "SUB": "DAUG", "CONJ": 16596, "MUN": "3550308", "CEG_GD": " ", "BRR": "AV PAULISTA 1912 BELA VISTA", "CEP": "01310-200", "CLAS_SUB": "CO9", "CNAE": "6421-2/00", "TIP_CC": "COM-Tipo02", "FAS_CON": "ABCN", "GRU_TEN": "BT", "TEN_FORN": "10", "GRU_TAR": "B3", "SIT_ATIV": "AT", "DAT_CON": "10/01/1992", "CAR_INST": 23.2, "LIV": 0, "ARE_LOC": "UB", "TIP_SIST": "RD_INTERLIG", "ENE_01": 1300.0, "ENE_02": 1380.0, "ENE_03": 1761.055, "ENE_04": 1400.0, "ENE_05": 1530.0, "ENE_06": 1520.0, "ENE_07": 1394.4, "ENE_08": 1079.7, "ENE_09": 1710.0, "ENE_10": 1900.0, "ENE_11": 961.7, "ENE_12": 1673.49, "DIC_01": 0.0, "DIC_02": 0.0, "DIC_03": 0.0, "DIC_04": 0.0, "DIC_05": 0.0, "DIC_06": 0.0, "DIC_07": 0.31, "DIC_08": 0.0, "DIC_09": 0.0, "DIC_10": 0.0, "DIC_11": 0.0, "DIC_12": 0.0, "FIC_01": 0.0, "FIC_02": 0.0, "FIC_03": 0.0, "FIC_04": 0.0, "FIC_05": 0.0, "FIC_06": 0.0, "FIC_07": 2.0, "FIC_08": 0.0, "FIC_09": 0.0, "FIC_10": 0.0, "FIC_11": 0.0, "FIC_12": 0.0, "SEMRED": 0, "DESCR": " ", "COD_ID": "ed25ddeafa804a3530523b6e6b4e67333e137cf58a79126f1f50a186e1c10200", "__layer": "UCBT_tab", "lon": null, "lat": null }, "geometry": null },
{ "type": "Feature", "properties": { "DIST": 390, "PAC": "33071144739360737L", "RAMAL": "12297875S1", "PN_CON": "10971323", "UNI_TR_MT": "14374375", "CTMT": "AUG0201", "UNI_TR_AT": "DAUG-EQ-TR2", "SUB": "DAUG", "CONJ": 16596, "MUN": "3550308", "CEG_GD": " ", "BRR": "AV PAULISTA 2006 BELA VISTA", "CEP": "01310-200", "CLAS_SUB": "CO9", "CNAE": "8211-3/00", "TIP_CC": "COM-Tipo02", "FAS_CON": "ABN", "GRU_TEN": "BT", "TEN_FORN": "10", "GRU_TAR": "B3", "SIT_ATIV": "AT", "DAT_CON": "11/03/1992", "CAR_INST": 3.0, "LIV": 0, "ARE_LOC": "UB", "TIP_SIST": "RD_INTERLIG", "ENE_01": 160.0, "ENE_02": 130.0, "ENE_03": 293.509, "ENE_04": 160.0, "ENE_05": 200.0, "ENE_06": 110.0, "ENE_07": 100.8, "ENE_08": 85.4, "ENE_09": 260.0, "ENE_10": 140.0, "ENE_11": 59.0, "ENE_12": 95.62, "DIC_01": 0.0, "DIC_02": 0.0, "DIC_03": 0.0, "DIC_04": 0.0, "DIC_05": 0.0, "DIC_06": 0.0, "DIC_07": 0.31, "DIC_08": 0.0, "DIC_09": 0.0, "DIC_10": 0.0, "DIC_11": 0.0, "DIC_12": 0.0, "FIC_01": 0.0, "FIC_02": 0.0, "FIC_03": 0.0, "FIC_04": 0.0, "FIC_05": 0.0, "FIC_06": 0.0, "FIC_07": 2.0, "FIC_08": 0.0, "FIC_09": 0.0, "FIC_10": 0.0, "FIC_11": 0.0, "FIC_12": 0.0, "SEMRED": 0, "DESCR": " ", "COD_ID": "2704436cef71df9bcac620a411c3eeb90ee9c6f5421bfb344ab432ac036f466f", "__layer": "UCBT_tab", "lon": null, "lat": null }, "geometry": null },
{ "type": "Feature", "properties": { "DIST": 390, "PAC": "33071144739360737L", "RAMAL": "12297875S1", "PN_CON": "10971323", "UNI_TR_MT": "14374375", "CTMT": "AUG0201", "UNI_TR_AT": "DAUG-EQ-TR2", "SUB": "DAUG", "CONJ": 16596, "MUN": "3550308", "CEG_GD": " ", "BRR": "AV PAULISTA 2006 BELA VISTA", "CEP": "01310-200", "CLAS_SUB": "CO1", "CNAE": "4755-5/02", "TIP_CC": "RES-Tipo01", "FAS_CON": "ABN", "GRU_TEN": "BT", "TEN_FORN": "10", "GRU_TAR": "B3", "SIT_ATIV": "AT", "DAT_CON": "07/07/1992", "CAR_INST": 3.0, "LIV": 0, "ARE_LOC": "UB", "TIP_SIST": "RD_INTERLIG", "ENE_01": 50.0, "ENE_02": 50.0, "ENE_03": 54.354, "ENE_04": 50.0, "ENE_05": 50.0, "ENE_06": 50.0, "ENE_07": 50.4, "ENE_08": 67.1, "ENE_09": 160.0, "ENE_10": 200.0, "ENE_11": 106.2, "ENE_12": 172.13, "DIC_01": 0.0, "DIC_02": 0.0, "DIC_03": 0.0, "DIC_04": 0.0, "DIC_05": 0.0, "DIC_06": 0.0, "DIC_07": 0.31, "DIC_08": 0.0, "DIC_09": 0.0, "DIC_10": 0.0, "DIC_11": 0.0, "DIC_12": 0.0, "FIC_01": 0.0, "FIC_02": 0.0, "FIC_03": 0.0, "FIC_04": 0.0, "FIC_05": 0.0, "FIC_06": 0.0, "FIC_07": 2.0, "FIC_08": 0.0, "FIC_09": 0.0, "FIC_10": 0.0, "FIC_11": 0.0, "FIC_12": 0.0, "SEMRED": 0, "DESCR": " ", "COD_ID": "e63634b1b9480202e6f2fbeef7e50164ff54c73cb51cbf6d8f8f4f3a34d56cdc", "__layer": "UCBT_tab", "lon": null, "lat": null }, "geometry": null },
{ "type": "Feature", "properties": { "DIST": 390, "PAC": "33061008739369866L", "RAMAL": "12297501S1", "PN_CON": "10971152", "UNI_TR_MT": "14373896", "CTMT": "AUG0201", "UNI_TR_AT": "DAUG-EQ-TR2", "SUB": "DAUG", "CONJ": 16584, "MUN": "3550308", "CEG_GD": " ", "BRR": "AV PAULISTA 2064 BELA VISTA", "CEP": "01310-200", "CLAS_SUB": "CO1", "CNAE": "8220-2/00", "TIP_CC": "COM-Tipo02", "FAS_CON": "ABCN", "GRU_TEN": "BT", "TEN_FORN": "10", "GRU_TAR": "B3", "SIT_ATIV": "AT", "DAT_CON": "04/12/2012", "CAR_INST": 26.6, "LIV": 0, "ARE_LOC": "UB", "TIP_SIST": "RD_INTERLIG", "ENE_01": 28680.0, "ENE_02": 0.0, "ENE_03": 0.0, "ENE_04": 0.0, "ENE_05": 0.0, "ENE_06": 0.0, "ENE_07": 0.0, "ENE_08": 0.0, "ENE_09": 0.0, "ENE_10": 0.0, "ENE_11": 0.0, "ENE_12": 0.0, "DIC_01": 0.0, "DIC_02": 0.0, "DIC_03": 0.0, "DIC_04": 0.0, "DIC_05": 0.0, "DIC_06": 0.0, "DIC_07": 0.0, "DIC_08": 0.0, "DIC_09": 0.0, "DIC_10": 0.0, "DIC_11": 0.0, "DIC_12": 0.0, "FIC_01": 0.0, "FIC_02": 0.0, "FIC_03": 0.0, "FIC_04": 0.0, "FIC_05": 0.0, "FIC_06": 0.0, "FIC_07": 0.0, "FIC_08": 0.0, "FIC_09": 0.0, "FIC_10": 0.0, "FIC_11": 0.0, "FIC_12": 0.0, "SEMRED": 0, "DESCR": " ", "COD_ID": "e88108e0b46c9def34f45c7803b6950d0520e57be5bb5b5359a6589a728a14a2", "__layer": "UCBT_tab", "lon": null, "lat": null }, "geometry": null },
{ "type": "Feature", "properties": { "DIST": 390, "PAC": "33061008739369866L", "RAMAL": "12297501S1", "PN_CON": "10971152", "UNI_TR_MT": "14373896", "CTMT": "AUG0201", "UNI_TR_AT": "DAUG-EQ-TR2", "SUB": "DAUG", "CONJ": 16584, "MUN": "3550308", "CEG_GD": " ", "BRR": "AV PAULISTA 2064 BELA VISTA", "CEP": "01310-200", "CLAS_SUB": "CO9", "CNAE": "6470-1/03", "TIP_CC": "COM-Tipo02", "FAS_CON": "ABN", "GRU_TEN": "BT", "TEN_FORN": "10", "GRU_TAR": "B3", "SIT_ATIV": "AT", "DAT_CON": "04/12/2012", "CAR_INST": 33.5, "LIV": 0, "ARE_LOC": "UB", "TIP_SIST": "RD_INTERLIG", "ENE_01": 100.0, "ENE_02": 100.0, "ENE_03": 108.707, "ENE_04": 100.0, "ENE_05": 0.0, "ENE_06": 0.0, "ENE_07": 0.0, "ENE_08": 0.0, "ENE_09": 0.0, "ENE_10": 0.0, "ENE_11": 0.0, "ENE_12": 0.0, "DIC_01": 0.0, "DIC_02": 0.0, "DIC_03": 0.0, "DIC_04": 0.0, "DIC_05": 0.0, "DIC_06": 0.0, "DIC_07": 0.0, "DIC_08": 0.0, "DIC_09": 0.0, "DIC_10": 0.0, "DIC_11": 0.0, "DIC_12": 0.0, "FIC_01": 0.0, "FIC_02": 0.0, "FIC_03": 0.0, "FIC_04": 0.0, "FIC_05": 0.0, "FIC_06": 0.0, "FIC_07": 0.0, "FIC_08": 0.0, "FIC_09": 0.0, "FIC_10": 0.0, "FIC_11": 0.0, "FIC_12": 0.0, "SEMRED": 0, "DESCR": " ", "COD_ID": "8c38e1528493e9a9e038922f0acea1b31b2a73504070ee3467532b0d2d7e6e3b", "__layer": "UCBT_tab", "lon": null, "lat": null }, "geometry": null },
{ "type": "Feature", "properties": { "DIST": 390, "PAC": "33083328739348867L", "RAMAL": "12307012S1", "PN_CON": "10971520", "UNI_TR_MT": "14374917", "CTMT": "AUG0202", "UNI_TR_AT": "DAUG-EQ-TR2", "SUB": "DAUG", "CONJ": 16584, "MUN": "3550308", "CEG_GD": " ", "BRR": "AV PAULISTA 1776 BELA VISTA", "CEP": "01310-200", "CLAS_SUB": "CO1", "CNAE": "6422-1/00", "TIP_CC": "COM-Tipo05", "FAS_CON": "ABC", "GRU_TEN": "BT", "TEN_FORN": "10", "GRU_TAR": "B3", "SIT_ATIV": "AT", "DAT_CON": "23/06/2015", "CAR_INST": 5.2, "LIV": 0, "ARE_LOC": "UB", "TIP_SIST": "RD_INTERLIG", "ENE_01": 100.0, "ENE_02": 214.0, "ENE_03": 454.396, "ENE_04": 75.0, "ENE_05": 1517.0, "ENE_06": 0.0, "ENE_07": 0.0, "ENE_08": 0.0, "ENE_09": 0.0, "ENE_10": 0.0, "ENE_11": 0.0, "ENE_12": 0.0, "DIC_01": 0.0, "DIC_02": 0.0, "DIC_03": 0.0, "DIC_04": 0.0, "DIC_05": 0.0, "DIC_06": 0.0, "DIC_07": 0.0, "DIC_08": 0.0, "DIC_09": 0.0, "DIC_10": 0.0, "DIC_11": 0.0, "DIC_12": 0.0, "FIC_01": 0.0, "FIC_02": 0.0, "FIC_03": 0.0, "FIC_04": 0.0, "FIC_05": 0.0, "FIC_06": 0.0, "FIC_07": 0.0, "FIC_08": 0.0, "FIC_09": 0.0, "FIC_10": 0.0, "FIC_11": 0.0, "FIC_12": 0.0, "SEMRED": 0, "DESCR": " ", "COD_ID": "3a6cb846dc38d15cf4ef827e7b129c60525b18284350a025f7c39cd0e27125fc", "__layer": "UCBT_tab", "lon": null, "lat": null }, "geometry": null },
{ "type": "Feature", "properties": { "DIST": 390, "PAC": "33061008739369866L", "RAMAL": "12297501S1", "PN_CON": "10971152", "UNI_TR_MT": "14373896", "CTMT": "AUG0201", "UNI_TR_AT": "DAUG-EQ-TR2", "SUB": "DAUG", "CONJ": 16584, "MUN": "3550308", "CEG_GD": " ", "BRR": "AV PAULISTA 2064 BELA VISTA", "CEP": "01310-200", "CLAS_SUB": "CO9", "CNAE": "8112-5/00", "TIP_CC": "COM-Tipo02", "FAS_CON": "ABCN", "GRU_TEN": "BT", "TEN_FORN": "10", "GRU_TAR": "B3", "SIT_ATIV": "AT", "DAT_CON": "02/04/2018", "CAR_INST": 11.8, "LIV": 0, "ARE_LOC": "UB", "TIP_SIST": "RD_INTERLIG", "ENE_01": 458.0, "ENE_02": 426.0, "ENE_03": 370.691, "ENE_04": 271.0, "ENE_05": 503.0, "ENE_06": 253.0, "ENE_07": 15.96, "ENE_08": 0.0, "ENE_09": 0.0, "ENE_10": 0.0, "ENE_11": 0.0, "ENE_12": 0.0, "DIC_01": 0.0, "DIC_02": 0.0, "DIC_03": 0.0, "DIC_04": 0.0, "DIC_05": 0.0, "DIC_06": 0.0, "DIC_07": 0.0, "DIC_08": 0.0, "DIC_09": 0.0, "DIC_10": 0.0, "DIC_11": 0.0, "DIC_12": 0.0, "FIC_01": 0.0, "FIC_02": 0.0, "FIC_03": 0.0, "FIC_04": 0.0, "FIC_05": 0.0, "FIC_06": 0.0, "FIC_07": 0.0, "FIC_08": 0.0, "FIC_09": 0.0, "FIC_10": 0.0, "FIC_11": 0.0, "FIC_12": 0.0, "SEMRED": 0, "DESCR": " ", "COD_ID": "19982d025cd42439ce7eeedd1b2d4af76b9841708e1b3a4022c9dfe0fbd2943b", "__layer": "UCBT_tab", "lon": null, "lat": null }, "geometry": null },
{ "type": "Feature", "properties": { "DIST": 390, "PAC": "33085305739347489L", "RAMAL": "12307074S1", "PN_CON": "10971552", "UNI_TR_MT": "14374950", "CTMT": "AUG0202", "UNI_TR_AT": "DAUG-EQ-TR2", "SUB": "DAUG", "CONJ": 16584, "MUN": "3550308", "CEG_GD": " ", "BRR": "AV PAULISTA 1754 BELA VISTA", "CEP": "01310-200", "CLAS_SUB": "CO1", "CNAE": "6619-3/99", "TIP_CC": "COM-Tipo02", "FAS_CON": "ABCN", "GRU_TEN": "BT", "TEN_FORN": "10", "GRU_TAR": "B3", "SIT_ATIV": "AT", "DAT_CON": "16/08/2022", "CAR_INST": 29.5, "LIV": 0, "ARE_LOC": "UB", "TIP_SIST": "RD_INTERLIG", "ENE_01": 100.0, "ENE_02": 0.0, "ENE_03": 0.0, "ENE_04": 0.0, "ENE_05": 0.0, "ENE_06": 0.0, "ENE_07": 0.0, "ENE_08": 0.0, "ENE_09": 0.0, "ENE_10": 0.0, "ENE_11": 0.0, "ENE_12": 0.0, "DIC_01": 0.0, "DIC_02": 0.0, "DIC_03": 0.0, "DIC_04": 0.0, "DIC_05": 0.0, "DIC_06": 0.0, "DIC_07": 0.0, "DIC_08": 0.0, "DIC_09": 0.0, "DIC_10": 0.0, "DIC_11": 0.0, "DIC_12": 0.0, "FIC_01": 0.0, "FIC_02": 0.0, "FIC_03": 0.0, "FIC_04": 0.0, "FIC_05": 0.0, "FIC_06": 0.0, "FIC_07": 0.0, "FIC_08": 0.0, "FIC_09": 0.0, "FIC_10": 0.0, "FIC_11": 0.0, "FIC_12": 0.0, "SEMRED": 0, "DESCR": " ", "COD_ID": "51d974e9565d0b69284e87199d80f86d0d281c5b0b541a920534bb0a9a6ac7d3", "__layer": "UCBT_tab", "lon": null, "lat": null }, "geometry": null },
{ "type": "Feature", "properties": { "DIST": 390, "PAC": "33071144739360737L", "RAMAL": "12297875S1", "PN_CON": "10971323", "UNI_TR_MT": "14374375", "CTMT": "AUG0201", "UNI_TR_AT": "DAUG-EQ-TR2", "SUB": "DAUG", "CONJ": 16596, "MUN": "3550308", "CEG_GD": " ", "BRR": "AV PAULISTA 2006 BELA VISTA", "CEP": "01310-200", "CLAS_SUB": "CO9", "CNAE": "4619-2/00", "TIP_CC": "COM-Tipo02", "FAS_CON": "ABCN", "GRU_TEN": "BT", "TEN_FORN": "10", "GRU_TAR": "B3", "SIT_ATIV": "AT", "DAT_CON": "20/05/1999", "CAR_INST": 6.0, "LIV": 0, "ARE_LOC": "UB", "TIP_SIST": "RD_INTERLIG", "ENE_01": 50.0, "ENE_02": 23.0, "ENE_03": 54.354, "ENE_04": 50.0, "ENE_05": 20.0, "ENE_06": 18.0, "ENE_07": 15.12, "ENE_08": 12.2, "ENE_09": 22.0, "ENE_10": 32.0, "ENE_11": 29.5, "ENE_12": 27.73, "DIC_01": 0.0, "DIC_02": 0.0, "DIC_03": 0.0, "DIC_04": 0.0, "DIC_05": 0.0, "DIC_06": 0.0, "DIC_07": 0.31, "DIC_08": 0.0, "DIC_09": 0.0, "DIC_10": 0.0, "DIC_11": 0.0, "DIC_12": 0.0, "FIC_01": 0.0, "FIC_02": 0.0, "FIC_03": 0.0, "FIC_04": 0.0, "FIC_05": 0.0, "FIC_06": 0.0, "FIC_07": 2.0, "FIC_08": 0.0, "FIC_09": 0.0, "FIC_10": 0.0, "FIC_11": 0.0, "FIC_12": 0.0, "SEMRED": 0, "DESCR": " ", "COD_ID": "bdda1acaabb84d8e9ce89a7c43f7584ce5147e878959ae83fb8d8afdc6ebca4a", "__layer": "UCBT_tab", "lon": null, "lat": null }, "geometry": null },
{ "type": "Feature", "properties": { "DIST": 390, "PAC": "33071144739360737L", "RAMAL": "12297875S1", "PN_CON": "10971323", "UNI_TR_MT": "14374375", "CTMT": "AUG0201", "UNI_TR_AT": "DAUG-EQ-TR2", "SUB": "DAUG", "CONJ": 16596, "MUN": "3550308", "CEG_GD": " ", "BRR": "AV PAULISTA 2006 BELA VISTA", "CEP": "01310-200", "CLAS_SUB": "CO1", "CNAE": "7740-3/00", "TIP_CC": "COM-Tipo02", "FAS_CON": "ABN", "GRU_TEN": "BT", "TEN_FORN": "10", "GRU_TAR": "B3", "SIT_ATIV": "AT", "DAT_CON": "31/05/2003", "CAR_INST": 6.4, "LIV": 0, "ARE_LOC": "UB", "TIP_SIST": "RD_INTERLIG", "ENE_01": 50.0, "ENE_02": 50.0, "ENE_03": 54.354, "ENE_04": 13.0, "ENE_05": 12.0, "ENE_06": 11.0, "ENE_07": 10.92, "ENE_08": 7.93, "ENE_09": 12.0, "ENE_10": 50.0, "ENE_11": 29.5, "ENE_12": 4.78, "DIC_01": 0.0, "DIC_02": 0.0, "DIC_03": 0.0, "DIC_04": 0.0, "DIC_05": 0.0, "DIC_06": 0.0, "DIC_07": 0.31, "DIC_08": 0.0, "DIC_09": 0.0, "DIC_10": 0.0, "DIC_11": 0.0, "DIC_12": 0.0, "FIC_01": 0.0, "FIC_02": 0.0, "FIC_03": 0.0, "FIC_04": 0.0, "FIC_05": 0.0, "FIC_06": 0.0, "FIC_07": 2.0, "FIC_08": 0.0, "FIC_09": 0.0, "FIC_10": 0.0, "FIC_11": 0.0, "FIC_12": 0.0, "SEMRED": 0, "DESCR": " ", "COD_ID": "c89b342b29bbde11913d7931d745432625fe9700b72b6e61a3d0aa182407b845", "__layer": "UCBT_tab", "lon": null, "lat": null }, "geometry": null },
{ "type": "Feature", "properties": { "DIST": 390, "PAC": "33071144739360737L", "RAMAL": "12297875S1", "PN_CON": "10971323", "UNI_TR_MT": "14374375", "CTMT": "AUG0201", "UNI_TR_AT": "DAUG-EQ-TR2", "SUB": "DAUG", "CONJ": 16596, "MUN": "3550308", "CEG_GD": " ", "BRR": "AV PAULISTA 2006 BELA VISTA", "CEP": "01310-200", "CLAS_SUB": "CO1", "CNAE": "6462-0/00", "TIP_CC": "COM-Tipo03", "FAS_CON": "ABCN", "GRU_TEN": "BT", "TEN_FORN": "10", "GRU_TAR": "B3", "SIT_ATIV": "AT", "DAT_CON": "10/11/2007", "CAR_INST": 41.0, "LIV": 0, "ARE_LOC": "UB", "TIP_SIST": "RD_INTERLIG", "ENE_01": 605.6, "ENE_02": 683.2, "ENE_03": 836.616, "ENE_04": 652.8, "ENE_05": 716.8, "ENE_06": 669.6, "ENE_07": 473.76, "ENE_08": 362.58, "ENE_09": 652.0, "ENE_10": 712.0, "ENE_11": 343.62, "ENE_12": 628.85, "DIC_01": 0.0, "DIC_02": 0.0, "DIC_03": 0.0, "DIC_04": 0.0, "DIC_05": 0.0, "DIC_06": 0.0, "DIC_07": 0.31, "DIC_08": 0.0, "DIC_09": 0.0, "DIC_10": 0.0, "DIC_11": 0.0, "DIC_12": 0.0, "FIC_01": 0.0, "FIC_02": 0.0, "FIC_03": 0.0, "FIC_04": 0.0, "FIC_05": 0.0, "FIC_06": 0.0, "FIC_07": 2.0, "FIC_08": 0.0, "FIC_09": 0.0, "FIC_10": 0.0, "FIC_11": 0.0, "FIC_12": 0.0, "SEMRED": 0, "DESCR": " ", "COD_ID": "be11c503cd87efcabde349133049c93d35bc6cd49402f91d00f706306786666f", "__layer": "UCBT_tab", "lon": null, "lat": null }, "geometry": null },
{ "type": "Feature", "properties": { "DIST": 390, "PAC": "33085305739347489L", "RAMAL": "12307074S1", "PN_CON": "10971552", "UNI_TR_MT": "14374950", "CTMT": "AUG0202", "UNI_TR_AT": "DAUG-EQ-TR2", "SUB": "DAUG", "CONJ": 16596, "MUN": "3550308", "CEG_GD": " ", "BRR": "AV PAULISTA 1754 BELA VISTA", "CEP": "01310-200", "CLAS_SUB": "CO1", "CNAE": "5223-1/00", "TIP_CC": "COM-Tipo03", "FAS_CON": "ABCN", "GRU_TEN": "BT", "TEN_FORN": "10", "GRU_TAR": "B3", "SIT_ATIV": "AT", "DAT_CON": "20/11/2007", "CAR_INST": 17.3, "LIV": 0, "ARE_LOC": "UB", "TIP_SIST": "RD_INTERLIG", "ENE_01": 2130.0, "ENE_02": 1989.0, "ENE_03": 2366.554, "ENE_04": 1601.0, "ENE_05": 1549.0, "ENE_06": 862.0, "ENE_07": 664.44, "ENE_08": 549.61, "ENE_09": 1164.0, "ENE_10": 1470.0, "ENE_11": 755.79, "ENE_12": 1444.94, "DIC_01": 0.0, "DIC_02": 0.0, "DIC_03": 0.0, "DIC_04": 0.0, "DIC_05": 0.0, "DIC_06": 0.0, "DIC_07": 0.29, "DIC_08": 0.0, "DIC_09": 0.0, "DIC_10": 0.0, "DIC_11": 0.0, "DIC_12": 0.0, "FIC_01": 0.0, "FIC_02": 0.0, "FIC_03": 0.0, "FIC_04": 0.0, "FIC_05": 0.0, "FIC_06": 0.0, "FIC_07": 2.0, "FIC_08": 0.0, "FIC_09": 0.0, "FIC_10": 0.0, "FIC_11": 0.0, "FIC_12": 0.0, "SEMRED": 0, "DESCR": " ", "COD_ID": "ddd6caccb1ad6103dcdc76b55b2163f49143567443aadb2683d233c69cffe414", "__layer": "UCBT_tab", "lon": null, "lat": null }, "geometry": null },
{ "type": "Feature", "properties": { "DIST": 390, "PAC": "33073873739357834L", "RAMAL": "12298004S1", "PN_CON": "10971365", "UNI_TR_MT": "14374600", "CTMT": "AUG0201", "UNI_TR_AT": "DAUG-EQ-TR2", "SUB": "DAUG", "CONJ": 16596, "MUN": "3550308", "CEG_GD": " ", "BRR": "AV PAULISTA 1912 BELA VISTA", "CEP": "01310-200", "CLAS_SUB": "CO1", "CNAE": "6810-2/02", "TIP_CC": "COM-Tipo03", "FAS_CON": "ABCN", "GRU_TEN": "BT", "TEN_FORN": "10", "GRU_TAR": "B3", "SIT_ATIV": "AT", "DAT_CON": "23/11/2007", "CAR_INST": 23.1, "LIV": 0, "ARE_LOC": "UB", "TIP_SIST": "RD_INTERLIG", "ENE_01": 1324.6, "ENE_02": 1438.8, "ENE_03": 1858.233, "ENE_04": 1601.6, "ENE_05": 1746.6, "ENE_06": 1748.2, "ENE_07": 1480.25, "ENE_08": 1103.25, "ENE_09": 1674.6, "ENE_10": 2010.6, "ENE_11": 984.36, "ENE_12": 1845.05, "DIC_01": 0.0, "DIC_02": 0.0, "DIC_03": 0.0, "DIC_04": 0.0, "DIC_05": 0.0, "DIC_06": 0.0, "DIC_07": 0.31, "DIC_08": 0.0, "DIC_09": 0.0, "DIC_10": 0.0, "DIC_11": 0.0, "DIC_12": 0.0, "FIC_01": 0.0, "FIC_02": 0.0, "FIC_03": 0.0, "FIC_04": 0.0, "FIC_05": 0.0, "FIC_06": 0.0, "FIC_07": 2.0, "FIC_08": 0.0, "FIC_09": 0.0, "FIC_10": 0.0, "FIC_11": 0.0, "FIC_12": 0.0, "SEMRED": 0, "DESCR": " ", "COD_ID": "965b5db3a3d83494a53b841c4016e5f8863df0cf95a3461db0c99f5322f088eb", "__layer": "UCBT_tab", "lon": null, "lat": null }, "geometry": null },
{ "type": "Feature", "properties": { "DIST": 390, "PAC": "33083328739348867L", "RAMAL": "12307012S1", "PN_CON": "10971520", "UNI_TR_MT": "14374917", "CTMT": "AUG0202", "UNI_TR_AT": "DAUG-EQ-TR2", "SUB": "DAUG", "CONJ": 16596, "MUN": "3550308", "CEG_GD": " ", "BRR": "AV PAULISTA 1776 BELA VISTA", "CEP": "01310-200", "CLAS_SUB": "CO1", "CNAE": "9430-8/00", "TIP_CC": "COM-Tipo02", "FAS_CON": "ABN", "GRU_TEN": "BT", "TEN_FORN": "10", "GRU_TAR": "B3", "SIT_ATIV": "AT", "DAT_CON": "03/01/2008", "CAR_INST": 5.3, "LIV": 0, "ARE_LOC": "UB", "TIP_SIST": "RD_INTERLIG", "ENE_01": 375.0, "ENE_02": 361.0, "ENE_03": 708.77, "ENE_04": 451.0, "ENE_05": 543.0, "ENE_06": 499.0, "ENE_07": 386.4, "ENE_08": 298.9, "ENE_09": 485.0, "ENE_10": 463.0, "ENE_11": 213.58, "ENE_12": 538.38, "DIC_01": 0.0, "DIC_02": 0.0, "DIC_03": 0.0, "DIC_04": 0.0, "DIC_05": 0.0, "DIC_06": 0.0, "DIC_07": 0.29, "DIC_08": 0.0, "DIC_09": 0.0, "DIC_10": 0.0, "DIC_11": 0.0, "DIC_12": 0.0, "FIC_01": 0.0, "FIC_02": 0.0, "FIC_03": 0.0, "FIC_04": 0.0, "FIC_05": 0.0, "FIC_06": 0.0, "FIC_07": 2.0, "FIC_08": 0.0, "FIC_09": 0.0, "FIC_10": 0.0, "FIC_11": 0.0, "FIC_12": 0.0, "SEMRED": 0, "DESCR": " ", "COD_ID": "d26741f012a1676a21dfe719fd481bc59261b743c5f6427b69273256e71b25b0", "__layer": "UCBT_tab", "lon": null, "lat": null }, "geometry": null },
{ "type": "Feature", "properties": { "DIST": 390, "PAC": "33086256739356909L", "RAMAL": "12307112S1", "PN_CON": " ", "UNI_TR_MT": "14375025", "CTMT": "AUG0201", "UNI_TR_AT": "DAUG-EQ-TR2", "SUB": "DAUG", "CONJ": 16596, "MUN": "3550308", "CEG_GD": " ", "BRR": "AV PAULISTA 1804 BELA VISTA", "CEP": "01310-200", "CLAS_SUB": "PP1", "CNAE": "6410-7/00", "TIP_CC": "SP-Tipo06", "FAS_CON": "ABCN", "GRU_TEN": "BT", "TEN_FORN": "10", "GRU_TAR": "B3", "SIT_ATIV": "AT", "DAT_CON": "26/05/2010", "CAR_INST": 11.0, "LIV": 0, "ARE_LOC": "UB", "TIP_SIST": "RD_INTERLIG", "ENE_01": 5.49, "ENE_02": 30.0, "ENE_03": 100.0, "ENE_04": 37.625, "ENE_05": 23.0, "ENE_06": 100.0, "ENE_07": 21.0, "ENE_08": 29.0, "ENE_09": 100.0, "ENE_10": 100.0, "ENE_11": 9.0, "ENE_12": 100.01, "DIC_01": 0.0, "DIC_02": 0.0, "DIC_03": 0.0, "DIC_04": 0.0, "DIC_05": 0.0, "DIC_06": 0.0, "DIC_07": 0.31, "DIC_08": 0.0, "DIC_09": 0.0, "DIC_10": 0.0, "DIC_11": 0.0, "DIC_12": 0.0, "FIC_01": 0.0, "FIC_02": 0.0, "FIC_03": 0.0, "FIC_04": 0.0, "FIC_05": 0.0, "FIC_06": 0.0, "FIC_07": 2.0, "FIC_08": 0.0, "FIC_09": 0.0, "FIC_10": 0.0, "FIC_11": 0.0, "FIC_12": 0.0, "SEMRED": 0, "DESCR": " ", "COD_ID": "be38c0a5aa8ebb221a8726c80f928b632174b365e83d7067ef786dab1bb3f1f5", "__layer": "UCBT_tab", "lon": null, "lat": null }, "geometry": null },
{ "type": "Feature", "properties": { "DIST": 390, "PAC": "33061008739369866L", "RAMAL": "12297501S1", "PN_CON": "10971152", "UNI_TR_MT": "14373896", "CTMT": "AUG0201", "UNI_TR_AT": "DAUG-EQ-TR2", "SUB": "DAUG", "CONJ": 16596, "MUN": "3550308", "CEG_GD": " ", "BRR": "AV PAULISTA 2064 BELA VISTA", "CEP": "01310-200", "CLAS_SUB": "CO1", "CNAE": "8220-2/00", "TIP_CC": "COM-Tipo05", "FAS_CON": "ABCN", "GRU_TEN": "BT", "TEN_FORN": "10", "GRU_TAR": "B3", "SIT_ATIV": "AT", "DAT_CON": "04/12/2012", "CAR_INST": 47.2, "LIV": 0, "ARE_LOC": "UB", "TIP_SIST": "RD_INTERLIG", "ENE_01": 7640.0, "ENE_02": 7760.0, "ENE_03": 8913.982, "ENE_04": 8720.0, "ENE_05": 8840.0, "ENE_06": 7840.0, "ENE_07": 5913.6, "ENE_08": 4538.4, "ENE_09": 9080.0, "ENE_10": 9640.0, "ENE_11": 5357.2, "ENE_12": 8797.81, "DIC_01": 0.0, "DIC_02": 0.0, "DIC_03": 0.0, "DIC_04": 0.0, "DIC_05": 0.0, "DIC_06": 0.0, "DIC_07": 0.31, "DIC_08": 0.0, "DIC_09": 0.0, "DIC_10": 0.0, "DIC_11": 0.0, "DIC_12": 0.0, "FIC_01": 0.0, "FIC_02": 0.0, "FIC_03": 0.0, "FIC_04": 0.0, "FIC_05": 0.0, "FIC_06": 0.0, "FIC_07": 2.0, "FIC_08": 0.0, "FIC_09": 0.0, "FIC_10": 0.0, "FIC_11": 0.0, "FIC_12": 0.0, "SEMRED": 0, "DESCR": " ", "COD_ID": "1b1131ae64806a44a6283ebbafe94f076303659939158ead5ab269a69303ec2b", "__layer": "UCBT_tab", "lon": null, "lat": null }, "geometry": null },
{ "type": "Feature", "properties": { "DIST": 390, "PAC": "33093860739338162L", "RAMAL": " ", "PN_CON": "1310925", "UNI_TR_MT": "14375157", "CTMT": "AUG0202", "UNI_TR_AT": "DAUG-EQ-TR2", "SUB": "DAUG", "CONJ": 16573, "MUN": "3550308", "CEG_GD": " ", "BRR": "AV PAULISTA 1636 BELA VISTA", "CEP": "01310-200", "CLAS_SUB": "CO1", "CNAE": "4781-4/00", "TIP_CC": "COM-Tipo03", "FAS_CON": "ABN", "GRU_TEN": "BT", "TEN_FORN": "10", "GRU_TAR": "B3", "SIT_ATIV": "AT", "DAT_CON": "14/05/2013", "CAR_INST": 4.8, "LIV": 0, "ARE_LOC": "UB", "TIP_SIST": "RD_INTERLIG", "ENE_01": 994.0, "ENE_02": 771.0, "ENE_03": 1313.182, "ENE_04": 1315.0, "ENE_05": 1564.0, "ENE_06": 627.0, "ENE_07": 577.08, "ENE_08": 549.0, "ENE_09": 856.0, "ENE_10": 1070.0, "ENE_11": 489.11, "ENE_12": 920.9, "DIC_01": 0.0, "DIC_02": 0.0, "DIC_03": 0.0, "DIC_04": 0.0, "DIC_05": 0.0, "DIC_06": 0.0, "DIC_07": 0.0, "DIC_08": 0.0, "DIC_09": 0.0, "DIC_10": 0.0, "DIC_11": 0.0, "DIC_12": 0.0, "FIC_01": 0.0, "FIC_02": 0.0, "FIC_03": 0.0, "FIC_04": 0.0, "FIC_05": 0.0, "FIC_06": 0.0, "FIC_07": 0.0, "FIC_08": 0.0, "FIC_09": 0.0, "FIC_10": 0.0, "FIC_11": 0.0, "FIC_12": 0.0, "SEMRED": 0, "DESCR": " ", "COD_ID": "d438403f3fe771a1ebd67ff7dbc6b437387b8859568e8017bf12f851026e3198", "__layer": "UCBT_tab", "lon": null, "lat": null }, "geometry": null },
{ "type": "Feature", "properties": { "DIST": 390, "PAC": "33093860739338162L", "RAMAL": " ", "PN_CON": "1310925", "UNI_TR_MT": "14375157", "CTMT": "AUG0202", "UNI_TR_AT": "DAUG-EQ-TR2", "SUB": "DAUG", "CONJ": 16573, "MUN": "3550308", "CEG_GD": " ", "BRR": "AV PAULISTA 1636 BELA VISTA", "CEP": "01310-200", "CLAS_SUB": "CO1", "CNAE": "8650-0/04", "TIP_CC": "COM-Tipo02", "FAS_CON": "ABN", "GRU_TEN": "BT", "TEN_FORN": "10", "GRU_TAR": "B3", "SIT_ATIV": "AT", "DAT_CON": "05/08/2013", "CAR_INST": 6.3, "LIV": 0, "ARE_LOC": "UB", "TIP_SIST": "RD_INTERLIG", "ENE_01": 821.0, "ENE_02": 992.0, "ENE_03": 1124.031, "ENE_04": 992.0, "ENE_05": 819.0, "ENE_06": 551.0, "ENE_07": 351.12, "ENE_08": 312.93, "ENE_09": 601.0, "ENE_10": 835.0, "ENE_11": 446.63, "ENE_12": 837.7, "DIC_01": 0.0, "DIC_02": 0.0, "DIC_03": 0.0, "DIC_04": 0.0, "DIC_05": 0.0, "DIC_06": 0.0, "DIC_07": 0.0, "DIC_08": 0.0, "DIC_09": 0.0, "DIC_10": 0.0, "DIC_11": 0.0, "DIC_12": 0.0, "FIC_01": 0.0, "FIC_02": 0.0, "FIC_03": 0.0, "FIC_04": 0.0, "FIC_05": 0.0, "FIC_06": 0.0, "FIC_07": 0.0, "FIC_08": 0.0, "FIC_09": 0.0, "FIC_10": 0.0, "FIC_11": 0.0, "FIC_12": 0.0, "SEMRED": 0, "DESCR": " ", "COD_ID": "02142ade7494cdbed23eb785795c38478e69973d5f4e87a73627d8acbd0c6504", "__layer": "UCBT_tab", "lon": null, "lat": null }, "geometry": null },
{ "type": "Feature", "properties": { "DIST": 390, "PAC": "33093860739338162L", "RAMAL": " ", "PN_CON": "1310925", "UNI_TR_MT": "14375157", "CTMT": "AUG0202", "UNI_TR_AT": "DAUG-EQ-TR2", "SUB": "DAUG", "CONJ": 16573, "MUN": "3550308", "CEG_GD": " ", "BRR": "AV PAULISTA 1636 BELA VISTA", "CEP": "01310-200", "CLAS_SUB": "CO1", "CNAE": "9491-0/00", "TIP_CC": "COM-Tipo05", "FAS_CON": "ABN", "GRU_TEN": "BT", "TEN_FORN": "10", "GRU_TAR": "B3", "SIT_ATIV": "AT", "DAT_CON": "20/01/2014", "CAR_INST": 8.9, "LIV": 0, "ARE_LOC": "UB", "TIP_SIST": "RD_INTERLIG", "ENE_01": 3538.0, "ENE_02": 3808.0, "ENE_03": 4327.63, "ENE_04": 3287.0, "ENE_05": 2939.0, "ENE_06": 1771.0, "ENE_07": 1340.64, "ENE_08": 1135.82, "ENE_09": 3125.0, "ENE_10": 2667.0, "ENE_11": 1495.65, "ENE_12": 2738.79, "DIC_01": 0.0, "DIC_02": 0.0, "DIC_03": 0.0, "DIC_04": 0.0, "DIC_05": 0.0, "DIC_06": 0.0, "DIC_07": 0.28, "DIC_08": 0.0, "DIC_09": 0.0, "DIC_10": 0.0, "DIC_11": 0.0, "DIC_12": 0.0, "FIC_01": 0.0, "FIC_02": 0.0, "FIC_03": 0.0, "FIC_04": 0.0, "FIC_05": 0.0, "FIC_06": 0.0, "FIC_07": 1.0, "FIC_08": 0.0, "FIC_09": 0.0, "FIC_10": 0.0, "FIC_11": 0.0, "FIC_12": 0.0, "SEMRED": 0, "DESCR": " ", "COD_ID": "e1184f4c9f2b4e32a8d8e5f71f16dce8ed3d367a7bb01f04ba67b9910b0239e5", "__layer": "UCBT_tab", "lon": null, "lat": null }, "geometry": null },
{ "type": "Feature", "properties": { "DIST": 390, "PAC": "33085305739347489L", "RAMAL": "12307074S1", "PN_CON": "10971552", "UNI_TR_MT": "14374950", "CTMT": "AUG0202", "UNI_TR_AT": "DAUG-EQ-TR2", "SUB": "DAUG", "CONJ": 16596, "MUN": "3550308", "CEG_GD": " ", "BRR": "AV PAULISTA 1754 BELA VISTA", "CEP": "01310-200", "CLAS_SUB": "RE1", "CNAE": " ", "TIP_CC": "RES-Tipo05", "FAS_CON": "ABC", "GRU_TEN": "BT", "TEN_FORN": "10", "GRU_TAR": "B1", "SIT_ATIV": "AT", "DAT_CON": "21/02/2014", "CAR_INST": 7.3, "LIV": 0, "ARE_LOC": "UB", "TIP_SIST": "RD_INTERLIG", "ENE_01": 1560.55, "ENE_02": 1973.0, "ENE_03": 0.0, "ENE_04": 2178.0, "ENE_05": 4050.0, "ENE_06": 2545.0, "ENE_07": 2441.0, "ENE_08": 2851.0, "ENE_09": 2895.0, "ENE_10": 3204.0, "ENE_11": 2582.0, "ENE_12": 3073.93, "DIC_01": 0.0, "DIC_02": 0.0, "DIC_03": 0.0, "DIC_04": 0.0, "DIC_05": 0.0, "DIC_06": 0.0, "DIC_07": 0.29, "DIC_08": 0.0, "DIC_09": 0.0, "DIC_10": 0.0, "DIC_11": 0.0, "DIC_12": 0.0, "FIC_01": 0.0, "FIC_02": 0.0, "FIC_03": 0.0, "FIC_04": 0.0, "FIC_05": 0.0, "FIC_06": 0.0, "FIC_07": 2.0, "FIC_08": 0.0, "FIC_09": 0.0, "FIC_10": 0.0, "FIC_11": 0.0, "FIC_12": 0.0, "SEMRED": 0, "DESCR": " ", "COD_ID": "1bcd85421944c4d01c7db66ecc52a5fa073ca7f21f101c82fd2c60260e894514", "__layer": "UCBT_tab", "lon": null, "lat": null }, "geometry": null },
{ "type": "Feature", "properties": { "DIST": 390, "PAC": "33071144739360737L", "RAMAL": "12297875S1", "PN_CON": "10971323", "UNI_TR_MT": "14374375", "CTMT": "AUG0201", "UNI_TR_AT": "DAUG-EQ-TR2", "SUB": "DAUG", "CONJ": 16596, "MUN": "3550308", "CEG_GD": " ", "BRR": "AV PAULISTA 2028 BELA VISTA", "CEP": "01310-200", "CLAS_SUB": "CO1", "CNAE": "8211-3/00", "TIP_CC": "COM-Tipo05", "FAS_CON": "ABCN", "GRU_TEN": "BT", "TEN_FORN": "10", "GRU_TAR": "B3", "SIT_ATIV": "AT", "DAT_CON": "18/12/2014", "CAR_INST": 49.6, "LIV": 0, "ARE_LOC": "UB", "TIP_SIST": "RD_INTERLIG", "ENE_01": 3360.0, "ENE_02": 3040.0, "ENE_03": 3304.696, "ENE_04": 3120.0, "ENE_05": 3000.0, "ENE_06": 2680.0, "ENE_07": 1881.6, "ENE_08": 1366.4, "ENE_09": 2560.0, "ENE_10": 3120.0, "ENE_11": 1699.2, "ENE_12": 2677.59, "DIC_01": 0.0, "DIC_02": 0.0, "DIC_03": 0.0, "DIC_04": 0.0, "DIC_05": 0.0, "DIC_06": 0.0, "DIC_07": 0.31, "DIC_08": 0.0, "DIC_09": 0.0, "DIC_10": 0.0, "DIC_11": 0.0, "DIC_12": 0.0, "FIC_01": 0.0, "FIC_02": 0.0, "FIC_03": 0.0, "FIC_04": 0.0, "FIC_05": 0.0, "FIC_06": 0.0, "FIC_07": 2.0, "FIC_08": 0.0, "FIC_09": 0.0, "FIC_10": 0.0, "FIC_11": 0.0, "FIC_12": 0.0, "SEMRED": 0, "DESCR": " ", "COD_ID": "c713544f017b478b5880d2d622f0c88ea4eef6f7719b7ba4f424c760927aaea0", "__layer": "UCBT_tab", "lon": null, "lat": null }, "geometry": null },
{ "type": "Feature", "properties": { "DIST": 390, "PAC": "33065242739366097L", "RAMAL": "12297660S1", "PN_CON": "1309838", "UNI_TR_MT": "14374078", "CTMT": "AUG0202", "UNI_TR_AT": "DAUG-EQ-TR2", "SUB": "DAUG", "CONJ": 16596, "MUN": "3550308", "CEG_GD": " ", "BRR": "AV PAULISTA 2028 BELA VISTA", "CEP": "01310-200", "CLAS_SUB": "CO9", "CNAE": "8112-5/00", "TIP_CC": "COM-Tipo05", "FAS_CON": "ABCN", "GRU_TEN": "BT", "TEN_FORN": "10", "GRU_TAR": "B3", "SIT_ATIV": "AT", "DAT_CON": "18/12/2014", "CAR_INST": 49.6, "LIV": 0, "ARE_LOC": "UB", "TIP_SIST": "RD_INTERLIG", "ENE_01": 4400.0, "ENE_02": 4680.0, "ENE_03": 4652.664, "ENE_04": 5320.0, "ENE_05": 4760.0, "ENE_06": 4600.0, "ENE_07": 2688.0, "ENE_08": 1781.2, "ENE_09": 3400.0, "ENE_10": 3960.0, "ENE_11": 2029.6, "ENE_12": 3289.61, "DIC_01": 0.0, "DIC_02": 0.0, "DIC_03": 0.0, "DIC_04": 0.0, "DIC_05": 0.0, "DIC_06": 0.0, "DIC_07": 0.29, "DIC_08": 0.0, "DIC_09": 0.0, "DIC_10": 0.0, "DIC_11": 0.0, "DIC_12": 0.0, "FIC_01": 0.0, "FIC_02": 0.0, "FIC_03": 0.0, "FIC_04": 0.0, "FIC_05": 0.0, "FIC_06": 0.0, "FIC_07": 2.0, "FIC_08": 0.0, "FIC_09": 0.0, "FIC_10": 0.0, "FIC_11": 0.0, "FIC_12": 0.0, "SEMRED": 0, "DESCR": " ", "COD_ID": "3c5cf69260ca81926bab611bfdcc9e09213cb24f5dafede2de32dc2c69b30297", "__layer": "UCBT_tab", "lon": null, "lat": null }, "geometry": null },
{ "type": "Feature", "properties": { "DIST": 390, "PAC": "33093860739338162L", "RAMAL": " ", "PN_CON": "1310925", "UNI_TR_MT": "14375157", "CTMT": "AUG0202", "UNI_TR_AT": "DAUG-EQ-TR2", "SUB": "DAUG", "CONJ": 16573, "MUN": "3550308", "CEG_GD": " ", "BRR": "AV PAULISTA 1636 BELA VISTA", "CEP": "01310-200", "CLAS_SUB": "RE1", "CNAE": " ", "TIP_CC": "RES-Tipo05", "FAS_CON": "ABN", "GRU_TEN": "BT", "TEN_FORN": "10", "GRU_TAR": "B1", "SIT_ATIV": "AT", "DAT_CON": "15/09/2015", "CAR_INST": 3.5, "LIV": 0, "ARE_LOC": "UB", "TIP_SIST": "RD_INTERLIG", "ENE_01": 287.69, "ENE_02": 494.0, "ENE_03": 568.0, "ENE_04": 460.0, "ENE_05": 378.0, "ENE_06": 254.0, "ENE_07": 222.0, "ENE_08": 257.0, "ENE_09": 327.0, "ENE_10": 388.0, "ENE_11": 404.0, "ENE_12": 434.0, "DIC_01": 0.0, "DIC_02": 0.0, "DIC_03": 0.0, "DIC_04": 0.0, "DIC_05": 0.0, "DIC_06": 0.0, "DIC_07": 0.0, "DIC_08": 0.0, "DIC_09": 0.0, "DIC_10": 0.0, "DIC_11": 0.0, "DIC_12": 0.0, "FIC_01": 0.0, "FIC_02": 0.0, "FIC_03": 0.0, "FIC_04": 0.0, "FIC_05": 0.0, "FIC_06": 0.0, "FIC_07": 0.0, "FIC_08": 0.0, "FIC_09": 0.0, "FIC_10": 0.0, "FIC_11": 0.0, "FIC_12": 0.0, "SEMRED": 0, "DESCR": " ", "COD_ID": "650936f50a179a4b3f0bae3c5178e8195202bb7c8b5d4b1e1562319ee55e3ed9", "__layer": "UCBT_tab", "lon": null, "lat": null }, "geometry": null },
{ "type": "Feature", "properties": { "DIST": 390, "PAC": "33071144739360737L", "RAMAL": "12297875S1", "PN_CON": "10971323", "UNI_TR_MT": "14374375", "CTMT": "AUG0201", "UNI_TR_AT": "DAUG-EQ-TR2", "SUB": "DAUG", "CONJ": 16596, "MUN": "3550308", "CEG_GD": " ", "BRR": "AV PAULISTA 2026 BELA VISTA", "CEP": "01310-200", "CLAS_SUB": "CO1", "CNAE": "6810-2/02", "TIP_CC": "COM-Tipo01", "FAS_CON": "ABCN", "GRU_TEN": "BT", "TEN_FORN": "10", "GRU_TAR": "B3", "SIT_ATIV": "AT", "DAT_CON": "28/09/2015", "CAR_INST": 74.5, "LIV": 0, "ARE_LOC": "UB", "TIP_SIST": "RD_INTERLIG", "ENE_01": 12000.0, "ENE_02": 11920.0, "ENE_03": 12957.886, "ENE_04": 11920.0, "ENE_05": 11760.0, "ENE_06": 100.0, "ENE_07": 84.0, "ENE_08": 61.0, "ENE_09": 9075.0, "ENE_10": 8694.0, "ENE_11": 7024.54, "ENE_12": 11398.9, "DIC_01": 0.0, "DIC_02": 0.0, "DIC_03": 0.0, "DIC_04": 0.0, "DIC_05": 0.0, "DIC_06": 0.0, "DIC_07": 0.31, "DIC_08": 0.0, "DIC_09": 0.0, "DIC_10": 0.0, "DIC_11": 0.0, "DIC_12": 0.0, "FIC_01": 0.0, "FIC_02": 0.0, "FIC_03": 0.0, "FIC_04": 0.0, "FIC_05": 0.0, "FIC_06": 0.0, "FIC_07": 2.0, "FIC_08": 0.0, "FIC_09": 0.0, "FIC_10": 0.0, "FIC_11": 0.0, "FIC_12": 0.0, "SEMRED": 0, "DESCR": " ", "COD_ID": "042764af365767643db30b8ec1fa19fd8821f37f8498cb4b515eb223dc1daf07", "__layer": "UCBT_tab", "lon": null, "lat": null }, "geometry": null },
{ "type": "Feature", "properties": { "DIST": 390, "PAC": "33083328739348867L", "RAMAL": "12307012S1", "PN_CON": "10971520", "UNI_TR_MT": "14374917", "CTMT": "AUG0202", "UNI_TR_AT": "DAUG-EQ-TR2", "SUB": "DAUG", "CONJ": 16596, "MUN": "3550308", "CEG_GD": " ", "BRR": "AV PAULISTA 1776 BELA VISTA", "CEP": "01310-200", "CLAS_SUB": "CO1", "CNAE": "6619-3/02", "TIP_CC": "COM-Tipo02", "FAS_CON": "ABCN", "GRU_TEN": "BT", "TEN_FORN": "10", "GRU_TAR": "B3", "SIT_ATIV": "AT", "DAT_CON": "21/09/2016", "CAR_INST": 28.0, "LIV": 0, "ARE_LOC": "UB", "TIP_SIST": "RD_INTERLIG", "ENE_01": 100.0, "ENE_02": 184.0, "ENE_03": 0.0, "ENE_04": 0.0, "ENE_05": 100.0, "ENE_06": 200.0, "ENE_07": 84.0, "ENE_08": 61.0, "ENE_09": 100.0, "ENE_10": 0.0, "ENE_11": 118.0, "ENE_12": 95.62, "DIC_01": 0.0, "DIC_02": 0.0, "DIC_03": 0.0, "DIC_04": 0.0, "DIC_05": 0.0, "DIC_06": 0.0, "DIC_07": 0.29, "DIC_08": 0.0, "DIC_09": 0.0, "DIC_10": 0.0, "DIC_11": 0.0, "DIC_12": 0.0, "FIC_01": 0.0, "FIC_02": 0.0, "FIC_03": 0.0, "FIC_04": 0.0, "FIC_05": 0.0, "FIC_06": 0.0, "FIC_07": 2.0, "FIC_08": 0.0, "FIC_09": 0.0, "FIC_10": 0.0, "FIC_11": 0.0, "FIC_12": 0.0, "SEMRED": 0, "DESCR": " ", "COD_ID": "1d09a53dfb6db157a75890dff44ceeafdf49a3b4cd9356bb6aa531f80ce9d22d", "__layer": "UCBT_tab", "lon": null, "lat": null }, "geometry": null },
{ "type": "Feature", "properties": { "DIST": 390, "PAC": "33083328739348867L", "RAMAL": "12307012S1", "PN_CON": "10971520", "UNI_TR_MT": "14374917", "CTMT": "AUG0202", "UNI_TR_AT": "DAUG-EQ-TR2", "SUB": "DAUG", "CONJ": 16596, "MUN": "3550308", "CEG_GD": " ", "BRR": "AV PAULISTA 1776 BELA VISTA", "CEP": "01310-200", "CLAS_SUB": "CO1", "CNAE": "7820-5/00", "TIP_CC": "COM-Tipo03", "FAS_CON": "ABN", "GRU_TEN": "BT", "TEN_FORN": "10", "GRU_TAR": "B3", "SIT_ATIV": "AT", "DAT_CON": "21/09/2016", "CAR_INST": 6.0, "LIV": 0, "ARE_LOC": "UB", "TIP_SIST": "RD_INTERLIG", "ENE_01": 884.0, "ENE_02": 738.0, "ENE_03": 1698.005, "ENE_04": 685.0, "ENE_05": 1126.0, "ENE_06": 484.0, "ENE_07": 332.64, "ENE_08": 370.88, "ENE_09": 578.0, "ENE_10": 764.0, "ENE_11": 249.57, "ENE_12": 634.97, "DIC_01": 0.0, "DIC_02": 0.0, "DIC_03": 0.0, "DIC_04": 0.0, "DIC_05": 0.0, "DIC_06": 0.0, "DIC_07": 0.29, "DIC_08": 0.0, "DIC_09": 0.0, "DIC_10": 0.0, "DIC_11": 0.0, "DIC_12": 0.0, "FIC_01": 0.0, "FIC_02": 0.0, "FIC_03": 0.0, "FIC_04": 0.0, "FIC_05": 0.0, "FIC_06": 0.0, "FIC_07": 2.0, "FIC_08": 0.0, "FIC_09": 0.0, "FIC_10": 0.0, "FIC_11": 0.0, "FIC_12": 0.0, "SEMRED": 0, "DESCR": " ", "COD_ID": "b61aeb20cab9807ee324674907c5892be33848ee710652782b69b6723426be66", "__layer": "UCBT_tab", "lon": null, "lat": null }, "geometry": null },
{ "type": "Feature", "properties": { "DIST": 390, "PAC": "33088242739344597L", "RAMAL": "12307182S1", "PN_CON": " ", "UNI_TR_MT": "14375010", "CTMT": "AUG0201", "UNI_TR_AT": "DAUG-EQ-TR2", "SUB": "DAUG", "CONJ": 16596, "MUN": "3550308", "CEG_GD": " ", "BRR": "AV PAULISTA 1728 BELA VISTA", "CEP": "01310-200", "CLAS_SUB": "CO9", "CNAE": "8112-5/00", "TIP_CC": "COM-Tipo01", "FAS_CON": "ABCN", "GRU_TEN": "BT", "TEN_FORN": "10", "GRU_TAR": "B3", "SIT_ATIV": "DS", "DAT_CON": "01/01/1984", "CAR_INST": 345.0, "LIV": 0, "ARE_LOC": "UB", "TIP_SIST": "RD_INTERLIG", "ENE_01": 22116.0, "ENE_02": 21812.0, "ENE_03": 25689.661, "ENE_04": 21672.0, "ENE_05": 22628.0, "ENE_06": 22343.32, "ENE_07": 17519.61, "ENE_08": 13732.32, "ENE_09": 21876.0, "ENE_10": 23520.0, "ENE_11": 11726.84, "ENE_12": 20732.23, "DIC_01": 0.0, "DIC_02": 0.0, "DIC_03": 0.0, "DIC_04": 0.0, "DIC_05": 0.0, "DIC_06": 0.0, "DIC_07": 0.31, "DIC_08": 0.0, "DIC_09": 0.0, "DIC_10": 0.0, "DIC_11": 0.0, "DIC_12": 0.0, "FIC_01": 0.0, "FIC_02": 0.0, "FIC_03": 0.0, "FIC_04": 0.0, "FIC_05": 0.0, "FIC_06": 0.0, "FIC_07": 2.0, "FIC_08": 0.0, "FIC_09": 0.0, "FIC_10": 0.0, "FIC_11": 0.0, "FIC_12": 0.0, "SEMRED": 0, "DESCR": " ", "COD_ID": "e2a5199f8ffe3a619596663ad556ce4820749afe03a3bb28ed271cb6ca26d587", "__layer": "UCBT_tab", "lon": null, "lat": null }, "geometry": null },
{ "type": "Feature", "properties": { "DIST": 390, "PAC": "33085305739347489L", "RAMAL": "12307074S1", "PN_CON": "10971552", "UNI_TR_MT": "14374950", "CTMT": "AUG0202", "UNI_TR_AT": "DAUG-EQ-TR2", "SUB": "DAUG", "CONJ": 16596, "MUN": "3550308", "CEG_GD": " ", "BRR": "AV PAULISTA 1754 BELA VISTA", "CEP": "01310-200", "CLAS_SUB": "CO9", "CNAE": "7020-4/00", "TIP_CC": "COM-Tipo02", "FAS_CON": "ABCN", "GRU_TEN": "BT", "TEN_FORN": "10", "GRU_TAR": "B3", "SIT_ATIV": "DS", "DAT_CON": "01/03/1985", "CAR_INST": 18.5, "LIV": 0, "ARE_LOC": "UB", "TIP_SIST": "RD_INTERLIG", "ENE_01": 450.0, "ENE_02": 500.0, "ENE_03": 847.915, "ENE_04": 470.0, "ENE_05": 510.0, "ENE_06": 290.0, "ENE_07": 184.8, "ENE_08": 213.5, "ENE_09": 400.0, "ENE_10": 440.0, "ENE_11": 218.3, "ENE_12": 487.7, "DIC_01": 0.0, "DIC_02": 0.0, "DIC_03": 0.0, "DIC_04": 0.0, "DIC_05": 0.0, "DIC_06": 0.0, "DIC_07": 0.29, "DIC_08": 0.0, "DIC_09": 0.0, "DIC_10": 0.0, "DIC_11": 0.0, "DIC_12": 0.0, "FIC_01": 0.0, "FIC_02": 0.0, "FIC_03": 0.0, "FIC_04": 0.0, "FIC_05": 0.0, "FIC_06": 0.0, "FIC_07": 2.0, "FIC_08": 0.0, "FIC_09": 0.0, "FIC_10": 0.0, "FIC_11": 0.0, "FIC_12": 0.0, "SEMRED": 0, "DESCR": " ", "COD_ID": "3f3b6d94387dd723f2b75fb07e0a8f0d2bd3a1b741030ad3a87bd4427ff53843", "__layer": "UCBT_tab", "lon": null, "lat": null }, "geometry": null },
{ "type": "Feature", "properties": { "DIST": 390, "PAC": "33085305739347489L", "RAMAL": "12307074S1", "PN_CON": "10971552", "UNI_TR_MT": "14374950", "CTMT": "AUG0202", "UNI_TR_AT": "DAUG-EQ-TR2", "SUB": "DAUG", "CONJ": 16596, "MUN": "3550308", "CEG_GD": " ", "BRR": "AV PAULISTA 1754 BELA VISTA", "CEP": "01310-200", "CLAS_SUB": "RE1", "CNAE": " ", "TIP_CC": "RES-Tipo05", "FAS_CON": "ABCN", "GRU_TEN": "BT", "TEN_FORN": "10", "GRU_TAR": "B1", "SIT_ATIV": "DS", "DAT_CON": "01/10/1984", "CAR_INST": 8.2, "LIV": 0, "ARE_LOC": "UB", "TIP_SIST": "RD_INTERLIG", "ENE_01": 440.29, "ENE_02": 910.0, "ENE_03": 1250.0, "ENE_04": 780.0, "ENE_05": 780.0, "ENE_06": 510.0, "ENE_07": 520.0, "ENE_08": 570.0, "ENE_09": 610.0, "ENE_10": 750.0, "ENE_11": 580.0, "ENE_12": 718.48, "DIC_01": 0.0, "DIC_02": 0.0, "DIC_03": 0.0, "DIC_04": 0.0, "DIC_05": 0.0, "DIC_06": 0.0, "DIC_07": 0.29, "DIC_08": 0.0, "DIC_09": 0.0, "DIC_10": 0.0, "DIC_11": 0.0, "DIC_12": 0.0, "FIC_01": 0.0, "FIC_02": 0.0, "FIC_03": 0.0, "FIC_04": 0.0, "FIC_05": 0.0, "FIC_06": 0.0, "FIC_07": 2.0, "FIC_08": 0.0, "FIC_09": 0.0, "FIC_10": 0.0, "FIC_11": 0.0, "FIC_12": 0.0, "SEMRED": 0, "DESCR": " ", "COD_ID": "bf03ae30f5a2469eb485f0dce7987ee1234971267b4ae95ae1b99281ee7cb6c3", "__layer": "UCBT_tab", "lon": null, "lat": null }, "geometry": null },
{ "type": "Feature", "properties": { "DIST": 390, "PAC": "33085305739347489L", "RAMAL": "12307074S1", "PN_CON": "10971552", "UNI_TR_MT": "14374950", "CTMT": "AUG0202", "UNI_TR_AT": "DAUG-EQ-TR2", "SUB": "DAUG", "CONJ": 16596, "MUN": "3550308", "CEG_GD": " ", "BRR": "AV PAULISTA 1754 BELA VISTA", "CEP": "01310-200", "CLAS_SUB": "CO9", "CNAE": "6821-8/01", "TIP_CC": "COM-Tipo02", "FAS_CON": "ABCN", "GRU_TEN": "BT", "TEN_FORN": "10", "GRU_TAR": "B3", "SIT_ATIV": "DS", "DAT_CON": "01/12/1984", "CAR_INST": 8.2, "LIV": 0, "ARE_LOC": "UB", "TIP_SIST": "RD_INTERLIG", "ENE_01": 484.74, "ENE_02": 561.96, "ENE_03": 807.15, "ENE_04": 398.52, "ENE_05": 582.3, "ENE_06": 296.28, "ENE_07": 256.59, "ENE_08": 247.93, "ENE_09": 475.02, "ENE_10": 476.64, "ENE_11": 181.5, "ENE_12": 423.44, "DIC_01": 0.0, "DIC_02": 0.0, "DIC_03": 0.0, "DIC_04": 0.0, "DIC_05": 0.0, "DIC_06": 0.0, "DIC_07": 0.29, "DIC_08": 0.0, "DIC_09": 0.0, "DIC_10": 0.0, "DIC_11": 0.0, "DIC_12": 0.0, "FIC_01": 0.0, "FIC_02": 0.0, "FIC_03": 0.0, "FIC_04": 0.0, "FIC_05": 0.0, "FIC_06": 0.0, "FIC_07": 2.0, "FIC_08": 0.0, "FIC_09": 0.0, "FIC_10": 0.0, "FIC_11": 0.0, "FIC_12": 0.0, "SEMRED": 0, "DESCR": " ", "COD_ID": "14c4f09daf02c0d402c19f2d24c433b5171bb1d34dfb9722de4d8a37007d5897", "__layer": "UCBT_tab", "lon": null, "lat": null }, "geometry": null },
{ "type": "Feature", "properties": { "DIST": 390, "PAC": "33085305739347489L", "RAMAL": "12307074S1", "PN_CON": "10971552", "UNI_TR_MT": "14374950", "CTMT": "AUG0202", "UNI_TR_AT": "DAUG-EQ-TR2", "SUB": "DAUG", "CONJ": 16596, "MUN": "3550308", "CEG_GD": " ", "BRR": "AV PAULISTA 1754 BELA VISTA", "CEP": "01310-200", "CLAS_SUB": "CO1", "CNAE": "6822-6/00", "TIP_CC": "COM-Tipo02", "FAS_CON": "ABN", "GRU_TEN": "BT", "TEN_FORN": "10", "GRU_TAR": "B3", "SIT_ATIV": "DS", "DAT_CON": "01/01/1980", "CAR_INST": 1.5, "LIV": 0, "ARE_LOC": "UB", "TIP_SIST": "RD_INTERLIG", "ENE_01": 260.0, "ENE_02": 240.0, "ENE_03": 228.285, "ENE_04": 180.0, "ENE_05": 170.0, "ENE_06": 160.0, "ENE_07": 126.0, "ENE_08": 103.7, "ENE_09": 150.0, "ENE_10": 200.0, "ENE_11": 118.0, "ENE_12": 219.94, "DIC_01": 0.0, "DIC_02": 0.0, "DIC_03": 0.0, "DIC_04": 0.0, "DIC_05": 0.0, "DIC_06": 0.0, "DIC_07": 0.29, "DIC_08": 0.0, "DIC_09": 0.0, "DIC_10": 0.0, "DIC_11": 0.0, "DIC_12": 0.0, "FIC_01": 0.0, "FIC_02": 0.0, "FIC_03": 0.0, "FIC_04": 0.0, "FIC_05": 0.0, "FIC_06": 0.0, "FIC_07": 2.0, "FIC_08": 0.0, "FIC_09": 0.0, "FIC_10": 0.0, "FIC_11": 0.0, "FIC_12": 0.0, "SEMRED": 0, "DESCR": " ", "COD_ID": "ab8548216103ce5b199550c308e419a1a55ca005200049c10fbebb742fcbc57a", "__layer": "UCBT_tab", "lon": null, "lat": null }, "geometry": null },
{ "type": "Feature", "properties": { "DIST": 390, "PAC": "33085305739347489L", "RAMAL": "12307074S1", "PN_CON": "10971552", "UNI_TR_MT": "14374950", "CTMT": "AUG0202", "UNI_TR_AT": "DAUG-EQ-TR2", "SUB": "DAUG", "CONJ": 16584, "MUN": "3550308", "CEG_GD": " ", "BRR": "AV PAULISTA 1754 BELA VISTA", "CEP": "01310-200", "CLAS_SUB": "RE1", "CNAE": " ", "TIP_CC": "RES-Tipo01", "FAS_CON": "ABC", "GRU_TEN": "BT", "TEN_FORN": "10", "GRU_TAR": "B1", "SIT_ATIV": "AT", "DAT_CON": "01/01/1980", "CAR_INST": 0.5, "LIV": 0, "ARE_LOC": "UB", "TIP_SIST": "RD_INTERLIG", "ENE_01": 0.0, "ENE_02": 0.0, "ENE_03": 0.0, "ENE_04": 0.0, "ENE_05": 53.0, "ENE_06": 53.0, "ENE_07": 0.0, "ENE_08": 0.0, "ENE_09": 0.0, "ENE_10": 0.0, "ENE_11": 0.0, "ENE_12": 0.0, "DIC_01": 0.0, "DIC_02": 0.0, "DIC_03": 0.0, "DIC_04": 0.0, "DIC_05": 0.0, "DIC_06": 0.0, "DIC_07": 0.0, "DIC_08": 0.0, "DIC_09": 0.0, "DIC_10": 0.0, "DIC_11": 0.0, "DIC_12": 0.0, "FIC_01": 0.0, "FIC_02": 0.0, "FIC_03": 0.0, "FIC_04": 0.0, "FIC_05": 0.0, "FIC_06": 0.0, "FIC_07": 0.0, "FIC_08": 0.0, "FIC_09": 0.0, "FIC_10": 0.0, "FIC_11": 0.0, "FIC_12": 0.0, "SEMRED": 0, "DESCR": " ", "COD_ID": "94cfdec89222625a090338aa43a3d74f6ae6311c4776ef2f829c24b627407a9c", "__layer": "UCBT_tab", "lon": null, "lat": null }, "geometry": null },
{ "type": "Feature", "properties": { "DIST": 390, "PAC": "33085305739347489L", "RAMAL": "12307074S1", "PN_CON": "10971552", "UNI_TR_MT": "14374950", "CTMT": "AUG0202", "UNI_TR_AT": "DAUG-EQ-TR2", "SUB": "DAUG", "CONJ": 16596, "MUN": "3550308", "CEG_GD": " ", "BRR": "AV PAULISTA 1754 BELA VISTA", "CEP": "01310-200", "CLAS_SUB": "CO1", "CNAE": "9411-1/00", "TIP_CC": "COM-Tipo02", "FAS_CON": "ABN", "GRU_TEN": "BT", "TEN_FORN": "10", "GRU_TAR": "B3", "SIT_ATIV": "DS", "DAT_CON": "01/01/1980", "CAR_INST": 2.8, "LIV": 0, "ARE_LOC": "UB", "TIP_SIST": "RD_INTERLIG", "ENE_01": 280.0, "ENE_02": 310.0, "ENE_03": 434.828, "ENE_04": 220.0, "ENE_05": 260.0, "ENE_06": 180.0, "ENE_07": 159.6, "ENE_08": 122.0, "ENE_09": 230.0, "ENE_10": 270.0, "ENE_11": 135.7, "ENE_12": 267.75, "DIC_01": 0.0, "DIC_02": 0.0, "DIC_03": 0.0, "DIC_04": 0.0, "DIC_05": 0.0, "DIC_06": 0.0, "DIC_07": 0.29, "DIC_08": 0.0, "DIC_09": 0.0, "DIC_10": 0.0, "DIC_11": 0.0, "DIC_12": 0.0, "FIC_01": 0.0, "FIC_02": 0.0, "FIC_03": 0.0, "FIC_04": 0.0, "FIC_05": 0.0, "FIC_06": 0.0, "FIC_07": 2.0, "FIC_08": 0.0, "FIC_09": 0.0, "FIC_10": 0.0, "FIC_11": 0.0, "FIC_12": 0.0, "SEMRED": 0, "DESCR": " ", "COD_ID": "57dadaff848c4b0e008ccf115e367a64eb144f0d6f49fea93ff742e979d1d825", "__layer": "UCBT_tab", "lon": null, "lat": null }, "geometry": null },
{ "type": "Feature", "properties": { "DIST": 390, "PAC": "33085305739347489L", "RAMAL": "12307074S1", "PN_CON": "10971552", "UNI_TR_MT": "14374950", "CTMT": "AUG0202", "UNI_TR_AT": "DAUG-EQ-TR2", "SUB": "DAUG", "CONJ": 16596, "MUN": "3550308", "CEG_GD": " ", "BRR": "AV PAULISTA 1754 BELA VISTA", "CEP": "01310-200", "CLAS_SUB": "CO9", "CNAE": "9420-1/00", "TIP_CC": "COM-Tipo02", "FAS_CON": "ABCN", "GRU_TEN": "BT", "TEN_FORN": "10", "GRU_TAR": "B3", "SIT_ATIV": "DS", "DAT_CON": "01/09/1983", "CAR_INST": 5.6, "LIV": 0, "ARE_LOC": "UB", "TIP_SIST": "RD_INTERLIG", "ENE_01": 320.0, "ENE_02": 420.0, "ENE_03": 663.113, "ENE_04": 290.0, "ENE_05": 330.0, "ENE_06": 190.0, "ENE_07": 100.8, "ENE_08": 97.6, "ENE_09": 210.0, "ENE_10": 300.0, "ENE_11": 123.9, "ENE_12": 219.94, "DIC_01": 0.0, "DIC_02": 0.0, "DIC_03": 0.0, "DIC_04": 0.0, "DIC_05": 0.0, "DIC_06": 0.0, "DIC_07": 0.29, "DIC_08": 0.0, "DIC_09": 0.0, "DIC_10": 0.0, "DIC_11": 0.0, "DIC_12": 0.0, "FIC_01": 0.0, "FIC_02": 0.0, "FIC_03": 0.0, "FIC_04": 0.0, "FIC_05": 0.0, "FIC_06": 0.0, "FIC_07": 2.0, "FIC_08": 0.0, "FIC_09": 0.0, "FIC_10": 0.0, "FIC_11": 0.0, "FIC_12": 0.0, "SEMRED": 0, "DESCR": " ", "COD_ID": "1e53517e66d4bfe1cf355d737bf80a5b2857e519eb69003bd0155b2ec10cd0f5", "__layer": "UCBT_tab", "lon": null, "lat": null }, "geometry": null },
{ "type": "Feature", "properties": { "DIST": 390, "PAC": "33085305739347489L", "RAMAL": "12307074S1", "PN_CON": "10971552", "UNI_TR_MT": "14374950", "CTMT": "AUG0202", "UNI_TR_AT": "DAUG-EQ-TR2", "SUB": "DAUG", "CONJ": 16596, "MUN": "3550308", "CEG_GD": " ", "BRR": "AV PAULISTA 1754 BELA VISTA", "CEP": "01310-200", "CLAS_SUB": "CO9", "CNAE": "6499-9/99", "TIP_CC": "COM-Tipo01", "FAS_CON": "ABCN", "GRU_TEN": "BT", "TEN_FORN": "10", "GRU_TAR": "B3", "SIT_ATIV": "DS", "DAT_CON": "01/11/1988", "CAR_INST": 191.9, "LIV": 0, "ARE_LOC": "UB", "TIP_SIST": "RD_INTERLIG", "ENE_01": 23400.0, "ENE_02": 20400.0, "ENE_03": 26741.946, "ENE_04": 21240.0, "ENE_05": 23400.0, "ENE_06": 14280.0, "ENE_07": 12801.6, "ENE_08": 9735.6, "ENE_09": 16440.0, "ENE_10": 19080.0, "ENE_11": 9628.8, "ENE_12": 16639.34, "DIC_01": 0.0, "DIC_02": 0.0, "DIC_03": 0.0, "DIC_04": 0.0, "DIC_05": 0.0, "DIC_06": 32.3, "DIC_07": 0.29, "DIC_08": 0.0, "DIC_09": 0.0, "DIC_10": 0.0, "DIC_11": 0.0, "DIC_12": 0.0, "FIC_01": 0.0, "FIC_02": 0.0, "FIC_03": 0.0, "FIC_04": 0.0, "FIC_05": 0.0, "FIC_06": 1.0, "FIC_07": 2.0, "FIC_08": 0.0, "FIC_09": 0.0, "FIC_10": 0.0, "FIC_11": 0.0, "FIC_12": 0.0, "SEMRED": 0, "DESCR": " ", "COD_ID": "046325f4258e52582fd8eb38de8bca244b3b2488ae22e310ce45781b443f3731", "__layer": "UCBT_tab", "lon": null, "lat": null }, "geometry": null },
{ "type": "Feature", "properties": { "DIST": 390, "PAC": "33085305739347489L", "RAMAL": "12307074S1", "PN_CON": "10971552", "UNI_TR_MT": "14374950", "CTMT": "AUG0202", "UNI_TR_AT": "DAUG-EQ-TR2", "SUB": "DAUG", "CONJ": 16596, "MUN": "3550308", "CEG_GD": " ", "BRR": "AV PAULISTA 1754 BELA VISTA", "CEP": "01310-200", "CLAS_SUB": "RE1", "CNAE": " ", "TIP_CC": "RES-Tipo05", "FAS_CON": "ABCN", "GRU_TEN": "BT", "TEN_FORN": "10", "GRU_TAR": "B1", "SIT_ATIV": "DS", "DAT_CON": "01/03/1984", "CAR_INST": 17.3, "LIV": 0, "ARE_LOC": "UB", "TIP_SIST": "RD_INTERLIG", "ENE_01": 3.5, "ENE_02": 50.0, "ENE_03": 50.0, "ENE_04": 27.0, "ENE_05": 27.0, "ENE_06": 50.0, "ENE_07": 23.0, "ENE_08": 105.0, "ENE_09": 11.0, "ENE_10": 18.0, "ENE_11": 50.0, "ENE_12": 0.0, "DIC_01": 0.0, "DIC_02": 0.0, "DIC_03": 0.0, "DIC_04": 0.0, "DIC_05": 0.0, "DIC_06": 0.0, "DIC_07": 0.29, "DIC_08": 0.0, "DIC_09": 0.0, "DIC_10": 0.0, "DIC_11": 0.0, "DIC_12": 0.0, "FIC_01": 0.0, "FIC_02": 0.0, "FIC_03": 0.0, "FIC_04": 0.0, "FIC_05": 0.0, "FIC_06": 0.0, "FIC_07": 2.0, "FIC_08": 0.0, "FIC_09": 0.0, "FIC_10": 0.0, "FIC_11": 0.0, "FIC_12": 0.0, "SEMRED": 0, "DESCR": " ", "COD_ID": "d855ec881e57cd4762112709c7bb71c23a07d5417b20497ccdf4af1cda12078a", "__layer": "UCBT_tab", "lon": null, "lat": null }, "geometry": null },
{ "type": "Feature", "properties": { "DIST": 390, "PAC": "33084775739339765L", "RAMAL": "12307084S1", "PN_CON": "1310571", "UNI_TR_MT": "14375004", "CTMT": "IBP0201", "UNI_TR_AT": "DIBP-EQ-TR1", "SUB": "DIBP", "CONJ": 16584, "MUN": "3550308", "CEG_GD": " ", "BRR": "AV PAULISTA 1776 BELA VISTA", "CEP": "01310-200", "CLAS_SUB": "CO1", "CNAE": "4783-1/01", "TIP_CC": "COM-Tipo03", "FAS_CON": "ABN", "GRU_TEN": "BT", "TEN_FORN": "10", "GRU_TAR": "B3", "SIT_ATIV": "AT", "DAT_CON": "01/12/1973", "CAR_INST": 6.6, "LIV": 0, "ARE_LOC": "UB", "TIP_SIST": "RD_INTERLIG", "ENE_01": 1320.0, "ENE_02": 1408.0, "ENE_03": 1547.989, "ENE_04": 980.0, "ENE_05": 1232.0, "ENE_06": 757.0, "ENE_07": 462.0, "ENE_08": 312.93, "ENE_09": 475.0, "ENE_10": 940.0, "ENE_11": 213.58, "ENE_12": 587.15, "DIC_01": 0.0, "DIC_02": 0.0, "DIC_03": 0.0, "DIC_04": 0.0, "DIC_05": 0.0, "DIC_06": 0.0, "DIC_07": 0.0, "DIC_08": 0.0, "DIC_09": 0.0, "DIC_10": 0.0, "DIC_11": 0.0, "DIC_12": 0.0, "FIC_01": 0.0, "FIC_02": 0.0, "FIC_03": 0.0, "FIC_04": 0.0, "FIC_05": 0.0, "FIC_06": 0.0, "FIC_07": 0.0, "FIC_08": 0.0, "FIC_09": 0.0, "FIC_10": 0.0, "FIC_11": 0.0, "FIC_12": 0.0, "SEMRED": 0, "DESCR": " ", "COD_ID": "2e47064dccdb6e0d24938d216c6df2bba981aece0a0b562a76912d48ccbcab90", "__layer": "UCBT_tab", "lon": null, "lat": null }, "geometry": null },
{ "type": "Feature", "properties": { "DIST": 390, "PAC": "33084775739339765L", "RAMAL": "12307084S1", "PN_CON": "1310571", "UNI_TR_MT": "14375004", "CTMT": "IBP0201", "UNI_TR_AT": "DIBP-EQ-TR1", "SUB": "DIBP", "CONJ": 16584, "MUN": "3550308", "CEG_GD": " ", "BRR": "AV PAULISTA 1776 BELA VISTA", "CEP": "01310-200", "CLAS_SUB": "CO1", "CNAE": "7112-0/00", "TIP_CC": "COM-Tipo05", "FAS_CON": "AB", "GRU_TEN": "BT", "TEN_FORN": "10", "GRU_TAR": "B3", "SIT_ATIV": "AT", "DAT_CON": "01/08/1973", "CAR_INST": 8.4, "LIV": 0, "ARE_LOC": "UB", "TIP_SIST": "RD_INTERLIG", "ENE_01": 2934.0, "ENE_02": 2471.0, "ENE_03": 3439.493, "ENE_04": 1979.0, "ENE_05": 2574.0, "ENE_06": 1614.0, "ENE_07": 1179.36, "ENE_08": 1044.32, "ENE_09": 1748.0, "ENE_10": 1913.0, "ENE_11": 781.16, "ENE_12": 1909.69, "DIC_01": 0.0, "DIC_02": 0.0, "DIC_03": 0.0, "DIC_04": 0.0, "DIC_05": 0.0, "DIC_06": 0.0, "DIC_07": 0.0, "DIC_08": 0.0, "DIC_09": 0.0, "DIC_10": 0.0, "DIC_11": 0.0, "DIC_12": 0.0, "FIC_01": 0.0, "FIC_02": 0.0, "FIC_03": 0.0, "FIC_04": 0.0, "FIC_05": 0.0, "FIC_06": 0.0, "FIC_07": 0.0, "FIC_08": 0.0, "FIC_09": 0.0, "FIC_10": 0.0, "FIC_11": 0.0, "FIC_12": 0.0, "SEMRED": 0, "DESCR": " ", "COD_ID": "f0ee4be9cff49d347d3d776e39e153180fecc9224974af81b4fe6287cdf6f4df", "__layer": "UCBT_tab", "lon": null, "lat": null }, "geometry": null },
{ "type": "Feature", "properties": { "DIST": 390, "PAC": "33083328739348867L", "RAMAL": "12307012S1", "PN_CON": "10971520", "UNI_TR_MT": "14374917", "CTMT": "AUG0202", "UNI_TR_AT": "DAUG-EQ-TR2", "SUB": "DAUG", "CONJ": 16596, "MUN": "3550308", "CEG_GD": " ", "BRR": "AV PAULISTA 1776 BELA VISTA", "CEP": "01310-200", "CLAS_SUB": "CO9", "CNAE": "8211-3/00", "TIP_CC": "COM-Tipo05", "FAS_CON": "ABCN", "GRU_TEN": "BT", "TEN_FORN": "10", "GRU_TAR": "B3", "SIT_ATIV": "DS", "DAT_CON": "01/08/1984", "CAR_INST": 4.0, "LIV": 0, "ARE_LOC": "UB", "TIP_SIST": "RD_INTERLIG", "ENE_01": 2430.0, "ENE_02": 2556.0, "ENE_03": 2752.464, "ENE_04": 2383.0, "ENE_05": 2600.0, "ENE_06": 2538.0, "ENE_07": 2045.4, "ENE_08": 1528.66, "ENE_09": 2324.0, "ENE_10": 2729.0, "ENE_11": 1442.55, "ENE_12": 2422.26, "DIC_01": 0.0, "DIC_02": 0.0, "DIC_03": 0.0, "DIC_04": 0.0, "DIC_05": 0.0, "DIC_06": 0.0, "DIC_07": 0.29, "DIC_08": 0.0, "DIC_09": 0.0, "DIC_10": 0.0, "DIC_11": 0.0, "DIC_12": 0.0, "FIC_01": 0.0, "FIC_02": 0.0, "FIC_03": 0.0, "FIC_04": 0.0, "FIC_05": 0.0, "FIC_06": 0.0, "FIC_07": 2.0, "FIC_08": 0.0, "FIC_09": 0.0, "FIC_10": 0.0, "FIC_11": 0.0, "FIC_12": 0.0, "SEMRED": 0, "DESCR": " ", "COD_ID": "2298266368a94e1b1faac554309a50ac8aa0211895612cf1c0707a1d367521f0", "__layer": "UCBT_tab", "lon": null, "lat": null }, "geometry": null },
{ "type": "Feature", "properties": { "DIST": 390, "PAC": "33073873739357834L", "RAMAL": "12298004S1", "PN_CON": "10971365", "UNI_TR_MT": "14374600", "CTMT": "AUG0201", "UNI_TR_AT": "DAUG-EQ-TR2", "SUB": "DAUG", "CONJ": 16596, "MUN": "3550308", "CEG_GD": " ", "BRR": "AV PAULISTA 1912 BELA VISTA", "CEP": "01310-200", "CLAS_SUB": "CO1", "CNAE": "6810-2/02", "TIP_CC": "COM-Tipo03", "FAS_CON": "ABCN", "GRU_TEN": "BT", "TEN_FORN": "10", "GRU_TAR": "B3", "SIT_ATIV": "DS", "DAT_CON": "01/11/1983", "CAR_INST": 22.4, "LIV": 0, "ARE_LOC": "UB", "TIP_SIST": "RD_INTERLIG", "ENE_01": 30.0, "ENE_02": 100.0, "ENE_03": 108.707, "ENE_04": 190.0, "ENE_05": 180.0, "ENE_06": 210.0, "ENE_07": 84.0, "ENE_08": 61.0, "ENE_09": 0.0, "ENE_10": 15680.0, "ENE_11": 1775.9, "ENE_12": 3184.42, "DIC_01": 0.0, "DIC_02": 0.0, "DIC_03": 0.0, "DIC_04": 0.0, "DIC_05": 0.0, "DIC_06": 0.0, "DIC_07": 0.31, "DIC_08": 0.0, "DIC_09": 0.0, "DIC_10": 0.0, "DIC_11": 0.0, "DIC_12": 0.0, "FIC_01": 0.0, "FIC_02": 0.0, "FIC_03": 0.0, "FIC_04": 0.0, "FIC_05": 0.0, "FIC_06": 0.0, "FIC_07": 2.0, "FIC_08": 0.0, "FIC_09": 0.0, "FIC_10": 0.0, "FIC_11": 0.0, "FIC_12": 0.0, "SEMRED": 0, "DESCR": " ", "COD_ID": "5c733363c1b6d858a6572c8ccaea5721b59146be25d27394c3879b69354bc75e", "__layer": "UCBT_tab", "lon": null, "lat": null }, "geometry": null },
{ "type": "Feature", "properties": { "DIST": 390, "PAC": "33073873739357834L", "RAMAL": "12298004S1", "PN_CON": "10971365", "UNI_TR_MT": "14374600", "CTMT": "AUG0201", "UNI_TR_AT": "DAUG-EQ-TR2", "SUB": "DAUG", "CONJ": 16596, "MUN": "3550308", "CEG_GD": " ", "BRR": "AV PAULISTA 1912 BELA VISTA", "CEP": "01310-200", "CLAS_SUB": "CO1", "CNAE": "6810-2/02", "TIP_CC": "COM-Tipo02", "FAS_CON": "ABCN", "GRU_TEN": "BT", "TEN_FORN": "10", "GRU_TAR": "B3", "SIT_ATIV": "DS", "DAT_CON": "01/03/1985", "CAR_INST": 23.2, "LIV": 0, "ARE_LOC": "UB", "TIP_SIST": "RD_INTERLIG", "ENE_01": 639.0, "ENE_02": 1327.86, "ENE_03": 1673.595, "ENE_04": 1318.86, "ENE_05": 1404.18, "ENE_06": 1383.48, "ENE_07": 1077.3, "ENE_08": 777.6, "ENE_09": 1220.94, "ENE_10": 1469.34, "ENE_11": 698.69, "ENE_12": 1249.15, "DIC_01": 0.0, "DIC_02": 0.0, "DIC_03": 0.0, "DIC_04": 0.0, "DIC_05": 0.0, "DIC_06": 0.0, "DIC_07": 0.31, "DIC_08": 0.0, "DIC_09": 0.0, "DIC_10": 0.0, "DIC_11": 0.0, "DIC_12": 0.0, "FIC_01": 0.0, "FIC_02": 0.0, "FIC_03": 0.0, "FIC_04": 0.0, "FIC_05": 0.0, "FIC_06": 0.0, "FIC_07": 2.0, "FIC_08": 0.0, "FIC_09": 0.0, "FIC_10": 0.0, "FIC_11": 0.0, "FIC_12": 0.0, "SEMRED": 0, "DESCR": " ", "COD_ID": "9d6f7e9256c0794b658c370956a631005b4bd307d765de94b1be5692530ae3f8", "__layer": "UCBT_tab", "lon": null, "lat": null }, "geometry": null },
{ "type": "Feature", "properties": { "DIST": 390, "PAC": "33071144739360737L", "RAMAL": "12297875S1", "PN_CON": "10971323", "UNI_TR_MT": "14374375", "CTMT": "AUG0201", "UNI_TR_AT": "DAUG-EQ-TR2", "SUB": "DAUG", "CONJ": 16596, "MUN": "3550308", "CEG_GD": " ", "BRR": "AV PAULISTA 2006 BELA VISTA", "CEP": "01310-200", "CLAS_SUB": "CO9", "CNAE": "8112-5/00", "TIP_CC": "COM-Tipo04", "FAS_CON": "ABCN", "GRU_TEN": "BT", "TEN_FORN": "10", "GRU_TAR": "B3", "SIT_ATIV": "DS", "DAT_CON": "01/10/1972", "CAR_INST": 136.8, "LIV": 0, "ARE_LOC": "UB", "TIP_SIST": "RD_INTERLIG", "ENE_01": 8864.0, "ENE_02": 9393.6, "ENE_03": 10863.759, "ENE_04": 9028.8, "ENE_05": 9808.0, "ENE_06": 8646.4, "ENE_07": 7034.5, "ENE_08": 5781.82, "ENE_09": 8828.8, "ENE_10": 10761.6, "ENE_11": 5008.86, "ENE_12": 8889.61, "DIC_01": 0.0, "DIC_02": 0.0, "DIC_03": 0.0, "DIC_04": 0.0, "DIC_05": 0.0, "DIC_06": 0.0, "DIC_07": 0.31, "DIC_08": 0.0, "DIC_09": 0.0, "DIC_10": 0.0, "DIC_11": 0.0, "DIC_12": 0.0, "FIC_01": 0.0, "FIC_02": 0.0, "FIC_03": 0.0, "FIC_04": 0.0, "FIC_05": 0.0, "FIC_06": 0.0, "FIC_07": 2.0, "FIC_08": 0.0, "FIC_09": 0.0, "FIC_10": 0.0, "FIC_11": 0.0, "FIC_12": 0.0, "SEMRED": 0, "DESCR": " ", "COD_ID": "55b216b6bc02e7d070f6b8c83c3649bf0ef061a58ebc6c942f9e314f0ee33f47", "__layer": "UCBT_tab", "lon": null, "lat": null }, "geometry": null },
{ "type": "Feature", "properties": { "DIST": 390, "PAC": "33071144739360737L", "RAMAL": "12297875S1", "PN_CON": "10971323", "UNI_TR_MT": "14374375", "CTMT": "AUG0201", "UNI_TR_AT": "DAUG-EQ-TR2", "SUB": "DAUG", "CONJ": 16596, "MUN": "3550308", "CEG_GD": " ", "BRR": "AV PAULISTA 2006 BELA VISTA", "CEP": "01310-200", "CLAS_SUB": "CO9", "CNAE": "6821-8/01", "TIP_CC": "COM-Tipo02", "FAS_CON": "BCN", "GRU_TEN": "BT", "TEN_FORN": "10", "GRU_TAR": "B3", "SIT_ATIV": "DS", "DAT_CON": "01/01/1973", "CAR_INST": 2.7, "LIV": 0, "ARE_LOC": "UB", "TIP_SIST": "RD_INTERLIG", "ENE_01": 240.0, "ENE_02": 320.0, "ENE_03": 500.053, "ENE_04": 350.0, "ENE_05": 410.0, "ENE_06": 290.0, "ENE_07": 260.4, "ENE_08": 195.2, "ENE_09": 360.0, "ENE_10": 390.0, "ENE_11": 171.1, "ENE_12": 306.01, "DIC_01": 0.0, "DIC_02": 0.0, "DIC_03": 0.0, "DIC_04": 0.0, "DIC_05": 0.0, "DIC_06": 0.0, "DIC_07": 0.31, "DIC_08": 0.0, "DIC_09": 0.0, "DIC_10": 0.0, "DIC_11": 0.0, "DIC_12": 0.0, "FIC_01": 0.0, "FIC_02": 0.0, "FIC_03": 0.0, "FIC_04": 0.0, "FIC_05": 0.0, "FIC_06": 0.0, "FIC_07": 2.0, "FIC_08": 0.0, "FIC_09": 0.0, "FIC_10": 0.0, "FIC_11": 0.0, "FIC_12": 0.0, "SEMRED": 0, "DESCR": " ", "COD_ID": "1a5654fcc6ff3ae35140ff7fc4414216cacc64b7315f3a05eaf8d81d88d377f0", "__layer": "UCBT_tab", "lon": null, "lat": null }, "geometry": null },
{ "type": "Feature", "properties": { "DIST": 390, "PAC": "33071144739360737L", "RAMAL": "12297875S1", "PN_CON": "10971323", "UNI_TR_MT": "14374375", "CTMT": "AUG0201", "UNI_TR_AT": "DAUG-EQ-TR2", "SUB": "DAUG", "CONJ": 16596, "MUN": "3550308", "CEG_GD": " ", "BRR": "AV PAULISTA 2006 BELA VISTA", "CEP": "01310-200", "CLAS_SUB": "RE1", "CNAE": " ", "TIP_CC": "RES-Tipo02", "FAS_CON": "BCN", "GRU_TEN": "BT", "TEN_FORN": "10", "GRU_TAR": "B1", "SIT_ATIV": "DS", "DAT_CON": "01/03/1974", "CAR_INST": 5.2, "LIV": 0, "ARE_LOC": "UB", "TIP_SIST": "RD_INTERLIG", "ENE_01": 60.04, "ENE_02": 170.0, "ENE_03": 170.0, "ENE_04": 150.0, "ENE_05": 120.0, "ENE_06": 130.0, "ENE_07": 130.0, "ENE_08": 120.0, "ENE_09": 110.0, "ENE_10": 170.0, "ENE_11": 120.0, "ENE_12": 116.51, "DIC_01": 0.0, "DIC_02": 0.0, "DIC_03": 0.0, "DIC_04": 0.0, "DIC_05": 0.0, "DIC_06": 0.0, "DIC_07": 0.31, "DIC_08": 0.0, "DIC_09": 0.0, "DIC_10": 0.0, "DIC_11": 0.0, "DIC_12": 0.0, "FIC_01": 0.0, "FIC_02": 0.0, "FIC_03": 0.0, "FIC_04": 0.0, "FIC_05": 0.0, "FIC_06": 0.0, "FIC_07": 2.0, "FIC_08": 0.0, "FIC_09": 0.0, "FIC_10": 0.0, "FIC_11": 0.0, "FIC_12": 0.0, "SEMRED": 0, "DESCR": " ", "COD_ID": "1401f2f7d756c00d7a14ca9fcbc2b0ca4db497edb3b6452a53a2db5f16adf2d2", "__layer": "UCBT_tab", "lon": null, "lat": null }, "geometry": null },
{ "type": "Feature", "properties": { "DIST": 390, "PAC": "33071144739360737L", "RAMAL": "12297875S1", "PN_CON": "10971323", "UNI_TR_MT": "14374375", "CTMT": "AUG0201", "UNI_TR_AT": "DAUG-EQ-TR2", "SUB": "DAUG", "CONJ": 16596, "MUN": "3550308", "CEG_GD": " ", "BRR": "AV PAULISTA 2006 BELA VISTA", "CEP": "01310-200", "CLAS_SUB": "CO1", "CNAE": "9512-6/00", "TIP_CC": "COM-Tipo02", "FAS_CON": "ABN", "GRU_TEN": "BT", "TEN_FORN": "10", "GRU_TAR": "B3", "SIT_ATIV": "DS", "DAT_CON": "01/07/1973", "CAR_INST": 7.9, "LIV": 0, "ARE_LOC": "UB", "TIP_SIST": "RD_INTERLIG", "ENE_01": 202.0, "ENE_02": 208.0, "ENE_03": 335.905, "ENE_04": 182.0, "ENE_05": 229.0, "ENE_06": 144.0, "ENE_07": 108.36, "ENE_08": 81.74, "ENE_09": 163.0, "ENE_10": 180.0, "ENE_11": 82.01, "ENE_12": 137.7, "DIC_01": 0.0, "DIC_02": 0.0, "DIC_03": 0.0, "DIC_04": 0.0, "DIC_05": 0.0, "DIC_06": 0.0, "DIC_07": 0.31, "DIC_08": 0.0, "DIC_09": 0.0, "DIC_10": 0.0, "DIC_11": 0.0, "DIC_12": 0.0, "FIC_01": 0.0, "FIC_02": 0.0, "FIC_03": 0.0, "FIC_04": 0.0, "FIC_05": 0.0, "FIC_06": 0.0, "FIC_07": 2.0, "FIC_08": 0.0, "FIC_09": 0.0, "FIC_10": 0.0, "FIC_11": 0.0, "FIC_12": 0.0, "SEMRED": 0, "DESCR": " ", "COD_ID": "6c2e4c9389457fb35d67f391b8748ca95b547c695f9550bd94a65a65b4f66e4e", "__layer": "UCBT_tab", "lon": null, "lat": null }, "geometry": null },
{ "type": "Feature", "properties": { "DIST": 390, "PAC": "33071144739360737L", "RAMAL": "12297875S1", "PN_CON": "10971323", "UNI_TR_MT": "14374375", "CTMT": "AUG0201", "UNI_TR_AT": "DAUG-EQ-TR2", "SUB": "DAUG", "CONJ": 16596, "MUN": "3550308", "CEG_GD": " ", "BRR": "AV PAULISTA 2006 BELA VISTA", "CEP": "01310-200", "CLAS_SUB": "RE1", "CNAE": " ", "TIP_CC": "RES-Tipo01", "FAS_CON": "CAN", "GRU_TEN": "BT", "TEN_FORN": "10", "GRU_TAR": "B1", "SIT_ATIV": "DS", "DAT_CON": "01/08/1973", "CAR_INST": 2.7, "LIV": 0, "ARE_LOC": "UB", "TIP_SIST": "RD_INTERLIG", "ENE_01": 5.0, "ENE_02": 50.0, "ENE_03": 20.0, "ENE_04": 10.0, "ENE_05": 20.0, "ENE_06": 10.0, "ENE_07": 20.0, "ENE_08": 10.0, "ENE_09": 10.0, "ENE_10": 20.0, "ENE_11": 50.0, "ENE_12": 19.41, "DIC_01": 0.0, "DIC_02": 0.0, "DIC_03": 0.0, "DIC_04": 0.0, "DIC_05": 0.0, "DIC_06": 0.0, "DIC_07": 0.31, "DIC_08": 0.0, "DIC_09": 0.0, "DIC_10": 0.0, "DIC_11": 0.0, "DIC_12": 0.0, "FIC_01": 0.0, "FIC_02": 0.0, "FIC_03": 0.0, "FIC_04": 0.0, "FIC_05": 0.0, "FIC_06": 0.0, "FIC_07": 2.0, "FIC_08": 0.0, "FIC_09": 0.0, "FIC_10": 0.0, "FIC_11": 0.0, "FIC_12": 0.0, "SEMRED": 0, "DESCR": " ", "COD_ID": "7e558994e3ebfd94d7316f19739993d6be84e2a3ce730746615d11d4bc800b52", "__layer": "UCBT_tab", "lon": null, "lat": null }, "geometry": null },
{ "type": "Feature", "properties": { "DIST": 390, "PAC": "33071144739360737L", "RAMAL": "12297875S1", "PN_CON": "10971323", "UNI_TR_MT": "14374375", "CTMT": "AUG0201", "UNI_TR_AT": "DAUG-EQ-TR2", "SUB": "DAUG", "CONJ": 16596, "MUN": "3550308", "CEG_GD": " ", "BRR": "AV PAULISTA 2006 BELA VISTA", "CEP": "01310-200", "CLAS_SUB": "RE1", "CNAE": " ", "TIP_CC": "RES-Tipo01", "FAS_CON": "ABN", "GRU_TEN": "BT", "TEN_FORN": "10", "GRU_TAR": "B1", "SIT_ATIV": "DS", "DAT_CON": "01/05/1973", "CAR_INST": 6.4, "LIV": 0, "ARE_LOC": "UB", "TIP_SIST": "RD_INTERLIG", "ENE_01": 28.51, "ENE_02": 54.0, "ENE_03": 67.0, "ENE_04": 54.0, "ENE_05": 73.0, "ENE_06": 58.0, "ENE_07": 56.0, "ENE_08": 59.0, "ENE_09": 58.0, "ENE_10": 74.0, "ENE_11": 50.0, "ENE_12": 67.96, "DIC_01": 0.0, "DIC_02": 0.0, "DIC_03": 0.0, "DIC_04": 0.0, "DIC_05": 0.0, "DIC_06": 0.0, "DIC_07": 0.31, "DIC_08": 0.0, "DIC_09": 0.0, "DIC_10": 0.0, "DIC_11": 0.0, "DIC_12": 0.0, "FIC_01": 0.0, "FIC_02": 0.0, "FIC_03": 0.0, "FIC_04": 0.0, "FIC_05": 0.0, "FIC_06": 0.0, "FIC_07": 2.0, "FIC_08": 0.0, "FIC_09": 0.0, "FIC_10": 0.0, "FIC_11": 0.0, "FIC_12": 0.0, "SEMRED": 0, "DESCR": " ", "COD_ID": "7ad1a240c789eb906a4e2db784143ede275a947e97dfe70e49e7a9eb5100d242", "__layer": "UCBT_tab", "lon": null, "lat": null }, "geometry": null },
{ "type": "Feature", "properties": { "DIST": 390, "PAC": "33071144739360737L", "RAMAL": "12297875S1", "PN_CON": "10971323", "UNI_TR_MT": "14374375", "CTMT": "AUG0201", "UNI_TR_AT": "DAUG-EQ-TR2", "SUB": "DAUG", "CONJ": 16584, "MUN": "3550308", "CEG_GD": " ", "BRR": "AV PAULISTA 2006 BELA VISTA", "CEP": "01310-200", "CLAS_SUB": "RE1", "CNAE": " ", "TIP_CC": "COM-Tipo02", "FAS_CON": "CAN", "GRU_TEN": "BT", "TEN_FORN": "10", "GRU_TAR": "B1", "SIT_ATIV": "AT", "DAT_CON": "01/03/1973", "CAR_INST": 2.6, "LIV": 0, "ARE_LOC": "UB", "TIP_SIST": "RD_INTERLIG", "ENE_01": 45.03, "ENE_02": 80.0, "ENE_03": 60.0, "ENE_04": 50.0, "ENE_05": 60.0, "ENE_06": 0.0, "ENE_07": 0.0, "ENE_08": 0.0, "ENE_09": 0.0, "ENE_10": 120.0, "ENE_11": 49.0, "ENE_12": 70.87, "DIC_01": 0.0, "DIC_02": 0.0, "DIC_03": 0.0, "DIC_04": 0.0, "DIC_05": 0.0, "DIC_06": 0.0, "DIC_07": 0.0, "DIC_08": 0.0, "DIC_09": 0.0, "DIC_10": 0.0, "DIC_11": 0.0, "DIC_12": 0.0, "FIC_01": 0.0, "FIC_02": 0.0, "FIC_03": 0.0, "FIC_04": 0.0, "FIC_05": 0.0, "FIC_06": 0.0, "FIC_07": 0.0, "FIC_08": 0.0, "FIC_09": 0.0, "FIC_10": 0.0, "FIC_11": 0.0, "FIC_12": 0.0, "SEMRED": 0, "DESCR": " ", "COD_ID": "a4f434e43c1da752f59e460222c0cab9adc65df513e886e3ede90bf9f60b332c", "__layer": "UCBT_tab", "lon": null, "lat": null }, "geometry": null },
{ "type": "Feature", "properties": { "DIST": 390, "PAC": "33071144739360737L", "RAMAL": "12297875S1", "PN_CON": "10971323", "UNI_TR_MT": "14374375", "CTMT": "AUG0201", "UNI_TR_AT": "DAUG-EQ-TR2", "SUB": "DAUG", "CONJ": 16596, "MUN": "3550308", "CEG_GD": " ", "BRR": "AV PAULISTA 2006 BELA VISTA", "CEP": "01310-200", "CLAS_SUB": "RE1", "CNAE": " ", "TIP_CC": "RES-Tipo01", "FAS_CON": "ABN", "GRU_TEN": "BT", "TEN_FORN": "10", "GRU_TAR": "B1", "SIT_ATIV": "DS", "DAT_CON": "01/10/1973", "CAR_INST": 7.5, "LIV": 0, "ARE_LOC": "UB", "TIP_SIST": "RD_INTERLIG", "ENE_01": 25.01, "ENE_02": 50.0, "ENE_03": 70.0, "ENE_04": 50.0, "ENE_05": 60.0, "ENE_06": 50.0, "ENE_07": 50.0, "ENE_08": 30.0, "ENE_09": 50.0, "ENE_10": 20.0, "ENE_11": 50.0, "ENE_12": 48.54, "DIC_01": 0.0, "DIC_02": 0.0, "DIC_03": 0.0, "DIC_04": 0.0, "DIC_05": 0.0, "DIC_06": 0.0, "DIC_07": 0.31, "DIC_08": 0.0, "DIC_09": 0.0, "DIC_10": 0.0, "DIC_11": 0.0, "DIC_12": 0.0, "FIC_01": 0.0, "FIC_02": 0.0, "FIC_03": 0.0, "FIC_04": 0.0, "FIC_05": 0.0, "FIC_06": 0.0, "FIC_07": 2.0, "FIC_08": 0.0, "FIC_09": 0.0, "FIC_10": 0.0, "FIC_11": 0.0, "FIC_12": 0.0, "SEMRED": 0, "DESCR": " ", "COD_ID": "c616d24fa8870f630182ab87f9cb084b4ef2158b58ffc3774e8c9b4afb1ae823", "__layer": "UCBT_tab", "lon": null, "lat": null }, "geometry": null },
{ "type": "Feature", "properties": { "DIST": 390, "PAC": "33071144739360737L", "RAMAL": "12297875S1", "PN_CON": "10971323", "UNI_TR_MT": "14374375", "CTMT": "AUG0201", "UNI_TR_AT": "DAUG-EQ-TR2", "SUB": "DAUG", "CONJ": 16596, "MUN": "3550308", "CEG_GD": " ", "BRR": "AV PAULISTA 2006 BELA VISTA", "CEP": "01310-200", "CLAS_SUB": "CO9", "CNAE": "8211-3/00", "TIP_CC": "COM-Tipo02", "FAS_CON": "BCN", "GRU_TEN": "BT", "TEN_FORN": "10", "GRU_TAR": "B3", "SIT_ATIV": "DS", "DAT_CON": "01/04/1980", "CAR_INST": 11.4, "LIV": 0, "ARE_LOC": "UB", "TIP_SIST": "RD_INTERLIG", "ENE_01": 50.0, "ENE_02": 50.0, "ENE_03": 54.354, "ENE_04": 50.0, "ENE_05": 50.0, "ENE_06": 50.0, "ENE_07": 42.0, "ENE_08": 30.5, "ENE_09": 50.0, "ENE_10": 50.0, "ENE_11": 29.5, "ENE_12": 47.81, "DIC_01": 0.0, "DIC_02": 0.0, "DIC_03": 0.0, "DIC_04": 0.0, "DIC_05": 0.0, "DIC_06": 0.0, "DIC_07": 0.31, "DIC_08": 0.0, "DIC_09": 0.0, "DIC_10": 0.0, "DIC_11": 0.0, "DIC_12": 0.0, "FIC_01": 0.0, "FIC_02": 0.0, "FIC_03": 0.0, "FIC_04": 0.0, "FIC_05": 0.0, "FIC_06": 0.0, "FIC_07": 2.0, "FIC_08": 0.0, "FIC_09": 0.0, "FIC_10": 0.0, "FIC_11": 0.0, "FIC_12": 0.0, "SEMRED": 0, "DESCR": " ", "COD_ID": "a0b043b73fbf9ae9c40710ac5e18ea8274030fe73cfea9d5d6e634d9fc3fa6ef", "__layer": "UCBT_tab", "lon": null, "lat": null }, "geometry": null },
{ "type": "Feature", "properties": { "DIST": 390, "PAC": "33071144739360737L", "RAMAL": "12297875S1", "PN_CON": "10971323", "UNI_TR_MT": "14374375", "CTMT": "AUG0201", "UNI_TR_AT": "DAUG-EQ-TR2", "SUB": "DAUG", "CONJ": 16596, "MUN": "3550308", "CEG_GD": " ", "BRR": "AV PAULISTA 2006 BELA VISTA", "CEP": "01310-200", "CLAS_SUB": "RE2", "CNAE": " ", "TIP_CC": "RES-Tipo01", "FAS_CON": "BCN", "GRU_TEN": "BT", "TEN_FORN": "10", "GRU_TAR": "B1BR", "SIT_ATIV": "DS", "DAT_CON": "01/09/1990", "CAR_INST": 1.0, "LIV": 0, "ARE_LOC": "UB", "TIP_SIST": "RD_INTERLIG", "ENE_01": 0.0, "ENE_02": 0.0, "ENE_03": 20.0, "ENE_04": 40.0, "ENE_05": 40.0, "ENE_06": 30.0, "ENE_07": 30.0, "ENE_08": 40.0, "ENE_09": 40.0, "ENE_10": 50.0, "ENE_11": 70.0, "ENE_12": 77.67, "DIC_01": 0.0, "DIC_02": 0.0, "DIC_03": 0.0, "DIC_04": 0.0, "DIC_05": 0.0, "DIC_06": 0.0, "DIC_07": 0.31, "DIC_08": 0.0, "DIC_09": 0.0, "DIC_10": 0.0, "DIC_11": 0.0, "DIC_12": 0.0, "FIC_01": 0.0, "FIC_02": 0.0, "FIC_03": 0.0, "FIC_04": 0.0, "FIC_05": 0.0, "FIC_06": 0.0, "FIC_07": 2.0, "FIC_08": 0.0, "FIC_09": 0.0, "FIC_10": 0.0, "FIC_11": 0.0, "FIC_12": 0.0, "SEMRED": 0, "DESCR": " ", "COD_ID": "fe2796064a796e013c9cff5adfee9f1cb366f47b4041a739ee2c8205db66224a", "__layer": "UCBT_tab", "lon": null, "lat": null }, "geometry": null },
{ "type": "Feature", "properties": { "DIST": 390, "PAC": "33071144739360737L", "RAMAL": "12297875S1", "PN_CON": "10971323", "UNI_TR_MT": "14374375", "CTMT": "AUG0201", "UNI_TR_AT": "DAUG-EQ-TR2", "SUB": "DAUG", "CONJ": 16596, "MUN": "3550308", "CEG_GD": " ", "BRR": "AV PAULISTA 2006 BELA VISTA", "CEP": "01310-200", "CLAS_SUB": "RE1", "CNAE": " ", "TIP_CC": "RES-Tipo03", "FAS_CON": "ABN", "GRU_TEN": "BT", "TEN_FORN": "10", "GRU_TAR": "B1", "SIT_ATIV": "DS", "DAT_CON": "01/06/1983", "CAR_INST": 3.5, "LIV": 0, "ARE_LOC": "UB", "TIP_SIST": "RD_INTERLIG", "ENE_01": 55.03, "ENE_02": 160.0, "ENE_03": 220.0, "ENE_04": 160.0, "ENE_05": 150.0, "ENE_06": 80.0, "ENE_07": 90.0, "ENE_08": 110.0, "ENE_09": 90.0, "ENE_10": 90.0, "ENE_11": 70.0, "ENE_12": 67.96, "DIC_01": 0.0, "DIC_02": 0.0, "DIC_03": 0.0, "DIC_04": 0.0, "DIC_05": 0.0, "DIC_06": 0.0, "DIC_07": 0.31, "DIC_08": 0.0, "DIC_09": 0.0, "DIC_10": 0.0, "DIC_11": 0.0, "DIC_12": 0.0, "FIC_01": 0.0, "FIC_02": 0.0, "FIC_03": 0.0, "FIC_04": 0.0, "FIC_05": 0.0, "FIC_06": 0.0, "FIC_07": 2.0, "FIC_08": 0.0, "FIC_09": 0.0, "FIC_10": 0.0, "FIC_11": 0.0, "FIC_12": 0.0, "SEMRED": 0, "DESCR": " ", "COD_ID": "a4178be2837370af5c1dd9d181656bf11f269576c9e0784abf93018c72a26a7e", "__layer": "UCBT_tab", "lon": null, "lat": null }, "geometry": null },
{ "type": "Feature", "properties": { "DIST": 390, "PAC": "33071144739360737L", "RAMAL": "12297875S1", "PN_CON": "10971323", "UNI_TR_MT": "14374375", "CTMT": "AUG0201", "UNI_TR_AT": "DAUG-EQ-TR2", "SUB": "DAUG", "CONJ": 16596, "MUN": "3550308", "CEG_GD": " ", "BRR": "AV PAULISTA 2006 BELA VISTA", "CEP": "01310-200", "CLAS_SUB": "RE1", "CNAE": " ", "TIP_CC": "RES-Tipo02", "FAS_CON": "ABN", "GRU_TEN": "BT", "TEN_FORN": "10", "GRU_TAR": "B1", "SIT_ATIV": "DS", "DAT_CON": "01/06/1974", "CAR_INST": 6.6, "LIV": 0, "ARE_LOC": "UB", "TIP_SIST": "RD_INTERLIG", "ENE_01": 105.07, "ENE_02": 230.0, "ENE_03": 280.0, "ENE_04": 200.0, "ENE_05": 210.0, "ENE_06": 150.0, "ENE_07": 130.0, "ENE_08": 180.0, "ENE_09": 200.0, "ENE_10": 240.0, "ENE_11": 190.0, "ENE_12": 203.89, "DIC_01": 0.0, "DIC_02": 0.0, "DIC_03": 0.0, "DIC_04": 0.0, "DIC_05": 0.0, "DIC_06": 0.0, "DIC_07": 0.31, "DIC_08": 0.0, "DIC_09": 0.0, "DIC_10": 0.0, "DIC_11": 0.0, "DIC_12": 0.0, "FIC_01": 0.0, "FIC_02": 0.0, "FIC_03": 0.0, "FIC_04": 0.0, "FIC_05": 0.0, "FIC_06": 0.0, "FIC_07": 2.0, "FIC_08": 0.0, "FIC_09": 0.0, "FIC_10": 0.0, "FIC_11": 0.0, "FIC_12": 0.0, "SEMRED": 0, "DESCR": " ", "COD_ID": "da86d11ecd7d09ceba0626bf29db9ff2c713316e1348976e44ecefd88d1a853a", "__layer": "UCBT_tab", "lon": null, "lat": null }, "geometry": null },
{ "type": "Feature", "properties": { "DIST": 390, "PAC": "33071144739360737L", "RAMAL": "12297875S1", "PN_CON": "10971323", "UNI_TR_MT": "14374375", "CTMT": "AUG0201", "UNI_TR_AT": "DAUG-EQ-TR2", "SUB": "DAUG", "CONJ": 16596, "MUN": "3550308", "CEG_GD": " ", "BRR": "AV PAULISTA 2006 BELA VISTA", "CEP": "01310-200", "CLAS_SUB": "CO9", "CNAE": "8630-5/04", "TIP_CC": "COM-Tipo02", "FAS_CON": "ABN", "GRU_TEN": "BT", "TEN_FORN": "10", "GRU_TAR": "B3", "SIT_ATIV": "AT", "DAT_CON": "23/10/1990", "CAR_INST": 7.5, "LIV": 0, "ARE_LOC": "UB", "TIP_SIST": "RD_INTERLIG", "ENE_01": 56.0, "ENE_02": 135.0, "ENE_03": 207.631, "ENE_04": 142.0, "ENE_05": 137.0, "ENE_06": 83.0, "ENE_07": 65.52, "ENE_08": 61.61, "ENE_09": 110.0, "ENE_10": 136.0, "ENE_11": 64.9, "ENE_12": 156.83, "DIC_01": 0.0, "DIC_02": 0.0, "DIC_03": 0.0, "DIC_04": 0.0, "DIC_05": 0.0, "DIC_06": 0.0, "DIC_07": 0.31, "DIC_08": 0.0, "DIC_09": 0.0, "DIC_10": 0.0, "DIC_11": 0.0, "DIC_12": 0.0, "FIC_01": 0.0, "FIC_02": 0.0, "FIC_03": 0.0, "FIC_04": 0.0, "FIC_05": 0.0, "FIC_06": 0.0, "FIC_07": 2.0, "FIC_08": 0.0, "FIC_09": 0.0, "FIC_10": 0.0, "FIC_11": 0.0, "FIC_12": 0.0, "SEMRED": 0, "DESCR": " ", "COD_ID": "5b83eee55ab15f066b91a2a43ea39619cfbb528aef30fd1462a394da715cfd26", "__layer": "UCBT_tab", "lon": null, "lat": null }, "geometry": null },
{ "type": "Feature", "properties": { "DIST": 390, "PAC": "33073873739357834L", "RAMAL": "12298004S1", "PN_CON": "10971365", "UNI_TR_MT": "14374600", "CTMT": "AUG0201", "UNI_TR_AT": "DAUG-EQ-TR2", "SUB": "DAUG", "CONJ": 16596, "MUN": "3550308", "CEG_GD": " ", "BRR": "AV PAULISTA 1904 BELA VISTA", "CEP": "01310-200", "CLAS_SUB": "CO1", "CNAE": "6810-2/02", "TIP_CC": "COM-Tipo02", "FAS_CON": "ABCN", "GRU_TEN": "BT", "TEN_FORN": "10", "GRU_TAR": "B3", "SIT_ATIV": "AT", "DAT_CON": "10/01/1992", "CAR_INST": 23.8, "LIV": 0, "ARE_LOC": "UB", "TIP_SIST": "RD_INTERLIG", "ENE_01": 1440.0, "ENE_02": 2640.0, "ENE_03": 1750.184, "ENE_04": 1490.0, "ENE_05": 1620.0, "ENE_06": 1730.0, "ENE_07": 1444.8, "ENE_08": 1067.5, "ENE_09": 1660.0, "ENE_10": 1790.0, "ENE_11": 837.8, "ENE_12": 1568.3, "DIC_01": 0.0, "DIC_02": 0.0, "DIC_03": 0.0, "DIC_04": 0.0, "DIC_05": 0.0, "DIC_06": 0.0, "DIC_07": 0.31, "DIC_08": 0.0, "DIC_09": 0.0, "DIC_10": 0.0, "DIC_11": 0.0, "DIC_12": 0.0, "FIC_01": 0.0, "FIC_02": 0.0, "FIC_03": 0.0, "FIC_04": 0.0, "FIC_05": 0.0, "FIC_06": 0.0, "FIC_07": 2.0, "FIC_08": 0.0, "FIC_09": 0.0, "FIC_10": 0.0, "FIC_11": 0.0, "FIC_12": 0.0, "SEMRED": 0, "DESCR": " ", "COD_ID": "712f82a7d9bc7d234a9f77b9ffcbf5c86a606e5107815634bcc42472f60a8bae", "__layer": "UCBT_tab", "lon": null, "lat": null }, "geometry": null },
{ "type": "Feature", "properties": { "DIST": 390, "PAC": "33071144739360737L", "RAMAL": "12297875S1", "PN_CON": "10971323", "UNI_TR_MT": "14374375", "CTMT": "AUG0201", "UNI_TR_AT": "DAUG-EQ-TR2", "SUB": "DAUG", "CONJ": 16596, "MUN": "3550308", "CEG_GD": " ", "BRR": "AV PAULISTA 2006 BELA VISTA", "CEP": "01310-200", "CLAS_SUB": "CO9", "CNAE": "8211-3/00", "TIP_CC": "COM-Tipo02", "FAS_CON": "ABN", "GRU_TEN": "BT", "TEN_FORN": "10", "GRU_TAR": "B3", "SIT_ATIV": "AT", "DAT_CON": "02/06/1992", "CAR_INST": 2.4, "LIV": 0, "ARE_LOC": "UB", "TIP_SIST": "RD_INTERLIG", "ENE_01": 460.0, "ENE_02": 460.0, "ENE_03": 228.285, "ENE_04": 740.0, "ENE_05": 500.0, "ENE_06": 460.0, "ENE_07": 369.6, "ENE_08": 298.9, "ENE_09": 440.0, "ENE_10": 500.0, "ENE_11": 253.7, "ENE_12": 420.76, "DIC_01": 0.0, "DIC_02": 0.0, "DIC_03": 0.0, "DIC_04": 0.0, "DIC_05": 0.0, "DIC_06": 0.0, "DIC_07": 0.31, "DIC_08": 0.0, "DIC_09": 0.0, "DIC_10": 0.0, "DIC_11": 0.0, "DIC_12": 0.0, "FIC_01": 0.0, "FIC_02": 0.0, "FIC_03": 0.0, "FIC_04": 0.0, "FIC_05": 0.0, "FIC_06": 0.0, "FIC_07": 2.0, "FIC_08": 0.0, "FIC_09": 0.0, "FIC_10": 0.0, "FIC_11": 0.0, "FIC_12": 0.0, "SEMRED": 0, "DESCR": " ", "COD_ID": "88b13c71717b915b778b0345934d5ea527571c439d7848bde359c4e7356515d2", "__layer": "UCBT_tab", "lon": null, "lat": null }, "geometry": null },
{ "type": "Feature", "properties": { "DIST": 390, "PAC": "33101008739331863L", "RAMAL": "12307748S1", "PN_CON": "1311192", "UNI_TR_MT": "14375704", "CTMT": "BRG0201", "UNI_TR_AT": "DBRG-EQ-TR1", "SUB": "DBRG", "CONJ": 16573, "MUN": "3550308", "CEG_GD": " ", "BRR": "AV PAULISTA 1578 BELA VISTA", "CEP": "01310-200", "CLAS_SUB": "RE1", "CNAE": " ", "TIP_CC": "RES-Tipo05", "FAS_CON": "ABC", "GRU_TEN": "BT", "TEN_FORN": "10", "GRU_TAR": "B1", "SIT_ATIV": "AT", "DAT_CON": "24/01/2002", "CAR_INST": 7.0, "LIV": 0, "ARE_LOC": "UB", "TIP_SIST": "RD_INTERLIG", "ENE_01": 6364.28, "ENE_02": 10200.0, "ENE_03": 17160.0, "ENE_04": 13800.0, "ENE_05": 15120.0, "ENE_06": 13560.0, "ENE_07": 14280.0, "ENE_08": 14760.0, "ENE_09": 13200.0, "ENE_10": 15480.0, "ENE_11": 13320.0, "ENE_12": 13282.19, "DIC_01": 0.0, "DIC_02": 0.0, "DIC_03": 0.0, "DIC_04": 0.0, "DIC_05": 0.0, "DIC_06": 0.0, "DIC_07": 0.0, "DIC_08": 0.0, "DIC_09": 0.0, "DIC_10": 0.0, "DIC_11": 0.0, "DIC_12": 0.0, "FIC_01": 0.0, "FIC_02": 0.0, "FIC_03": 0.0, "FIC_04": 0.0, "FIC_05": 0.0, "FIC_06": 0.0, "FIC_07": 0.0, "FIC_08": 0.0, "FIC_09": 0.0, "FIC_10": 0.0, "FIC_11": 0.0, "FIC_12": 0.0, "SEMRED": 0, "DESCR": " ", "COD_ID": "7bdae42267c835cf12ed204fdf3c840b45b0829c4d33dc9343d53af2915c017b", "__layer": "UCBT_tab", "lon": null, "lat": null }, "geometry": null },
{ "type": "Feature", "properties": { "DIST": 390, "PAC": "33088242739344597L", "RAMAL": "12307182S1", "PN_CON": " ", "UNI_TR_MT": "14375010", "CTMT": "AUG0201", "UNI_TR_AT": "DAUG-EQ-TR2", "SUB": "DAUG", "CONJ": 16596, "MUN": "3550308", "CEG_GD": " ", "BRR": "AV PAULISTA 1728 BELA VISTA", "CEP": "01310-200", "CLAS_SUB": "CO1", "CNAE": "6422-1/00", "TIP_CC": "COM-Tipo05", "FAS_CON": "ABCN", "GRU_TEN": "BT", "TEN_FORN": "10", "GRU_TAR": "B3", "SIT_ATIV": "AT", "DAT_CON": "22/11/2007", "CAR_INST": 45.0, "LIV": 0, "ARE_LOC": "UB", "TIP_SIST": "RD_INTERLIG", "ENE_01": 3171.2, "ENE_02": 3188.0, "ENE_03": 4095.21, "ENE_04": 2768.0, "ENE_05": 3086.4, "ENE_06": 2360.8, "ENE_07": 1809.02, "ENE_08": 1475.71, "ENE_09": 2533.6, "ENE_10": 2710.4, "ENE_11": 1297.53, "ENE_12": 2551.36, "DIC_01": 0.0, "DIC_02": 0.0, "DIC_03": 0.0, "DIC_04": 0.0, "DIC_05": 0.0, "DIC_06": 0.0, "DIC_07": 0.31, "DIC_08": 0.0, "DIC_09": 0.0, "DIC_10": 0.0, "DIC_11": 0.0, "DIC_12": 0.0, "FIC_01": 0.0, "FIC_02": 0.0, "FIC_03": 0.0, "FIC_04": 0.0, "FIC_05": 0.0, "FIC_06": 0.0, "FIC_07": 2.0, "FIC_08": 0.0, "FIC_09": 0.0, "FIC_10": 0.0, "FIC_11": 0.0, "FIC_12": 0.0, "SEMRED": 0, "DESCR": " ", "COD_ID": "e2a657a7decd405ea66b63e291132f8fa8976d8df109d79f169e779dc316dbd2", "__layer": "UCBT_tab", "lon": null, "lat": null }, "geometry": null },
{ "type": "Feature", "properties": { "DIST": 390, "PAC": "33088242739344597L", "RAMAL": "12307182S1", "PN_CON": " ", "UNI_TR_MT": "14375010", "CTMT": "AUG0201", "UNI_TR_AT": "DAUG-EQ-TR2", "SUB": "DAUG", "CONJ": 16596, "MUN": "3550308", "CEG_GD": " ", "BRR": "AV PAULISTA 1728 BELA VISTA", "CEP": "01310-200", "CLAS_SUB": "CO1", "CNAE": "6431-0/00", "TIP_CC": "COM-Tipo05", "FAS_CON": "ABCN", "GRU_TEN": "BT", "TEN_FORN": "10", "GRU_TAR": "B3", "SIT_ATIV": "AT", "DAT_CON": "22/11/2007", "CAR_INST": 45.0, "LIV": 0, "ARE_LOC": "UB", "TIP_SIST": "RD_INTERLIG", "ENE_01": 4307.2, "ENE_02": 4313.6, "ENE_03": 5993.681, "ENE_04": 4209.6, "ENE_05": 4377.6, "ENE_06": 3561.6, "ENE_07": 2642.3, "ENE_08": 2073.02, "ENE_09": 3643.2, "ENE_10": 3860.8, "ENE_11": 1909.71, "ENE_12": 3574.2, "DIC_01": 0.0, "DIC_02": 0.0, "DIC_03": 0.0, "DIC_04": 0.0, "DIC_05": 0.0, "DIC_06": 0.0, "DIC_07": 0.31, "DIC_08": 0.0, "DIC_09": 0.0, "DIC_10": 0.0, "DIC_11": 0.0, "DIC_12": 0.0, "FIC_01": 0.0, "FIC_02": 0.0, "FIC_03": 0.0, "FIC_04": 0.0, "FIC_05": 0.0, "FIC_06": 0.0, "FIC_07": 2.0, "FIC_08": 0.0, "FIC_09": 0.0, "FIC_10": 0.0, "FIC_11": 0.0, "FIC_12": 0.0, "SEMRED": 0, "DESCR": " ", "COD_ID": "73e4694f27eb156500cc7e97751b1a0927a700c0509b3205d34857d4ae66a008", "__layer": "UCBT_tab", "lon": null, "lat": null }, "geometry": null },
{ "type": "Feature", "properties": { "DIST": 390, "PAC": "33071144739360737L", "RAMAL": "12297875S1", "PN_CON": "10971323", "UNI_TR_MT": "14374375", "CTMT": "AUG0201", "UNI_TR_AT": "DAUG-EQ-TR2", "SUB": "DAUG", "CONJ": 16596, "MUN": "3550308", "CEG_GD": " ", "BRR": "AV PAULISTA 2006 BELA VISTA", "CEP": "01310-200", "CLAS_SUB": "CO3", "CNAE": "6120-5/01", "TIP_CC": "COM-Tipo02", "FAS_CON": "ABCN", "GRU_TEN": "BT", "TEN_FORN": "10", "GRU_TAR": "B3", "SIT_ATIV": "DS", "DAT_CON": "25/02/2009", "CAR_INST": 11.8, "LIV": 0, "ARE_LOC": "UB", "TIP_SIST": "RD_INTERLIG", "ENE_01": 50.0, "ENE_02": 50.0, "ENE_03": 108.707, "ENE_04": 50.0, "ENE_05": 50.0, "ENE_06": 50.0, "ENE_07": 42.0, "ENE_08": 30.5, "ENE_09": 50.0, "ENE_10": 0.0, "ENE_11": 0.0, "ENE_12": 0.0, "DIC_01": 0.0, "DIC_02": 0.0, "DIC_03": 0.0, "DIC_04": 0.0, "DIC_05": 0.0, "DIC_06": 0.0, "DIC_07": 0.31, "DIC_08": 0.0, "DIC_09": 0.0, "DIC_10": 0.0, "DIC_11": 0.0, "DIC_12": 0.0, "FIC_01": 0.0, "FIC_02": 0.0, "FIC_03": 0.0, "FIC_04": 0.0, "FIC_05": 0.0, "FIC_06": 0.0, "FIC_07": 2.0, "FIC_08": 0.0, "FIC_09": 0.0, "FIC_10": 0.0, "FIC_11": 0.0, "FIC_12": 0.0, "SEMRED": 0, "DESCR": " ", "COD_ID": "d50751b45f6a10f4b8b0c497bdddc4b5fedc16e5b744f61e1674a8c43d9b37c0", "__layer": "UCBT_tab", "lon": null, "lat": null }, "geometry": null },
{ "type": "Feature", "properties": { "DIST": 390, "PAC": "33061008739369866L", "RAMAL": "12297501S1", "PN_CON": "10971152", "UNI_TR_MT": "14373896", "CTMT": "AUG0201", "UNI_TR_AT": "DAUG-EQ-TR2", "SUB": "DAUG", "CONJ": 16596, "MUN": "3550308", "CEG_GD": " ", "BRR": "AV PAULISTA 2064 BELA VISTA", "CEP": "01310-200", "CLAS_SUB": "RE1", "CNAE": " ", "TIP_CC": "RES-Tipo03", "FAS_CON": "ABCN", "GRU_TEN": "BT", "TEN_FORN": "10", "GRU_TAR": "B1", "SIT_ATIV": "AT", "DAT_CON": "04/12/2012", "CAR_INST": 95.1, "LIV": 0, "ARE_LOC": "UB", "TIP_SIST": "RD_INTERLIG", "ENE_01": 50.03, "ENE_02": 50.0, "ENE_03": 50.0, "ENE_04": 160.0, "ENE_05": 160.0, "ENE_06": 50.0, "ENE_07": 160.0, "ENE_08": 81360.0, "ENE_09": 7440.0, "ENE_10": 2680.0, "ENE_11": 4640.0, "ENE_12": 8233.41, "DIC_01": 0.0, "DIC_02": 0.0, "DIC_03": 0.0, "DIC_04": 0.0, "DIC_05": 0.0, "DIC_06": 0.0, "DIC_07": 0.31, "DIC_08": 0.0, "DIC_09": 0.0, "DIC_10": 0.0, "DIC_11": 0.0, "DIC_12": 0.0, "FIC_01": 0.0, "FIC_02": 0.0, "FIC_03": 0.0, "FIC_04": 0.0, "FIC_05": 0.0, "FIC_06": 0.0, "FIC_07": 2.0, "FIC_08": 0.0, "FIC_09": 0.0, "FIC_10": 0.0, "FIC_11": 0.0, "FIC_12": 0.0, "SEMRED": 0, "DESCR": " ", "COD_ID": "29006ef71d5677c9879bcfbf5d9de6b473410da8a67d6052e7e9fe35dfe75ed4", "__layer": "UCBT_tab", "lon": null, "lat": null }, "geometry": null },
{ "type": "Feature", "properties": { "DIST": 390, "PAC": "33061008739369866L", "RAMAL": "12297501S1", "PN_CON": "10971152", "UNI_TR_MT": "14373896", "CTMT": "AUG0201", "UNI_TR_AT": "DAUG-EQ-TR2", "SUB": "DAUG", "CONJ": 16596, "MUN": "3550308", "CEG_GD": " ", "BRR": "AV PAULISTA 2064 BELA VISTA", "CEP": "01310-200", "CLAS_SUB": "CO1", "CNAE": "4713-0/04", "TIP_CC": "COM-Tipo05", "FAS_CON": "ABN", "GRU_TEN": "BT", "TEN_FORN": "10", "GRU_TAR": "B3", "SIT_ATIV": "AT", "DAT_CON": "04/12/2012", "CAR_INST": 47.2, "LIV": 0, "ARE_LOC": "UB", "TIP_SIST": "RD_INTERLIG", "ENE_01": 2814.0, "ENE_02": 2455.0, "ENE_03": 2611.144, "ENE_04": 2529.0, "ENE_05": 2675.0, "ENE_06": 2447.0, "ENE_07": 2020.2, "ENE_08": 1585.39, "ENE_09": 2732.0, "ENE_10": 2721.0, "ENE_11": 1711.0, "ENE_12": 2362.02, "DIC_01": 0.0, "DIC_02": 0.0, "DIC_03": 0.0, "DIC_04": 0.0, "DIC_05": 0.0, "DIC_06": 0.0, "DIC_07": 0.31, "DIC_08": 0.0, "DIC_09": 0.0, "DIC_10": 0.0, "DIC_11": 0.0, "DIC_12": 0.0, "FIC_01": 0.0, "FIC_02": 0.0, "FIC_03": 0.0, "FIC_04": 0.0, "FIC_05": 0.0, "FIC_06": 0.0, "FIC_07": 2.0, "FIC_08": 0.0, "FIC_09": 0.0, "FIC_10": 0.0, "FIC_11": 0.0, "FIC_12": 0.0, "SEMRED": 0, "DESCR": " ", "COD_ID": "e8475ab1e28fdc99ad00bc25cf57c53ad26b8fda6ad3dc8703c3e2358366a9ca", "__layer": "UCBT_tab", "lon": null, "lat": null }, "geometry": null },
{ "type": "Feature", "properties": { "DIST": 390, "PAC": "33083328739348867L", "RAMAL": "12307012S1", "PN_CON": "10971520", "UNI_TR_MT": "14374917", "CTMT": "AUG0202", "UNI_TR_AT": "DAUG-EQ-TR2", "SUB": "DAUG", "CONJ": 16596, "MUN": "3550308", "CEG_GD": " ", "BRR": "AV PAULISTA 1776 BELA VISTA", "CEP": "01310-200", "CLAS_SUB": "CO1", "CNAE": "8630-5/02", "TIP_CC": "COM-Tipo02", "FAS_CON": "ABCN", "GRU_TEN": "BT", "TEN_FORN": "10", "GRU_TAR": "B3", "SIT_ATIV": "AT", "DAT_CON": "29/07/2022", "CAR_INST": 24.8, "LIV": 0, "ARE_LOC": "UB", "TIP_SIST": "RD_INTERLIG", "ENE_01": 678.0, "ENE_02": 579.0, "ENE_03": 927.272, "ENE_04": 562.0, "ENE_05": 644.0, "ENE_06": 476.0, "ENE_07": 357.0, "ENE_08": 305.61, "ENE_09": 650.0, "ENE_10": 709.0, "ENE_11": 341.61, "ENE_12": 646.44, "DIC_01": 0.0, "DIC_02": 0.0, "DIC_03": 0.0, "DIC_04": 0.0, "DIC_05": 0.0, "DIC_06": 0.0, "DIC_07": 0.29, "DIC_08": 0.0, "DIC_09": 0.0, "DIC_10": 0.0, "DIC_11": 0.0, "DIC_12": 0.0, "FIC_01": 0.0, "FIC_02": 0.0, "FIC_03": 0.0, "FIC_04": 0.0, "FIC_05": 0.0, "FIC_06": 0.0, "FIC_07": 2.0, "FIC_08": 0.0, "FIC_09": 0.0, "FIC_10": 0.0, "FIC_11": 0.0, "FIC_12": 0.0, "SEMRED": 0, "DESCR": " ", "COD_ID": "1b34745aa5105d5f249f799376c0e45c2385774395c0c62f4b44e0c33d1c937d", "__layer": "UCBT_tab", "lon": null, "lat": null }, "geometry": null },
{ "type": "Feature", "properties": { "DIST": 390, "PAC": "33085305739347489L", "RAMAL": "12307074S1", "PN_CON": "10971552", "UNI_TR_MT": "14374950", "CTMT": "AUG0202", "UNI_TR_AT": "DAUG-EQ-TR2", "SUB": "DAUG", "CONJ": 16596, "MUN": "3550308", "CEG_GD": " ", "BRR": "AV PAULISTA 1754 BELA VISTA", "CEP": "01310-200", "CLAS_SUB": "RE1", "CNAE": " ", "TIP_CC": "RES-Tipo02", "FAS_CON": "ABN", "GRU_TEN": "BT", "TEN_FORN": "10", "GRU_TAR": "B1", "SIT_ATIV": "DS", "DAT_CON": "01/08/1984", "CAR_INST": 3.6, "LIV": 0, "ARE_LOC": "UB", "TIP_SIST": "RD_INTERLIG", "ENE_01": 179.62, "ENE_02": 351.0, "ENE_03": 438.0, "ENE_04": 323.0, "ENE_05": 310.0, "ENE_06": 200.0, "ENE_07": 173.0, "ENE_08": 235.0, "ENE_09": 286.0, "ENE_10": 288.0, "ENE_11": 0.0, "ENE_12": 133.01, "DIC_01": 0.0, "DIC_02": 0.0, "DIC_03": 0.0, "DIC_04": 0.0, "DIC_05": 0.0, "DIC_06": 0.0, "DIC_07": 0.29, "DIC_08": 0.0, "DIC_09": 0.0, "DIC_10": 0.0, "DIC_11": 0.0, "DIC_12": 0.0, "FIC_01": 0.0, "FIC_02": 0.0, "FIC_03": 0.0, "FIC_04": 0.0, "FIC_05": 0.0, "FIC_06": 0.0, "FIC_07": 2.0, "FIC_08": 0.0, "FIC_09": 0.0, "FIC_10": 0.0, "FIC_11": 0.0, "FIC_12": 0.0, "SEMRED": 0, "DESCR": " ", "COD_ID": "f4926cdc8b0e401e0b743080ed758dad7297f5020a2916d7314b550efafb8fb8", "__layer": "UCBT_tab", "lon": null, "lat": null }, "geometry": null },
{ "type": "Feature", "properties": { "DIST": 390, "PAC": "33085305739347489L", "RAMAL": "12307074S1", "PN_CON": "10971552", "UNI_TR_MT": "14374950", "CTMT": "AUG0202", "UNI_TR_AT": "DAUG-EQ-TR2", "SUB": "DAUG", "CONJ": 16596, "MUN": "3550308", "CEG_GD": " ", "BRR": "AV PAULISTA 1754 BELA VISTA", "CEP": "01310-200", "CLAS_SUB": "CO9", "CNAE": "6110-8/03", "TIP_CC": "COM-Tipo05", "FAS_CON": "ABCN", "GRU_TEN": "BT", "TEN_FORN": "10", "GRU_TAR": "B3", "SIT_ATIV": "DS", "DAT_CON": "01/09/1983", "CAR_INST": 17.3, "LIV": 0, "ARE_LOC": "UB", "TIP_SIST": "RD_INTERLIG", "ENE_01": 3937.0, "ENE_02": 3749.0, "ENE_03": 5095.102, "ENE_04": 3833.0, "ENE_05": 4283.0, "ENE_06": 3230.0, "ENE_07": 2415.0, "ENE_08": 2033.74, "ENE_09": 3101.0, "ENE_10": 3317.0, "ENE_11": 1512.17, "ENE_12": 3001.77, "DIC_01": 0.0, "DIC_02": 0.0, "DIC_03": 0.0, "DIC_04": 0.0, "DIC_05": 0.0, "DIC_06": 0.0, "DIC_07": 0.29, "DIC_08": 0.0, "DIC_09": 0.0, "DIC_10": 0.0, "DIC_11": 0.0, "DIC_12": 0.0, "FIC_01": 0.0, "FIC_02": 0.0, "FIC_03": 0.0, "FIC_04": 0.0, "FIC_05": 0.0, "FIC_06": 0.0, "FIC_07": 2.0, "FIC_08": 0.0, "FIC_09": 0.0, "FIC_10": 0.0, "FIC_11": 0.0, "FIC_12": 0.0, "SEMRED": 0, "DESCR": " ", "COD_ID": "7c87e67903bb4dac7139217829bdcb0f784dc239a7f4b6a1b4914e732ef6c564", "__layer": "UCBT_tab", "lon": null, "lat": null }, "geometry": null },
{ "type": "Feature", "properties": { "DIST": 390, "PAC": "33085305739347489L", "RAMAL": "12307074S1", "PN_CON": "10971552", "UNI_TR_MT": "14374950", "CTMT": "AUG0202", "UNI_TR_AT": "DAUG-EQ-TR2", "SUB": "DAUG", "CONJ": 16596, "MUN": "3550308", "CEG_GD": " ", "BRR": "AV PAULISTA 1754 BELA VISTA", "CEP": "01310-200", "CLAS_SUB": "CO9", "CNAE": "8211-3/00", "TIP_CC": "COM-Tipo04", "FAS_CON": "ABCN", "GRU_TEN": "BT", "TEN_FORN": "10", "GRU_TAR": "B3", "SIT_ATIV": "DS", "DAT_CON": "01/08/1987", "CAR_INST": 8.1, "LIV": 0, "ARE_LOC": "UB", "TIP_SIST": "RD_INTERLIG", "ENE_01": 5760.0, "ENE_02": 4880.0, "ENE_03": 6870.289, "ENE_04": 4080.0, "ENE_05": 4240.0, "ENE_06": 2400.0, "ENE_07": 1075.2, "ENE_08": 48.8, "ENE_09": 160.0, "ENE_10": 320.0, "ENE_11": 47.2, "ENE_12": 306.01, "DIC_01": 0.0, "DIC_02": 0.0, "DIC_03": 0.0, "DIC_04": 0.0, "DIC_05": 0.0, "DIC_06": 0.0, "DIC_07": 0.29, "DIC_08": 0.0, "DIC_09": 0.0, "DIC_10": 0.0, "DIC_11": 0.0, "DIC_12": 0.0, "FIC_01": 0.0, "FIC_02": 0.0, "FIC_03": 0.0, "FIC_04": 0.0, "FIC_05": 0.0, "FIC_06": 0.0, "FIC_07": 2.0, "FIC_08": 0.0, "FIC_09": 0.0, "FIC_10": 0.0, "FIC_11": 0.0, "FIC_12": 0.0, "SEMRED": 0, "DESCR": " ", "COD_ID": "2a3c3193013a7686ba838edfd4eecb3f158fab93610284398fd83763b79388d1", "__layer": "UCBT_tab", "lon": null, "lat": null }, "geometry": null },
{ "type": "Feature", "properties": { "DIST": 390, "PAC": "33085305739347489L", "RAMAL": "12307074S1", "PN_CON": "10971552", "UNI_TR_MT": "14374950", "CTMT": "AUG0202", "UNI_TR_AT": "DAUG-EQ-TR2", "SUB": "DAUG", "CONJ": 16596, "MUN": "3550308", "CEG_GD": " ", "BRR": "AV PAULISTA 1754 BELA VISTA", "CEP": "01310-200", "CLAS_SUB": "CO9", "CNAE": "4781-4/00", "TIP_CC": "COM-Tipo04", "FAS_CON": "ABCN", "GRU_TEN": "BT", "TEN_FORN": "10", "GRU_TAR": "B3", "SIT_ATIV": "DS", "DAT_CON": "01/09/1985", "CAR_INST": 10.4, "LIV": 0, "ARE_LOC": "UB", "TIP_SIST": "RD_INTERLIG", "ENE_01": 10280.0, "ENE_02": 9840.0, "ENE_03": 11131.607, "ENE_04": 9160.0, "ENE_05": 8760.0, "ENE_06": 7640.0, "ENE_07": 6048.0, "ENE_08": 4392.0, "ENE_09": 6640.0, "ENE_10": 7640.0, "ENE_11": 3610.8, "ENE_12": 7076.5, "DIC_01": 0.0, "DIC_02": 0.0, "DIC_03": 0.0, "DIC_04": 0.0, "DIC_05": 0.0, "DIC_06": 0.0, "DIC_07": 0.29, "DIC_08": 0.0, "DIC_09": 0.0, "DIC_10": 0.0, "DIC_11": 0.0, "DIC_12": 0.0, "FIC_01": 0.0, "FIC_02": 0.0, "FIC_03": 0.0, "FIC_04": 0.0, "FIC_05": 0.0, "FIC_06": 0.0, "FIC_07": 2.0, "FIC_08": 0.0, "FIC_09": 0.0, "FIC_10": 0.0, "FIC_11": 0.0, "FIC_12": 0.0, "SEMRED": 0, "DESCR": " ", "COD_ID": "eeb344d312f8740d9c1f340160f335fa1acc5025f8c14f30a69dce2d5d50de49", "__layer": "UCBT_tab", "lon": null, "lat": null }, "geometry": null },
{ "type": "Feature", "properties": { "DIST": 390, "PAC": "33073873739357834L", "RAMAL": "12298004S1", "PN_CON": "10971365", "UNI_TR_MT": "14374600", "CTMT": "AUG0201", "UNI_TR_AT": "DAUG-EQ-TR2", "SUB": "DAUG", "CONJ": 16596, "MUN": "3550308", "CEG_GD": " ", "BRR": "AV PAULISTA 1912 BELA VISTA", "CEP": "01310-200", "CLAS_SUB": "CO1", "CNAE": "6462-0/00", "TIP_CC": "COM-Tipo01", "FAS_CON": "ABC", "GRU_TEN": "BT", "TEN_FORN": "10", "GRU_TAR": "B3", "SIT_ATIV": "DS", "DAT_CON": "01/09/1981", "CAR_INST": 22.5, "LIV": 0, "ARE_LOC": "UB", "TIP_SIST": "RD_INTERLIG", "ENE_01": 0.0, "ENE_02": 0.0, "ENE_03": 0.0, "ENE_04": 0.0, "ENE_05": 0.0, "ENE_06": 0.0, "ENE_07": 173.88, "ENE_08": 533.75, "ENE_09": 988.0, "ENE_10": 1025.0, "ENE_11": 543.39, "ENE_12": 891.25, "DIC_01": 0.0, "DIC_02": 0.0, "DIC_03": 0.0, "DIC_04": 0.0, "DIC_05": 0.0, "DIC_06": 0.0, "DIC_07": 0.31, "DIC_08": 0.0, "DIC_09": 0.0, "DIC_10": 0.0, "DIC_11": 0.0, "DIC_12": 0.0, "FIC_01": 0.0, "FIC_02": 0.0, "FIC_03": 0.0, "FIC_04": 0.0, "FIC_05": 0.0, "FIC_06": 0.0, "FIC_07": 2.0, "FIC_08": 0.0, "FIC_09": 0.0, "FIC_10": 0.0, "FIC_11": 0.0, "FIC_12": 0.0, "SEMRED": 0, "DESCR": " ", "COD_ID": "cffc167b257ee5251430d6f482dfb60eaf7464631fedcc83a343a1dbfd182beb", "__layer": "UCBT_tab", "lon": null, "lat": null }, "geometry": null },
{ "type": "Feature", "properties": { "DIST": 390, "PAC": "33071144739360737L", "RAMAL": "12297875S1", "PN_CON": "10971323", "UNI_TR_MT": "14374375", "CTMT": "AUG0201", "UNI_TR_AT": "DAUG-EQ-TR2", "SUB": "DAUG", "CONJ": 16596, "MUN": "3550308", "CEG_GD": " ", "BRR": "AV PAULISTA 2006 BELA VISTA", "CEP": "01310-200", "CLAS_SUB": "CO9", "CNAE": "8711-5/05", "TIP_CC": "COM-Tipo05", "FAS_CON": "ABCN", "GRU_TEN": "BT", "TEN_FORN": "10", "GRU_TAR": "B3", "SIT_ATIV": "DS", "DAT_CON": "01/12/1972", "CAR_INST": 41.0, "LIV": 0, "ARE_LOC": "UB", "TIP_SIST": "RD_INTERLIG", "ENE_01": 2798.28, "ENE_02": 2563.38, "ENE_03": 3663.577, "ENE_04": 2557.44, "ENE_05": 3032.82, "ENE_06": 2065.68, "ENE_07": 1561.74, "ENE_08": 1438.05, "ENE_09": 2460.96, "ENE_10": 2898.54, "ENE_11": 1287.99, "ENE_12": 2649.44, "DIC_01": 0.0, "DIC_02": 0.0, "DIC_03": 0.0, "DIC_04": 0.0, "DIC_05": 0.0, "DIC_06": 0.0, "DIC_07": 0.31, "DIC_08": 0.0, "DIC_09": 0.0, "DIC_10": 0.0, "DIC_11": 0.0, "DIC_12": 0.0, "FIC_01": 0.0, "FIC_02": 0.0, "FIC_03": 0.0, "FIC_04": 0.0, "FIC_05": 0.0, "FIC_06": 0.0, "FIC_07": 2.0, "FIC_08": 0.0, "FIC_09": 0.0, "FIC_10": 0.0, "FIC_11": 0.0, "FIC_12": 0.0, "SEMRED": 0, "DESCR": " ", "COD_ID": "5a0ea5b79b741fc4720960c93681ebc21072bd7469c05728bfc1bbad74ff9c9f", "__layer": "UCBT_tab", "lon": null, "lat": null }, "geometry": null },
{ "type": "Feature", "properties": { "DIST": 390, "PAC": "33071144739360737L", "RAMAL": "12297875S1", "PN_CON": "10971323", "UNI_TR_MT": "14374375", "CTMT": "AUG0201", "UNI_TR_AT": "DAUG-EQ-TR2", "SUB": "DAUG", "CONJ": 16596, "MUN": "3550308", "CEG_GD": " ", "BRR": "AV PAULISTA 2006 BELA VISTA", "CEP": "01310-200", "CLAS_SUB": "CO1", "CNAE": "4729-6/99", "TIP_CC": "COM-Tipo02", "FAS_CON": "CAN", "GRU_TEN": "BT", "TEN_FORN": "10", "GRU_TAR": "B3", "SIT_ATIV": "DS", "DAT_CON": "01/12/1973", "CAR_INST": 2.5, "LIV": 0, "ARE_LOC": "UB", "TIP_SIST": "RD_INTERLIG", "ENE_01": 110.0, "ENE_02": 120.0, "ENE_03": 163.061, "ENE_04": 100.0, "ENE_05": 50.0, "ENE_06": 240.0, "ENE_07": 159.6, "ENE_08": 79.3, "ENE_09": 120.0, "ENE_10": 120.0, "ENE_11": 64.9, "ENE_12": 47.81, "DIC_01": 0.0, "DIC_02": 0.0, "DIC_03": 0.0, "DIC_04": 0.0, "DIC_05": 0.0, "DIC_06": 0.0, "DIC_07": 0.31, "DIC_08": 0.0, "DIC_09": 0.0, "DIC_10": 0.0, "DIC_11": 0.0, "DIC_12": 0.0, "FIC_01": 0.0, "FIC_02": 0.0, "FIC_03": 0.0, "FIC_04": 0.0, "FIC_05": 0.0, "FIC_06": 0.0, "FIC_07": 2.0, "FIC_08": 0.0, "FIC_09": 0.0, "FIC_10": 0.0, "FIC_11": 0.0, "FIC_12": 0.0, "SEMRED": 0, "DESCR": " ", "COD_ID": "68362a73c1e8c493b65455321e081a50ba5349250b0b79e531058054c04ce231", "__layer": "UCBT_tab", "lon": null, "lat": null }, "geometry": null },
{ "type": "Feature", "properties": { "DIST": 390, "PAC": "33071144739360737L", "RAMAL": "12297875S1", "PN_CON": "10971323", "UNI_TR_MT": "14374375", "CTMT": "AUG0201", "UNI_TR_AT": "DAUG-EQ-TR2", "SUB": "DAUG", "CONJ": 16596, "MUN": "3550308", "CEG_GD": " ", "BRR": "AV PAULISTA 2006 BELA VISTA", "CEP": "01310-200", "CLAS_SUB": "RE1", "CNAE": " ", "TIP_CC": "RES-Tipo01", "FAS_CON": "ABN", "GRU_TEN": "BT", "TEN_FORN": "10", "GRU_TAR": "B1", "SIT_ATIV": "DS", "DAT_CON": "01/12/1973", "CAR_INST": 5.0, "LIV": 0, "ARE_LOC": "UB", "TIP_SIST": "RD_INTERLIG", "ENE_01": 27.51, "ENE_02": 109.0, "ENE_03": 167.0, "ENE_04": 46.0, "ENE_05": 50.0, "ENE_06": 12.0, "ENE_07": 50.0, "ENE_08": 79.0, "ENE_09": 50.0, "ENE_10": 14.0, "ENE_11": 12.0, "ENE_12": 94.17, "DIC_01": 0.0, "DIC_02": 0.0, "DIC_03": 0.0, "DIC_04": 0.0, "DIC_05": 0.0, "DIC_06": 0.0, "DIC_07": 0.31, "DIC_08": 0.0, "DIC_09": 0.0, "DIC_10": 0.0, "DIC_11": 0.0, "DIC_12": 0.0, "FIC_01": 0.0, "FIC_02": 0.0, "FIC_03": 0.0, "FIC_04": 0.0, "FIC_05": 0.0, "FIC_06": 0.0, "FIC_07": 2.0, "FIC_08": 0.0, "FIC_09": 0.0, "FIC_10": 0.0, "FIC_11": 0.0, "FIC_12": 0.0, "SEMRED": 0, "DESCR": " ", "COD_ID": "3bcf0ecf7d16bcf4c03d8ee6a3331f9e37af212ccb4b74c2abd5caef11cc9c4a", "__layer": "UCBT_tab", "lon": null, "lat": null }, "geometry": null },
{ "type": "Feature", "properties": { "DIST": 390, "PAC": "33071144739360737L", "RAMAL": "12297875S1", "PN_CON": "10971323", "UNI_TR_MT": "14374375", "CTMT": "AUG0201", "UNI_TR_AT": "DAUG-EQ-TR2", "SUB": "DAUG", "CONJ": 16596, "MUN": "3550308", "CEG_GD": " ", "BRR": "AV PAULISTA 2006 BELA VISTA", "CEP": "01310-200", "CLAS_SUB": "RE1", "CNAE": " ", "TIP_CC": "RES-Tipo02", "FAS_CON": "ABN", "GRU_TEN": "BT", "TEN_FORN": "10", "GRU_TAR": "B1", "SIT_ATIV": "DS", "DAT_CON": "01/03/1974", "CAR_INST": 2.4, "LIV": 0, "ARE_LOC": "UB", "TIP_SIST": "RD_INTERLIG", "ENE_01": 25.01, "ENE_02": 50.0, "ENE_03": 230.0, "ENE_04": 50.0, "ENE_05": 50.0, "ENE_06": 50.0, "ENE_07": 50.0, "ENE_08": 40.0, "ENE_09": 50.0, "ENE_10": 80.0, "ENE_11": 80.0, "ENE_12": 126.21, "DIC_01": 0.0, "DIC_02": 0.0, "DIC_03": 0.0, "DIC_04": 0.0, "DIC_05": 0.0, "DIC_06": 0.0, "DIC_07": 0.31, "DIC_08": 0.0, "DIC_09": 0.0, "DIC_10": 0.0, "DIC_11": 0.0, "DIC_12": 0.0, "FIC_01": 0.0, "FIC_02": 0.0, "FIC_03": 0.0, "FIC_04": 0.0, "FIC_05": 0.0, "FIC_06": 0.0, "FIC_07": 2.0, "FIC_08": 0.0, "FIC_09": 0.0, "FIC_10": 0.0, "FIC_11": 0.0, "FIC_12": 0.0, "SEMRED": 0, "DESCR": " ", "COD_ID": "12c4c27896db4e5eaa2d0eae2663e5647b2b1d35d18d51a5e6aef9fe3043009e", "__layer": "UCBT_tab", "lon": null, "lat": null }, "geometry": null },
{ "type": "Feature", "properties": { "DIST": 390, "PAC": "33071144739360737L", "RAMAL": "12297875S1", "PN_CON": "10971323", "UNI_TR_MT": "14374375", "CTMT": "AUG0201", "UNI_TR_AT": "DAUG-EQ-TR2", "SUB": "DAUG", "CONJ": 16596, "MUN": "3550308", "CEG_GD": " ", "BRR": "AV PAULISTA 2006 BELA VISTA", "CEP": "01310-200", "CLAS_SUB": "RE1", "CNAE": " ", "TIP_CC": "RES-Tipo02", "FAS_CON": "ABN", "GRU_TEN": "BT", "TEN_FORN": "10", "GRU_TAR": "B1", "SIT_ATIV": "DS", "DAT_CON": "01/06/1977", "CAR_INST": 2.7, "LIV": 0, "ARE_LOC": "UB", "TIP_SIST": "RD_INTERLIG", "ENE_01": 111.57, "ENE_02": 240.0, "ENE_03": 324.0, "ENE_04": 208.0, "ENE_05": 298.0, "ENE_06": 183.0, "ENE_07": 164.0, "ENE_08": 199.0, "ENE_09": 209.0, "ENE_10": 223.0, "ENE_11": 164.0, "ENE_12": 213.6, "DIC_01": 0.0, "DIC_02": 0.0, "DIC_03": 0.0, "DIC_04": 0.0, "DIC_05": 0.0, "DIC_06": 0.0, "DIC_07": 0.31, "DIC_08": 0.0, "DIC_09": 0.0, "DIC_10": 0.0, "DIC_11": 0.0, "DIC_12": 0.0, "FIC_01": 0.0, "FIC_02": 0.0, "FIC_03": 0.0, "FIC_04": 0.0, "FIC_05": 0.0, "FIC_06": 0.0, "FIC_07": 2.0, "FIC_08": 0.0, "FIC_09": 0.0, "FIC_10": 0.0, "FIC_11": 0.0, "FIC_12": 0.0, "SEMRED": 0, "DESCR": " ", "COD_ID": "6ac4ce22c1deb8f1494da473d2f3e01da11616cabbc19a1de88746cffc39640d", "__layer": "UCBT_tab", "lon": null, "lat": null }, "geometry": null },
{ "type": "Feature", "properties": { "DIST": 390, "PAC": "33071144739360737L", "RAMAL": "12297875S1", "PN_CON": "10971323", "UNI_TR_MT": "14374375", "CTMT": "AUG0201", "UNI_TR_AT": "DAUG-EQ-TR2", "SUB": "DAUG", "CONJ": 16596, "MUN": "3550308", "CEG_GD": " ", "BRR": "AV PAULISTA 2006 BELA VISTA", "CEP": "01310-200", "CLAS_SUB": "RE1", "CNAE": " ", "TIP_CC": "RES-Tipo01", "FAS_CON": "CAN", "GRU_TEN": "BT", "TEN_FORN": "10", "GRU_TAR": "B1", "SIT_ATIV": "DS", "DAT_CON": "01/04/1980", "CAR_INST": 1.0, "LIV": 0, "ARE_LOC": "UB", "TIP_SIST": "RD_INTERLIG", "ENE_01": 5.0, "ENE_02": 10.0, "ENE_03": 10.0, "ENE_04": 0.0, "ENE_05": 0.0, "ENE_06": 0.0, "ENE_07": 0.0, "ENE_08": 0.0, "ENE_09": 0.0, "ENE_10": 0.0, "ENE_11": 0.0, "ENE_12": 0.0, "DIC_01": 0.0, "DIC_02": 0.0, "DIC_03": 0.0, "DIC_04": 0.0, "DIC_05": 0.0, "DIC_06": 0.0, "DIC_07": 0.0, "DIC_08": 0.0, "DIC_09": 0.0, "DIC_10": 0.0, "DIC_11": 0.0, "DIC_12": 0.0, "FIC_01": 0.0, "FIC_02": 0.0, "FIC_03": 0.0, "FIC_04": 0.0, "FIC_05": 0.0, "FIC_06": 0.0, "FIC_07": 0.0, "FIC_08": 0.0, "FIC_09": 0.0, "FIC_10": 0.0, "FIC_11": 0.0, "FIC_12": 0.0, "SEMRED": 0, "DESCR": " ", "COD_ID": "c1a6a3499732f2f2ca32fac554e8693df28b59351d843df41bc76ec6d4e094b6", "__layer": "UCBT_tab", "lon": null, "lat": null }, "geometry": null },
{ "type": "Feature", "properties": { "DIST": 390, "PAC": "33071144739360737L", "RAMAL": "12297875S1", "PN_CON": "10971323", "UNI_TR_MT": "14374375", "CTMT": "AUG0201", "UNI_TR_AT": "DAUG-EQ-TR2", "SUB": "DAUG", "CONJ": 16596, "MUN": "3550308", "CEG_GD": " ", "BRR": "AV PAULISTA 2006 BELA VISTA", "CEP": "01310-200", "CLAS_SUB": "RE1", "CNAE": " ", "TIP_CC": "RES-Tipo03", "FAS_CON": "ABCN", "GRU_TEN": "BT", "TEN_FORN": "10", "GRU_TAR": "B1", "SIT_ATIV": "DS", "DAT_CON": "01/04/1974", "CAR_INST": 7.5, "LIV": 0, "ARE_LOC": "UB", "TIP_SIST": "RD_INTERLIG", "ENE_01": 64.04, "ENE_02": 110.0, "ENE_03": 126.0, "ENE_04": 79.0, "ENE_05": 68.0, "ENE_06": 41.0, "ENE_07": 24.0, "ENE_08": 21.0, "ENE_09": 24.0, "ENE_10": 43.0, "ENE_11": 0.0, "ENE_12": 0.0, "DIC_01": 0.0, "DIC_02": 0.0, "DIC_03": 0.0, "DIC_04": 0.0, "DIC_05": 0.0, "DIC_06": 0.0, "DIC_07": 0.31, "DIC_08": 0.0, "DIC_09": 0.0, "DIC_10": 0.0, "DIC_11": 0.0, "DIC_12": 0.0, "FIC_01": 0.0, "FIC_02": 0.0, "FIC_03": 0.0, "FIC_04": 0.0, "FIC_05": 0.0, "FIC_06": 0.0, "FIC_07": 2.0, "FIC_08": 0.0, "FIC_09": 0.0, "FIC_10": 0.0, "FIC_11": 0.0, "FIC_12": 0.0, "SEMRED": 0, "DESCR": " ", "COD_ID": "8e47d202ed7944957c94335353e5ec59c9f2c4ea4e8f9bd51fa7d22172742927", "__layer": "UCBT_tab", "lon": null, "lat": null }, "geometry": null },
{ "type": "Feature", "properties": { "DIST": 390, "PAC": "33071144739360737L", "RAMAL": "12297875S1", "PN_CON": "10971323", "UNI_TR_MT": "14374375", "CTMT": "AUG0201", "UNI_TR_AT": "DAUG-EQ-TR2", "SUB": "DAUG", "CONJ": 16596, "MUN": "3550308", "CEG_GD": " ", "BRR": "AV PAULISTA 2006 BELA VISTA", "CEP": "01310-200", "CLAS_SUB": "CO1", "CNAE": "6911-7/01", "TIP_CC": "COM-Tipo05", "FAS_CON": "ABCN", "GRU_TEN": "BT", "TEN_FORN": "10", "GRU_TAR": "B3", "SIT_ATIV": "DS", "DAT_CON": "01/02/1990", "CAR_INST": 56.8, "LIV": 0, "ARE_LOC": "UB", "TIP_SIST": "RD_INTERLIG", "ENE_01": 1575.6, "ENE_02": 1573.2, "ENE_03": 2011.51, "ENE_04": 1299.6, "ENE_05": 1584.0, "ENE_06": 1197.6, "ENE_07": 1345.68, "ENE_08": 779.24, "ENE_09": 1578.95, "ENE_10": 100.0, "ENE_11": 59.0, "ENE_12": 0.0, "DIC_01": 0.0, "DIC_02": 0.0, "DIC_03": 0.0, "DIC_04": 0.0, "DIC_05": 0.0, "DIC_06": 0.0, "DIC_07": 0.31, "DIC_08": 0.0, "DIC_09": 0.0, "DIC_10": 0.0, "DIC_11": 0.0, "DIC_12": 0.0, "FIC_01": 0.0, "FIC_02": 0.0, "FIC_03": 0.0, "FIC_04": 0.0, "FIC_05": 0.0, "FIC_06": 0.0, "FIC_07": 2.0, "FIC_08": 0.0, "FIC_09": 0.0, "FIC_10": 0.0, "FIC_11": 0.0, "FIC_12": 0.0, "SEMRED": 0, "DESCR": " ", "COD_ID": "960e81f2b09daa5208dbe367423e3091c64abed99062b73e11b41116424f79dc", "__layer": "UCBT_tab", "lon": null, "lat": null }, "geometry": null },
{ "type": "Feature", "properties": { "DIST": 390, "PAC": "33071144739360737L", "RAMAL": "12297875S1", "PN_CON": "10971323", "UNI_TR_MT": "14374375", "CTMT": "AUG0201", "UNI_TR_AT": "DAUG-EQ-TR2", "SUB": "DAUG", "CONJ": 16596, "MUN": "3550308", "CEG_GD": " ", "BRR": "AV PAULISTA 2006 BELA VISTA", "CEP": "01310-200", "CLAS_SUB": "RE1", "CNAE": " ", "TIP_CC": "RES-Tipo01", "FAS_CON": "ABCN", "GRU_TEN": "BT", "TEN_FORN": "10", "GRU_TAR": "B1", "SIT_ATIV": "DS", "DAT_CON": "11/10/2001", "CAR_INST": 6.7, "LIV": 0, "ARE_LOC": "UB", "TIP_SIST": "RD_INTERLIG", "ENE_01": 0.0, "ENE_02": 0.0, "ENE_03": 0.0, "ENE_04": 0.0, "ENE_05": 0.0, "ENE_06": 0.0, "ENE_07": 0.0, "ENE_08": 0.0, "ENE_09": 0.0, "ENE_10": 0.0, "ENE_11": 30.0, "ENE_12": 0.0, "DIC_01": 0.0, "DIC_02": 0.0, "DIC_03": 0.0, "DIC_04": 0.0, "DIC_05": 0.0, "DIC_06": 0.0, "DIC_07": 0.0, "DIC_08": 0.0, "DIC_09": 0.0, "DIC_10": 0.0, "DIC_11": 0.0, "DIC_12": 0.0, "FIC_01": 0.0, "FIC_02": 0.0, "FIC_03": 0.0, "FIC_04": 0.0, "FIC_05": 0.0, "FIC_06": 0.0, "FIC_07": 0.0, "FIC_08": 0.0, "FIC_09": 0.0, "FIC_10": 0.0, "FIC_11": 0.0, "FIC_12": 0.0, "SEMRED": 0, "DESCR": " ", "COD_ID": "f1fa0252d09dab375fc6dcaa674788dbfd475f31d83d0bacad6a311c32bc629a", "__layer": "UCBT_tab", "lon": null, "lat": null }, "geometry": null },
{ "type": "Feature", "properties": { "DIST": 390, "PAC": "33073873739357834L", "RAMAL": "12298004S1", "PN_CON": "10971365", "UNI_TR_MT": "14374600", "CTMT": "AUG0201", "UNI_TR_AT": "DAUG-EQ-TR2", "SUB": "DAUG", "CONJ": 16596, "MUN": "3550308", "CEG_GD": " ", "BRR": "AV PAULISTA 1912 BELA VISTA", "CEP": "01310-200", "CLAS_SUB": "CO1", "CNAE": "6810-2/02", "TIP_CC": "COM-Tipo01", "FAS_CON": "ABC", "GRU_TEN": "BT", "TEN_FORN": "10", "GRU_TAR": "B3", "SIT_ATIV": "AT", "DAT_CON": "20/11/2007", "CAR_INST": 22.4, "LIV": 0, "ARE_LOC": "UB", "TIP_SIST": "RD_INTERLIG", "ENE_01": 0.0, "ENE_02": 0.0, "ENE_03": 0.0, "ENE_04": 0.0, "ENE_05": 0.0, "ENE_06": 0.0, "ENE_07": 1146.1, "ENE_08": 1013.58, "ENE_09": 1968.6, "ENE_10": 2127.4, "ENE_11": 992.5, "ENE_12": 1635.05, "DIC_01": 0.0, "DIC_02": 0.0, "DIC_03": 0.0, "DIC_04": 0.0, "DIC_05": 0.0, "DIC_06": 0.0, "DIC_07": 0.31, "DIC_08": 0.0, "DIC_09": 0.0, "DIC_10": 0.0, "DIC_11": 0.0, "DIC_12": 0.0, "FIC_01": 0.0, "FIC_02": 0.0, "FIC_03": 0.0, "FIC_04": 0.0, "FIC_05": 0.0, "FIC_06": 0.0, "FIC_07": 2.0, "FIC_08": 0.0, "FIC_09": 0.0, "FIC_10": 0.0, "FIC_11": 0.0, "FIC_12": 0.0, "SEMRED": 0, "DESCR": " ", "COD_ID": "6dd94174bf7dfc101e8d44a57b77e59585a340cd9f256abb36576f0ca96c5cf2", "__layer": "UCBT_tab", "lon": null, "lat": null }, "geometry": null },
{ "type": "Feature", "properties": { "DIST": 390, "PAC": "33085305739347489L", "RAMAL": "12307074S1", "PN_CON": "10971552", "UNI_TR_MT": "14374950", "CTMT": "AUG0202", "UNI_TR_AT": "DAUG-EQ-TR2", "SUB": "DAUG", "CONJ": 16596, "MUN": "3550308", "CEG_GD": " ", "BRR": "AV PAULISTA 1754 BELA VISTA", "CEP": "01310-200", "CLAS_SUB": "CO1", "CNAE": "6202-3/00", "TIP_CC": "COM-Tipo01", "FAS_CON": "ABCN", "GRU_TEN": "BT", "TEN_FORN": "10", "GRU_TAR": "B3", "SIT_ATIV": "AT", "DAT_CON": "22/11/2007", "CAR_INST": 7.6, "LIV": 0, "ARE_LOC": "UB", "TIP_SIST": "RD_INTERLIG", "ENE_01": 332.0, "ENE_02": 499.0, "ENE_03": 0.0, "ENE_04": 416.0, "ENE_05": 5770.0, "ENE_06": 1408.0, "ENE_07": 1610.28, "ENE_08": 1251.11, "ENE_09": 2051.0, "ENE_10": 2135.0, "ENE_11": 876.74, "ENE_12": 2001.5, "DIC_01": 0.0, "DIC_02": 0.0, "DIC_03": 0.0, "DIC_04": 0.0, "DIC_05": 0.0, "DIC_06": 0.0, "DIC_07": 0.29, "DIC_08": 0.0, "DIC_09": 0.0, "DIC_10": 0.0, "DIC_11": 0.0, "DIC_12": 0.0, "FIC_01": 0.0, "FIC_02": 0.0, "FIC_03": 0.0, "FIC_04": 0.0, "FIC_05": 0.0, "FIC_06": 0.0, "FIC_07": 2.0, "FIC_08": 0.0, "FIC_09": 0.0, "FIC_10": 0.0, "FIC_11": 0.0, "FIC_12": 0.0, "SEMRED": 0, "DESCR": " ", "COD_ID": "a1b0775bcf01249d75618f86d37686d66bc9be801c66b073c90e6c0997868b80", "__layer": "UCBT_tab", "lon": null, "lat": null }, "geometry": null },
{ "type": "Feature", "properties": { "DIST": 390, "PAC": "33083328739348867L", "RAMAL": "12307012S1", "PN_CON": "10971520", "UNI_TR_MT": "14374917", "CTMT": "AUG0202", "UNI_TR_AT": "DAUG-EQ-TR2", "SUB": "DAUG", "CONJ": 16596, "MUN": "3550308", "CEG_GD": " ", "BRR": "AV PAULISTA 1776 BELA VISTA", "CEP": "01310-200", "CLAS_SUB": "RE1", "CNAE": " ", "TIP_CC": "RES-Tipo05", "FAS_CON": "BCN", "GRU_TEN": "BT", "TEN_FORN": "10", "GRU_TAR": "B1", "SIT_ATIV": "AT", "DAT_CON": "23/11/2007", "CAR_INST": 5.7, "LIV": 0, "ARE_LOC": "UB", "TIP_SIST": "RD_INTERLIG", "ENE_01": 1781.19, "ENE_02": 3080.0, "ENE_03": 4080.0, "ENE_04": 3640.0, "ENE_05": 5440.0, "ENE_06": 2760.0, "ENE_07": 2320.0, "ENE_08": 3000.0, "ENE_09": 2760.0, "ENE_10": 3560.0, "ENE_11": 2440.0, "ENE_12": 349.53, "DIC_01": 0.0, "DIC_02": 0.0, "DIC_03": 0.0, "DIC_04": 0.0, "DIC_05": 0.0, "DIC_06": 0.0, "DIC_07": 0.29, "DIC_08": 0.0, "DIC_09": 0.0, "DIC_10": 0.0, "DIC_11": 0.0, "DIC_12": 0.0, "FIC_01": 0.0, "FIC_02": 0.0, "FIC_03": 0.0, "FIC_04": 0.0, "FIC_05": 0.0, "FIC_06": 0.0, "FIC_07": 2.0, "FIC_08": 0.0, "FIC_09": 0.0, "FIC_10": 0.0, "FIC_11": 0.0, "FIC_12": 0.0, "SEMRED": 0, "DESCR": " ", "COD_ID": "62cdb72f3c95c0832f7cf1089ffa965f4522c4a044d1b0292696b6f20763d9d8", "__layer": "UCBT_tab", "lon": null, "lat": null }, "geometry": null },
{ "type": "Feature", "properties": { "DIST": 390, "PAC": "33085305739347489L", "RAMAL": "12307074S1", "PN_CON": "10971552", "UNI_TR_MT": "14374950", "CTMT": "AUG0202", "UNI_TR_AT": "DAUG-EQ-TR2", "SUB": "DAUG", "CONJ": 16596, "MUN": "3550308", "CEG_GD": " ", "BRR": "AV PAULISTA 1754 BELA VISTA", "CEP": "01310-200", "CLAS_SUB": "CO1", "CNAE": "6209-1/00", "TIP_CC": "COM-Tipo05", "FAS_CON": "ABN", "GRU_TEN": "BT", "TEN_FORN": "10", "GRU_TAR": "B3", "SIT_ATIV": "AT", "DAT_CON": "03/01/2008", "CAR_INST": 5.8, "LIV": 0, "ARE_LOC": "UB", "TIP_SIST": "RD_INTERLIG", "ENE_01": 2321.0, "ENE_02": 2454.0, "ENE_03": 3626.469, "ENE_04": 2487.0, "ENE_05": 2159.0, "ENE_06": 1093.0, "ENE_07": 1111.32, "ENE_08": 1417.03, "ENE_09": 2861.0, "ENE_10": 3528.0, "ENE_11": 1959.98, "ENE_12": 2870.76, "DIC_01": 0.0, "DIC_02": 0.0, "DIC_03": 0.0, "DIC_04": 0.0, "DIC_05": 0.0, "DIC_06": 0.0, "DIC_07": 0.29, "DIC_08": 0.0, "DIC_09": 0.0, "DIC_10": 0.0, "DIC_11": 0.0, "DIC_12": 0.0, "FIC_01": 0.0, "FIC_02": 0.0, "FIC_03": 0.0, "FIC_04": 0.0, "FIC_05": 0.0, "FIC_06": 0.0, "FIC_07": 2.0, "FIC_08": 0.0, "FIC_09": 0.0, "FIC_10": 0.0, "FIC_11": 0.0, "FIC_12": 0.0, "SEMRED": 0, "DESCR": " ", "COD_ID": "dcf8f97f7ca783e99fedfb2d0674bd26833964e20e7efba388fac09838c8beff", "__layer": "UCBT_tab", "lon": null, "lat": null }, "geometry": null },
{ "type": "Feature", "properties": { "DIST": 390, "PAC": "33101008739331863L", "RAMAL": "12307748S1", "PN_CON": "1311192", "UNI_TR_MT": "14375704", "CTMT": "BRG0201", "UNI_TR_AT": "DBRG-EQ-TR1", "SUB": "DBRG", "CONJ": 16573, "MUN": "3550308", "CEG_GD": " ", "BRR": "AV PAULISTA 1578 BELA VISTA", "CEP": "01310-200", "CLAS_SUB": "CO1", "CNAE": "9102-3/01", "TIP_CC": "COM-Tipo02", "FAS_CON": "ABC", "GRU_TEN": "BT", "TEN_FORN": "10", "GRU_TAR": "B3", "SIT_ATIV": "AT", "DAT_CON": "03/12/2010", "CAR_INST": 204.9, "LIV": 0, "ARE_LOC": "UB", "TIP_SIST": "RD_INTERLIG", "ENE_01": 100.0, "ENE_02": 280.0, "ENE_03": 108.707, "ENE_04": 100.0, "ENE_05": 100.0, "ENE_06": 100.0, "ENE_07": 84.0, "ENE_08": 61.0, "ENE_09": 100.0, "ENE_10": 40.0, "ENE_11": 59.0, "ENE_12": 95.62, "DIC_01": 0.0, "DIC_02": 0.0, "DIC_03": 0.0, "DIC_04": 0.0, "DIC_05": 0.0, "DIC_06": 0.0, "DIC_07": 0.0, "DIC_08": 0.0, "DIC_09": 0.0, "DIC_10": 0.0, "DIC_11": 0.0, "DIC_12": 0.0, "FIC_01": 0.0, "FIC_02": 0.0, "FIC_03": 0.0, "FIC_04": 0.0, "FIC_05": 0.0, "FIC_06": 0.0, "FIC_07": 0.0, "FIC_08": 0.0, "FIC_09": 0.0, "FIC_10": 0.0, "FIC_11": 0.0, "FIC_12": 0.0, "SEMRED": 0, "DESCR": " ", "COD_ID": "b3f71ce495f65f7286ed3eddde7e3bd4b3de0af0d38e32f5ef897da9a22ebf84", "__layer": "UCBT_tab", "lon": null, "lat": null }, "geometry": null },
{ "type": "Feature", "properties": { "DIST": 390, "PAC": "33093860739338162L", "RAMAL": " ", "PN_CON": "1310925", "UNI_TR_MT": "14375157", "CTMT": "AUG0202", "UNI_TR_AT": "DAUG-EQ-TR2", "SUB": "DAUG", "CONJ": 16573, "MUN": "3550308", "CEG_GD": " ", "BRR": "AV PAULISTA 1636 BELA VISTA", "CEP": "01310-200", "CLAS_SUB": "RE1", "CNAE": " ", "TIP_CC": "COM-Tipo02", "FAS_CON": "ABN", "GRU_TEN": "BT", "TEN_FORN": "10", "GRU_TAR": "B1", "SIT_ATIV": "AT", "DAT_CON": "03/10/2012", "CAR_INST": 2.0, "LIV": 0, "ARE_LOC": "UB", "TIP_SIST": "RD_INTERLIG", "ENE_01": 0.0, "ENE_02": 0.0, "ENE_03": 0.0, "ENE_04": 50.0, "ENE_05": 29.0, "ENE_06": 24.0, "ENE_07": 23.0, "ENE_08": 26.0, "ENE_09": 50.0, "ENE_10": 30.0, "ENE_11": 27.0, "ENE_12": 48.54, "DIC_01": 0.0, "DIC_02": 0.0, "DIC_03": 0.0, "DIC_04": 0.0, "DIC_05": 0.0, "DIC_06": 0.0, "DIC_07": 0.28, "DIC_08": 0.0, "DIC_09": 0.0, "DIC_10": 0.0, "DIC_11": 0.0, "DIC_12": 0.0, "FIC_01": 0.0, "FIC_02": 0.0, "FIC_03": 0.0, "FIC_04": 0.0, "FIC_05": 0.0, "FIC_06": 0.0, "FIC_07": 1.0, "FIC_08": 0.0, "FIC_09": 0.0, "FIC_10": 0.0, "FIC_11": 0.0, "FIC_12": 0.0, "SEMRED": 0, "DESCR": " ", "COD_ID": "ff909bec6302676eeea4daab6a31dd69f9245f083fb00f554306ed69e70de89d", "__layer": "UCBT_tab", "lon": null, "lat": null }, "geometry": null },
{ "type": "Feature", "properties": { "DIST": 390, "PAC": "33061008739369866L", "RAMAL": "12297501S1", "PN_CON": "10971152", "UNI_TR_MT": "14373896", "CTMT": "AUG0201", "UNI_TR_AT": "DAUG-EQ-TR2", "SUB": "DAUG", "CONJ": 16596, "MUN": "3550308", "CEG_GD": " ", "BRR": "AV PAULISTA 2064 BELA VISTA", "CEP": "01310-200", "CLAS_SUB": "CO1", "CNAE": "4713-0/04", "TIP_CC": "COM-Tipo05", "FAS_CON": "ABN", "GRU_TEN": "BT", "TEN_FORN": "10", "GRU_TAR": "B3", "SIT_ATIV": "AT", "DAT_CON": "04/12/2012", "CAR_INST": 26.6, "LIV": 0, "ARE_LOC": "UB", "TIP_SIST": "RD_INTERLIG", "ENE_01": 3633.0, "ENE_02": 3370.0, "ENE_03": 3741.698, "ENE_04": 3344.0, "ENE_05": 3517.0, "ENE_06": 3450.0, "ENE_07": 2554.44, "ENE_08": 2001.41, "ENE_09": 3601.0, "ENE_10": 3535.0, "ENE_11": 2118.69, "ENE_12": 3106.01, "DIC_01": 0.0, "DIC_02": 0.0, "DIC_03": 0.0, "DIC_04": 0.0, "DIC_05": 0.0, "DIC_06": 0.0, "DIC_07": 0.31, "DIC_08": 0.0, "DIC_09": 0.0, "DIC_10": 0.0, "DIC_11": 0.0, "DIC_12": 0.0, "FIC_01": 0.0, "FIC_02": 0.0, "FIC_03": 0.0, "FIC_04": 0.0, "FIC_05": 0.0, "FIC_06": 0.0, "FIC_07": 2.0, "FIC_08": 0.0, "FIC_09": 0.0, "FIC_10": 0.0, "FIC_11": 0.0, "FIC_12": 0.0, "SEMRED": 0, "DESCR": " ", "COD_ID": "2426dfb74c3d5a2dc47c66400da357cb92a2c2e144bf4385117029d645b9cc6e", "__layer": "UCBT_tab", "lon": null, "lat": null }, "geometry": null },
{ "type": "Feature", "properties": { "DIST": 390, "PAC": "33061008739369866L", "RAMAL": "12297501S1", "PN_CON": "10971152", "UNI_TR_MT": "14373896", "CTMT": "AUG0201", "UNI_TR_AT": "DAUG-EQ-TR2", "SUB": "DAUG", "CONJ": 16596, "MUN": "3550308", "CEG_GD": " ", "BRR": "AV PAULISTA 2064 BELA VISTA", "CEP": "01310-200", "CLAS_SUB": "CO1", "CNAE": "4713-0/04", "TIP_CC": "COM-Tipo04", "FAS_CON": "ABN", "GRU_TEN": "BT", "TEN_FORN": "10", "GRU_TAR": "B3", "SIT_ATIV": "AT", "DAT_CON": "04/12/2012", "CAR_INST": 47.2, "LIV": 0, "ARE_LOC": "UB", "TIP_SIST": "RD_INTERLIG", "ENE_01": 6418.0, "ENE_02": 6739.0, "ENE_03": 6950.732, "ENE_04": 6666.0, "ENE_05": 6873.0, "ENE_06": 6574.0, "ENE_07": 4888.8, "ENE_08": 3450.16, "ENE_09": 6255.0, "ENE_10": 6531.0, "ENE_11": 3986.04, "ENE_12": 5991.11, "DIC_01": 0.0, "DIC_02": 0.0, "DIC_03": 0.0, "DIC_04": 0.0, "DIC_05": 0.0, "DIC_06": 0.0, "DIC_07": 0.31, "DIC_08": 0.0, "DIC_09": 0.0, "DIC_10": 0.0, "DIC_11": 0.0, "DIC_12": 0.0, "FIC_01": 0.0, "FIC_02": 0.0, "FIC_03": 0.0, "FIC_04": 0.0, "FIC_05": 0.0, "FIC_06": 0.0, "FIC_07": 2.0, "FIC_08": 0.0, "FIC_09": 0.0, "FIC_10": 0.0, "FIC_11": 0.0, "FIC_12": 0.0, "SEMRED": 0, "DESCR": " ", "COD_ID": "141d8454c10a48ca8a75e4012ad01edbd5ff010a5e8e606fcb13c6f17757ac2e", "__layer": "UCBT_tab", "lon": null, "lat": null }, "geometry": null },
{ "type": "Feature", "properties": { "DIST": 390, "PAC": "33061008739369866L", "RAMAL": "12297501S1", "PN_CON": "10971152", "UNI_TR_MT": "14373896", "CTMT": "AUG0201", "UNI_TR_AT": "DAUG-EQ-TR2", "SUB": "DAUG", "CONJ": 16596, "MUN": "3550308", "CEG_GD": " ", "BRR": "AV PAULISTA 2064 BELA VISTA", "CEP": "01310-200", "CLAS_SUB": "CO1", "CNAE": "8211-3/00", "TIP_CC": "COM-Tipo05", "FAS_CON": "ABCN", "GRU_TEN": "BT", "TEN_FORN": "10", "GRU_TAR": "B3", "SIT_ATIV": "AT", "DAT_CON": "04/12/2012", "CAR_INST": 6.4, "LIV": 0, "ARE_LOC": "UB", "TIP_SIST": "RD_INTERLIG", "ENE_01": 2805.0, "ENE_02": 3002.0, "ENE_03": 3488.411, "ENE_04": 3223.0, "ENE_05": 3442.0, "ENE_06": 3760.0, "ENE_07": 2746.8, "ENE_08": 2088.64, "ENE_09": 3832.0, "ENE_10": 3463.0, "ENE_11": 2113.97, "ENE_12": 2968.3, "DIC_01": 0.0, "DIC_02": 0.0, "DIC_03": 0.0, "DIC_04": 0.0, "DIC_05": 0.0, "DIC_06": 0.0, "DIC_07": 0.31, "DIC_08": 0.0, "DIC_09": 0.0, "DIC_10": 0.0, "DIC_11": 0.0, "DIC_12": 0.0, "FIC_01": 0.0, "FIC_02": 0.0, "FIC_03": 0.0, "FIC_04": 0.0, "FIC_05": 0.0, "FIC_06": 0.0, "FIC_07": 2.0, "FIC_08": 0.0, "FIC_09": 0.0, "FIC_10": 0.0, "FIC_11": 0.0, "FIC_12": 0.0, "SEMRED": 0, "DESCR": " ", "COD_ID": "eba3ee284f256d2b2ddaa9b88aefddf5d49ce6a58f67685b0144b1e5d7e235eb", "__layer": "UCBT_tab", "lon": null, "lat": null }, "geometry": null },
{ "type": "Feature", "properties": { "DIST": 390, "PAC": "33093860739338162L", "RAMAL": " ", "PN_CON": "1310925", "UNI_TR_MT": "14375157", "CTMT": "AUG0202", "UNI_TR_AT": "DAUG-EQ-TR2", "SUB": "DAUG", "CONJ": 16573, "MUN": "3550308", "CEG_GD": " ", "BRR": "AV PAULISTA 1636 BELA VISTA", "CEP": "01310-200", "CLAS_SUB": "RE1", "CNAE": " ", "TIP_CC": "RES-Tipo01", "FAS_CON": "ABCN", "GRU_TEN": "BT", "TEN_FORN": "10", "GRU_TAR": "B1", "SIT_ATIV": "AT", "DAT_CON": "03/04/2014", "CAR_INST": 2.0, "LIV": 0, "ARE_LOC": "UB", "TIP_SIST": "RD_INTERLIG", "ENE_01": 0.0, "ENE_02": 0.0, "ENE_03": 0.0, "ENE_04": 0.0, "ENE_05": 0.0, "ENE_06": 0.0, "ENE_07": 158.0, "ENE_08": 50.0, "ENE_09": 66.0, "ENE_10": 10.0, "ENE_11": 51.0, "ENE_12": 235.93, "DIC_01": 0.0, "DIC_02": 0.0, "DIC_03": 0.0, "DIC_04": 0.0, "DIC_05": 0.0, "DIC_06": 0.0, "DIC_07": 0.0, "DIC_08": 0.0, "DIC_09": 0.0, "DIC_10": 0.0, "DIC_11": 0.0, "DIC_12": 0.0, "FIC_01": 0.0, "FIC_02": 0.0, "FIC_03": 0.0, "FIC_04": 0.0, "FIC_05": 0.0, "FIC_06": 0.0, "FIC_07": 0.0, "FIC_08": 0.0, "FIC_09": 0.0, "FIC_10": 0.0, "FIC_11": 0.0, "FIC_12": 0.0, "SEMRED": 0, "DESCR": " ", "COD_ID": "a560a38e8ff63c26a92df5fbfec8a69f96aef8831f8a0197473c291eaa93be03", "__layer": "UCBT_tab", "lon": null, "lat": null }, "geometry": null },
{ "type": "Feature", "properties": { "DIST": 390, "PAC": "33083328739348867L", "RAMAL": "12307012S1", "PN_CON": "10971520", "UNI_TR_MT": "14374917", "CTMT": "AUG0202", "UNI_TR_AT": "DAUG-EQ-TR2", "SUB": "DAUG", "CONJ": 16596, "MUN": "3550308", "CEG_GD": " ", "BRR": "AV PAULISTA 1776 BELA VISTA", "CEP": "01310-200", "CLAS_SUB": "CO1", "CNAE": "6912-5/00", "TIP_CC": "COM-Tipo04", "FAS_CON": "ABCN", "GRU_TEN": "BT", "TEN_FORN": "10", "GRU_TAR": "B3", "SIT_ATIV": "AT", "DAT_CON": "23/06/2015", "CAR_INST": 6.8, "LIV": 0, "ARE_LOC": "UB", "TIP_SIST": "RD_INTERLIG", "ENE_01": 6960.0, "ENE_02": 6160.0, "ENE_03": 9218.362, "ENE_04": 5800.0, "ENE_05": 6640.0, "ENE_06": 4160.0, "ENE_07": 3024.0, "ENE_08": 2854.8, "ENE_09": 4880.0, "ENE_10": 5320.0, "ENE_11": 2454.4, "ENE_12": 5546.44, "DIC_01": 0.0, "DIC_02": 0.0, "DIC_03": 0.0, "DIC_04": 0.0, "DIC_05": 0.0, "DIC_06": 0.0, "DIC_07": 0.29, "DIC_08": 0.0, "DIC_09": 0.0, "DIC_10": 0.0, "DIC_11": 0.0, "DIC_12": 0.0, "FIC_01": 0.0, "FIC_02": 0.0, "FIC_03": 0.0, "FIC_04": 0.0, "FIC_05": 0.0, "FIC_06": 0.0, "FIC_07": 2.0, "FIC_08": 0.0, "FIC_09": 0.0, "FIC_10": 0.0, "FIC_11": 0.0, "FIC_12": 0.0, "SEMRED": 0, "DESCR": " ", "COD_ID": "807150771277a1ccd666e051933e9934de918cbb7d58c5c7d5b27de14aea189c", "__layer": "UCBT_tab", "lon": null, "lat": null }, "geometry": null },
{ "type": "Feature", "properties": { "DIST": 390, "PAC": "33083328739348867L", "RAMAL": "12307012S1", "PN_CON": "10971520", "UNI_TR_MT": "14374917", "CTMT": "AUG0202", "UNI_TR_AT": "DAUG-EQ-TR2", "SUB": "DAUG", "CONJ": 16596, "MUN": "3550308", "CEG_GD": " ", "BRR": "AV PAULISTA 1776 BELA VISTA", "CEP": "01310-200", "CLAS_SUB": "CO1", "CNAE": "5611-2/03", "TIP_CC": "COM-Tipo03", "FAS_CON": "ABCN", "GRU_TEN": "BT", "TEN_FORN": "10", "GRU_TAR": "B3", "SIT_ATIV": "AT", "DAT_CON": "21/09/2016", "CAR_INST": 17.6, "LIV": 0, "ARE_LOC": "UB", "TIP_SIST": "RD_INTERLIG", "ENE_01": 1543.0, "ENE_02": 1513.0, "ENE_03": 2164.358, "ENE_04": 1362.0, "ENE_05": 1705.0, "ENE_06": 1027.0, "ENE_07": 725.76, "ENE_08": 638.67, "ENE_09": 1258.0, "ENE_10": 1264.0, "ENE_11": 691.48, "ENE_12": 1399.04, "DIC_01": 0.0, "DIC_02": 0.0, "DIC_03": 0.0, "DIC_04": 0.0, "DIC_05": 0.0, "DIC_06": 0.0, "DIC_07": 0.29, "DIC_08": 0.0, "DIC_09": 0.0, "DIC_10": 0.0, "DIC_11": 0.0, "DIC_12": 0.0, "FIC_01": 0.0, "FIC_02": 0.0, "FIC_03": 0.0, "FIC_04": 0.0, "FIC_05": 0.0, "FIC_06": 0.0, "FIC_07": 2.0, "FIC_08": 0.0, "FIC_09": 0.0, "FIC_10": 0.0, "FIC_11": 0.0, "FIC_12": 0.0, "SEMRED": 0, "DESCR": " ", "COD_ID": "069440dbc2ed03678f038d736f8dde87f196dab1cac38ec779d6db1ae48e84bc", "__layer": "UCBT_tab", "lon": null, "lat": null }, "geometry": null },
{ "type": "Feature", "properties": { "DIST": 390, "PAC": "33071144739360737L", "RAMAL": "12297875S1", "PN_CON": "10971323", "UNI_TR_MT": "14374375", "CTMT": "AUG0201", "UNI_TR_AT": "DAUG-EQ-TR2", "SUB": "DAUG", "CONJ": 16596, "MUN": "3550308", "CEG_GD": " ", "BRR": "AV PAULISTA 2006 BELA VISTA", "CEP": "01310-200", "CLAS_SUB": "CO1", "CNAE": "7020-4/00", "TIP_CC": "COM-Tipo02", "FAS_CON": "ABCN", "GRU_TEN": "BT", "TEN_FORN": "10", "GRU_TAR": "B3", "SIT_ATIV": "DS", "DAT_CON": "29/01/2019", "CAR_INST": 6.4, "LIV": 0, "ARE_LOC": "UB", "TIP_SIST": "RD_INTERLIG", "ENE_01": 50.0, "ENE_02": 0.0, "ENE_03": 0.0, "ENE_04": 0.0, "ENE_05": 0.0, "ENE_06": 0.0, "ENE_07": 0.0, "ENE_08": 0.0, "ENE_09": 0.0, "ENE_10": 0.0, "ENE_11": 0.0, "ENE_12": 0.0, "DIC_01": 0.0, "DIC_02": 0.0, "DIC_03": 0.0, "DIC_04": 0.0, "DIC_05": 0.0, "DIC_06": 0.0, "DIC_07": 0.0, "DIC_08": 0.0, "DIC_09": 0.0, "DIC_10": 0.0, "DIC_11": 0.0, "DIC_12": 0.0, "FIC_01": 0.0, "FIC_02": 0.0, "FIC_03": 0.0, "FIC_04": 0.0, "FIC_05": 0.0, "FIC_06": 0.0, "FIC_07": 0.0, "FIC_08": 0.0, "FIC_09": 0.0, "FIC_10": 0.0, "FIC_11": 0.0, "FIC_12": 0.0, "SEMRED": 0, "DESCR": " ", "COD_ID": "5ed8c26f3082446bd29d952ca004c0ea93a208ab4c5b14aef21cb4e9148a6e10", "__layer": "UCBT_tab", "lon": null, "lat": null }, "geometry": null },
{ "type": "Feature", "properties": { "DIST": 390, "PAC": "33092813739339446L", "RAMAL": "445547910S1", "PN_CON": "445547744", "UNI_TR_MT": "14375157", "CTMT": "AUG0202", "UNI_TR_AT": "DAUG-EQ-TR2", "SUB": "DAUG", "CONJ": 16573, "MUN": "3550308", "CEG_GD": " ", "BRR": "AV PAULISTA 1650 BELA VISTA", "CEP": "01310-200", "CLAS_SUB": "CO1", "CNAE": "4110-7/00", "TIP_CC": "COM-Tipo05", "FAS_CON": "ABCN", "GRU_TEN": "BT", "TEN_FORN": "10", "GRU_TAR": "B3", "SIT_ATIV": "AT", "DAT_CON": "25/07/2023", "CAR_INST": 191.3, "LIV": 0, "ARE_LOC": "UB", "TIP_SIST": "RD_INTERLIG", "ENE_01": 9240.0, "ENE_02": 6040.0, "ENE_03": 6826.806, "ENE_04": 6960.0, "ENE_05": 6920.0, "ENE_06": 7320.0, "ENE_07": 6552.0, "ENE_08": 4367.6, "ENE_09": 4360.0, "ENE_10": 5360.0, "ENE_11": 2525.2, "ENE_12": 4513.66, "DIC_01": 0.0, "DIC_02": 0.0, "DIC_03": 0.0, "DIC_04": 0.0, "DIC_05": 0.0, "DIC_06": 0.0, "DIC_07": 0.0, "DIC_08": 0.0, "DIC_09": 0.0, "DIC_10": 0.0, "DIC_11": 0.0, "DIC_12": 0.0, "FIC_01": 0.0, "FIC_02": 0.0, "FIC_03": 0.0, "FIC_04": 0.0, "FIC_05": 0.0, "FIC_06": 0.0, "FIC_07": 0.0, "FIC_08": 0.0, "FIC_09": 0.0, "FIC_10": 0.0, "FIC_11": 0.0, "FIC_12": 0.0, "SEMRED": 0, "DESCR": " ", "COD_ID": "23245bf325201dea0356b4a84f9e830c81ca60234220063d371cff911f687df6", "__layer": "UCBT_tab", "lon": null, "lat": null }, "geometry": null },
{ "type": "Feature", "properties": { "DIST": 390, "PAC": "33085305739347489L", "RAMAL": "12307074S1", "PN_CON": "10971552", "UNI_TR_MT": "14374950", "CTMT": "AUG0202", "UNI_TR_AT": "DAUG-EQ-TR2", "SUB": "DAUG", "CONJ": 16596, "MUN": "3550308", "CEG_GD": " ", "BRR": "AV PAULISTA 1754 BELA VISTA", "CEP": "01310-200", "CLAS_SUB": "CO9", "CNAE": "6499-9/99", "TIP_CC": "COM-Tipo02", "FAS_CON": "ABCN", "GRU_TEN": "BT", "TEN_FORN": "10", "GRU_TAR": "B3", "SIT_ATIV": "DS", "DAT_CON": "01/09/1983", "CAR_INST": 4.5, "LIV": 0, "ARE_LOC": "UB", "TIP_SIST": "RD_INTERLIG", "ENE_01": 250.0, "ENE_02": 200.0, "ENE_03": 271.768, "ENE_04": 300.0, "ENE_05": 260.0, "ENE_06": 230.0, "ENE_07": 193.2, "ENE_08": 146.4, "ENE_09": 220.0, "ENE_10": 250.0, "ENE_11": 118.0, "ENE_12": 239.07, "DIC_01": 0.0, "DIC_02": 0.0, "DIC_03": 0.0, "DIC_04": 0.0, "DIC_05": 0.0, "DIC_06": 0.0, "DIC_07": 0.29, "DIC_08": 0.0, "DIC_09": 0.0, "DIC_10": 0.0, "DIC_11": 0.0, "DIC_12": 0.0, "FIC_01": 0.0, "FIC_02": 0.0, "FIC_03": 0.0, "FIC_04": 0.0, "FIC_05": 0.0, "FIC_06": 0.0, "FIC_07": 2.0, "FIC_08": 0.0, "FIC_09": 0.0, "FIC_10": 0.0, "FIC_11": 0.0, "FIC_12": 0.0, "SEMRED": 0, "DESCR": " ", "COD_ID": "46d2216fd1cf12d0ca4399475b5bab07590617d727d4996ab1917a10fdf6fae2", "__layer": "UCBT_tab", "lon": null, "lat": null }, "geometry": null },
{ "type": "Feature", "properties": { "DIST": 390, "PAC": "33085305739347489L", "RAMAL": "12307074S1", "PN_CON": "10971552", "UNI_TR_MT": "14374950", "CTMT": "AUG0202", "UNI_TR_AT": "DAUG-EQ-TR2", "SUB": "DAUG", "CONJ": 16596, "MUN": "3550308", "CEG_GD": " ", "BRR": "AV PAULISTA 1754 BELA VISTA", "CEP": "01310-200", "CLAS_SUB": "CO9", "CNAE": "5620-1/04", "TIP_CC": "COM-Tipo02", "FAS_CON": "ABCN", "GRU_TEN": "BT", "TEN_FORN": "10", "GRU_TAR": "B3", "SIT_ATIV": "DS", "DAT_CON": "01/05/1988", "CAR_INST": 8.9, "LIV": 0, "ARE_LOC": "UB", "TIP_SIST": "RD_INTERLIG", "ENE_01": 79.0, "ENE_02": 100.0, "ENE_03": 108.707, "ENE_04": 75.0, "ENE_05": 82.0, "ENE_06": 100.0, "ENE_07": 63.84, "ENE_08": 46.97, "ENE_09": 73.0, "ENE_10": 100.0, "ENE_11": 47.79, "ENE_12": 89.89, "DIC_01": 0.0, "DIC_02": 0.0, "DIC_03": 0.0, "DIC_04": 0.0, "DIC_05": 0.0, "DIC_06": 0.0, "DIC_07": 0.29, "DIC_08": 0.0, "DIC_09": 0.0, "DIC_10": 0.0, "DIC_11": 0.0, "DIC_12": 0.0, "FIC_01": 0.0, "FIC_02": 0.0, "FIC_03": 0.0, "FIC_04": 0.0, "FIC_05": 0.0, "FIC_06": 0.0, "FIC_07": 2.0, "FIC_08": 0.0, "FIC_09": 0.0, "FIC_10": 0.0, "FIC_11": 0.0, "FIC_12": 0.0, "SEMRED": 0, "DESCR": " ", "COD_ID": "2697c3936f0dd80c2ba4e112e2afe351ffec3b96a4ec0e5c529a6e10b6b65ecf", "__layer": "UCBT_tab", "lon": null, "lat": null }, "geometry": null },
{ "type": "Feature", "properties": { "DIST": 390, "PAC": "33084775739339765L", "RAMAL": "12307084S1", "PN_CON": "1310571", "UNI_TR_MT": "14375004", "CTMT": "IBP0201", "UNI_TR_AT": "DIBP-EQ-TR1", "SUB": "DIBP", "CONJ": 16573, "MUN": "3550308", "CEG_GD": " ", "BRR": "AV PAULISTA 1776 BELA VISTA", "CEP": "01310-200", "CLAS_SUB": "CO1", "CNAE": "9002-7/01", "TIP_CC": "COM-Tipo03", "FAS_CON": "AB", "GRU_TEN": "BT", "TEN_FORN": "10", "GRU_TAR": "B3", "SIT_ATIV": "DS", "DAT_CON": "01/04/1974", "CAR_INST": 17.6, "LIV": 0, "ARE_LOC": "UB", "TIP_SIST": "RD_INTERLIG", "ENE_01": 100.0, "ENE_02": 100.0, "ENE_03": 272.855, "ENE_04": 771.0, "ENE_05": 1103.0, "ENE_06": 407.0, "ENE_07": 316.68, "ENE_08": 261.69, "ENE_09": 514.0, "ENE_10": 621.0, "ENE_11": 266.68, "ENE_12": 749.72, "DIC_01": 0.0, "DIC_02": 0.0, "DIC_03": 0.0, "DIC_04": 0.0, "DIC_05": 0.0, "DIC_06": 0.0, "DIC_07": 0.0, "DIC_08": 0.0, "DIC_09": 0.0, "DIC_10": 0.0, "DIC_11": 0.0, "DIC_12": 0.0, "FIC_01": 0.0, "FIC_02": 0.0, "FIC_03": 0.0, "FIC_04": 0.0, "FIC_05": 0.0, "FIC_06": 0.0, "FIC_07": 0.0, "FIC_08": 0.0, "FIC_09": 0.0, "FIC_10": 0.0, "FIC_11": 0.0, "FIC_12": 0.0, "SEMRED": 0, "DESCR": " ", "COD_ID": "bcd3fd087eb7e27614554e4bac30f6ee8309ff9de470f2936ab2ebd6d05cb3b6", "__layer": "UCBT_tab", "lon": null, "lat": null }, "geometry": null },
{ "type": "Feature", "properties": { "DIST": 390, "PAC": "33063643739357708L", "RAMAL": "461011279S1", "PN_CON": " ", "UNI_TR_MT": "14374109", "CTMT": "IBP0201", "UNI_TR_AT": "DIBP-EQ-TR1", "SUB": "DIBP", "CONJ": 16596, "MUN": "3550308", "CEG_GD": " ", "BRR": "AV PAULISTA 2002 BELA VISTA", "CEP": "01310-200", "CLAS_SUB": "RE1", "CNAE": " ", "TIP_CC": "RES-Tipo05", "FAS_CON": "ABN", "GRU_TEN": "BT", "TEN_FORN": "10", "GRU_TAR": "B1", "SIT_ATIV": "DS", "DAT_CON": "01/03/1989", "CAR_INST": 13.6, "LIV": 0, "ARE_LOC": "UB", "TIP_SIST": "RD_INTERLIG", "ENE_01": 969.65, "ENE_02": 1300.0, "ENE_03": 2783.0, "ENE_04": 1740.0, "ENE_05": 1934.0, "ENE_06": 1658.0, "ENE_07": 1625.0, "ENE_08": 1775.0, "ENE_09": 1704.0, "ENE_10": 1908.0, "ENE_11": 1673.0, "ENE_12": 1651.53, "DIC_01": 0.0, "DIC_02": 0.0, "DIC_03": 0.0, "DIC_04": 0.0, "DIC_05": 0.0, "DIC_06": 0.0, "DIC_07": 0.0, "DIC_08": 0.0, "DIC_09": 0.0, "DIC_10": 0.0, "DIC_11": 0.0, "DIC_12": 4.82, "FIC_01": 0.0, "FIC_02": 0.0, "FIC_03": 0.0, "FIC_04": 0.0, "FIC_05": 0.0, "FIC_06": 0.0, "FIC_07": 0.0, "FIC_08": 0.0, "FIC_09": 0.0, "FIC_10": 0.0, "FIC_11": 0.0, "FIC_12": 1.0, "SEMRED": 0, "DESCR": " ", "COD_ID": "7d9b96ef3632b6ab8f90a722e7f55f776572f1003689f4a0e89461a1690fe521", "__layer": "UCBT_tab", "lon": null, "lat": null }, "geometry": null },
{ "type": "Feature", "properties": { "DIST": 390, "PAC": "33071144739360737L", "RAMAL": "12297875S1", "PN_CON": "10971323", "UNI_TR_MT": "14374375", "CTMT": "AUG0201", "UNI_TR_AT": "DAUG-EQ-TR2", "SUB": "DAUG", "CONJ": 16596, "MUN": "3550308", "CEG_GD": " ", "BRR": "AV PAULISTA 2006 BELA VISTA", "CEP": "01310-200", "CLAS_SUB": "CO1", "CNAE": "6461-1/00", "TIP_CC": "COM-Tipo02", "FAS_CON": "BCN", "GRU_TEN": "BT", "TEN_FORN": "10", "GRU_TAR": "B3", "SIT_ATIV": "DS", "DAT_CON": "01/02/1974", "CAR_INST": 3.0, "LIV": 0, "ARE_LOC": "UB", "TIP_SIST": "RD_INTERLIG", "ENE_01": 50.0, "ENE_02": 50.0, "ENE_03": 54.354, "ENE_04": 50.0, "ENE_05": 50.0, "ENE_06": 50.0, "ENE_07": 42.0, "ENE_08": 30.5, "ENE_09": 50.0, "ENE_10": 50.0, "ENE_11": 29.5, "ENE_12": 47.81, "DIC_01": 0.0, "DIC_02": 0.0, "DIC_03": 0.0, "DIC_04": 0.0, "DIC_05": 0.0, "DIC_06": 0.0, "DIC_07": 0.31, "DIC_08": 0.0, "DIC_09": 0.0, "DIC_10": 0.0, "DIC_11": 0.0, "DIC_12": 0.0, "FIC_01": 0.0, "FIC_02": 0.0, "FIC_03": 0.0, "FIC_04": 0.0, "FIC_05": 0.0, "FIC_06": 0.0, "FIC_07": 2.0, "FIC_08": 0.0, "FIC_09": 0.0, "FIC_10": 0.0, "FIC_11": 0.0, "FIC_12": 0.0, "SEMRED": 0, "DESCR": " ", "COD_ID": "e47cefa923e90beda57b034a8d4736fd2e0d6b581e7ea4016123cd75bf4541dd", "__layer": "UCBT_tab", "lon": null, "lat": null }, "geometry": null },
{ "type": "Feature", "properties": { "DIST": 390, "PAC": "33071144739360737L", "RAMAL": "12297875S1", "PN_CON": "10971323", "UNI_TR_MT": "14374375", "CTMT": "AUG0201", "UNI_TR_AT": "DAUG-EQ-TR2", "SUB": "DAUG", "CONJ": 16596, "MUN": "3550308", "CEG_GD": " ", "BRR": "AV PAULISTA 2006 BELA VISTA", "CEP": "01310-200", "CLAS_SUB": "CO1", "CNAE": "9602-5/02", "TIP_CC": "COM-Tipo02", "FAS_CON": "ABN", "GRU_TEN": "BT", "TEN_FORN": "10", "GRU_TAR": "B3", "SIT_ATIV": "DS", "DAT_CON": "01/02/1973", "CAR_INST": 7.2, "LIV": 0, "ARE_LOC": "UB", "TIP_SIST": "RD_INTERLIG", "ENE_01": 420.0, "ENE_02": 430.0, "ENE_03": 695.725, "ENE_04": 420.0, "ENE_05": 510.0, "ENE_06": 290.0, "ENE_07": 243.6, "ENE_08": 176.9, "ENE_09": 310.0, "ENE_10": 340.0, "ENE_11": 153.4, "ENE_12": 296.44, "DIC_01": 0.0, "DIC_02": 0.0, "DIC_03": 0.0, "DIC_04": 0.0, "DIC_05": 0.0, "DIC_06": 0.0, "DIC_07": 0.31, "DIC_08": 0.0, "DIC_09": 0.0, "DIC_10": 0.0, "DIC_11": 0.0, "DIC_12": 0.0, "FIC_01": 0.0, "FIC_02": 0.0, "FIC_03": 0.0, "FIC_04": 0.0, "FIC_05": 0.0, "FIC_06": 0.0, "FIC_07": 2.0, "FIC_08": 0.0, "FIC_09": 0.0, "FIC_10": 0.0, "FIC_11": 0.0, "FIC_12": 0.0, "SEMRED": 0, "DESCR": " ", "COD_ID": "2dbb0d8f09cbc01c84f4ff5e80020d41310c85dce4a065bafe6b1b3d832f7476", "__layer": "UCBT_tab", "lon": null, "lat": null }, "geometry": null },
{ "type": "Feature", "properties": { "DIST": 390, "PAC": "33071144739360737L", "RAMAL": "12297875S1", "PN_CON": "10971323", "UNI_TR_MT": "14374375", "CTMT": "AUG0201", "UNI_TR_AT": "DAUG-EQ-TR2", "SUB": "DAUG", "CONJ": 16596, "MUN": "3550308", "CEG_GD": " ", "BRR": "AV PAULISTA 2006 BELA VISTA", "CEP": "01310-200", "CLAS_SUB": "CO1", "CNAE": "6201-5/01", "TIP_CC": "RES-Tipo01", "FAS_CON": "ABCN", "GRU_TEN": "BT", "TEN_FORN": "10", "GRU_TAR": "B3", "SIT_ATIV": "DS", "DAT_CON": "01/09/1973", "CAR_INST": 6.4, "LIV": 0, "ARE_LOC": "UB", "TIP_SIST": "RD_INTERLIG", "ENE_01": 0.0, "ENE_02": 0.0, "ENE_03": 0.0, "ENE_04": 0.0, "ENE_05": 0.0, "ENE_06": 0.0, "ENE_07": 6.72, "ENE_08": 30.5, "ENE_09": 50.0, "ENE_10": 50.0, "ENE_11": 29.5, "ENE_12": 47.81, "DIC_01": 0.0, "DIC_02": 0.0, "DIC_03": 0.0, "DIC_04": 0.0, "DIC_05": 0.0, "DIC_06": 0.0, "DIC_07": 0.31, "DIC_08": 0.0, "DIC_09": 0.0, "DIC_10": 0.0, "DIC_11": 0.0, "DIC_12": 0.0, "FIC_01": 0.0, "FIC_02": 0.0, "FIC_03": 0.0, "FIC_04": 0.0, "FIC_05": 0.0, "FIC_06": 0.0, "FIC_07": 2.0, "FIC_08": 0.0, "FIC_09": 0.0, "FIC_10": 0.0, "FIC_11": 0.0, "FIC_12": 0.0, "SEMRED": 0, "DESCR": " ", "COD_ID": "88da9c47de2e57abf1e5a6142ba346108267635f8138d96eb027802b1a49d812", "__layer": "UCBT_tab", "lon": null, "lat": null }, "geometry": null },
{ "type": "Feature", "properties": { "DIST": 390, "PAC": "33071144739360737L", "RAMAL": "12297875S1", "PN_CON": "10971323", "UNI_TR_MT": "14374375", "CTMT": "AUG0201", "UNI_TR_AT": "DAUG-EQ-TR2", "SUB": "DAUG", "CONJ": 16596, "MUN": "3550308", "CEG_GD": " ", "BRR": "AV PAULISTA 2006 BELA VISTA", "CEP": "01310-200", "CLAS_SUB": "CO1", "CNAE": "8291-1/00", "TIP_CC": "COM-Tipo01", "FAS_CON": "BCN", "GRU_TEN": "BT", "TEN_FORN": "10", "GRU_TAR": "B3", "SIT_ATIV": "DS", "DAT_CON": "01/06/1983", "CAR_INST": 2.0, "LIV": 0, "ARE_LOC": "UB", "TIP_SIST": "RD_INTERLIG", "ENE_01": 0.0, "ENE_02": 0.0, "ENE_03": 0.0, "ENE_04": 0.0, "ENE_05": 0.0, "ENE_06": 0.0, "ENE_07": 0.0, "ENE_08": 0.0, "ENE_09": 0.0, "ENE_10": 50.0, "ENE_11": 29.5, "ENE_12": 47.81, "DIC_01": 0.0, "DIC_02": 0.0, "DIC_03": 0.0, "DIC_04": 0.0, "DIC_05": 0.0, "DIC_06": 0.0, "DIC_07": 0.0, "DIC_08": 0.0, "DIC_09": 0.0, "DIC_10": 0.0, "DIC_11": 0.0, "DIC_12": 0.0, "FIC_01": 0.0, "FIC_02": 0.0, "FIC_03": 0.0, "FIC_04": 0.0, "FIC_05": 0.0, "FIC_06": 0.0, "FIC_07": 0.0, "FIC_08": 0.0, "FIC_09": 0.0, "FIC_10": 0.0, "FIC_11": 0.0, "FIC_12": 0.0, "SEMRED": 0, "DESCR": " ", "COD_ID": "d4af59c9960e4a36b4e7d56965df49447f430738014787efd5b88be1592d4293", "__layer": "UCBT_tab", "lon": null, "lat": null }, "geometry": null },
{ "type": "Feature", "properties": { "DIST": 390, "PAC": "33073873739357834L", "RAMAL": "12298004S1", "PN_CON": "10971365", "UNI_TR_MT": "14374600", "CTMT": "AUG0201", "UNI_TR_AT": "DAUG-EQ-TR2", "SUB": "DAUG", "CONJ": 16596, "MUN": "3550308", "CEG_GD": " ", "BRR": "AV PAULISTA 1912 BELA VISTA", "CEP": "01310-200", "CLAS_SUB": "CO1", "CNAE": "6810-2/02", "TIP_CC": "COM-Tipo02", "FAS_CON": "ABCN", "GRU_TEN": "BT", "TEN_FORN": "10", "GRU_TAR": "B3", "SIT_ATIV": "AT", "DAT_CON": "20/11/2007", "CAR_INST": 23.1, "LIV": 0, "ARE_LOC": "UB", "TIP_SIST": "RD_INTERLIG", "ENE_01": 1152.6, "ENE_02": 940.8, "ENE_03": 1121.857, "ENE_04": 929.4, "ENE_05": 897.0, "ENE_06": 940.2, "ENE_07": 730.3, "ENE_08": 555.59, "ENE_09": 883.4, "ENE_10": 1012.6, "ENE_11": 522.98, "ENE_12": 829.47, "DIC_01": 0.0, "DIC_02": 0.0, "DIC_03": 0.0, "DIC_04": 0.0, "DIC_05": 0.0, "DIC_06": 0.0, "DIC_07": 0.31, "DIC_08": 0.0, "DIC_09": 0.0, "DIC_10": 0.0, "DIC_11": 0.0, "DIC_12": 0.0, "FIC_01": 0.0, "FIC_02": 0.0, "FIC_03": 0.0, "FIC_04": 0.0, "FIC_05": 0.0, "FIC_06": 0.0, "FIC_07": 2.0, "FIC_08": 0.0, "FIC_09": 0.0, "FIC_10": 0.0, "FIC_11": 0.0, "FIC_12": 0.0, "SEMRED": 0, "DESCR": " ", "COD_ID": "3faf11de9cf564f64c456fb8dd857006bfe5718ae9717eeb8bf7c92b203671e3", "__layer": "UCBT_tab", "lon": null, "lat": null }, "geometry": null },
{ "type": "Feature", "properties": { "DIST": 390, "PAC": "33061008739369866L", "RAMAL": "12297501S1", "PN_CON": "10971152", "UNI_TR_MT": "14373896", "CTMT": "AUG0201", "UNI_TR_AT": "DAUG-EQ-TR2", "SUB": "DAUG", "CONJ": 16596, "MUN": "3550308", "CEG_GD": " ", "BRR": "AV PAULISTA 2064 BELA VISTA", "CEP": "01310-200", "CLAS_SUB": "CO1", "CNAE": "7490-1/04", "TIP_CC": "COM-Tipo05", "FAS_CON": "ABN", "GRU_TEN": "BT", "TEN_FORN": "10", "GRU_TAR": "B3", "SIT_ATIV": "AT", "DAT_CON": "04/12/2012", "CAR_INST": 47.2, "LIV": 0, "ARE_LOC": "UB", "TIP_SIST": "RD_INTERLIG", "ENE_01": 2378.0, "ENE_02": 2184.0, "ENE_03": 2527.44, "ENE_04": 2374.0, "ENE_05": 2550.0, "ENE_06": 2758.0, "ENE_07": 2074.8, "ENE_08": 1572.58, "ENE_09": 2584.0, "ENE_10": 2514.0, "ENE_11": 1588.28, "ENE_12": 2330.46, "DIC_01": 0.0, "DIC_02": 0.0, "DIC_03": 0.0, "DIC_04": 0.0, "DIC_05": 0.0, "DIC_06": 0.0, "DIC_07": 0.31, "DIC_08": 0.0, "DIC_09": 0.0, "DIC_10": 0.0, "DIC_11": 0.0, "DIC_12": 0.0, "FIC_01": 0.0, "FIC_02": 0.0, "FIC_03": 0.0, "FIC_04": 0.0, "FIC_05": 0.0, "FIC_06": 0.0, "FIC_07": 2.0, "FIC_08": 0.0, "FIC_09": 0.0, "FIC_10": 0.0, "FIC_11": 0.0, "FIC_12": 0.0, "SEMRED": 0, "DESCR": " ", "COD_ID": "d303f198ea2a3155172c08efa3edefcea409052a49086ba0956e0a8c8ee6dfd6", "__layer": "UCBT_tab", "lon": null, "lat": null }, "geometry": null },
{ "type": "Feature", "properties": { "DIST": 390, "PAC": "33061008739369866L", "RAMAL": "12297501S1", "PN_CON": "10971152", "UNI_TR_MT": "14373896", "CTMT": "AUG0201", "UNI_TR_AT": "DAUG-EQ-TR2", "SUB": "DAUG", "CONJ": 16596, "MUN": "3550308", "CEG_GD": " ", "BRR": "AV PAULISTA 2064 BELA VISTA", "CEP": "01310-200", "CLAS_SUB": "CO1", "CNAE": "4713-0/04", "TIP_CC": "COM-Tipo05", "FAS_CON": "ABN", "GRU_TEN": "BT", "TEN_FORN": "10", "GRU_TAR": "B3", "SIT_ATIV": "AT", "DAT_CON": "04/12/2012", "CAR_INST": 47.2, "LIV": 0, "ARE_LOC": "UB", "TIP_SIST": "RD_INTERLIG", "ENE_01": 2871.0, "ENE_02": 2599.0, "ENE_03": 2752.464, "ENE_04": 2579.0, "ENE_05": 2796.0, "ENE_06": 2635.0, "ENE_07": 2016.84, "ENE_08": 1570.14, "ENE_09": 2739.0, "ENE_10": 2677.0, "ENE_11": 1608.34, "ENE_12": 2280.73, "DIC_01": 0.0, "DIC_02": 0.0, "DIC_03": 0.0, "DIC_04": 0.0, "DIC_05": 0.0, "DIC_06": 0.0, "DIC_07": 0.31, "DIC_08": 0.0, "DIC_09": 0.0, "DIC_10": 0.0, "DIC_11": 0.0, "DIC_12": 0.0, "FIC_01": 0.0, "FIC_02": 0.0, "FIC_03": 0.0, "FIC_04": 0.0, "FIC_05": 0.0, "FIC_06": 0.0, "FIC_07": 2.0, "FIC_08": 0.0, "FIC_09": 0.0, "FIC_10": 0.0, "FIC_11": 0.0, "FIC_12": 0.0, "SEMRED": 0, "DESCR": " ", "COD_ID": "3b5cfcd6d74173d8be332a3f1720a01c9140b903b9b335736822e7ee841df479", "__layer": "UCBT_tab", "lon": null, "lat": null }, "geometry": null },
{ "type": "Feature", "properties": { "DIST": 390, "PAC": "33065242739366097L", "RAMAL": "12297660S1", "PN_CON": "1309838", "UNI_TR_MT": "14374078", "CTMT": "AUG0202", "UNI_TR_AT": "DAUG-EQ-TR2", "SUB": "DAUG", "CONJ": 16596, "MUN": "3550308", "CEG_GD": " ", "BRR": "AV PAULISTA 2028 BELA VISTA", "CEP": "01310-200", "CLAS_SUB": "CO1", "CNAE": "7020-4/00", "TIP_CC": "COM-Tipo03", "FAS_CON": "ABCN", "GRU_TEN": "BT", "TEN_FORN": "10", "GRU_TAR": "B3", "SIT_ATIV": "AT", "DAT_CON": "18/12/2014", "CAR_INST": 49.6, "LIV": 0, "ARE_LOC": "UB", "TIP_SIST": "RD_INTERLIG", "ENE_01": 1760.0, "ENE_02": 2720.0, "ENE_03": 2348.073, "ENE_04": 2400.0, "ENE_05": 2400.0, "ENE_06": 2240.0, "ENE_07": 1612.8, "ENE_08": 1268.8, "ENE_09": 2320.0, "ENE_10": 2320.0, "ENE_11": 1227.2, "ENE_12": 2065.57, "DIC_01": 0.0, "DIC_02": 0.0, "DIC_03": 0.0, "DIC_04": 0.0, "DIC_05": 0.0, "DIC_06": 0.0, "DIC_07": 0.29, "DIC_08": 0.0, "DIC_09": 0.0, "DIC_10": 0.0, "DIC_11": 0.0, "DIC_12": 0.0, "FIC_01": 0.0, "FIC_02": 0.0, "FIC_03": 0.0, "FIC_04": 0.0, "FIC_05": 0.0, "FIC_06": 0.0, "FIC_07": 2.0, "FIC_08": 0.0, "FIC_09": 0.0, "FIC_10": 0.0, "FIC_11": 0.0, "FIC_12": 0.0, "SEMRED": 0, "DESCR": " ", "COD_ID": "e7c49c7c1e0c521416daf969761b19de079f874898840590f158fe17be295058", "__layer": "UCBT_tab", "lon": null, "lat": null }, "geometry": null },
{ "type": "Feature", "properties": { "DIST": 390, "PAC": "33065242739366097L", "RAMAL": "12297660S1", "PN_CON": "1309838", "UNI_TR_MT": "14374078", "CTMT": "AUG0202", "UNI_TR_AT": "DAUG-EQ-TR2", "SUB": "DAUG", "CONJ": 16596, "MUN": "3550308", "CEG_GD": " ", "BRR": "AV PAULISTA 2028 BELA VISTA", "CEP": "01310-200", "CLAS_SUB": "CO1", "CNAE": "6120-5/01", "TIP_CC": "COM-Tipo05", "FAS_CON": "ABCN", "GRU_TEN": "BT", "TEN_FORN": "10", "GRU_TAR": "B3", "SIT_ATIV": "AT", "DAT_CON": "18/12/2014", "CAR_INST": 123.7, "LIV": 0, "ARE_LOC": "UB", "TIP_SIST": "RD_INTERLIG", "ENE_01": 279.0, "ENE_02": 251.0, "ENE_03": 307.641, "ENE_04": 268.0, "ENE_05": 272.0, "ENE_06": 238.0, "ENE_07": 145.32, "ENE_08": 90.28, "ENE_09": 268.0, "ENE_10": 242.0, "ENE_11": 143.37, "ENE_12": 235.24, "DIC_01": 0.0, "DIC_02": 0.0, "DIC_03": 0.0, "DIC_04": 0.0, "DIC_05": 0.0, "DIC_06": 0.0, "DIC_07": 0.29, "DIC_08": 0.0, "DIC_09": 0.0, "DIC_10": 0.0, "DIC_11": 0.0, "DIC_12": 0.0, "FIC_01": 0.0, "FIC_02": 0.0, "FIC_03": 0.0, "FIC_04": 0.0, "FIC_05": 0.0, "FIC_06": 0.0, "FIC_07": 2.0, "FIC_08": 0.0, "FIC_09": 0.0, "FIC_10": 0.0, "FIC_11": 0.0, "FIC_12": 0.0, "SEMRED": 0, "DESCR": " ", "COD_ID": "ea4087e13bd79ad129f83a6033488373bc2af1f6f6cf7a4d8f40eab78f4fcacf", "__layer": "UCBT_tab", "lon": null, "lat": null }, "geometry": null },
{ "type": "Feature", "properties": { "DIST": 390, "PAC": "33137794739293173L", "RAMAL": "12309737S1", "PN_CON": "1313050", "UNI_TR_MT": "14381221", "CTMT": "IBP0201", "UNI_TR_AT": "DIBP-EQ-TR1", "SUB": "DIBP", "CONJ": 16573, "MUN": "3550308", "CEG_GD": " ", "BRR": "AV PAULISTA 2008 BELA VISTA", "CEP": "01310-200", "CLAS_SUB": "CO1", "CNAE": "6120-5/01", "TIP_CC": "COM-Tipo04", "FAS_CON": "ABN", "GRU_TEN": "BT", "TEN_FORN": "10", "GRU_TAR": "B3", "SIT_ATIV": "AT", "DAT_CON": "13/06/2019", "CAR_INST": 6.1, "LIV": 0, "ARE_LOC": "UB", "TIP_SIST": "RD_INTERLIG", "ENE_01": 5545.0, "ENE_02": 5876.0, "ENE_03": 6416.98, "ENE_04": 5718.0, "ENE_05": 6305.0, "ENE_06": 5623.0, "ENE_07": 4671.24, "ENE_08": 3655.73, "ENE_09": 5420.0, "ENE_10": 5976.0, "ENE_11": 3091.6, "ENE_12": 5044.39, "DIC_01": 0.0, "DIC_02": 0.0, "DIC_03": 0.0, "DIC_04": 0.0, "DIC_05": 0.0, "DIC_06": 0.0, "DIC_07": 0.0, "DIC_08": 0.0, "DIC_09": 0.0, "DIC_10": 0.0, "DIC_11": 0.0, "DIC_12": 0.0, "FIC_01": 0.0, "FIC_02": 0.0, "FIC_03": 0.0, "FIC_04": 0.0, "FIC_05": 0.0, "FIC_06": 0.0, "FIC_07": 0.0, "FIC_08": 0.0, "FIC_09": 0.0, "FIC_10": 0.0, "FIC_11": 0.0, "FIC_12": 0.0, "SEMRED": 0, "DESCR": " ", "COD_ID": "25fdec204d196ec93ae9203a3821e9d2b885ac518e4bf5ee02c11d67950ead63", "__layer": "UCBT_tab", "lon": null, "lat": null }, "geometry": null },
{ "type": "Feature", "properties": { "DIST": 390, "PAC": "33071144739360737L", "RAMAL": "12297875S1", "PN_CON": "10971323", "UNI_TR_MT": "14374375", "CTMT": "AUG0201", "UNI_TR_AT": "DAUG-EQ-TR2", "SUB": "DAUG", "CONJ": 16596, "MUN": "3550308", "CEG_GD": " ", "BRR": "AV PAULISTA 1938 BELA VISTA", "CEP": "01310-200", "CLAS_SUB": "CO1", "CNAE": "6422-1/00", "TIP_CC": "COM-Tipo01", "FAS_CON": "ABCN", "GRU_TEN": "BT", "TEN_FORN": "10", "GRU_TAR": "B3", "SIT_ATIV": "AT", "DAT_CON": "08/01/2021", "CAR_INST": 159.5, "LIV": 0, "ARE_LOC": "UB", "TIP_SIST": "RD_INTERLIG", "ENE_01": 66400.0, "ENE_02": 47200.0, "ENE_03": 0.0, "ENE_04": 74400.0, "ENE_05": 47200.0, "ENE_06": 36000.0, "ENE_07": 20160.0, "ENE_08": 16104.0, "ENE_09": 32000.0, "ENE_10": 48000.0, "ENE_11": 22184.0, "ENE_12": 42841.52, "DIC_01": 0.0, "DIC_02": 0.0, "DIC_03": 0.0, "DIC_04": 0.0, "DIC_05": 0.0, "DIC_06": 0.0, "DIC_07": 0.31, "DIC_08": 0.0, "DIC_09": 0.0, "DIC_10": 0.0, "DIC_11": 0.0, "DIC_12": 0.0, "FIC_01": 0.0, "FIC_02": 0.0, "FIC_03": 0.0, "FIC_04": 0.0, "FIC_05": 0.0, "FIC_06": 0.0, "FIC_07": 2.0, "FIC_08": 0.0, "FIC_09": 0.0, "FIC_10": 0.0, "FIC_11": 0.0, "FIC_12": 0.0, "SEMRED": 0, "DESCR": " ", "COD_ID": "9bee679a2f899cf443e90d41042ebee904fa4d4750586717c9826d5de5de74e9", "__layer": "UCBT_tab", "lon": null, "lat": null }, "geometry": null }
]
}
