{
"type": "FeatureCollection",
"name": "cep_04543000_matches",
"features": [
{ "type": "Feature", "properties": { "DIST": 390, "PAC": "32865585739019775L", "RAMAL": "8964569S1", "PN_CON": "556719", "UNI_TR_MT": "14355246", "CTMT": "ITA0111", "UNI_TR_AT": "DITA-EQ-TR3", "SUB": "DITA", "CONJ": 15813, "MUN": "3550308", "CEG_GD": " ", "BRR": "AV PRES JUSCELINO KUBITSCHEK 1002 VILA NOVA CONCEICAO", "CEP": "04543-000", "CLAS_SUB": "CO1", "CNAE": "4930-2/02", "TIP_CC": "COM-Tipo01", "FAS_CON": "ABCN", "GRU_TEN": "BT", "TEN_FORN": "10", "GRU_TAR": "B3", "SIT_ATIV": "AT", "DAT_CON": "01/02/1987", "CAR_INST": 74.8, "LIV": 0, "ARE_LOC": "UB", "TIP_SIST": "RD_INTERLIG", "ENE_01": 10941.46, "ENE_02": 14048.14, "ENE_03": 18282.788, "ENE_04": 6358.4, "ENE_05": 13763.2, "ENE_06": 10909.6, "ENE_07": 9929.47, "ENE_08": 6644.61, "ENE_09": 11408.8, "ENE_10": 12840.8, "ENE_11": 6996.93, "ENE_12": 12488.3, "DIC_01": 0.0, "DIC_02": 6.97, "DIC_03": 0.0, "DIC_04": 0.0, "DIC_05": 0.0, "DIC_06": 3.23, "DIC_07": 0.1, "DIC_08": 0.0, "DIC_09": 0.0, "DIC_10": 0.0, "DIC_11": 0.0, "DIC_12": 0.0, "FIC_01": 0.0, "FIC_02": 2.0, "FIC_03": 0.0, "FIC_04": 0.0, "FIC_05": 0.0, "FIC_06": 1.0, "FIC_07": 1.0, "FIC_08": 0.0, "FIC_09": 0.0, "FIC_10": 0.0, "FIC_11": 0.0, "FIC_12": 0.0, "SEMRED": 0, "DESCR": " ", "COD_ID": "88df0760d25fd035ebdd840f4e446313b171367a5572a550a081a63fbc1e88ff", "__layer": "UCBT_tab", "DEM_CONT": null, "DEM_01": null, "DEM_02": null, "DEM_03": null, "DEM_04": null, "DEM_05": null, "DEM_06": null, "DEM_07": null, "DEM_08": null, "DEM_09": null, "DEM_10": null, "DEM_11": null, "DEM_12": null }, "geometry": null },
{ "type": "Feature", "properties": { "DIST": 390, "PAC": "32861187739017781L", "RAMAL": "8961201S1", "PN_CON": "555424", "UNI_TR_MT": "14355246", "CTMT": "ITA0111", "UNI_TR_AT": "DITA-EQ-TR3", "SUB": "DITA", "CONJ": 15813, "MUN": "3550308", "CEG_GD": " ", "BRR": "AV PRES JUSCELINO KUBITSCHEK 1082 VILA NOVA CONCEICAO", "CEP": "04543-000", "CLAS_SUB": "CO1", "CNAE": "5611-2/04", "TIP_CC": "COM-Tipo05", "FAS_CON": "ABCN", "GRU_TEN": "BT", "TEN_FORN": "10", "GRU_TAR": "B3", "SIT_ATIV": "AT", "DAT_CON": "01/09/1983", "CAR_INST": 71.3, "LIV": 0, "ARE_LOC": "UB", "TIP_SIST": "RD_INTERLIG", "ENE_01": 3440.0, "ENE_02": 880.0, "ENE_03": 3652.558, "ENE_04": 480.0, "ENE_05": 1840.0, "ENE_06": 1360.0, "ENE_07": 940.8, "ENE_08": 341.6, "ENE_09": 80.0, "ENE_10": 100.0, "ENE_11": 59.0, "ENE_12": 76.5, "DIC_01": 0.0, "DIC_02": 28.05, "DIC_03": 0.0, "DIC_04": 0.0, "DIC_05": 0.0, "DIC_06": 3.23, "DIC_07": 0.1, "DIC_08": 0.0, "DIC_09": 0.0, "DIC_10": 0.0, "DIC_11": 0.0, "DIC_12": 0.0, "FIC_01": 0.0, "FIC_02": 2.0, "FIC_03": 0.0, "FIC_04": 0.0, "FIC_05": 0.0, "FIC_06": 1.0, "FIC_07": 1.0, "FIC_08": 0.0, "FIC_09": 0.0, "FIC_10": 0.0, "FIC_11": 0.0, "FIC_12": 0.0, "SEMRED": 0, "DESCR": " ", "COD_ID": "898850a141c4cd22b18ce4e7e7938636a3071530b57022a7a729eb15b6f50acb", "__layer": "UCBT_tab", "DEM_CONT": null, "DEM_01": null, "DEM_02": null, "DEM_03": null, "DEM_04": null, "DEM_05": null, "DEM_06": null, "DEM_07": null, "DEM_08": null, "DEM_09": null, "DEM_10": null, "DEM_11": null, "DEM_12": null }, "geometry": null },
{ "type": "Feature", "properties": { "DIST": 390, "PAC": "32860981739018644L", "RAMAL": "102323216S1", "PN_CON": "555424", "UNI_TR_MT": "14355246", "CTMT": "ITA0111", "UNI_TR_AT": "DITA-EQ-TR3", "SUB": "DITA", "CONJ": 15835, "MUN": "3550308", "CEG_GD": " ", "BRR": "AV PRES JUSCELINO KUBITSCHEK 1118 VILA NOVA CONCEICAO", "CEP": "04543-000", "CLAS_SUB": "RE1", "CNAE": " ", "TIP_CC": "RES-Tipo05", "FAS_CON": "ABCN", "GRU_TEN": "BT", "TEN_FORN": "10", "GRU_TAR": "B1", "SIT_ATIV": "AT", "DAT_CON": "01/08/1985", "CAR_INST": 11.0, "LIV": 0, "ARE_LOC": "UB", "TIP_SIST": "RD_INTERLIG", "ENE_01": 640.43, "ENE_02": 1360.0, "ENE_03": 7920.0, "ENE_04": 2200.0, "ENE_05": 2400.0, "ENE_06": 1720.0, "ENE_07": 1640.0, "ENE_08": 2120.0, "ENE_09": 480.0, "ENE_10": 1760.0, "ENE_11": 1600.0, "ENE_12": 1631.14, "DIC_01": 0.0, "DIC_02": 28.31, "DIC_03": 0.0, "DIC_04": 0.0, "DIC_05": 0.0, "DIC_06": 3.43, "DIC_07": 0.1, "DIC_08": 0.0, "DIC_09": 0.0, "DIC_10": 0.0, "DIC_11": 0.0, "DIC_12": 0.0, "FIC_01": 0.0, "FIC_02": 2.0, "FIC_03": 0.0, "FIC_04": 0.0, "FIC_05": 0.0, "FIC_06": 1.0, "FIC_07": 1.0, "FIC_08": 0.0, "FIC_09": 0.0, "FIC_10": 0.0, "FIC_11": 0.0, "FIC_12": 0.0, "SEMRED": 0, "DESCR": " ", "COD_ID": "1477a09a7d04bd9cbc5c859544bd60ec4d900a1b6ffd4462d977b03424f12714", "__layer": "UCBT_tab", "DEM_CONT": null, "DEM_01": null, "DEM_02": null, "DEM_03": null, "DEM_04": null, "DEM_05": null, "DEM_06": null, "DEM_07": null, "DEM_08": null, "DEM_09": null, "DEM_10": null, "DEM_11": null, "DEM_12": null }, "geometry": null },
{ "type": "Feature", "properties": { "DIST": 390, "PAC": "32855090739015879L", "RAMAL": "8956261S1", "PN_CON": "553706", "UNI_TR_MT": "14355246", "CTMT": "ITA0111", "UNI_TR_AT": "DITA-EQ-TR3", "SUB": "DITA", "CONJ": 15835, "MUN": "3550308", "CEG_GD": " ", "BRR": "AV PRES JUSCELINO KUBITSCHEK 1148 VILA NOVA CONCEICAO", "CEP": "04543-000", "CLAS_SUB": "CO6", "CNAE": "4729-6/99", "TIP_CC": "COM-Tipo03", "FAS_CON": "ABN", "GRU_TEN": "BT", "TEN_FORN": "10", "GRU_TAR": "B3", "SIT_ATIV": "AT", "DAT_CON": "01/11/1984", "CAR_INST": 10.8, "LIV": 0, "ARE_LOC": "UB", "TIP_SIST": "RD_INTERLIG", "ENE_01": 1853.0, "ENE_02": 1253.0, "ENE_03": 1215.345, "ENE_04": 1010.0, "ENE_05": 1141.0, "ENE_06": 878.0, "ENE_07": 746.76, "ENE_08": 458.72, "ENE_09": 870.0, "ENE_10": 1063.0, "ENE_11": 570.53, "ENE_12": 898.9, "DIC_01": 0.0, "DIC_02": 8.27, "DIC_03": 0.0, "DIC_04": 0.0, "DIC_05": 0.0, "DIC_06": 3.43, "DIC_07": 0.1, "DIC_08": 0.0, "DIC_09": 0.0, "DIC_10": 0.0, "DIC_11": 0.0, "DIC_12": 0.0, "FIC_01": 0.0, "FIC_02": 2.0, "FIC_03": 0.0, "FIC_04": 0.0, "FIC_05": 0.0, "FIC_06": 1.0, "FIC_07": 1.0, "FIC_08": 0.0, "FIC_09": 0.0, "FIC_10": 0.0, "FIC_11": 0.0, "FIC_12": 0.0, "SEMRED": 0, "DESCR": " ", "COD_ID": "15de77757afef603fadce1a5799ac1494a416c84137005fc36e10950e9f73f0a", "__layer": "UCBT_tab", "DEM_CONT": null, "DEM_01": null, "DEM_02": null, "DEM_03": null, "DEM_04": null, "DEM_05": null, "DEM_06": null, "DEM_07": null, "DEM_08": null, "DEM_09": null, "DEM_10": null, "DEM_11": null, "DEM_12": null }, "geometry": null },
{ "type": "Feature", "properties": { "DIST": 390, "PAC": "32827212739007267L", "RAMAL": "8930195S1", "PN_CON": "545104", "UNI_TR_MT": "14349792", "CTMT": "MOC0113", "UNI_TR_AT": "DMOC-EQ-TR2", "SUB": "DMOC", "CONJ": 15828, "MUN": "3550308", "CEG_GD": " ", "BRR": "AV PRES JUSCELINO KUBITSCHEK 1458 VILA NOVA CONCEICAO", "CEP": "04543-000", "CLAS_SUB": "CO9", "CNAE": "8211-3/00", "TIP_CC": "COM-Tipo03", "FAS_CON": "ABCN", "GRU_TEN": "BT", "TEN_FORN": "10", "GRU_TAR": "B3", "SIT_ATIV": "DS", "DAT_CON": "01/09/1987", "CAR_INST": 4.0, "LIV": 0, "ARE_LOC": "UB", "TIP_SIST": "RD_INTERLIG", "ENE_01": 1492.0, "ENE_02": 1241.0, "ENE_03": 1544.728, "ENE_04": 1272.0, "ENE_05": 1116.0, "ENE_06": 654.0, "ENE_07": 545.16, "ENE_08": 420.9, "ENE_09": 817.0, "ENE_10": 907.0, "ENE_11": 548.7, "ENE_12": 919.94, "DIC_01": 0.0, "DIC_02": 0.0, "DIC_03": 0.0, "DIC_04": 0.0, "DIC_05": 0.0, "DIC_06": 0.0, "DIC_07": 0.0, "DIC_08": 0.0, "DIC_09": 0.0, "DIC_10": 0.0, "DIC_11": 6.01, "DIC_12": 0.0, "FIC_01": 0.0, "FIC_02": 0.0, "FIC_03": 0.0, "FIC_04": 0.0, "FIC_05": 0.0, "FIC_06": 0.0, "FIC_07": 0.0, "FIC_08": 0.0, "FIC_09": 0.0, "FIC_10": 0.0, "FIC_11": 1.0, "FIC_12": 0.0, "SEMRED": 0, "DESCR": " ", "COD_ID": "842dfab9f734c8cd1934d7a66ff4e57b3badcd87a216f4fd6373ed96758c7ff9", "__layer": "UCBT_tab", "DEM_CONT": null, "DEM_01": null, "DEM_02": null, "DEM_03": null, "DEM_04": null, "DEM_05": null, "DEM_06": null, "DEM_07": null, "DEM_08": null, "DEM_09": null, "DEM_10": null, "DEM_11": null, "DEM_12": null }, "geometry": null },
{ "type": "Feature", "properties": { "DIST": 390, "PAC": "32816996739004446L", "RAMAL": "8920190S1", "PN_CON": "541807", "UNI_TR_MT": "14349139", "CTMT": "MOC0113", "UNI_TR_AT": "DMOC-EQ-TR2", "SUB": "DMOC", "CONJ": 15828, "MUN": "3550308", "CEG_GD": " ", "BRR": "AV PRES JUSCELINO KUBITSCHEK 1560 VILA NOVA CONCEICAO", "CEP": "04543-000", "CLAS_SUB": "CO1", "CNAE": "5611-2/03", "TIP_CC": "COM-Tipo05", "FAS_CON": "ABN", "GRU_TEN": "BT", "TEN_FORN": "10", "GRU_TAR": "B3", "SIT_ATIV": "DS", "DAT_CON": "01/01/1980", "CAR_INST": 23.5, "LIV": 0, "ARE_LOC": "UB", "TIP_SIST": "RD_INTERLIG", "ENE_01": 2438.0, "ENE_02": 2455.0, "ENE_03": 2660.063, "ENE_04": 2436.0, "ENE_05": 2729.0, "ENE_06": 2393.0, "ENE_07": 1995.0, "ENE_08": 1430.45, "ENE_09": 2501.0, "ENE_10": 2697.0, "ENE_11": 1508.63, "ENE_12": 2452.86, "DIC_01": 0.0, "DIC_02": 0.0, "DIC_03": 0.0, "DIC_04": 0.0, "DIC_05": 0.0, "DIC_06": 0.0, "DIC_07": 0.0, "DIC_08": 0.0, "DIC_09": 0.0, "DIC_10": 0.0, "DIC_11": 6.01, "DIC_12": 0.0, "FIC_01": 0.0, "FIC_02": 0.0, "FIC_03": 0.0, "FIC_04": 0.0, "FIC_05": 0.0, "FIC_06": 0.0, "FIC_07": 0.0, "FIC_08": 0.0, "FIC_09": 0.0, "FIC_10": 0.0, "FIC_11": 1.0, "FIC_12": 0.0, "SEMRED": 0, "DESCR": " ", "COD_ID": "16fb1fe2ceb2f5c3e39686b38ba387478110df79536484f0f41f20b7547e876a", "__layer": "UCBT_tab", "DEM_CONT": null, "DEM_01": null, "DEM_02": null, "DEM_03": null, "DEM_04": null, "DEM_05": null, "DEM_06": null, "DEM_07": null, "DEM_08": null, "DEM_09": null, "DEM_10": null, "DEM_11": null, "DEM_12": null }, "geometry": null },
{ "type": "Feature", "properties": { "DIST": 390, "PAC": "32802041739003395L", "RAMAL": "12294900S1", "PN_CON": " ", "UNI_TR_MT": "14348526", "CTMT": "MOC0113", "UNI_TR_AT": "DMOC-EQ-TR2", "SUB": "DMOC", "CONJ": 15828, "MUN": "3550308", "CEG_GD": " ", "BRR": "AV PRES JUSCELINO KUBITSCHEK 1726 VILA NOVA CONCEICAO", "CEP": "04543-000", "CLAS_SUB": "CO1", "CNAE": "6810-2/02", "TIP_CC": "COM-Tipo05", "FAS_CON": "ABC", "GRU_TEN": "BT", "TEN_FORN": "10", "GRU_TAR": "B3", "SIT_ATIV": "AT", "DAT_CON": "19/01/2000", "CAR_INST": 8.2, "LIV": 0, "ARE_LOC": "UB", "TIP_SIST": "RD_INTERLIG", "ENE_01": 1115.0, "ENE_02": 692.0, "ENE_03": 252.2, "ENE_04": 30.0, "ENE_05": 30.0, "ENE_06": 30.0, "ENE_07": 25.2, "ENE_08": 18.3, "ENE_09": 30.0, "ENE_10": 30.0, "ENE_11": 18.29, "ENE_12": 28.68, "DIC_01": 0.0, "DIC_02": 0.0, "DIC_03": 0.0, "DIC_04": 0.0, "DIC_05": 0.0, "DIC_06": 0.0, "DIC_07": 0.0, "DIC_08": 0.0, "DIC_09": 0.0, "DIC_10": 4.55, "DIC_11": 0.0, "DIC_12": 13.73, "FIC_01": 0.0, "FIC_02": 0.0, "FIC_03": 0.0, "FIC_04": 0.0, "FIC_05": 0.0, "FIC_06": 0.0, "FIC_07": 0.0, "FIC_08": 0.0, "FIC_09": 0.0, "FIC_10": 1.0, "FIC_11": 0.0, "FIC_12": 1.0, "SEMRED": 0, "DESCR": " ", "COD_ID": "d6c68ba82c87eed395d5291d938ebe1edb70f141ca3552179e65b2dda20b0da7", "__layer": "UCBT_tab", "DEM_CONT": null, "DEM_01": null, "DEM_02": null, "DEM_03": null, "DEM_04": null, "DEM_05": null, "DEM_06": null, "DEM_07": null, "DEM_08": null, "DEM_09": null, "DEM_10": null, "DEM_11": null, "DEM_12": null }, "geometry": null },
{ "type": "Feature", "properties": { "DIST": 390, "PAC": "32802041739003395L", "RAMAL": "12294900S1", "PN_CON": " ", "UNI_TR_MT": "14348526", "CTMT": "MOC0113", "UNI_TR_AT": "DMOC-EQ-TR2", "SUB": "DMOC", "CONJ": 15828, "MUN": "3550308", "CEG_GD": " ", "BRR": "AV PRES JUSCELINO KUBITSCHEK 1726 VILA NOVA CONCEICAO", "CEP": "04543-000", "CLAS_SUB": "CO6", "CNAE": "6911-7/01", "TIP_CC": "COM-Tipo02", "FAS_CON": "ABCN", "GRU_TEN": "BT", "TEN_FORN": "10", "GRU_TAR": "B3", "SIT_ATIV": "AT", "DAT_CON": "19/01/2000", "CAR_INST": 0.1, "LIV": 0, "ARE_LOC": "UB", "TIP_SIST": "RD_INTERLIG", "ENE_01": 304.0, "ENE_02": 383.6, "ENE_03": 434.17, "ENE_04": 386.0, "ENE_05": 479.8, "ENE_06": 317.2, "ENE_07": 126.84, "ENE_08": 187.88, "ENE_09": 406.0, "ENE_10": 345.0, "ENE_11": 184.67, "ENE_12": 333.74, "DIC_01": 0.0, "DIC_02": 0.0, "DIC_03": 0.0, "DIC_04": 0.0, "DIC_05": 0.0, "DIC_06": 0.0, "DIC_07": 0.0, "DIC_08": 0.0, "DIC_09": 0.0, "DIC_10": 4.55, "DIC_11": 0.0, "DIC_12": 13.73, "FIC_01": 0.0, "FIC_02": 0.0, "FIC_03": 0.0, "FIC_04": 0.0, "FIC_05": 0.0, "FIC_06": 0.0, "FIC_07": 0.0, "FIC_08": 0.0, "FIC_09": 0.0, "FIC_10": 1.0, "FIC_11": 0.0, "FIC_12": 1.0, "SEMRED": 0, "DESCR": " ", "COD_ID": "bd1f73dd6b9f3e983966199b35a152bc6738654d68ef0f00a2eed9ddd37fa704", "__layer": "UCBT_tab", "DEM_CONT": null, "DEM_01": null, "DEM_02": null, "DEM_03": null, "DEM_04": null, "DEM_05": null, "DEM_06": null, "DEM_07": null, "DEM_08": null, "DEM_09": null, "DEM_10": null, "DEM_11": null, "DEM_12": null }, "geometry": null },
{ "type": "Feature", "properties": { "DIST": 390, "PAC": "32802041739003395L", "RAMAL": "12294900S1", "PN_CON": " ", "UNI_TR_MT": "14348526", "CTMT": "MOC0113", "UNI_TR_AT": "DMOC-EQ-TR2", "SUB": "DMOC", "CONJ": 15828, "MUN": "3550308", "CEG_GD": " ", "BRR": "AV PRES JUSCELINO KUBITSCHEK 1726 VILA NOVA CONCEICAO", "CEP": "04543-000", "CLAS_SUB": "CO9", "CNAE": "6399-2/00", "TIP_CC": "COM-Tipo03", "FAS_CON": "ABCN", "GRU_TEN": "BT", "TEN_FORN": "10", "GRU_TAR": "B3", "SIT_ATIV": "AT", "DAT_CON": "19/01/2000", "CAR_INST": 7.1, "LIV": 0, "ARE_LOC": "UB", "TIP_SIST": "RD_INTERLIG", "ENE_01": 1038.39, "ENE_02": 1220.79, "ENE_03": 1118.86, "ENE_04": 1042.92, "ENE_05": 1078.2, "ENE_06": 1024.92, "ENE_07": 904.48, "ENE_08": 701.07, "ENE_09": 959.58, "ENE_10": 896.4, "ENE_11": 516.13, "ENE_12": 771.83, "DIC_01": 0.0, "DIC_02": 0.0, "DIC_03": 0.0, "DIC_04": 0.0, "DIC_05": 0.0, "DIC_06": 0.0, "DIC_07": 0.0, "DIC_08": 0.0, "DIC_09": 0.0, "DIC_10": 4.55, "DIC_11": 0.0, "DIC_12": 13.73, "FIC_01": 0.0, "FIC_02": 0.0, "FIC_03": 0.0, "FIC_04": 0.0, "FIC_05": 0.0, "FIC_06": 0.0, "FIC_07": 0.0, "FIC_08": 0.0, "FIC_09": 0.0, "FIC_10": 1.0, "FIC_11": 0.0, "FIC_12": 1.0, "SEMRED": 0, "DESCR": " ", "COD_ID": "469e672e8e9222d85342112676a136e28da3697d580d1b095fbc5b6512bff7ac", "__layer": "UCBT_tab", "DEM_CONT": null, "DEM_01": null, "DEM_02": null, "DEM_03": null, "DEM_04": null, "DEM_05": null, "DEM_06": null, "DEM_07": null, "DEM_08": null, "DEM_09": null, "DEM_10": null, "DEM_11": null, "DEM_12": null }, "geometry": null },
{ "type": "Feature", "properties": { "DIST": 390, "PAC": "32802041739003395L", "RAMAL": "12294900S1", "PN_CON": " ", "UNI_TR_MT": "14348526", "CTMT": "MOC0113", "UNI_TR_AT": "DMOC-EQ-TR2", "SUB": "DMOC", "CONJ": 15828, "MUN": "3550308", "CEG_GD": " ", "BRR": "AV PRES JUSCELINO KUBITSCHEK 1726 VILA NOVA CONCEICAO", "CEP": "04543-000", "CLAS_SUB": "CO9", "CNAE": "6399-2/00", "TIP_CC": "COM-Tipo03", "FAS_CON": "ABC", "GRU_TEN": "BT", "TEN_FORN": "10", "GRU_TAR": "B3", "SIT_ATIV": "AT", "DAT_CON": "19/01/2000", "CAR_INST": 7.1, "LIV": 0, "ARE_LOC": "UB", "TIP_SIST": "RD_INTERLIG", "ENE_01": 1514.0, "ENE_02": 1400.0, "ENE_03": 1474.068, "ENE_04": 1403.0, "ENE_05": 1507.0, "ENE_06": 1468.0, "ENE_07": 1273.44, "ENE_08": 902.19, "ENE_09": 1464.0, "ENE_10": 1493.0, "ENE_11": 828.36, "ENE_12": 1324.45, "DIC_01": 0.0, "DIC_02": 0.0, "DIC_03": 0.0, "DIC_04": 0.0, "DIC_05": 0.0, "DIC_06": 0.0, "DIC_07": 0.0, "DIC_08": 0.0, "DIC_09": 0.0, "DIC_10": 4.55, "DIC_11": 0.0, "DIC_12": 13.73, "FIC_01": 0.0, "FIC_02": 0.0, "FIC_03": 0.0, "FIC_04": 0.0, "FIC_05": 0.0, "FIC_06": 0.0, "FIC_07": 0.0, "FIC_08": 0.0, "FIC_09": 0.0, "FIC_10": 1.0, "FIC_11": 0.0, "FIC_12": 1.0, "SEMRED": 0, "DESCR": " ", "COD_ID": "143e5dd330f2c940c406887dfae505d930ca7b0a67ff870339d4c3e366fc89eb", "__layer": "UCBT_tab", "DEM_CONT": null, "DEM_01": null, "DEM_02": null, "DEM_03": null, "DEM_04": null, "DEM_05": null, "DEM_06": null, "DEM_07": null, "DEM_08": null, "DEM_09": null, "DEM_10": null, "DEM_11": null, "DEM_12": null }, "geometry": null },
{ "type": "Feature", "properties": { "DIST": 390, "PAC": "32802041739003395L", "RAMAL": "12294900S1", "PN_CON": " ", "UNI_TR_MT": "14348526", "CTMT": "MOC0113", "UNI_TR_AT": "DMOC-EQ-TR2", "SUB": "DMOC", "CONJ": 15828, "MUN": "3550308", "CEG_GD": " ", "BRR": "AV PRES JUSCELINO KUBITSCHEK 1726 VILA NOVA CONCEICAO", "CEP": "04543-000", "CLAS_SUB": "RE1", "CNAE": " ", "TIP_CC": "RES-Tipo05", "FAS_CON": "ABCN", "GRU_TEN": "BT", "TEN_FORN": "10", "GRU_TAR": "B1", "SIT_ATIV": "AT", "DAT_CON": "19/01/2000", "CAR_INST": 8.3, "LIV": 0, "ARE_LOC": "UB", "TIP_SIST": "RD_INTERLIG", "ENE_01": 384.75, "ENE_02": 685.0, "ENE_03": 887.0, "ENE_04": 808.0, "ENE_05": 900.0, "ENE_06": 858.0, "ENE_07": 861.0, "ENE_08": 858.0, "ENE_09": 779.0, "ENE_10": 781.0, "ENE_11": 673.0, "ENE_12": 714.59, "DIC_01": 0.0, "DIC_02": 0.0, "DIC_03": 0.0, "DIC_04": 0.0, "DIC_05": 0.0, "DIC_06": 0.0, "DIC_07": 0.0, "DIC_08": 0.0, "DIC_09": 0.0, "DIC_10": 4.55, "DIC_11": 0.0, "DIC_12": 13.73, "FIC_01": 0.0, "FIC_02": 0.0, "FIC_03": 0.0, "FIC_04": 0.0, "FIC_05": 0.0, "FIC_06": 0.0, "FIC_07": 0.0, "FIC_08": 0.0, "FIC_09": 0.0, "FIC_10": 1.0, "FIC_11": 0.0, "FIC_12": 1.0, "SEMRED": 0, "DESCR": " ", "COD_ID": "c99d8667958a4c5c3d15e2c1d9dd215096773a38d96e686f321e4ebd9d7344d1", "__layer": "UCBT_tab", "DEM_CONT": null, "DEM_01": null, "DEM_02": null, "DEM_03": null, "DEM_04": null, "DEM_05": null, "DEM_06": null, "DEM_07": null, "DEM_08": null, "DEM_09": null, "DEM_10": null, "DEM_11": null, "DEM_12": null }, "geometry": null },
{ "type": "Feature", "properties": { "DIST": 390, "PAC": "32802041739003395L", "RAMAL": "12294900S1", "PN_CON": " ", "UNI_TR_MT": "14348526", "CTMT": "MOC0113", "UNI_TR_AT": "DMOC-EQ-TR2", "SUB": "DMOC", "CONJ": 15828, "MUN": "3550308", "CEG_GD": " ", "BRR": "AV PRES JUSCELINO KUBITSCHEK 1726 VILA NOVA CONCEICAO", "CEP": "04543-000", "CLAS_SUB": "CO6", "CNAE": "6911-7/01", "TIP_CC": "COM-Tipo02", "FAS_CON": "ABCN", "GRU_TEN": "BT", "TEN_FORN": "10", "GRU_TAR": "B3", "SIT_ATIV": "AT", "DAT_CON": "19/01/2000", "CAR_INST": 8.3, "LIV": 0, "ARE_LOC": "UB", "TIP_SIST": "RD_INTERLIG", "ENE_01": 439.0, "ENE_02": 464.0, "ENE_03": 507.662, "ENE_04": 521.0, "ENE_05": 487.0, "ENE_06": 416.0, "ENE_07": 419.16, "ENE_08": 248.88, "ENE_09": 422.0, "ENE_10": 456.0, "ENE_11": 185.85, "ENE_12": 287.84, "DIC_01": 0.0, "DIC_02": 0.0, "DIC_03": 0.0, "DIC_04": 0.0, "DIC_05": 0.0, "DIC_06": 0.0, "DIC_07": 0.0, "DIC_08": 0.0, "DIC_09": 0.0, "DIC_10": 4.55, "DIC_11": 0.0, "DIC_12": 13.73, "FIC_01": 0.0, "FIC_02": 0.0, "FIC_03": 0.0, "FIC_04": 0.0, "FIC_05": 0.0, "FIC_06": 0.0, "FIC_07": 0.0, "FIC_08": 0.0, "FIC_09": 0.0, "FIC_10": 1.0, "FIC_11": 0.0, "FIC_12": 1.0, "SEMRED": 0, "DESCR": " ", "COD_ID": "93277c5fa2c256ec018a7cfcebd12a4bbfa9725a663ea40c8ff991cd36e499d3", "__layer": "UCBT_tab", "DEM_CONT": null, "DEM_01": null, "DEM_02": null, "DEM_03": null, "DEM_04": null, "DEM_05": null, "DEM_06": null, "DEM_07": null, "DEM_08": null, "DEM_09": null, "DEM_10": null, "DEM_11": null, "DEM_12": null }, "geometry": null },
{ "type": "Feature", "properties": { "DIST": 390, "PAC": "32802041739003395L", "RAMAL": "12294900S1", "PN_CON": " ", "UNI_TR_MT": "14348526", "CTMT": "MOC0113", "UNI_TR_AT": "DMOC-EQ-TR2", "SUB": "DMOC", "CONJ": 15828, "MUN": "3550308", "CEG_GD": " ", "BRR": "AV PRES JUSCELINO KUBITSCHEK 1726 VILA NOVA CONCEICAO", "CEP": "04543-000", "CLAS_SUB": "CO9", "CNAE": "6399-2/00", "TIP_CC": "COM-Tipo02", "FAS_CON": "ABCN", "GRU_TEN": "BT", "TEN_FORN": "10", "GRU_TAR": "B3", "SIT_ATIV": "AT", "DAT_CON": "19/01/2000", "CAR_INST": 8.3, "LIV": 0, "ARE_LOC": "UB", "TIP_SIST": "RD_INTERLIG", "ENE_01": 483.0, "ENE_02": 504.0, "ENE_03": 600.063, "ENE_04": 497.0, "ENE_05": 569.0, "ENE_06": 567.0, "ENE_07": 459.48, "ENE_08": 330.01, "ENE_09": 526.0, "ENE_10": 539.0, "ENE_11": 300.9, "ENE_12": 559.42, "DIC_01": 0.0, "DIC_02": 0.0, "DIC_03": 0.0, "DIC_04": 0.0, "DIC_05": 0.0, "DIC_06": 0.0, "DIC_07": 0.0, "DIC_08": 0.0, "DIC_09": 0.0, "DIC_10": 4.55, "DIC_11": 0.0, "DIC_12": 13.73, "FIC_01": 0.0, "FIC_02": 0.0, "FIC_03": 0.0, "FIC_04": 0.0, "FIC_05": 0.0, "FIC_06": 0.0, "FIC_07": 0.0, "FIC_08": 0.0, "FIC_09": 0.0, "FIC_10": 1.0, "FIC_11": 0.0, "FIC_12": 1.0, "SEMRED": 0, "DESCR": " ", "COD_ID": "48807db71bf1aec3a31d633527ac3218a42bb186147d8249142da71e66f93557", "__layer": "UCBT_tab", "DEM_CONT": null, "DEM_01": null, "DEM_02": null, "DEM_03": null, "DEM_04": null, "DEM_05": null, "DEM_06": null, "DEM_07": null, "DEM_08": null, "DEM_09": null, "DEM_10": null, "DEM_11": null, "DEM_12": null }, "geometry": null },
{ "type": "Feature", "properties": { "DIST": 390, "PAC": "32802041739003395L", "RAMAL": "12294900S1", "PN_CON": " ", "UNI_TR_MT": "14348526", "CTMT": "MOC0113", "UNI_TR_AT": "DMOC-EQ-TR2", "SUB": "DMOC", "CONJ": 15828, "MUN": "3550308", "CEG_GD": " ", "BRR": "AV PRES JUSCELINO KUBITSCHEK 1726 VILA NOVA CONCEICAO", "CEP": "04543-000", "CLAS_SUB": "RE1", "CNAE": " ", "TIP_CC": "RES-Tipo05", "FAS_CON": "ABCN", "GRU_TEN": "BT", "TEN_FORN": "10", "GRU_TAR": "B1", "SIT_ATIV": "AT", "DAT_CON": "19/01/2000", "CAR_INST": 8.3, "LIV": 0, "ARE_LOC": "UB", "TIP_SIST": "RD_INTERLIG", "ENE_01": 198.63, "ENE_02": 198.0, "ENE_03": 378.0, "ENE_04": 300.0, "ENE_05": 344.0, "ENE_06": 333.0, "ENE_07": 246.0, "ENE_08": 481.0, "ENE_09": 256.0, "ENE_10": 326.0, "ENE_11": 768.0, "ENE_12": 842.75, "DIC_01": 0.0, "DIC_02": 0.0, "DIC_03": 0.0, "DIC_04": 0.0, "DIC_05": 0.0, "DIC_06": 0.0, "DIC_07": 0.0, "DIC_08": 0.0, "DIC_09": 0.0, "DIC_10": 4.55, "DIC_11": 0.0, "DIC_12": 13.73, "FIC_01": 0.0, "FIC_02": 0.0, "FIC_03": 0.0, "FIC_04": 0.0, "FIC_05": 0.0, "FIC_06": 0.0, "FIC_07": 0.0, "FIC_08": 0.0, "FIC_09": 0.0, "FIC_10": 1.0, "FIC_11": 0.0, "FIC_12": 1.0, "SEMRED": 0, "DESCR": " ", "COD_ID": "b79fdb925cc9c6b00f0b142b4fbb9b45872be0b4c4411252818627c6e6fcb0f5", "__layer": "UCBT_tab", "DEM_CONT": null, "DEM_01": null, "DEM_02": null, "DEM_03": null, "DEM_04": null, "DEM_05": null, "DEM_06": null, "DEM_07": null, "DEM_08": null, "DEM_09": null, "DEM_10": null, "DEM_11": null, "DEM_12": null }, "geometry": null },
{ "type": "Feature", "properties": { "DIST": 390, "PAC": "32802041739003395L", "RAMAL": "12294900S1", "PN_CON": " ", "UNI_TR_MT": "14348526", "CTMT": "MOC0113", "UNI_TR_AT": "DMOC-EQ-TR2", "SUB": "DMOC", "CONJ": 15828, "MUN": "3550308", "CEG_GD": " ", "BRR": "AV PRES JUSCELINO KUBITSCHEK 1726 VILA NOVA CONCEICAO", "CEP": "04543-000", "CLAS_SUB": "RE1", "CNAE": " ", "TIP_CC": "RES-Tipo05", "FAS_CON": "ABCN", "GRU_TEN": "BT", "TEN_FORN": "10", "GRU_TAR": "B1", "SIT_ATIV": "AT", "DAT_CON": "19/01/2000", "CAR_INST": 8.3, "LIV": 0, "ARE_LOC": "UB", "TIP_SIST": "RD_INTERLIG", "ENE_01": 423.28, "ENE_02": 614.0, "ENE_03": 844.0, "ENE_04": 758.0, "ENE_05": 798.0, "ENE_06": 837.0, "ENE_07": 734.0, "ENE_08": 836.0, "ENE_09": 846.0, "ENE_10": 816.0, "ENE_11": 231.0, "ENE_12": 60.19, "DIC_01": 0.0, "DIC_02": 0.0, "DIC_03": 0.0, "DIC_04": 0.0, "DIC_05": 0.0, "DIC_06": 0.0, "DIC_07": 0.0, "DIC_08": 0.0, "DIC_09": 0.0, "DIC_10": 4.55, "DIC_11": 0.0, "DIC_12": 13.73, "FIC_01": 0.0, "FIC_02": 0.0, "FIC_03": 0.0, "FIC_04": 0.0, "FIC_05": 0.0, "FIC_06": 0.0, "FIC_07": 0.0, "FIC_08": 0.0, "FIC_09": 0.0, "FIC_10": 1.0, "FIC_11": 0.0, "FIC_12": 1.0, "SEMRED": 0, "DESCR": " ", "COD_ID": "cc71e48b00c869f640852dc52dc1d66bc3251e5afa75dba1903352e3a41236b3", "__layer": "UCBT_tab", "DEM_CONT": null, "DEM_01": null, "DEM_02": null, "DEM_03": null, "DEM_04": null, "DEM_05": null, "DEM_06": null, "DEM_07": null, "DEM_08": null, "DEM_09": null, "DEM_10": null, "DEM_11": null, "DEM_12": null }, "geometry": null },
{ "type": "Feature", "properties": { "DIST": 390, "PAC": "32802041739003395L", "RAMAL": "12294900S1", "PN_CON": " ", "UNI_TR_MT": "14348526", "CTMT": "MOC0113", "UNI_TR_AT": "DMOC-EQ-TR2", "SUB": "DMOC", "CONJ": 15828, "MUN": "3550308", "CEG_GD": " ", "BRR": "AV PRES JUSCELINO KUBITSCHEK 1726 VILA NOVA CONCEICAO", "CEP": "04543-000", "CLAS_SUB": "CO1", "CNAE": "6462-0/00", "TIP_CC": "COM-Tipo02", "FAS_CON": "ABCN", "GRU_TEN": "BT", "TEN_FORN": "10", "GRU_TAR": "B3", "SIT_ATIV": "AT", "DAT_CON": "19/01/2000", "CAR_INST": 8.3, "LIV": 0, "ARE_LOC": "UB", "TIP_SIST": "RD_INTERLIG", "ENE_01": 547.0, "ENE_02": 759.26, "ENE_03": 647.087, "ENE_04": 584.1, "ENE_05": 93.96, "ENE_06": 170.46, "ENE_07": 176.45, "ENE_08": 545.6, "ENE_09": 1369.62, "ENE_10": 1239.3, "ENE_11": 722.69, "ENE_12": 1362.93, "DIC_01": 0.0, "DIC_02": 0.0, "DIC_03": 0.0, "DIC_04": 0.0, "DIC_05": 0.0, "DIC_06": 0.0, "DIC_07": 0.0, "DIC_08": 0.0, "DIC_09": 0.0, "DIC_10": 4.55, "DIC_11": 0.0, "DIC_12": 13.73, "FIC_01": 0.0, "FIC_02": 0.0, "FIC_03": 0.0, "FIC_04": 0.0, "FIC_05": 0.0, "FIC_06": 0.0, "FIC_07": 0.0, "FIC_08": 0.0, "FIC_09": 0.0, "FIC_10": 1.0, "FIC_11": 0.0, "FIC_12": 1.0, "SEMRED": 0, "DESCR": " ", "COD_ID": "27a8d8ca8dd238ecadfa6fb1791975e476e504151d2cbd86bf455ea05d9ce4d3", "__layer": "UCBT_tab", "DEM_CONT": null, "DEM_01": null, "DEM_02": null, "DEM_03": null, "DEM_04": null, "DEM_05": null, "DEM_06": null, "DEM_07": null, "DEM_08": null, "DEM_09": null, "DEM_10": null, "DEM_11": null, "DEM_12": null }, "geometry": null },
{ "type": "Feature", "properties": { "DIST": 390, "PAC": "32802041739003395L", "RAMAL": "12294900S1", "PN_CON": " ", "UNI_TR_MT": "14348526", "CTMT": "MOC0113", "UNI_TR_AT": "DMOC-EQ-TR2", "SUB": "DMOC", "CONJ": 15828, "MUN": "3550308", "CEG_GD": " ", "BRR": "AV PRES JUSCELINO KUBITSCHEK 1726 VILA NOVA CONCEICAO", "CEP": "04543-000", "CLAS_SUB": "CO1", "CNAE": "5620-1/02", "TIP_CC": "COM-Tipo03", "FAS_CON": "ABCN", "GRU_TEN": "BT", "TEN_FORN": "10", "GRU_TAR": "B3", "SIT_ATIV": "AT", "DAT_CON": "19/01/2000", "CAR_INST": 8.3, "LIV": 0, "ARE_LOC": "UB", "TIP_SIST": "RD_INTERLIG", "ENE_01": 100.0, "ENE_02": 100.0, "ENE_03": 790.301, "ENE_04": 2835.54, "ENE_05": 1014.0, "ENE_06": 952.0, "ENE_07": 924.0, "ENE_08": 591.7, "ENE_09": 987.0, "ENE_10": 962.0, "ENE_11": 469.64, "ENE_12": 781.28, "DIC_01": 0.0, "DIC_02": 0.0, "DIC_03": 0.0, "DIC_04": 0.0, "DIC_05": 0.0, "DIC_06": 0.0, "DIC_07": 0.0, "DIC_08": 0.0, "DIC_09": 0.0, "DIC_10": 4.55, "DIC_11": 0.0, "DIC_12": 13.73, "FIC_01": 0.0, "FIC_02": 0.0, "FIC_03": 0.0, "FIC_04": 0.0, "FIC_05": 0.0, "FIC_06": 0.0, "FIC_07": 0.0, "FIC_08": 0.0, "FIC_09": 0.0, "FIC_10": 1.0, "FIC_11": 0.0, "FIC_12": 1.0, "SEMRED": 0, "DESCR": " ", "COD_ID": "3ce1cdb9734264370d2c8640b8c660714c59824a926540a3b3c496b18c1aa30c", "__layer": "UCBT_tab", "DEM_CONT": null, "DEM_01": null, "DEM_02": null, "DEM_03": null, "DEM_04": null, "DEM_05": null, "DEM_06": null, "DEM_07": null, "DEM_08": null, "DEM_09": null, "DEM_10": null, "DEM_11": null, "DEM_12": null }, "geometry": null },
{ "type": "Feature", "properties": { "DIST": 390, "PAC": "32802041739003395L", "RAMAL": "12294900S1", "PN_CON": " ", "UNI_TR_MT": "14348526", "CTMT": "MOC0113", "UNI_TR_AT": "DMOC-EQ-TR2", "SUB": "DMOC", "CONJ": 15828, "MUN": "3550308", "CEG_GD": " ", "BRR": "AV PRES JUSCELINO KUBITSCHEK 1726 VILA NOVA CONCEICAO", "CEP": "04543-000", "CLAS_SUB": "CO1", "CNAE": "6612-6/05", "TIP_CC": "RES-Tipo05", "FAS_CON": "ABCN", "GRU_TEN": "BT", "TEN_FORN": "10", "GRU_TAR": "B3", "SIT_ATIV": "AT", "DAT_CON": "19/01/2000", "CAR_INST": 9.8, "LIV": 0, "ARE_LOC": "UB", "TIP_SIST": "RD_INTERLIG", "ENE_01": 0.0, "ENE_02": 50.0, "ENE_03": 127.846, "ENE_04": 108.8, "ENE_05": 114.4, "ENE_06": 210.4, "ENE_07": 320.38, "ENE_08": 313.78, "ENE_09": 786.4, "ENE_10": 875.2, "ENE_11": 478.49, "ENE_12": 730.6, "DIC_01": 0.0, "DIC_02": 0.0, "DIC_03": 0.0, "DIC_04": 0.0, "DIC_05": 0.0, "DIC_06": 0.0, "DIC_07": 0.0, "DIC_08": 0.0, "DIC_09": 0.0, "DIC_10": 4.55, "DIC_11": 0.0, "DIC_12": 13.73, "FIC_01": 0.0, "FIC_02": 0.0, "FIC_03": 0.0, "FIC_04": 0.0, "FIC_05": 0.0, "FIC_06": 0.0, "FIC_07": 0.0, "FIC_08": 0.0, "FIC_09": 0.0, "FIC_10": 1.0, "FIC_11": 0.0, "FIC_12": 1.0, "SEMRED": 0, "DESCR": " ", "COD_ID": "cc1c469b73c1a800a5b8fbc639ce472298fe691f8a9fe68fb78b0d20aa272345", "__layer": "UCBT_tab", "DEM_CONT": null, "DEM_01": null, "DEM_02": null, "DEM_03": null, "DEM_04": null, "DEM_05": null, "DEM_06": null, "DEM_07": null, "DEM_08": null, "DEM_09": null, "DEM_10": null, "DEM_11": null, "DEM_12": null }, "geometry": null },
{ "type": "Feature", "properties": { "DIST": 390, "PAC": "32802041739003395L", "RAMAL": "12294900S1", "PN_CON": " ", "UNI_TR_MT": "14348526", "CTMT": "MOC0113", "UNI_TR_AT": "DMOC-EQ-TR2", "SUB": "DMOC", "CONJ": 15828, "MUN": "3550308", "CEG_GD": " ", "BRR": "AV PRES JUSCELINO KUBITSCHEK 1726 VILA NOVA CONCEICAO", "CEP": "04543-000", "CLAS_SUB": "CO1", "CNAE": "6810-2/01", "TIP_CC": "COM-Tipo02", "FAS_CON": "ABN", "GRU_TEN": "BT", "TEN_FORN": "10", "GRU_TAR": "B3", "SIT_ATIV": "AT", "DAT_CON": "19/01/2000", "CAR_INST": 9.0, "LIV": 0, "ARE_LOC": "UB", "TIP_SIST": "RD_INTERLIG", "ENE_01": 452.0, "ENE_02": 420.64, "ENE_03": 554.933, "ENE_04": 513.0, "ENE_05": 536.58, "ENE_06": 252.9, "ENE_07": 455.87, "ENE_08": 277.35, "ENE_09": 304.02, "ENE_10": 295.92, "ENE_11": 167.16, "ENE_12": 373.52, "DIC_01": 0.0, "DIC_02": 0.0, "DIC_03": 0.0, "DIC_04": 0.0, "DIC_05": 0.0, "DIC_06": 0.0, "DIC_07": 0.0, "DIC_08": 0.0, "DIC_09": 0.0, "DIC_10": 4.55, "DIC_11": 0.0, "DIC_12": 13.73, "FIC_01": 0.0, "FIC_02": 0.0, "FIC_03": 0.0, "FIC_04": 0.0, "FIC_05": 0.0, "FIC_06": 0.0, "FIC_07": 0.0, "FIC_08": 0.0, "FIC_09": 0.0, "FIC_10": 1.0, "FIC_11": 0.0, "FIC_12": 1.0, "SEMRED": 0, "DESCR": " ", "COD_ID": "077b07ecc57462f50c3ea72d434c0d5a869b3574523bde6d26b769d061c3119a", "__layer": "UCBT_tab", "DEM_CONT": null, "DEM_01": null, "DEM_02": null, "DEM_03": null, "DEM_04": null, "DEM_05": null, "DEM_06": null, "DEM_07": null, "DEM_08": null, "DEM_09": null, "DEM_10": null, "DEM_11": null, "DEM_12": null }, "geometry": null },
{ "type": "Feature", "properties": { "DIST": 390, "PAC": "32802041739003395L", "RAMAL": "12294900S1", "PN_CON": " ", "UNI_TR_MT": "14348526", "CTMT": "MOC0113", "UNI_TR_AT": "DMOC-EQ-TR2", "SUB": "DMOC", "CONJ": 15828, "MUN": "3550308", "CEG_GD": " ", "BRR": "AV PRES JUSCELINO KUBITSCHEK 1726 VILA NOVA CONCEICAO", "CEP": "04543-000", "CLAS_SUB": "CO1", "CNAE": "3513-1/00", "TIP_CC": "COM-Tipo05", "FAS_CON": "ABN", "GRU_TEN": "BT", "TEN_FORN": "10", "GRU_TAR": "B3", "SIT_ATIV": "AT", "DAT_CON": "19/01/2000", "CAR_INST": 8.5, "LIV": 0, "ARE_LOC": "UB", "TIP_SIST": "RD_INTERLIG", "ENE_01": 1787.0, "ENE_02": 1657.8, "ENE_03": 1837.364, "ENE_04": 1681.6, "ENE_05": 1875.0, "ENE_06": 1763.2, "ENE_07": 1516.87, "ENE_08": 1063.23, "ENE_09": 1785.0, "ENE_10": 1925.0, "ENE_11": 999.34, "ENE_12": 1600.62, "DIC_01": 0.0, "DIC_02": 0.0, "DIC_03": 0.0, "DIC_04": 0.0, "DIC_05": 0.0, "DIC_06": 0.0, "DIC_07": 0.0, "DIC_08": 0.0, "DIC_09": 0.0, "DIC_10": 4.55, "DIC_11": 0.0, "DIC_12": 13.73, "FIC_01": 0.0, "FIC_02": 0.0, "FIC_03": 0.0, "FIC_04": 0.0, "FIC_05": 0.0, "FIC_06": 0.0, "FIC_07": 0.0, "FIC_08": 0.0, "FIC_09": 0.0, "FIC_10": 1.0, "FIC_11": 0.0, "FIC_12": 1.0, "SEMRED": 0, "DESCR": " ", "COD_ID": "ab2a80ae4f2d93e2a29f56975581321dd1e20d1259134d2bb035337657bb41fe", "__layer": "UCBT_tab", "DEM_CONT": null, "DEM_01": null, "DEM_02": null, "DEM_03": null, "DEM_04": null, "DEM_05": null, "DEM_06": null, "DEM_07": null, "DEM_08": null, "DEM_09": null, "DEM_10": null, "DEM_11": null, "DEM_12": null }, "geometry": null },
{ "type": "Feature", "properties": { "DIST": 390, "PAC": "32802041739003395L", "RAMAL": "12294900S1", "PN_CON": " ", "UNI_TR_MT": "14348526", "CTMT": "MOC0113", "UNI_TR_AT": "DMOC-EQ-TR2", "SUB": "DMOC", "CONJ": 15828, "MUN": "3550308", "CEG_GD": " ", "BRR": "AV PRES JUSCELINO KUBITSCHEK 1726 VILA NOVA CONCEICAO", "CEP": "04543-000", "CLAS_SUB": "CO1", "CNAE": "8299-7/02", "TIP_CC": "COM-Tipo03", "FAS_CON": "ABN", "GRU_TEN": "BT", "TEN_FORN": "10", "GRU_TAR": "B3", "SIT_ATIV": "AT", "DAT_CON": "19/01/2000", "CAR_INST": 6.0, "LIV": 0, "ARE_LOC": "UB", "TIP_SIST": "RD_INTERLIG", "ENE_01": 1410.0, "ENE_02": 1294.5, "ENE_03": 1358.163, "ENE_04": 1159.02, "ENE_05": 620.1, "ENE_06": 1119.42, "ENE_07": 859.12, "ENE_08": 610.16, "ENE_09": 1164.6, "ENE_10": 996.84, "ENE_11": 668.74, "ENE_12": 1050.85, "DIC_01": 0.0, "DIC_02": 0.0, "DIC_03": 0.0, "DIC_04": 0.0, "DIC_05": 0.0, "DIC_06": 0.0, "DIC_07": 0.0, "DIC_08": 0.0, "DIC_09": 0.0, "DIC_10": 4.55, "DIC_11": 0.0, "DIC_12": 13.73, "FIC_01": 0.0, "FIC_02": 0.0, "FIC_03": 0.0, "FIC_04": 0.0, "FIC_05": 0.0, "FIC_06": 0.0, "FIC_07": 0.0, "FIC_08": 0.0, "FIC_09": 0.0, "FIC_10": 1.0, "FIC_11": 0.0, "FIC_12": 1.0, "SEMRED": 0, "DESCR": " ", "COD_ID": "419ab8875f53c5539620a9662906036a887da1f9ad19c112db3e8254e5628408", "__layer": "UCBT_tab", "DEM_CONT": null, "DEM_01": null, "DEM_02": null, "DEM_03": null, "DEM_04": null, "DEM_05": null, "DEM_06": null, "DEM_07": null, "DEM_08": null, "DEM_09": null, "DEM_10": null, "DEM_11": null, "DEM_12": null }, "geometry": null },
{ "type": "Feature", "properties": { "DIST": 390, "PAC": "32802041739003395L", "RAMAL": "12294900S1", "PN_CON": " ", "UNI_TR_MT": "14348526", "CTMT": "MOC0113", "UNI_TR_AT": "DMOC-EQ-TR2", "SUB": "DMOC", "CONJ": 15828, "MUN": "3550308", "CEG_GD": " ", "BRR": "AV PRES JUSCELINO KUBITSCHEK 1726 VILA NOVA CONCEICAO", "CEP": "04543-000", "CLAS_SUB": "RE1", "CNAE": " ", "TIP_CC": "RES-Tipo05", "FAS_CON": "ABN", "GRU_TEN": "BT", "TEN_FORN": "10", "GRU_TAR": "B1", "SIT_ATIV": "AT", "DAT_CON": "19/01/2000", "CAR_INST": 8.3, "LIV": 0, "ARE_LOC": "UB", "TIP_SIST": "RD_INTERLIG", "ENE_01": 320.21, "ENE_02": 649.52, "ENE_03": 72.54, "ENE_04": 813.96, "ENE_05": 948.6, "ENE_06": 803.16, "ENE_07": 875.88, "ENE_08": 816.84, "ENE_09": 838.08, "ENE_10": 930.06, "ENE_11": 760.14, "ENE_12": 704.65, "DIC_01": 0.0, "DIC_02": 0.0, "DIC_03": 0.0, "DIC_04": 0.0, "DIC_05": 0.0, "DIC_06": 0.0, "DIC_07": 0.0, "DIC_08": 0.0, "DIC_09": 0.0, "DIC_10": 4.55, "DIC_11": 0.0, "DIC_12": 13.73, "FIC_01": 0.0, "FIC_02": 0.0, "FIC_03": 0.0, "FIC_04": 0.0, "FIC_05": 0.0, "FIC_06": 0.0, "FIC_07": 0.0, "FIC_08": 0.0, "FIC_09": 0.0, "FIC_10": 1.0, "FIC_11": 0.0, "FIC_12": 1.0, "SEMRED": 0, "DESCR": " ", "COD_ID": "6d0e67037dfb8233957aa0712007149254a6ec85addeea72cd8f1e48097ef0d7", "__layer": "UCBT_tab", "DEM_CONT": null, "DEM_01": null, "DEM_02": null, "DEM_03": null, "DEM_04": null, "DEM_05": null, "DEM_06": null, "DEM_07": null, "DEM_08": null, "DEM_09": null, "DEM_10": null, "DEM_11": null, "DEM_12": null }, "geometry": null },
{ "type": "Feature", "properties": { "DIST": 390, "PAC": "32802041739003395L", "RAMAL": "12294900S1", "PN_CON": " ", "UNI_TR_MT": "14348526", "CTMT": "MOC0113", "UNI_TR_AT": "DMOC-EQ-TR2", "SUB": "DMOC", "CONJ": 15828, "MUN": "3550308", "CEG_GD": " ", "BRR": "AV PRES JUSCELINO KUBITSCHEK 1726 VILA NOVA CONCEICAO", "CEP": "04543-000", "CLAS_SUB": "CO1", "CNAE": "8299-7/02", "TIP_CC": "COM-Tipo02", "FAS_CON": "ABCN", "GRU_TEN": "BT", "TEN_FORN": "10", "GRU_TAR": "B3", "SIT_ATIV": "AT", "DAT_CON": "19/01/2000", "CAR_INST": 6.0, "LIV": 0, "ARE_LOC": "UB", "TIP_SIST": "RD_INTERLIG", "ENE_01": 335.0, "ENE_02": 640.6, "ENE_03": 690.718, "ENE_04": 662.04, "ENE_05": 704.7, "ENE_06": 652.32, "ENE_07": 496.09, "ENE_08": 331.27, "ENE_09": 562.32, "ENE_10": 622.44, "ENE_11": 364.69, "ENE_12": 574.74, "DIC_01": 0.0, "DIC_02": 0.0, "DIC_03": 0.0, "DIC_04": 0.0, "DIC_05": 0.0, "DIC_06": 0.0, "DIC_07": 0.0, "DIC_08": 0.0, "DIC_09": 0.0, "DIC_10": 4.55, "DIC_11": 0.0, "DIC_12": 13.73, "FIC_01": 0.0, "FIC_02": 0.0, "FIC_03": 0.0, "FIC_04": 0.0, "FIC_05": 0.0, "FIC_06": 0.0, "FIC_07": 0.0, "FIC_08": 0.0, "FIC_09": 0.0, "FIC_10": 1.0, "FIC_11": 0.0, "FIC_12": 1.0, "SEMRED": 0, "DESCR": " ", "COD_ID": "1317cf8769a1f91522a279d48869ce6cbf79acbf0bb2c9ee4979b4ec602b47bc", "__layer": "UCBT_tab", "DEM_CONT": null, "DEM_01": null, "DEM_02": null, "DEM_03": null, "DEM_04": null, "DEM_05": null, "DEM_06": null, "DEM_07": null, "DEM_08": null, "DEM_09": null, "DEM_10": null, "DEM_11": null, "DEM_12": null }, "geometry": null },
{ "type": "Feature", "properties": { "DIST": 390, "PAC": "32802041739003395L", "RAMAL": "12294900S1", "PN_CON": " ", "UNI_TR_MT": "14348526", "CTMT": "MOC0113", "UNI_TR_AT": "DMOC-EQ-TR2", "SUB": "DMOC", "CONJ": 15828, "MUN": "3550308", "CEG_GD": " ", "BRR": "AV PRES JUSCELINO KUBITSCHEK 1726 VILA NOVA CONCEICAO", "CEP": "04543-000", "CLAS_SUB": "CO1", "CNAE": "8630-5/04", "TIP_CC": "COM-Tipo03", "FAS_CON": "ABN", "GRU_TEN": "BT", "TEN_FORN": "10", "GRU_TAR": "B3", "SIT_ATIV": "AT", "DAT_CON": "19/01/2000", "CAR_INST": 6.0, "LIV": 0, "ARE_LOC": "UB", "TIP_SIST": "RD_INTERLIG", "ENE_01": 1069.0, "ENE_02": 686.0, "ENE_03": 1214.258, "ENE_04": 944.0, "ENE_05": 1106.0, "ENE_06": 958.0, "ENE_07": 871.92, "ENE_08": 623.42, "ENE_09": 1012.0, "ENE_10": 1055.0, "ENE_11": 634.25, "ENE_12": 878.82, "DIC_01": 0.0, "DIC_02": 0.0, "DIC_03": 0.0, "DIC_04": 0.0, "DIC_05": 0.0, "DIC_06": 0.0, "DIC_07": 0.0, "DIC_08": 0.0, "DIC_09": 0.0, "DIC_10": 4.55, "DIC_11": 0.0, "DIC_12": 13.73, "FIC_01": 0.0, "FIC_02": 0.0, "FIC_03": 0.0, "FIC_04": 0.0, "FIC_05": 0.0, "FIC_06": 0.0, "FIC_07": 0.0, "FIC_08": 0.0, "FIC_09": 0.0, "FIC_10": 1.0, "FIC_11": 0.0, "FIC_12": 1.0, "SEMRED": 0, "DESCR": " ", "COD_ID": "74eb31874eef0dd75fa6b47207d9aae50934f3baf40cc28af5520d5feaae478d", "__layer": "UCBT_tab", "DEM_CONT": null, "DEM_01": null, "DEM_02": null, "DEM_03": null, "DEM_04": null, "DEM_05": null, "DEM_06": null, "DEM_07": null, "DEM_08": null, "DEM_09": null, "DEM_10": null, "DEM_11": null, "DEM_12": null }, "geometry": null },
{ "type": "Feature", "properties": { "DIST": 390, "PAC": "32802041739003395L", "RAMAL": "12294900S1", "PN_CON": " ", "UNI_TR_MT": "14348526", "CTMT": "MOC0113", "UNI_TR_AT": "DMOC-EQ-TR2", "SUB": "DMOC", "CONJ": 15828, "MUN": "3550308", "CEG_GD": " ", "BRR": "AV PRES JUSCELINO KUBITSCHEK 1726 VILA NOVA CONCEICAO", "CEP": "04543-000", "CLAS_SUB": "CO1", "CNAE": "7020-4/00", "TIP_CC": "COM-Tipo05", "FAS_CON": "ABCN", "GRU_TEN": "BT", "TEN_FORN": "10", "GRU_TAR": "B3", "SIT_ATIV": "AT", "DAT_CON": "19/01/2000", "CAR_INST": 8.3, "LIV": 0, "ARE_LOC": "UB", "TIP_SIST": "RD_INTERLIG", "ENE_01": 1296.0, "ENE_02": 1158.66, "ENE_03": 1319.424, "ENE_04": 1234.8, "ENE_05": 1418.58, "ENE_06": 1135.98, "ENE_07": 927.91, "ENE_08": 393.08, "ENE_09": 1139.4, "ENE_10": 1135.44, "ENE_11": 639.01, "ENE_12": 1010.75, "DIC_01": 0.0, "DIC_02": 0.0, "DIC_03": 0.0, "DIC_04": 0.0, "DIC_05": 0.0, "DIC_06": 0.0, "DIC_07": 0.0, "DIC_08": 0.0, "DIC_09": 0.0, "DIC_10": 4.55, "DIC_11": 0.0, "DIC_12": 13.73, "FIC_01": 0.0, "FIC_02": 0.0, "FIC_03": 0.0, "FIC_04": 0.0, "FIC_05": 0.0, "FIC_06": 0.0, "FIC_07": 0.0, "FIC_08": 0.0, "FIC_09": 0.0, "FIC_10": 1.0, "FIC_11": 0.0, "FIC_12": 1.0, "SEMRED": 0, "DESCR": " ", "COD_ID": "2c475abc619e0cbe05c327be31a766366a0c0ec93234bd876b45d367df0b5e22", "__layer": "UCBT_tab", "DEM_CONT": null, "DEM_01": null, "DEM_02": null, "DEM_03": null, "DEM_04": null, "DEM_05": null, "DEM_06": null, "DEM_07": null, "DEM_08": null, "DEM_09": null, "DEM_10": null, "DEM_11": null, "DEM_12": null }, "geometry": null },
{ "type": "Feature", "properties": { "DIST": 390, "PAC": "32802041739003395L", "RAMAL": "12294900S1", "PN_CON": " ", "UNI_TR_MT": "14348526", "CTMT": "MOC0113", "UNI_TR_AT": "DMOC-EQ-TR2", "SUB": "DMOC", "CONJ": 15828, "MUN": "3550308", "CEG_GD": " ", "BRR": "AV PRES JUSCELINO KUBITSCHEK 1726 VILA NOVA CONCEICAO", "CEP": "04543-000", "CLAS_SUB": "CO9", "CNAE": "6499-9/99", "TIP_CC": "COM-Tipo03", "FAS_CON": "ABCN", "GRU_TEN": "BT", "TEN_FORN": "10", "GRU_TAR": "B3", "SIT_ATIV": "AT", "DAT_CON": "19/01/2000", "CAR_INST": 8.3, "LIV": 0, "ARE_LOC": "UB", "TIP_SIST": "RD_INTERLIG", "ENE_01": 730.0, "ENE_02": 728.54, "ENE_03": 813.804, "ENE_04": 693.72, "ENE_05": 100.0, "ENE_06": 688.32, "ENE_07": 591.95, "ENE_08": 395.83, "ENE_09": 568.08, "ENE_10": 140.94, "ENE_11": 174.27, "ENE_12": 201.56, "DIC_01": 0.0, "DIC_02": 0.0, "DIC_03": 0.0, "DIC_04": 0.0, "DIC_05": 0.0, "DIC_06": 0.0, "DIC_07": 0.0, "DIC_08": 0.0, "DIC_09": 0.0, "DIC_10": 4.55, "DIC_11": 0.0, "DIC_12": 13.73, "FIC_01": 0.0, "FIC_02": 0.0, "FIC_03": 0.0, "FIC_04": 0.0, "FIC_05": 0.0, "FIC_06": 0.0, "FIC_07": 0.0, "FIC_08": 0.0, "FIC_09": 0.0, "FIC_10": 1.0, "FIC_11": 0.0, "FIC_12": 1.0, "SEMRED": 0, "DESCR": " ", "COD_ID": "3043da2895e5477119c078e73e5ae39f71b807f3dc3bffecfa2f1f77b02218fc", "__layer": "UCBT_tab", "DEM_CONT": null, "DEM_01": null, "DEM_02": null, "DEM_03": null, "DEM_04": null, "DEM_05": null, "DEM_06": null, "DEM_07": null, "DEM_08": null, "DEM_09": null, "DEM_10": null, "DEM_11": null, "DEM_12": null }, "geometry": null },
{ "type": "Feature", "properties": { "DIST": 390, "PAC": "32802041739003395L", "RAMAL": "12294900S1", "PN_CON": " ", "UNI_TR_MT": "14348526", "CTMT": "MOC0113", "UNI_TR_AT": "DMOC-EQ-TR2", "SUB": "DMOC", "CONJ": 15828, "MUN": "3550308", "CEG_GD": " ", "BRR": "AV PRES JUSCELINO KUBITSCHEK 1726 VILA NOVA CONCEICAO", "CEP": "04543-000", "CLAS_SUB": "CO1", "CNAE": "3511-5/01", "TIP_CC": "COM-Tipo03", "FAS_CON": "ABCN", "GRU_TEN": "BT", "TEN_FORN": "10", "GRU_TAR": "B3", "SIT_ATIV": "AT", "DAT_CON": "19/01/2000", "CAR_INST": 8.3, "LIV": 0, "ARE_LOC": "UB", "TIP_SIST": "RD_INTERLIG", "ENE_01": 1582.0, "ENE_02": 1423.82, "ENE_03": 1548.747, "ENE_04": 1548.18, "ENE_05": 1706.04, "ENE_06": 1486.44, "ENE_07": 1384.08, "ENE_08": 911.78, "ENE_09": 1594.62, "ENE_10": 491.04, "ENE_11": 863.83, "ENE_12": 1355.87, "DIC_01": 0.0, "DIC_02": 0.0, "DIC_03": 0.0, "DIC_04": 0.0, "DIC_05": 0.0, "DIC_06": 0.0, "DIC_07": 0.0, "DIC_08": 0.0, "DIC_09": 0.0, "DIC_10": 4.55, "DIC_11": 0.0, "DIC_12": 13.73, "FIC_01": 0.0, "FIC_02": 0.0, "FIC_03": 0.0, "FIC_04": 0.0, "FIC_05": 0.0, "FIC_06": 0.0, "FIC_07": 0.0, "FIC_08": 0.0, "FIC_09": 0.0, "FIC_10": 1.0, "FIC_11": 0.0, "FIC_12": 1.0, "SEMRED": 0, "DESCR": " ", "COD_ID": "b8f8b173a6eacc248033c08009546e588dbcef2dc990e85616d7846687a2e587", "__layer": "UCBT_tab", "DEM_CONT": null, "DEM_01": null, "DEM_02": null, "DEM_03": null, "DEM_04": null, "DEM_05": null, "DEM_06": null, "DEM_07": null, "DEM_08": null, "DEM_09": null, "DEM_10": null, "DEM_11": null, "DEM_12": null }, "geometry": null },
{ "type": "Feature", "properties": { "DIST": 390, "PAC": "32802041739003395L", "RAMAL": "12294900S1", "PN_CON": " ", "UNI_TR_MT": "14348526", "CTMT": "MOC0113", "UNI_TR_AT": "DMOC-EQ-TR2", "SUB": "DMOC", "CONJ": 15828, "MUN": "3550308", "CEG_GD": " ", "BRR": "AV PRES JUSCELINO KUBITSCHEK 1726 VILA NOVA CONCEICAO", "CEP": "04543-000", "CLAS_SUB": "CO9", "CNAE": "6499-9/99", "TIP_CC": "COM-Tipo03", "FAS_CON": "ABCN", "GRU_TEN": "BT", "TEN_FORN": "10", "GRU_TAR": "B3", "SIT_ATIV": "AT", "DAT_CON": "19/01/2000", "CAR_INST": 8.3, "LIV": 0, "ARE_LOC": "UB", "TIP_SIST": "RD_INTERLIG", "ENE_01": 1029.0, "ENE_02": 1276.0, "ENE_03": 1146.86, "ENE_04": 1105.0, "ENE_05": 1153.0, "ENE_06": 1082.0, "ENE_07": 924.84, "ENE_08": 652.7, "ENE_09": 1089.0, "ENE_10": 1144.0, "ENE_11": 615.96, "ENE_12": 918.98, "DIC_01": 0.0, "DIC_02": 0.0, "DIC_03": 0.0, "DIC_04": 0.0, "DIC_05": 0.0, "DIC_06": 0.0, "DIC_07": 0.0, "DIC_08": 0.0, "DIC_09": 0.0, "DIC_10": 4.55, "DIC_11": 0.0, "DIC_12": 13.73, "FIC_01": 0.0, "FIC_02": 0.0, "FIC_03": 0.0, "FIC_04": 0.0, "FIC_05": 0.0, "FIC_06": 0.0, "FIC_07": 0.0, "FIC_08": 0.0, "FIC_09": 0.0, "FIC_10": 1.0, "FIC_11": 0.0, "FIC_12": 1.0, "SEMRED": 0, "DESCR": " ", "COD_ID": "0de4c125491c3a0e127eed92640dca40bd7c516bd2f675f79a2a0dee198f2049", "__layer": "UCBT_tab", "DEM_CONT": null, "DEM_01": null, "DEM_02": null, "DEM_03": null, "DEM_04": null, "DEM_05": null, "DEM_06": null, "DEM_07": null, "DEM_08": null, "DEM_09": null, "DEM_10": null, "DEM_11": null, "DEM_12": null }, "geometry": null },
{ "type": "Feature", "properties": { "DIST": 390, "PAC": "32802041739003395L", "RAMAL": "12294900S1", "PN_CON": " ", "UNI_TR_MT": "14348526", "CTMT": "MOC0113", "UNI_TR_AT": "DMOC-EQ-TR2", "SUB": "DMOC", "CONJ": 15828, "MUN": "3550308", "CEG_GD": " ", "BRR": "AV PRES JUSCELINO KUBITSCHEK 1726 VILA NOVA CONCEICAO", "CEP": "04543-000", "CLAS_SUB": "CO9", "CNAE": "5229-0/99", "TIP_CC": "COM-Tipo03", "FAS_CON": "ABCN", "GRU_TEN": "BT", "TEN_FORN": "10", "GRU_TAR": "B3", "SIT_ATIV": "AT", "DAT_CON": "19/01/2000", "CAR_INST": 8.3, "LIV": 0, "ARE_LOC": "UB", "TIP_SIST": "RD_INTERLIG", "ENE_01": 740.0, "ENE_02": 673.18, "ENE_03": 709.511, "ENE_04": 731.88, "ENE_05": 672.84, "ENE_06": 700.92, "ENE_07": 586.5, "ENE_08": 419.11, "ENE_09": 626.04, "ENE_10": 648.18, "ENE_11": 384.44, "ENE_12": 562.87, "DIC_01": 0.0, "DIC_02": 0.0, "DIC_03": 0.0, "DIC_04": 0.0, "DIC_05": 0.0, "DIC_06": 0.0, "DIC_07": 0.0, "DIC_08": 0.0, "DIC_09": 0.0, "DIC_10": 4.55, "DIC_11": 0.0, "DIC_12": 13.73, "FIC_01": 0.0, "FIC_02": 0.0, "FIC_03": 0.0, "FIC_04": 0.0, "FIC_05": 0.0, "FIC_06": 0.0, "FIC_07": 0.0, "FIC_08": 0.0, "FIC_09": 0.0, "FIC_10": 1.0, "FIC_11": 0.0, "FIC_12": 1.0, "SEMRED": 0, "DESCR": " ", "COD_ID": "d7c0f100b1830bc3c53869ddaa47c919afa2943bd02d060afccdef2b876c00f7", "__layer": "UCBT_tab", "DEM_CONT": null, "DEM_01": null, "DEM_02": null, "DEM_03": null, "DEM_04": null, "DEM_05": null, "DEM_06": null, "DEM_07": null, "DEM_08": null, "DEM_09": null, "DEM_10": null, "DEM_11": null, "DEM_12": null }, "geometry": null },
{ "type": "Feature", "properties": { "DIST": 390, "PAC": "32802041739003395L", "RAMAL": "12294900S1", "PN_CON": " ", "UNI_TR_MT": "14348526", "CTMT": "MOC0113", "UNI_TR_AT": "DMOC-EQ-TR2", "SUB": "DMOC", "CONJ": 15828, "MUN": "3550308", "CEG_GD": " ", "BRR": "AV PRES JUSCELINO KUBITSCHEK 1726 VILA NOVA CONCEICAO", "CEP": "04543-000", "CLAS_SUB": "CO1", "CNAE": "8599-6/04", "TIP_CC": "COM-Tipo03", "FAS_CON": "BCN", "GRU_TEN": "BT", "TEN_FORN": "10", "GRU_TAR": "B3", "SIT_ATIV": "AT", "DAT_CON": "19/01/2000", "CAR_INST": 2.3, "LIV": 0, "ARE_LOC": "UB", "TIP_SIST": "RD_INTERLIG", "ENE_01": 0.0, "ENE_02": 0.0, "ENE_03": 0.0, "ENE_04": 0.0, "ENE_05": 31.0, "ENE_06": 68.0, "ENE_07": 42.0, "ENE_08": 125.05, "ENE_09": 689.0, "ENE_10": 841.0, "ENE_11": 433.65, "ENE_12": 787.97, "DIC_01": 0.0, "DIC_02": 0.0, "DIC_03": 0.0, "DIC_04": 0.0, "DIC_05": 0.0, "DIC_06": 0.0, "DIC_07": 0.0, "DIC_08": 0.0, "DIC_09": 0.0, "DIC_10": 4.55, "DIC_11": 0.0, "DIC_12": 13.73, "FIC_01": 0.0, "FIC_02": 0.0, "FIC_03": 0.0, "FIC_04": 0.0, "FIC_05": 0.0, "FIC_06": 0.0, "FIC_07": 0.0, "FIC_08": 0.0, "FIC_09": 0.0, "FIC_10": 1.0, "FIC_11": 0.0, "FIC_12": 1.0, "SEMRED": 0, "DESCR": " ", "COD_ID": "17e9be19fde7470053dc07ef75eb477ac7b25dd9119c94c1dca318e8bf69dc92", "__layer": "UCBT_tab", "DEM_CONT": null, "DEM_01": null, "DEM_02": null, "DEM_03": null, "DEM_04": null, "DEM_05": null, "DEM_06": null, "DEM_07": null, "DEM_08": null, "DEM_09": null, "DEM_10": null, "DEM_11": null, "DEM_12": null }, "geometry": null },
{ "type": "Feature", "properties": { "DIST": 390, "PAC": "32802041739003395L", "RAMAL": "12294900S1", "PN_CON": " ", "UNI_TR_MT": "14348526", "CTMT": "MOC0113", "UNI_TR_AT": "DMOC-EQ-TR2", "SUB": "DMOC", "CONJ": 15828, "MUN": "3550308", "CEG_GD": " ", "BRR": "AV PRES JUSCELINO KUBITSCHEK 1726 VILA NOVA CONCEICAO", "CEP": "04543-000", "CLAS_SUB": "RE1", "CNAE": " ", "TIP_CC": "COM-Tipo03", "FAS_CON": "BCN", "GRU_TEN": "BT", "TEN_FORN": "10", "GRU_TAR": "B1", "SIT_ATIV": "AT", "DAT_CON": "19/01/2000", "CAR_INST": 5.0, "LIV": 0, "ARE_LOC": "UB", "TIP_SIST": "RD_INTERLIG", "ENE_01": 0.0, "ENE_02": 0.0, "ENE_03": 0.0, "ENE_04": 0.0, "ENE_05": 125.0, "ENE_06": 37.0, "ENE_07": 3.0, "ENE_08": 50.0, "ENE_09": 93.0, "ENE_10": 27.0, "ENE_11": 107.0, "ENE_12": 48.54, "DIC_01": 0.0, "DIC_02": 0.0, "DIC_03": 0.0, "DIC_04": 0.0, "DIC_05": 0.0, "DIC_06": 0.0, "DIC_07": 0.0, "DIC_08": 0.0, "DIC_09": 0.0, "DIC_10": 4.55, "DIC_11": 0.0, "DIC_12": 13.73, "FIC_01": 0.0, "FIC_02": 0.0, "FIC_03": 0.0, "FIC_04": 0.0, "FIC_05": 0.0, "FIC_06": 0.0, "FIC_07": 0.0, "FIC_08": 0.0, "FIC_09": 0.0, "FIC_10": 1.0, "FIC_11": 0.0, "FIC_12": 1.0, "SEMRED": 0, "DESCR": " ", "COD_ID": "0ca05f98a5bf482426622be99cbf8dfceb76564aa4cafa628d68a47d0a466b1a", "__layer": "UCBT_tab", "DEM_CONT": null, "DEM_01": null, "DEM_02": null, "DEM_03": null, "DEM_04": null, "DEM_05": null, "DEM_06": null, "DEM_07": null, "DEM_08": null, "DEM_09": null, "DEM_10": null, "DEM_11": null, "DEM_12": null }, "geometry": null },
{ "type": "Feature", "properties": { "DIST": 390, "PAC": "32802041739003395L", "RAMAL": "12294900S1", "PN_CON": " ", "UNI_TR_MT": "14348526", "CTMT": "MOC0113", "UNI_TR_AT": "DMOC-EQ-TR2", "SUB": "DMOC", "CONJ": 15828, "MUN": "3550308", "CEG_GD": " ", "BRR": "AV PRES JUSCELINO KUBITSCHEK 1726 VILA NOVA CONCEICAO", "CEP": "04543-000", "CLAS_SUB": "CO1", "CNAE": "4729-6/02", "TIP_CC": "COM-Tipo03", "FAS_CON": "BCN", "GRU_TEN": "BT", "TEN_FORN": "10", "GRU_TAR": "B3", "SIT_ATIV": "AT", "DAT_CON": "19/01/2000", "CAR_INST": 2.4, "LIV": 0, "ARE_LOC": "UB", "TIP_SIST": "RD_INTERLIG", "ENE_01": 0.0, "ENE_02": 0.0, "ENE_03": 0.0, "ENE_04": 301.47, "ENE_05": 26.0, "ENE_06": 170.0, "ENE_07": 42.0, "ENE_08": 39.65, "ENE_09": 5.0, "ENE_10": 26.0, "ENE_11": 34.81, "ENE_12": 497.26, "DIC_01": 0.0, "DIC_02": 0.0, "DIC_03": 0.0, "DIC_04": 0.0, "DIC_05": 0.0, "DIC_06": 0.0, "DIC_07": 0.0, "DIC_08": 0.0, "DIC_09": 0.0, "DIC_10": 4.55, "DIC_11": 0.0, "DIC_12": 13.73, "FIC_01": 0.0, "FIC_02": 0.0, "FIC_03": 0.0, "FIC_04": 0.0, "FIC_05": 0.0, "FIC_06": 0.0, "FIC_07": 0.0, "FIC_08": 0.0, "FIC_09": 0.0, "FIC_10": 1.0, "FIC_11": 0.0, "FIC_12": 1.0, "SEMRED": 0, "DESCR": " ", "COD_ID": "3addc53e4876a4fed80d09c7844cb4d2fb9e1ff3b3b3fc9540645ea4dccc67f0", "__layer": "UCBT_tab", "DEM_CONT": null, "DEM_01": null, "DEM_02": null, "DEM_03": null, "DEM_04": null, "DEM_05": null, "DEM_06": null, "DEM_07": null, "DEM_08": null, "DEM_09": null, "DEM_10": null, "DEM_11": null, "DEM_12": null }, "geometry": null },
{ "type": "Feature", "properties": { "DIST": 390, "PAC": "32802041739003395L", "RAMAL": "12294900S1", "PN_CON": " ", "UNI_TR_MT": "14348526", "CTMT": "MOC0113", "UNI_TR_AT": "DMOC-EQ-TR2", "SUB": "DMOC", "CONJ": 15828, "MUN": "3550308", "CEG_GD": " ", "BRR": "AV PRES JUSCELINO KUBITSCHEK 1726 VILA NOVA CONCEICAO", "CEP": "04543-000", "CLAS_SUB": "CO1", "CNAE": "6630-4/00", "TIP_CC": "COM-Tipo02", "FAS_CON": "ABCN", "GRU_TEN": "BT", "TEN_FORN": "10", "GRU_TAR": "B3", "SIT_ATIV": "AT", "DAT_CON": "19/01/2000", "CAR_INST": 8.3, "LIV": 0, "ARE_LOC": "UB", "TIP_SIST": "RD_INTERLIG", "ENE_01": 646.0, "ENE_02": 571.2, "ENE_03": 705.937, "ENE_04": 625.6, "ENE_05": 705.6, "ENE_06": 673.4, "ENE_07": 617.06, "ENE_08": 436.64, "ENE_09": 710.6, "ENE_10": 738.0, "ENE_11": 408.04, "ENE_12": 668.82, "DIC_01": 0.0, "DIC_02": 0.0, "DIC_03": 0.0, "DIC_04": 0.0, "DIC_05": 0.0, "DIC_06": 0.0, "DIC_07": 0.0, "DIC_08": 0.0, "DIC_09": 0.0, "DIC_10": 4.55, "DIC_11": 0.0, "DIC_12": 13.73, "FIC_01": 0.0, "FIC_02": 0.0, "FIC_03": 0.0, "FIC_04": 0.0, "FIC_05": 0.0, "FIC_06": 0.0, "FIC_07": 0.0, "FIC_08": 0.0, "FIC_09": 0.0, "FIC_10": 1.0, "FIC_11": 0.0, "FIC_12": 1.0, "SEMRED": 0, "DESCR": " ", "COD_ID": "06b7303886410c5d612f86d4ffaf80ab0c3641b3fa5a5d29e83c777cc55158a6", "__layer": "UCBT_tab", "DEM_CONT": null, "DEM_01": null, "DEM_02": null, "DEM_03": null, "DEM_04": null, "DEM_05": null, "DEM_06": null, "DEM_07": null, "DEM_08": null, "DEM_09": null, "DEM_10": null, "DEM_11": null, "DEM_12": null }, "geometry": null },
{ "type": "Feature", "properties": { "DIST": 390, "PAC": "32802041739003395L", "RAMAL": "12294900S1", "PN_CON": " ", "UNI_TR_MT": "14348526", "CTMT": "MOC0113", "UNI_TR_AT": "DMOC-EQ-TR2", "SUB": "DMOC", "CONJ": 15828, "MUN": "3550308", "CEG_GD": " ", "BRR": "AV PRES JUSCELINO KUBITSCHEK 1726 VILA NOVA CONCEICAO", "CEP": "04543-000", "CLAS_SUB": "CO9", "CNAE": "6399-2/00", "TIP_CC": "COM-Tipo05", "FAS_CON": "ABCN", "GRU_TEN": "BT", "TEN_FORN": "10", "GRU_TAR": "B3", "SIT_ATIV": "AT", "DAT_CON": "19/01/2000", "CAR_INST": 8.3, "LIV": 0, "ARE_LOC": "UB", "TIP_SIST": "RD_INTERLIG", "ENE_01": 2924.0, "ENE_02": 2801.26, "ENE_03": 2538.854, "ENE_04": 2086.02, "ENE_05": 200.52, "ENE_06": 642.78, "ENE_07": 2343.3, "ENE_08": 401.43, "ENE_09": 147.78, "ENE_10": 6.66, "ENE_11": 59.0, "ENE_12": 95.62, "DIC_01": 0.0, "DIC_02": 0.0, "DIC_03": 0.0, "DIC_04": 0.0, "DIC_05": 0.0, "DIC_06": 0.0, "DIC_07": 0.0, "DIC_08": 0.0, "DIC_09": 0.0, "DIC_10": 4.55, "DIC_11": 0.0, "DIC_12": 13.73, "FIC_01": 0.0, "FIC_02": 0.0, "FIC_03": 0.0, "FIC_04": 0.0, "FIC_05": 0.0, "FIC_06": 0.0, "FIC_07": 0.0, "FIC_08": 0.0, "FIC_09": 0.0, "FIC_10": 1.0, "FIC_11": 0.0, "FIC_12": 1.0, "SEMRED": 0, "DESCR": " ", "COD_ID": "776c6add7c74e8e582c74828df3d765d3b59b31d491b1a78eb67e35e6a373027", "__layer": "UCBT_tab", "DEM_CONT": null, "DEM_01": null, "DEM_02": null, "DEM_03": null, "DEM_04": null, "DEM_05": null, "DEM_06": null, "DEM_07": null, "DEM_08": null, "DEM_09": null, "DEM_10": null, "DEM_11": null, "DEM_12": null }, "geometry": null },
{ "type": "Feature", "properties": { "DIST": 390, "PAC": "32802041739003395L", "RAMAL": "12294900S1", "PN_CON": " ", "UNI_TR_MT": "14348526", "CTMT": "MOC0113", "UNI_TR_AT": "DMOC-EQ-TR2", "SUB": "DMOC", "CONJ": 15828, "MUN": "3550308", "CEG_GD": " ", "BRR": "AV PRES JUSCELINO KUBITSCHEK 1726 VILA NOVA CONCEICAO", "CEP": "04543-000", "CLAS_SUB": "CO9", "CNAE": "6399-2/00", "TIP_CC": "COM-Tipo03", "FAS_CON": "ABCN", "GRU_TEN": "BT", "TEN_FORN": "10", "GRU_TAR": "B3", "SIT_ATIV": "AT", "DAT_CON": "19/01/2000", "CAR_INST": 8.3, "LIV": 0, "ARE_LOC": "UB", "TIP_SIST": "RD_INTERLIG", "ENE_01": 1918.0, "ENE_02": 2247.0, "ENE_03": 2570.923, "ENE_04": 2005.0, "ENE_05": 2187.0, "ENE_06": 1643.0, "ENE_07": 1250.76, "ENE_08": 1059.57, "ENE_09": 1867.0, "ENE_10": 1848.0, "ENE_11": 1066.72, "ENE_12": 1611.33, "DIC_01": 0.0, "DIC_02": 0.0, "DIC_03": 0.0, "DIC_04": 0.0, "DIC_05": 0.0, "DIC_06": 0.0, "DIC_07": 0.0, "DIC_08": 0.0, "DIC_09": 0.0, "DIC_10": 4.55, "DIC_11": 0.0, "DIC_12": 13.73, "FIC_01": 0.0, "FIC_02": 0.0, "FIC_03": 0.0, "FIC_04": 0.0, "FIC_05": 0.0, "FIC_06": 0.0, "FIC_07": 0.0, "FIC_08": 0.0, "FIC_09": 0.0, "FIC_10": 1.0, "FIC_11": 0.0, "FIC_12": 1.0, "SEMRED": 0, "DESCR": " ", "COD_ID": "2beb2bee073dd9b0a88d9ebceebe43810a1753913499fad99480e7eaeddefe8e", "__layer": "UCBT_tab", "DEM_CONT": null, "DEM_01": null, "DEM_02": null, "DEM_03": null, "DEM_04": null, "DEM_05": null, "DEM_06": null, "DEM_07": null, "DEM_08": null, "DEM_09": null, "DEM_10": null, "DEM_11": null, "DEM_12": null }, "geometry": null },
{ "type": "Feature", "properties": { "DIST": 390, "PAC": "32802041739003395L", "RAMAL": "12294900S1", "PN_CON": " ", "UNI_TR_MT": "14348526", "CTMT": "MOC0113", "UNI_TR_AT": "DMOC-EQ-TR2", "SUB": "DMOC", "CONJ": 15828, "MUN": "3550308", "CEG_GD": " ", "BRR": "AV PRES JUSCELINO KUBITSCHEK 1726 VILA NOVA CONCEICAO", "CEP": "04543-000", "CLAS_SUB": "RE1", "CNAE": " ", "TIP_CC": "RES-Tipo02", "FAS_CON": "ABCN", "GRU_TEN": "BT", "TEN_FORN": "10", "GRU_TAR": "B1", "SIT_ATIV": "AT", "DAT_CON": "19/01/2000", "CAR_INST": 9.9, "LIV": 0, "ARE_LOC": "UB", "TIP_SIST": "RD_INTERLIG", "ENE_01": 57.03, "ENE_02": 269.0, "ENE_03": 199.0, "ENE_04": 204.0, "ENE_05": 144.0, "ENE_06": 233.0, "ENE_07": 429.0, "ENE_08": 579.0, "ENE_09": 643.0, "ENE_10": 625.0, "ENE_11": 628.0, "ENE_12": 534.0, "DIC_01": 0.0, "DIC_02": 0.0, "DIC_03": 0.0, "DIC_04": 0.0, "DIC_05": 0.0, "DIC_06": 0.0, "DIC_07": 0.0, "DIC_08": 0.0, "DIC_09": 0.0, "DIC_10": 4.55, "DIC_11": 0.0, "DIC_12": 13.73, "FIC_01": 0.0, "FIC_02": 0.0, "FIC_03": 0.0, "FIC_04": 0.0, "FIC_05": 0.0, "FIC_06": 0.0, "FIC_07": 0.0, "FIC_08": 0.0, "FIC_09": 0.0, "FIC_10": 1.0, "FIC_11": 0.0, "FIC_12": 1.0, "SEMRED": 0, "DESCR": " ", "COD_ID": "169fbc9065c52eaf1aadb4c2a9ed8e611454d4238664f84f20241ebbdd28c338", "__layer": "UCBT_tab", "DEM_CONT": null, "DEM_01": null, "DEM_02": null, "DEM_03": null, "DEM_04": null, "DEM_05": null, "DEM_06": null, "DEM_07": null, "DEM_08": null, "DEM_09": null, "DEM_10": null, "DEM_11": null, "DEM_12": null }, "geometry": null },
{ "type": "Feature", "properties": { "DIST": 390, "PAC": "32802041739003395L", "RAMAL": "12294900S1", "PN_CON": " ", "UNI_TR_MT": "14348526", "CTMT": "MOC0113", "UNI_TR_AT": "DMOC-EQ-TR2", "SUB": "DMOC", "CONJ": 15828, "MUN": "3550308", "CEG_GD": " ", "BRR": "AV PRES JUSCELINO KUBITSCHEK 1726 VILA NOVA CONCEICAO", "CEP": "04543-000", "CLAS_SUB": "CO1", "CNAE": "6911-7/01", "TIP_CC": "COM-Tipo05", "FAS_CON": "ABCN", "GRU_TEN": "BT", "TEN_FORN": "10", "GRU_TAR": "B3", "SIT_ATIV": "AT", "DAT_CON": "19/01/2000", "CAR_INST": 8.3, "LIV": 0, "ARE_LOC": "UB", "TIP_SIST": "RD_INTERLIG", "ENE_01": 1562.0, "ENE_02": 1429.0, "ENE_03": 1607.992, "ENE_04": 1465.2, "ENE_05": 1595.6, "ENE_06": 1540.8, "ENE_07": 1335.94, "ENE_08": 999.06, "ENE_09": 1596.8, "ENE_10": 1636.8, "ENE_11": 889.01, "ENE_12": 1294.8, "DIC_01": 0.0, "DIC_02": 0.0, "DIC_03": 0.0, "DIC_04": 0.0, "DIC_05": 0.0, "DIC_06": 0.0, "DIC_07": 0.0, "DIC_08": 0.0, "DIC_09": 0.0, "DIC_10": 4.55, "DIC_11": 0.0, "DIC_12": 13.73, "FIC_01": 0.0, "FIC_02": 0.0, "FIC_03": 0.0, "FIC_04": 0.0, "FIC_05": 0.0, "FIC_06": 0.0, "FIC_07": 0.0, "FIC_08": 0.0, "FIC_09": 0.0, "FIC_10": 1.0, "FIC_11": 0.0, "FIC_12": 1.0, "SEMRED": 0, "DESCR": " ", "COD_ID": "fa321e784d6b4a9448f952d182881316be7f4a41ffcffdef5cbc38d87c67a1ca", "__layer": "UCBT_tab", "DEM_CONT": null, "DEM_01": null, "DEM_02": null, "DEM_03": null, "DEM_04": null, "DEM_05": null, "DEM_06": null, "DEM_07": null, "DEM_08": null, "DEM_09": null, "DEM_10": null, "DEM_11": null, "DEM_12": null }, "geometry": null },
{ "type": "Feature", "properties": { "DIST": 390, "PAC": "32802041739003395L", "RAMAL": "12294900S1", "PN_CON": " ", "UNI_TR_MT": "14348526", "CTMT": "MOC0113", "UNI_TR_AT": "DMOC-EQ-TR2", "SUB": "DMOC", "CONJ": 15828, "MUN": "3550308", "CEG_GD": " ", "BRR": "AV PRES JUSCELINO KUBITSCHEK 1726 VILA NOVA CONCEICAO", "CEP": "04543-000", "CLAS_SUB": "CO1", "CNAE": "4693-1/00", "TIP_CC": "COM-Tipo03", "FAS_CON": "ABCN", "GRU_TEN": "BT", "TEN_FORN": "10", "GRU_TAR": "B3", "SIT_ATIV": "AT", "DAT_CON": "19/01/2000", "CAR_INST": 8.3, "LIV": 0, "ARE_LOC": "UB", "TIP_SIST": "RD_INTERLIG", "ENE_01": 1099.0, "ENE_02": 951.2, "ENE_03": 861.174, "ENE_04": 127.6, "ENE_05": 61.8, "ENE_06": 26.8, "ENE_07": 42.0, "ENE_08": 2.07, "ENE_09": 3.2, "ENE_10": 3.4, "ENE_11": 29.5, "ENE_12": 3.05, "DIC_01": 0.0, "DIC_02": 0.0, "DIC_03": 0.0, "DIC_04": 0.0, "DIC_05": 0.0, "DIC_06": 0.0, "DIC_07": 0.0, "DIC_08": 0.0, "DIC_09": 0.0, "DIC_10": 4.55, "DIC_11": 0.0, "DIC_12": 13.73, "FIC_01": 0.0, "FIC_02": 0.0, "FIC_03": 0.0, "FIC_04": 0.0, "FIC_05": 0.0, "FIC_06": 0.0, "FIC_07": 0.0, "FIC_08": 0.0, "FIC_09": 0.0, "FIC_10": 1.0, "FIC_11": 0.0, "FIC_12": 1.0, "SEMRED": 0, "DESCR": " ", "COD_ID": "f231696318316ceba799b2551f6223b9fb3a72a784e86ea7499c94f0ca4630b0", "__layer": "UCBT_tab", "DEM_CONT": null, "DEM_01": null, "DEM_02": null, "DEM_03": null, "DEM_04": null, "DEM_05": null, "DEM_06": null, "DEM_07": null, "DEM_08": null, "DEM_09": null, "DEM_10": null, "DEM_11": null, "DEM_12": null }, "geometry": null },
{ "type": "Feature", "properties": { "DIST": 390, "PAC": "32802041739003395L", "RAMAL": "12294900S1", "PN_CON": " ", "UNI_TR_MT": "14348526", "CTMT": "MOC0113", "UNI_TR_AT": "DMOC-EQ-TR2", "SUB": "DMOC", "CONJ": 15828, "MUN": "3550308", "CEG_GD": " ", "BRR": "AV PRES JUSCELINO KUBITSCHEK 1726 VILA NOVA CONCEICAO", "CEP": "04543-000", "CLAS_SUB": "CO1", "CNAE": "4693-1/00", "TIP_CC": "COM-Tipo05", "FAS_CON": "ABC", "GRU_TEN": "BT", "TEN_FORN": "10", "GRU_TAR": "B3", "SIT_ATIV": "AT", "DAT_CON": "19/01/2000", "CAR_INST": 8.3, "LIV": 0, "ARE_LOC": "UB", "TIP_SIST": "RD_INTERLIG", "ENE_01": 2528.0, "ENE_02": 2143.18, "ENE_03": 1615.865, "ENE_04": 159.84, "ENE_05": 240.12, "ENE_06": 65.88, "ENE_07": 72.12, "ENE_08": 31.73, "ENE_09": 8.82, "ENE_10": 96.66, "ENE_11": 32.18, "ENE_12": 47.81, "DIC_01": 0.0, "DIC_02": 0.0, "DIC_03": 0.0, "DIC_04": 0.0, "DIC_05": 0.0, "DIC_06": 0.0, "DIC_07": 0.0, "DIC_08": 0.0, "DIC_09": 0.0, "DIC_10": 4.55, "DIC_11": 0.0, "DIC_12": 13.73, "FIC_01": 0.0, "FIC_02": 0.0, "FIC_03": 0.0, "FIC_04": 0.0, "FIC_05": 0.0, "FIC_06": 0.0, "FIC_07": 0.0, "FIC_08": 0.0, "FIC_09": 0.0, "FIC_10": 1.0, "FIC_11": 0.0, "FIC_12": 1.0, "SEMRED": 0, "DESCR": " ", "COD_ID": "74b4f3111ae8341b69b4b43628fa92cf9448fcb351ee910db1702d6bf7815a2c", "__layer": "UCBT_tab", "DEM_CONT": null, "DEM_01": null, "DEM_02": null, "DEM_03": null, "DEM_04": null, "DEM_05": null, "DEM_06": null, "DEM_07": null, "DEM_08": null, "DEM_09": null, "DEM_10": null, "DEM_11": null, "DEM_12": null }, "geometry": null },
{ "type": "Feature", "properties": { "DIST": 390, "PAC": "32802041739003395L", "RAMAL": "12294900S1", "PN_CON": " ", "UNI_TR_MT": "14348526", "CTMT": "MOC0113", "UNI_TR_AT": "DMOC-EQ-TR2", "SUB": "DMOC", "CONJ": 15828, "MUN": "3550308", "CEG_GD": " ", "BRR": "AV PRES JUSCELINO KUBITSCHEK 1726 VILA NOVA CONCEICAO", "CEP": "04543-000", "CLAS_SUB": "CO1", "CNAE": "8599-6/04", "TIP_CC": "COM-Tipo03", "FAS_CON": "ABCN", "GRU_TEN": "BT", "TEN_FORN": "10", "GRU_TAR": "B3", "SIT_ATIV": "AT", "DAT_CON": "19/01/2000", "CAR_INST": 8.3, "LIV": 0, "ARE_LOC": "UB", "TIP_SIST": "RD_INTERLIG", "ENE_01": 1395.0, "ENE_02": 1128.8, "ENE_03": 517.446, "ENE_04": 24.4, "ENE_05": 590.6, "ENE_06": 788.6, "ENE_07": 678.55, "ENE_08": 511.3, "ENE_09": 901.2, "ENE_10": 1007.6, "ENE_11": 400.73, "ENE_12": 518.3, "DIC_01": 0.0, "DIC_02": 0.0, "DIC_03": 0.0, "DIC_04": 0.0, "DIC_05": 0.0, "DIC_06": 0.0, "DIC_07": 0.0, "DIC_08": 0.0, "DIC_09": 0.0, "DIC_10": 4.55, "DIC_11": 0.0, "DIC_12": 13.73, "FIC_01": 0.0, "FIC_02": 0.0, "FIC_03": 0.0, "FIC_04": 0.0, "FIC_05": 0.0, "FIC_06": 0.0, "FIC_07": 0.0, "FIC_08": 0.0, "FIC_09": 0.0, "FIC_10": 1.0, "FIC_11": 0.0, "FIC_12": 1.0, "SEMRED": 0, "DESCR": " ", "COD_ID": "1b6ffbb33c3c1ccb42cb5847e02a93f8e1bf3af776bbcfa889d83e1d49ea8931", "__layer": "UCBT_tab", "DEM_CONT": null, "DEM_01": null, "DEM_02": null, "DEM_03": null, "DEM_04": null, "DEM_05": null, "DEM_06": null, "DEM_07": null, "DEM_08": null, "DEM_09": null, "DEM_10": null, "DEM_11": null, "DEM_12": null }, "geometry": null },
{ "type": "Feature", "properties": { "DIST": 390, "PAC": "32802041739003395L", "RAMAL": "12294900S1", "PN_CON": " ", "UNI_TR_MT": "14348526", "CTMT": "MOC0113", "UNI_TR_AT": "DMOC-EQ-TR2", "SUB": "DMOC", "CONJ": 15828, "MUN": "3550308", "CEG_GD": " ", "BRR": "AV PRES JUSCELINO KUBITSCHEK 1726 VILA NOVA CONCEICAO", "CEP": "04543-000", "CLAS_SUB": "IN", "CNAE": "1922-5/02", "TIP_CC": "COM-Tipo02", "FAS_CON": "ABCN", "GRU_TEN": "BT", "TEN_FORN": "10", "GRU_TAR": "B3", "SIT_ATIV": "AT", "DAT_CON": "19/01/2000", "CAR_INST": 8.3, "LIV": 0, "ARE_LOC": "UB", "TIP_SIST": "RD_INTERLIG", "ENE_01": 9.0, "ENE_02": 9.72, "ENE_03": 27.72, "ENE_04": 100.0, "ENE_05": 226.62, "ENE_06": 321.12, "ENE_07": 314.82, "ENE_08": 322.02, "ENE_09": 450.0, "ENE_10": 362.52, "ENE_11": 310.86, "ENE_12": 332.52, "DIC_01": 0.0, "DIC_02": 0.0, "DIC_03": 0.0, "DIC_04": 0.0, "DIC_05": 0.0, "DIC_06": 0.0, "DIC_07": 0.0, "DIC_08": 0.0, "DIC_09": 0.0, "DIC_10": 4.55, "DIC_11": 0.0, "DIC_12": 13.73, "FIC_01": 0.0, "FIC_02": 0.0, "FIC_03": 0.0, "FIC_04": 0.0, "FIC_05": 0.0, "FIC_06": 0.0, "FIC_07": 0.0, "FIC_08": 0.0, "FIC_09": 0.0, "FIC_10": 1.0, "FIC_11": 0.0, "FIC_12": 1.0, "SEMRED": 0, "DESCR": " ", "COD_ID": "0da48ef248909e941894874543d2899af558ca31a44625893090bc1c54323dbe", "__layer": "UCBT_tab", "DEM_CONT": null, "DEM_01": null, "DEM_02": null, "DEM_03": null, "DEM_04": null, "DEM_05": null, "DEM_06": null, "DEM_07": null, "DEM_08": null, "DEM_09": null, "DEM_10": null, "DEM_11": null, "DEM_12": null }, "geometry": null },
{ "type": "Feature", "properties": { "DIST": 390, "PAC": "32802041739003395L", "RAMAL": "12294900S1", "PN_CON": " ", "UNI_TR_MT": "14348526", "CTMT": "MOC0113", "UNI_TR_AT": "DMOC-EQ-TR2", "SUB": "DMOC", "CONJ": 15828, "MUN": "3550308", "CEG_GD": " ", "BRR": "AV PRES JUSCELINO KUBITSCHEK 1726 VILA NOVA CONCEICAO", "CEP": "04543-000", "CLAS_SUB": "CO1", "CNAE": "6810-2/01", "TIP_CC": "COM-Tipo02", "FAS_CON": "ABCN", "GRU_TEN": "BT", "TEN_FORN": "10", "GRU_TAR": "B3", "SIT_ATIV": "AT", "DAT_CON": "19/01/2000", "CAR_INST": 8.3, "LIV": 0, "ARE_LOC": "UB", "TIP_SIST": "RD_INTERLIG", "ENE_01": 43.0, "ENE_02": 95.78, "ENE_03": 322.86, "ENE_04": 50.0, "ENE_05": 97.02, "ENE_06": 87.84, "ENE_07": 28.27, "ENE_08": 30.5, "ENE_09": 37.62, "ENE_10": 113.94, "ENE_11": 3.4, "ENE_12": 5.5, "DIC_01": 0.0, "DIC_02": 0.0, "DIC_03": 0.0, "DIC_04": 0.0, "DIC_05": 0.0, "DIC_06": 0.0, "DIC_07": 0.0, "DIC_08": 0.0, "DIC_09": 0.0, "DIC_10": 4.55, "DIC_11": 0.0, "DIC_12": 13.73, "FIC_01": 0.0, "FIC_02": 0.0, "FIC_03": 0.0, "FIC_04": 0.0, "FIC_05": 0.0, "FIC_06": 0.0, "FIC_07": 0.0, "FIC_08": 0.0, "FIC_09": 0.0, "FIC_10": 1.0, "FIC_11": 0.0, "FIC_12": 1.0, "SEMRED": 0, "DESCR": " ", "COD_ID": "fe1c2b6503bd0f8b94bc21c2ac4e01d2e4e40c3f029465be0f320b7e26dd381c", "__layer": "UCBT_tab", "DEM_CONT": null, "DEM_01": null, "DEM_02": null, "DEM_03": null, "DEM_04": null, "DEM_05": null, "DEM_06": null, "DEM_07": null, "DEM_08": null, "DEM_09": null, "DEM_10": null, "DEM_11": null, "DEM_12": null }, "geometry": null },
{ "type": "Feature", "properties": { "DIST": 390, "PAC": "32802041739003395L", "RAMAL": "12294900S1", "PN_CON": " ", "UNI_TR_MT": "14348526", "CTMT": "MOC0113", "UNI_TR_AT": "DMOC-EQ-TR2", "SUB": "DMOC", "CONJ": 15828, "MUN": "3550308", "CEG_GD": " ", "BRR": "AV PRES JUSCELINO KUBITSCHEK 1726 VILA NOVA CONCEICAO", "CEP": "04543-000", "CLAS_SUB": "CO1", "CNAE": "4756-3/00", "TIP_CC": "COM-Tipo03", "FAS_CON": "ABCN", "GRU_TEN": "BT", "TEN_FORN": "10", "GRU_TAR": "B3", "SIT_ATIV": "AT", "DAT_CON": "19/01/2000", "CAR_INST": 8.3, "LIV": 0, "ARE_LOC": "UB", "TIP_SIST": "RD_INTERLIG", "ENE_01": 1025.0, "ENE_02": 964.9, "ENE_03": 900.688, "ENE_04": 837.9, "ENE_05": 902.16, "ENE_06": 711.18, "ENE_07": 493.82, "ENE_08": 316.88, "ENE_09": 587.88, "ENE_10": 660.06, "ENE_11": 369.36, "ENE_12": 609.17, "DIC_01": 0.0, "DIC_02": 0.0, "DIC_03": 0.0, "DIC_04": 0.0, "DIC_05": 0.0, "DIC_06": 0.0, "DIC_07": 0.0, "DIC_08": 0.0, "DIC_09": 0.0, "DIC_10": 4.55, "DIC_11": 0.0, "DIC_12": 13.73, "FIC_01": 0.0, "FIC_02": 0.0, "FIC_03": 0.0, "FIC_04": 0.0, "FIC_05": 0.0, "FIC_06": 0.0, "FIC_07": 0.0, "FIC_08": 0.0, "FIC_09": 0.0, "FIC_10": 1.0, "FIC_11": 0.0, "FIC_12": 1.0, "SEMRED": 0, "DESCR": " ", "COD_ID": "fa048fd1c45a2ae469f8c1a62a87119345098aa07ac9773221e4bb22250e6d20", "__layer": "UCBT_tab", "DEM_CONT": null, "DEM_01": null, "DEM_02": null, "DEM_03": null, "DEM_04": null, "DEM_05": null, "DEM_06": null, "DEM_07": null, "DEM_08": null, "DEM_09": null, "DEM_10": null, "DEM_11": null, "DEM_12": null }, "geometry": null },
{ "type": "Feature", "properties": { "DIST": 390, "PAC": "32802041739003395L", "RAMAL": "12294900S1", "PN_CON": " ", "UNI_TR_MT": "14348526", "CTMT": "MOC0113", "UNI_TR_AT": "DMOC-EQ-TR2", "SUB": "DMOC", "CONJ": 15828, "MUN": "3550308", "CEG_GD": " ", "BRR": "AV PRES JUSCELINO KUBITSCHEK 1726 VILA NOVA CONCEICAO", "CEP": "04543-000", "CLAS_SUB": "CO1", "CNAE": "7020-4/00", "TIP_CC": "COM-Tipo02", "FAS_CON": "ABCN", "GRU_TEN": "BT", "TEN_FORN": "10", "GRU_TAR": "B3", "SIT_ATIV": "AT", "DAT_CON": "19/01/2000", "CAR_INST": 8.3, "LIV": 0, "ARE_LOC": "UB", "TIP_SIST": "RD_INTERLIG", "ENE_01": 486.0, "ENE_02": 497.0, "ENE_03": 591.367, "ENE_04": 455.0, "ENE_05": 449.0, "ENE_06": 355.0, "ENE_07": 335.16, "ENE_08": 217.16, "ENE_09": 414.0, "ENE_10": 495.0, "ENE_11": 305.62, "ENE_12": 549.86, "DIC_01": 0.0, "DIC_02": 0.0, "DIC_03": 0.0, "DIC_04": 0.0, "DIC_05": 0.0, "DIC_06": 0.0, "DIC_07": 0.0, "DIC_08": 0.0, "DIC_09": 0.0, "DIC_10": 4.55, "DIC_11": 0.0, "DIC_12": 13.73, "FIC_01": 0.0, "FIC_02": 0.0, "FIC_03": 0.0, "FIC_04": 0.0, "FIC_05": 0.0, "FIC_06": 0.0, "FIC_07": 0.0, "FIC_08": 0.0, "FIC_09": 0.0, "FIC_10": 1.0, "FIC_11": 0.0, "FIC_12": 1.0, "SEMRED": 0, "DESCR": " ", "COD_ID": "53419e3967b589a702c70257e8ff93c66f195b9a4daee444463caf0fe86dba94", "__layer": "UCBT_tab", "DEM_CONT": null, "DEM_01": null, "DEM_02": null, "DEM_03": null, "DEM_04": null, "DEM_05": null, "DEM_06": null, "DEM_07": null, "DEM_08": null, "DEM_09": null, "DEM_10": null, "DEM_11": null, "DEM_12": null }, "geometry": null },
{ "type": "Feature", "properties": { "DIST": 390, "PAC": "32802041739003395L", "RAMAL": "12294900S1", "PN_CON": " ", "UNI_TR_MT": "14348526", "CTMT": "MOC0113", "UNI_TR_AT": "DMOC-EQ-TR2", "SUB": "DMOC", "CONJ": 15828, "MUN": "3550308", "CEG_GD": " ", "BRR": "AV PRES JUSCELINO KUBITSCHEK 1726 VILA NOVA CONCEICAO", "CEP": "04543-000", "CLAS_SUB": "CO1", "CNAE": "4110-7/00", "TIP_CC": "RES-Tipo05", "FAS_CON": "ABCN", "GRU_TEN": "BT", "TEN_FORN": "10", "GRU_TAR": "B3", "SIT_ATIV": "AT", "DAT_CON": "19/01/2000", "CAR_INST": 8.3, "LIV": 0, "ARE_LOC": "UB", "TIP_SIST": "RD_INTERLIG", "ENE_01": 824.0, "ENE_02": 763.0, "ENE_03": 765.298, "ENE_04": 674.0, "ENE_05": 693.0, "ENE_06": 715.0, "ENE_07": 548.52, "ENE_08": 392.23, "ENE_09": 52.0, "ENE_10": 4.0, "ENE_11": 29.5, "ENE_12": 47.81, "DIC_01": 0.0, "DIC_02": 0.0, "DIC_03": 0.0, "DIC_04": 0.0, "DIC_05": 0.0, "DIC_06": 0.0, "DIC_07": 0.0, "DIC_08": 0.0, "DIC_09": 0.0, "DIC_10": 4.55, "DIC_11": 0.0, "DIC_12": 13.73, "FIC_01": 0.0, "FIC_02": 0.0, "FIC_03": 0.0, "FIC_04": 0.0, "FIC_05": 0.0, "FIC_06": 0.0, "FIC_07": 0.0, "FIC_08": 0.0, "FIC_09": 0.0, "FIC_10": 1.0, "FIC_11": 0.0, "FIC_12": 1.0, "SEMRED": 0, "DESCR": " ", "COD_ID": "a685e6d991b4734273848b005249ada5bc032daef09371290990052dff48da85", "__layer": "UCBT_tab", "DEM_CONT": null, "DEM_01": null, "DEM_02": null, "DEM_03": null, "DEM_04": null, "DEM_05": null, "DEM_06": null, "DEM_07": null, "DEM_08": null, "DEM_09": null, "DEM_10": null, "DEM_11": null, "DEM_12": null }, "geometry": null },
{ "type": "Feature", "properties": { "DIST": 390, "PAC": "32802041739003395L", "RAMAL": "12294900S1", "PN_CON": " ", "UNI_TR_MT": "14348526", "CTMT": "MOC0113", "UNI_TR_AT": "DMOC-EQ-TR2", "SUB": "DMOC", "CONJ": 15828, "MUN": "3550308", "CEG_GD": " ", "BRR": "AV PRES JUSCELINO KUBITSCHEK 1726 VILA NOVA CONCEICAO", "CEP": "04543-000", "CLAS_SUB": "RE1", "CNAE": " ", "TIP_CC": "RES-Tipo01", "FAS_CON": "ABCN", "GRU_TEN": "BT", "TEN_FORN": "10", "GRU_TAR": "B1", "SIT_ATIV": "AT", "DAT_CON": "19/01/2000", "CAR_INST": 8.3, "LIV": 0, "ARE_LOC": "UB", "TIP_SIST": "RD_INTERLIG", "ENE_01": 0.0, "ENE_02": 1766.7, "ENE_03": 1040.76, "ENE_04": 1008.72, "ENE_05": 1060.38, "ENE_06": 1006.2, "ENE_07": 1102.68, "ENE_08": 1026.0, "ENE_09": 531.54, "ENE_10": 1026.0, "ENE_11": 1023.66, "ENE_12": 918.04, "DIC_01": 0.0, "DIC_02": 0.0, "DIC_03": 0.0, "DIC_04": 0.0, "DIC_05": 0.0, "DIC_06": 0.0, "DIC_07": 0.0, "DIC_08": 0.0, "DIC_09": 0.0, "DIC_10": 4.55, "DIC_11": 0.0, "DIC_12": 13.73, "FIC_01": 0.0, "FIC_02": 0.0, "FIC_03": 0.0, "FIC_04": 0.0, "FIC_05": 0.0, "FIC_06": 0.0, "FIC_07": 0.0, "FIC_08": 0.0, "FIC_09": 0.0, "FIC_10": 1.0, "FIC_11": 0.0, "FIC_12": 1.0, "SEMRED": 0, "DESCR": " ", "COD_ID": "aaae544f1543731cfc5b70dadcd19099f2ebeb433b7d4390961d917b5b94bed5", "__layer": "UCBT_tab", "DEM_CONT": null, "DEM_01": null, "DEM_02": null, "DEM_03": null, "DEM_04": null, "DEM_05": null, "DEM_06": null, "DEM_07": null, "DEM_08": null, "DEM_09": null, "DEM_10": null, "DEM_11": null, "DEM_12": null }, "geometry": null },
{ "type": "Feature", "properties": { "DIST": 390, "PAC": "32802041739003395L", "RAMAL": "12294900S1", "PN_CON": " ", "UNI_TR_MT": "14348526", "CTMT": "MOC0113", "UNI_TR_AT": "DMOC-EQ-TR2", "SUB": "DMOC", "CONJ": 15828, "MUN": "3550308", "CEG_GD": " ", "BRR": "AV PRES JUSCELINO KUBITSCHEK 1726 VILA NOVA CONCEICAO", "CEP": "04543-000", "CLAS_SUB": "CO1", "CNAE": "6911-7/01", "TIP_CC": "COM-Tipo03", "FAS_CON": "ABCN", "GRU_TEN": "BT", "TEN_FORN": "10", "GRU_TAR": "B3", "SIT_ATIV": "AT", "DAT_CON": "19/01/2000", "CAR_INST": 8.3, "LIV": 0, "ARE_LOC": "UB", "TIP_SIST": "RD_INTERLIG", "ENE_01": 100.0, "ENE_02": 327.6, "ENE_03": 704.636, "ENE_04": 602.2, "ENE_05": 673.0, "ENE_06": 551.8, "ENE_07": 463.01, "ENE_08": 322.45, "ENE_09": 595.2, "ENE_10": 727.2, "ENE_11": 415.83, "ENE_12": 559.42, "DIC_01": 0.0, "DIC_02": 0.0, "DIC_03": 0.0, "DIC_04": 0.0, "DIC_05": 0.0, "DIC_06": 0.0, "DIC_07": 0.0, "DIC_08": 0.0, "DIC_09": 0.0, "DIC_10": 4.55, "DIC_11": 0.0, "DIC_12": 13.73, "FIC_01": 0.0, "FIC_02": 0.0, "FIC_03": 0.0, "FIC_04": 0.0, "FIC_05": 0.0, "FIC_06": 0.0, "FIC_07": 0.0, "FIC_08": 0.0, "FIC_09": 0.0, "FIC_10": 1.0, "FIC_11": 0.0, "FIC_12": 1.0, "SEMRED": 0, "DESCR": " ", "COD_ID": "a57b33042fd30ca5a03d91064f3aaf30988b9d369a91edbdfdf6cf8f096d8d0a", "__layer": "UCBT_tab", "DEM_CONT": null, "DEM_01": null, "DEM_02": null, "DEM_03": null, "DEM_04": null, "DEM_05": null, "DEM_06": null, "DEM_07": null, "DEM_08": null, "DEM_09": null, "DEM_10": null, "DEM_11": null, "DEM_12": null }, "geometry": null },
{ "type": "Feature", "properties": { "DIST": 390, "PAC": "32802041739003395L", "RAMAL": "12294900S1", "PN_CON": " ", "UNI_TR_MT": "14348526", "CTMT": "MOC0113", "UNI_TR_AT": "DMOC-EQ-TR2", "SUB": "DMOC", "CONJ": 15828, "MUN": "3550308", "CEG_GD": " ", "BRR": "AV PRES JUSCELINO KUBITSCHEK 1726 VILA NOVA CONCEICAO", "CEP": "04543-000", "CLAS_SUB": "CO1", "CNAE": "6810-2/01", "TIP_CC": "COM-Tipo02", "FAS_CON": "ABCN", "GRU_TEN": "BT", "TEN_FORN": "10", "GRU_TAR": "B3", "SIT_ATIV": "AT", "DAT_CON": "19/01/2000", "CAR_INST": 8.3, "LIV": 0, "ARE_LOC": "UB", "TIP_SIST": "RD_INTERLIG", "ENE_01": 444.0, "ENE_02": 502.26, "ENE_03": 105.084, "ENE_04": 391.14, "ENE_05": 399.06, "ENE_06": 302.4, "ENE_07": 222.42, "ENE_08": 134.94, "ENE_09": 219.6, "ENE_10": 314.82, "ENE_11": 171.62, "ENE_12": 316.54, "DIC_01": 0.0, "DIC_02": 0.0, "DIC_03": 0.0, "DIC_04": 0.0, "DIC_05": 0.0, "DIC_06": 0.0, "DIC_07": 0.0, "DIC_08": 0.0, "DIC_09": 0.0, "DIC_10": 4.55, "DIC_11": 0.0, "DIC_12": 13.73, "FIC_01": 0.0, "FIC_02": 0.0, "FIC_03": 0.0, "FIC_04": 0.0, "FIC_05": 0.0, "FIC_06": 0.0, "FIC_07": 0.0, "FIC_08": 0.0, "FIC_09": 0.0, "FIC_10": 1.0, "FIC_11": 0.0, "FIC_12": 1.0, "SEMRED": 0, "DESCR": " ", "COD_ID": "be129269b785370ae30ac63c13dd5893f44216763fe9f717ebf6d7f6f08a67fd", "__layer": "UCBT_tab", "DEM_CONT": null, "DEM_01": null, "DEM_02": null, "DEM_03": null, "DEM_04": null, "DEM_05": null, "DEM_06": null, "DEM_07": null, "DEM_08": null, "DEM_09": null, "DEM_10": null, "DEM_11": null, "DEM_12": null }, "geometry": null },
{ "type": "Feature", "properties": { "DIST": 390, "PAC": "32802041739003395L", "RAMAL": "12294900S1", "PN_CON": " ", "UNI_TR_MT": "14348526", "CTMT": "MOC0113", "UNI_TR_AT": "DMOC-EQ-TR2", "SUB": "DMOC", "CONJ": 15828, "MUN": "3550308", "CEG_GD": " ", "BRR": "AV PRES JUSCELINO KUBITSCHEK 1726 VILA NOVA CONCEICAO", "CEP": "04543-000", "CLAS_SUB": "CO1", "CNAE": "6810-2/01", "TIP_CC": "COM-Tipo03", "FAS_CON": "ABCN", "GRU_TEN": "BT", "TEN_FORN": "10", "GRU_TAR": "B3", "SIT_ATIV": "AT", "DAT_CON": "19/01/2000", "CAR_INST": 8.3, "LIV": 0, "ARE_LOC": "UB", "TIP_SIST": "RD_INTERLIG", "ENE_01": 1200.0, "ENE_02": 1102.92, "ENE_03": 1155.639, "ENE_04": 1065.42, "ENE_05": 1191.6, "ENE_06": 1069.56, "ENE_07": 922.92, "ENE_08": 626.52, "ENE_09": 1081.08, "ENE_10": 1087.56, "ENE_11": 597.27, "ENE_12": 954.29, "DIC_01": 0.0, "DIC_02": 0.0, "DIC_03": 0.0, "DIC_04": 0.0, "DIC_05": 0.0, "DIC_06": 0.0, "DIC_07": 0.0, "DIC_08": 0.0, "DIC_09": 0.0, "DIC_10": 4.55, "DIC_11": 0.0, "DIC_12": 13.73, "FIC_01": 0.0, "FIC_02": 0.0, "FIC_03": 0.0, "FIC_04": 0.0, "FIC_05": 0.0, "FIC_06": 0.0, "FIC_07": 0.0, "FIC_08": 0.0, "FIC_09": 0.0, "FIC_10": 1.0, "FIC_11": 0.0, "FIC_12": 1.0, "SEMRED": 0, "DESCR": " ", "COD_ID": "b19d78fe3bf8436132288230e4e8914a6816ab02273fa866a396f0d7340aab9e", "__layer": "UCBT_tab", "DEM_CONT": null, "DEM_01": null, "DEM_02": null, "DEM_03": null, "DEM_04": null, "DEM_05": null, "DEM_06": null, "DEM_07": null, "DEM_08": null, "DEM_09": null, "DEM_10": null, "DEM_11": null, "DEM_12": null }, "geometry": null },
{ "type": "Feature", "properties": { "DIST": 390, "PAC": "32802041739003395L", "RAMAL": "12294900S1", "PN_CON": " ", "UNI_TR_MT": "14348526", "CTMT": "MOC0113", "UNI_TR_AT": "DMOC-EQ-TR2", "SUB": "DMOC", "CONJ": 15828, "MUN": "3550308", "CEG_GD": " ", "BRR": "AV PRES JUSCELINO KUBITSCHEK 1726 VILA NOVA CONCEICAO", "CEP": "04543-000", "CLAS_SUB": "CO1", "CNAE": "6810-2/02", "TIP_CC": "COM-Tipo02", "FAS_CON": "ABCN", "GRU_TEN": "BT", "TEN_FORN": "10", "GRU_TAR": "B3", "SIT_ATIV": "AT", "DAT_CON": "19/01/2000", "CAR_INST": 8.3, "LIV": 0, "ARE_LOC": "UB", "TIP_SIST": "RD_INTERLIG", "ENE_01": 607.0, "ENE_02": 716.0, "ENE_03": 946.658, "ENE_04": 853.74, "ENE_05": 895.86, "ENE_06": 750.78, "ENE_07": 695.82, "ENE_08": 463.58, "ENE_09": 678.42, "ENE_10": 656.82, "ENE_11": 360.34, "ENE_12": 523.1, "DIC_01": 0.0, "DIC_02": 0.0, "DIC_03": 0.0, "DIC_04": 0.0, "DIC_05": 0.0, "DIC_06": 0.0, "DIC_07": 0.0, "DIC_08": 0.0, "DIC_09": 0.0, "DIC_10": 4.55, "DIC_11": 0.0, "DIC_12": 13.73, "FIC_01": 0.0, "FIC_02": 0.0, "FIC_03": 0.0, "FIC_04": 0.0, "FIC_05": 0.0, "FIC_06": 0.0, "FIC_07": 0.0, "FIC_08": 0.0, "FIC_09": 0.0, "FIC_10": 1.0, "FIC_11": 0.0, "FIC_12": 1.0, "SEMRED": 0, "DESCR": " ", "COD_ID": "6ad8059d992dcaede80fcbfdf16b4f417851b1ca9873b6d465f3251918d724d4", "__layer": "UCBT_tab", "DEM_CONT": null, "DEM_01": null, "DEM_02": null, "DEM_03": null, "DEM_04": null, "DEM_05": null, "DEM_06": null, "DEM_07": null, "DEM_08": null, "DEM_09": null, "DEM_10": null, "DEM_11": null, "DEM_12": null }, "geometry": null },
{ "type": "Feature", "properties": { "DIST": 390, "PAC": "32802041739003395L", "RAMAL": "12294900S1", "PN_CON": " ", "UNI_TR_MT": "14348526", "CTMT": "MOC0113", "UNI_TR_AT": "DMOC-EQ-TR2", "SUB": "DMOC", "CONJ": 15828, "MUN": "3550308", "CEG_GD": " ", "BRR": "AV PRES JUSCELINO KUBITSCHEK 1726 VILA NOVA CONCEICAO", "CEP": "04543-000", "CLAS_SUB": "CO1", "CNAE": "6810-2/02", "TIP_CC": "COM-Tipo02", "FAS_CON": "ABCN", "GRU_TEN": "BT", "TEN_FORN": "10", "GRU_TAR": "B3", "SIT_ATIV": "AT", "DAT_CON": "19/01/2000", "CAR_INST": 8.3, "LIV": 0, "ARE_LOC": "UB", "TIP_SIST": "RD_INTERLIG", "ENE_01": 971.0, "ENE_02": 1097.74, "ENE_03": 1334.297, "ENE_04": 1261.44, "ENE_05": 1518.84, "ENE_06": 1255.68, "ENE_07": 1081.08, "ENE_08": 696.57, "ENE_09": 1119.78, "ENE_10": 1151.46, "ENE_11": 606.61, "ENE_12": 898.52, "DIC_01": 0.0, "DIC_02": 0.0, "DIC_03": 0.0, "DIC_04": 0.0, "DIC_05": 0.0, "DIC_06": 0.0, "DIC_07": 0.0, "DIC_08": 0.0, "DIC_09": 0.0, "DIC_10": 4.55, "DIC_11": 0.0, "DIC_12": 13.73, "FIC_01": 0.0, "FIC_02": 0.0, "FIC_03": 0.0, "FIC_04": 0.0, "FIC_05": 0.0, "FIC_06": 0.0, "FIC_07": 0.0, "FIC_08": 0.0, "FIC_09": 0.0, "FIC_10": 1.0, "FIC_11": 0.0, "FIC_12": 1.0, "SEMRED": 0, "DESCR": " ", "COD_ID": "2c21bd22807cc1ecbfdfa3ebdab1b4af3752e93de6b0ce9ef010b522729f9686", "__layer": "UCBT_tab", "DEM_CONT": null, "DEM_01": null, "DEM_02": null, "DEM_03": null, "DEM_04": null, "DEM_05": null, "DEM_06": null, "DEM_07": null, "DEM_08": null, "DEM_09": null, "DEM_10": null, "DEM_11": null, "DEM_12": null }, "geometry": null },
{ "type": "Feature", "properties": { "DIST": 390, "PAC": "32802041739003395L", "RAMAL": "12294900S1", "PN_CON": " ", "UNI_TR_MT": "14348526", "CTMT": "MOC0113", "UNI_TR_AT": "DMOC-EQ-TR2", "SUB": "DMOC", "CONJ": 15828, "MUN": "3550308", "CEG_GD": " ", "BRR": "AV PRES JUSCELINO KUBITSCHEK 1726 VILA NOVA CONCEICAO", "CEP": "04543-000", "CLAS_SUB": "CO1", "CNAE": "6911-7/01", "TIP_CC": "COM-Tipo02", "FAS_CON": "ABCN", "GRU_TEN": "BT", "TEN_FORN": "10", "GRU_TAR": "B3", "SIT_ATIV": "AT", "DAT_CON": "19/01/2000", "CAR_INST": 8.3, "LIV": 0, "ARE_LOC": "UB", "TIP_SIST": "RD_INTERLIG", "ENE_01": 76.0, "ENE_02": 85.6, "ENE_03": 108.707, "ENE_04": 100.0, "ENE_05": 101.2, "ENE_06": 109.6, "ENE_07": 88.37, "ENE_08": 66.86, "ENE_09": 107.2, "ENE_10": 109.6, "ENE_11": 59.94, "ENE_12": 100.98, "DIC_01": 0.0, "DIC_02": 0.0, "DIC_03": 0.0, "DIC_04": 0.0, "DIC_05": 0.0, "DIC_06": 0.0, "DIC_07": 0.0, "DIC_08": 0.0, "DIC_09": 0.0, "DIC_10": 4.55, "DIC_11": 0.0, "DIC_12": 13.73, "FIC_01": 0.0, "FIC_02": 0.0, "FIC_03": 0.0, "FIC_04": 0.0, "FIC_05": 0.0, "FIC_06": 0.0, "FIC_07": 0.0, "FIC_08": 0.0, "FIC_09": 0.0, "FIC_10": 1.0, "FIC_11": 0.0, "FIC_12": 1.0, "SEMRED": 0, "DESCR": " ", "COD_ID": "4b219eb81c62a00140c3810f2b88a09b385892c8794ad337d02c087a560689fa", "__layer": "UCBT_tab", "DEM_CONT": null, "DEM_01": null, "DEM_02": null, "DEM_03": null, "DEM_04": null, "DEM_05": null, "DEM_06": null, "DEM_07": null, "DEM_08": null, "DEM_09": null, "DEM_10": null, "DEM_11": null, "DEM_12": null }, "geometry": null },
{ "type": "Feature", "properties": { "DIST": 390, "PAC": "32802041739003395L", "RAMAL": "12294900S1", "PN_CON": " ", "UNI_TR_MT": "14348526", "CTMT": "MOC0113", "UNI_TR_AT": "DMOC-EQ-TR2", "SUB": "DMOC", "CONJ": 15828, "MUN": "3550308", "CEG_GD": " ", "BRR": "AV PRES JUSCELINO KUBITSCHEK 1726 VILA NOVA CONCEICAO", "CEP": "04543-000", "CLAS_SUB": "CO1", "CNAE": "6911-7/01", "TIP_CC": "COM-Tipo05", "FAS_CON": "ABCN", "GRU_TEN": "BT", "TEN_FORN": "10", "GRU_TAR": "B3", "SIT_ATIV": "AT", "DAT_CON": "19/01/2000", "CAR_INST": 8.3, "LIV": 0, "ARE_LOC": "UB", "TIP_SIST": "RD_INTERLIG", "ENE_01": 3575.0, "ENE_02": 3814.6, "ENE_03": 3403.191, "ENE_04": 2953.4, "ENE_05": 3402.8, "ENE_06": 2565.6, "ENE_07": 2103.53, "ENE_08": 1593.44, "ENE_09": 2972.6, "ENE_10": 3177.2, "ENE_11": 1538.48, "ENE_12": 2633.6, "DIC_01": 0.0, "DIC_02": 0.0, "DIC_03": 0.0, "DIC_04": 0.0, "DIC_05": 0.0, "DIC_06": 0.0, "DIC_07": 0.0, "DIC_08": 0.0, "DIC_09": 0.0, "DIC_10": 4.55, "DIC_11": 0.0, "DIC_12": 13.73, "FIC_01": 0.0, "FIC_02": 0.0, "FIC_03": 0.0, "FIC_04": 0.0, "FIC_05": 0.0, "FIC_06": 0.0, "FIC_07": 0.0, "FIC_08": 0.0, "FIC_09": 0.0, "FIC_10": 1.0, "FIC_11": 0.0, "FIC_12": 1.0, "SEMRED": 0, "DESCR": " ", "COD_ID": "f5c296848d3db2647731a608c334fdfe77f4b8d80024ea091fff3cfb5bd8116e", "__layer": "UCBT_tab", "DEM_CONT": null, "DEM_01": null, "DEM_02": null, "DEM_03": null, "DEM_04": null, "DEM_05": null, "DEM_06": null, "DEM_07": null, "DEM_08": null, "DEM_09": null, "DEM_10": null, "DEM_11": null, "DEM_12": null }, "geometry": null },
{ "type": "Feature", "properties": { "DIST": 390, "PAC": "32802041739003395L", "RAMAL": "12294900S1", "PN_CON": " ", "UNI_TR_MT": "14348526", "CTMT": "MOC0113", "UNI_TR_AT": "DMOC-EQ-TR2", "SUB": "DMOC", "CONJ": 15828, "MUN": "3550308", "CEG_GD": " ", "BRR": "AV PRES JUSCELINO KUBITSCHEK 1726 VILA NOVA CONCEICAO", "CEP": "04543-000", "CLAS_SUB": "CO1", "CNAE": "6911-7/01", "TIP_CC": "COM-Tipo03", "FAS_CON": "ABCN", "GRU_TEN": "BT", "TEN_FORN": "10", "GRU_TAR": "B3", "SIT_ATIV": "AT", "DAT_CON": "19/01/2000", "CAR_INST": 8.3, "LIV": 0, "ARE_LOC": "UB", "TIP_SIST": "RD_INTERLIG", "ENE_01": 832.0, "ENE_02": 1080.2, "ENE_03": 1375.145, "ENE_04": 1264.0, "ENE_05": 1254.2, "ENE_06": 1213.6, "ENE_07": 874.44, "ENE_08": 697.11, "ENE_09": 1270.6, "ENE_10": 1217.8, "ENE_11": 763.11, "ENE_12": 1120.76, "DIC_01": 0.0, "DIC_02": 0.0, "DIC_03": 0.0, "DIC_04": 0.0, "DIC_05": 0.0, "DIC_06": 0.0, "DIC_07": 0.0, "DIC_08": 0.0, "DIC_09": 0.0, "DIC_10": 4.55, "DIC_11": 0.0, "DIC_12": 13.73, "FIC_01": 0.0, "FIC_02": 0.0, "FIC_03": 0.0, "FIC_04": 0.0, "FIC_05": 0.0, "FIC_06": 0.0, "FIC_07": 0.0, "FIC_08": 0.0, "FIC_09": 0.0, "FIC_10": 1.0, "FIC_11": 0.0, "FIC_12": 1.0, "SEMRED": 0, "DESCR": " ", "COD_ID": "2a89f44eefd124429106163d3705bf0dace66eaf9794e1665baedab22ac9f973", "__layer": "UCBT_tab", "DEM_CONT": null, "DEM_01": null, "DEM_02": null, "DEM_03": null, "DEM_04": null, "DEM_05": null, "DEM_06": null, "DEM_07": null, "DEM_08": null, "DEM_09": null, "DEM_10": null, "DEM_11": null, "DEM_12": null }, "geometry": null },
{ "type": "Feature", "properties": { "DIST": 390, "PAC": "32802041739003395L", "RAMAL": "12294900S1", "PN_CON": " ", "UNI_TR_MT": "14348526", "CTMT": "MOC0113", "UNI_TR_AT": "DMOC-EQ-TR2", "SUB": "DMOC", "CONJ": 15828, "MUN": "3550308", "CEG_GD": " ", "BRR": "AV PRES JUSCELINO KUBITSCHEK 1726 VILA NOVA CONCEICAO", "CEP": "04543-000", "CLAS_SUB": "CO1", "CNAE": "6911-7/01", "TIP_CC": "COM-Tipo03", "FAS_CON": "ABCN", "GRU_TEN": "BT", "TEN_FORN": "10", "GRU_TAR": "B3", "SIT_ATIV": "AT", "DAT_CON": "19/01/2000", "CAR_INST": 8.3, "LIV": 0, "ARE_LOC": "UB", "TIP_SIST": "RD_INTERLIG", "ENE_01": 436.0, "ENE_02": 623.0, "ENE_03": 744.215, "ENE_04": 678.4, "ENE_05": 774.8, "ENE_06": 652.0, "ENE_07": 520.13, "ENE_08": 396.99, "ENE_09": 717.6, "ENE_10": 748.6, "ENE_11": 397.9, "ENE_12": 653.14, "DIC_01": 0.0, "DIC_02": 0.0, "DIC_03": 0.0, "DIC_04": 0.0, "DIC_05": 0.0, "DIC_06": 0.0, "DIC_07": 0.0, "DIC_08": 0.0, "DIC_09": 0.0, "DIC_10": 4.55, "DIC_11": 0.0, "DIC_12": 13.73, "FIC_01": 0.0, "FIC_02": 0.0, "FIC_03": 0.0, "FIC_04": 0.0, "FIC_05": 0.0, "FIC_06": 0.0, "FIC_07": 0.0, "FIC_08": 0.0, "FIC_09": 0.0, "FIC_10": 1.0, "FIC_11": 0.0, "FIC_12": 1.0, "SEMRED": 0, "DESCR": " ", "COD_ID": "2258850aa731bd4491d04244485f75f4586c417f68db435f25509c0a10076f3b", "__layer": "UCBT_tab", "DEM_CONT": null, "DEM_01": null, "DEM_02": null, "DEM_03": null, "DEM_04": null, "DEM_05": null, "DEM_06": null, "DEM_07": null, "DEM_08": null, "DEM_09": null, "DEM_10": null, "DEM_11": null, "DEM_12": null }, "geometry": null },
{ "type": "Feature", "properties": { "DIST": 390, "PAC": "32802041739003395L", "RAMAL": "12294900S1", "PN_CON": " ", "UNI_TR_MT": "14348526", "CTMT": "MOC0113", "UNI_TR_AT": "DMOC-EQ-TR2", "SUB": "DMOC", "CONJ": 15828, "MUN": "3550308", "CEG_GD": " ", "BRR": "AV PRES JUSCELINO KUBITSCHEK 1726 VILA NOVA CONCEICAO", "CEP": "04543-000", "CLAS_SUB": "RE1", "CNAE": " ", "TIP_CC": "RES-Tipo01", "FAS_CON": "ABC", "GRU_TEN": "BT", "TEN_FORN": "10", "GRU_TAR": "B1", "SIT_ATIV": "AT", "DAT_CON": "19/01/2000", "CAR_INST": 8.3, "LIV": 0, "ARE_LOC": "UB", "TIP_SIST": "RD_INTERLIG", "ENE_01": 25.01, "ENE_02": 162.04, "ENE_03": 88.2, "ENE_04": 64.98, "ENE_05": 45.9, "ENE_06": 103.32, "ENE_07": 154.98, "ENE_08": 126.9, "ENE_09": 131.4, "ENE_10": 116.28, "ENE_11": 113.58, "ENE_12": 111.85, "DIC_01": 0.0, "DIC_02": 0.0, "DIC_03": 0.0, "DIC_04": 0.0, "DIC_05": 0.0, "DIC_06": 0.0, "DIC_07": 0.0, "DIC_08": 0.0, "DIC_09": 0.0, "DIC_10": 4.55, "DIC_11": 0.0, "DIC_12": 13.73, "FIC_01": 0.0, "FIC_02": 0.0, "FIC_03": 0.0, "FIC_04": 0.0, "FIC_05": 0.0, "FIC_06": 0.0, "FIC_07": 0.0, "FIC_08": 0.0, "FIC_09": 0.0, "FIC_10": 1.0, "FIC_11": 0.0, "FIC_12": 1.0, "SEMRED": 0, "DESCR": " ", "COD_ID": "096b7d88b139c9330741edf54bff5f8505bcaeaeca62160e9fd219614d0ac8b2", "__layer": "UCBT_tab", "DEM_CONT": null, "DEM_01": null, "DEM_02": null, "DEM_03": null, "DEM_04": null, "DEM_05": null, "DEM_06": null, "DEM_07": null, "DEM_08": null, "DEM_09": null, "DEM_10": null, "DEM_11": null, "DEM_12": null }, "geometry": null },
{ "type": "Feature", "properties": { "DIST": 390, "PAC": "32802041739003395L", "RAMAL": "12294900S1", "PN_CON": " ", "UNI_TR_MT": "14348526", "CTMT": "MOC0113", "UNI_TR_AT": "DMOC-EQ-TR2", "SUB": "DMOC", "CONJ": 15828, "MUN": "3550308", "CEG_GD": " ", "BRR": "AV PRES JUSCELINO KUBITSCHEK 1726 VILA NOVA CONCEICAO", "CEP": "04543-000", "CLAS_SUB": "CO9", "CNAE": "9001-9/01", "TIP_CC": "COM-Tipo03", "FAS_CON": "ABCN", "GRU_TEN": "BT", "TEN_FORN": "10", "GRU_TAR": "B3", "SIT_ATIV": "AT", "DAT_CON": "19/01/2000", "CAR_INST": 24.9, "LIV": 0, "ARE_LOC": "UB", "TIP_SIST": "RD_INTERLIG", "ENE_01": 1377.0, "ENE_02": 1479.0, "ENE_03": 1479.504, "ENE_04": 1559.0, "ENE_05": 2026.0, "ENE_06": 1546.0, "ENE_07": 825.72, "ENE_08": 860.1, "ENE_09": 1582.0, "ENE_10": 1324.0, "ENE_11": 626.58, "ENE_12": 1238.38, "DIC_01": 0.0, "DIC_02": 0.0, "DIC_03": 0.0, "DIC_04": 0.0, "DIC_05": 0.0, "DIC_06": 0.0, "DIC_07": 0.0, "DIC_08": 0.0, "DIC_09": 0.0, "DIC_10": 4.55, "DIC_11": 0.0, "DIC_12": 13.73, "FIC_01": 0.0, "FIC_02": 0.0, "FIC_03": 0.0, "FIC_04": 0.0, "FIC_05": 0.0, "FIC_06": 0.0, "FIC_07": 0.0, "FIC_08": 0.0, "FIC_09": 0.0, "FIC_10": 1.0, "FIC_11": 0.0, "FIC_12": 1.0, "SEMRED": 0, "DESCR": " ", "COD_ID": "d8794b089e2ae3ab936e65de3cc319a2b2f59dec23c86efb9c688d2a51c32970", "__layer": "UCBT_tab", "DEM_CONT": null, "DEM_01": null, "DEM_02": null, "DEM_03": null, "DEM_04": null, "DEM_05": null, "DEM_06": null, "DEM_07": null, "DEM_08": null, "DEM_09": null, "DEM_10": null, "DEM_11": null, "DEM_12": null }, "geometry": null },
{ "type": "Feature", "properties": { "DIST": 390, "PAC": "32802041739003395L", "RAMAL": "12294900S1", "PN_CON": " ", "UNI_TR_MT": "14348526", "CTMT": "MOC0113", "UNI_TR_AT": "DMOC-EQ-TR2", "SUB": "DMOC", "CONJ": 15828, "MUN": "3550308", "CEG_GD": " ", "BRR": "AV PRES JUSCELINO KUBITSCHEK 1726 VILA NOVA CONCEICAO", "CEP": "04543-000", "CLAS_SUB": "CO1", "CNAE": "7020-4/00", "TIP_CC": "COM-Tipo02", "FAS_CON": "ABCN", "GRU_TEN": "BT", "TEN_FORN": "10", "GRU_TAR": "B3", "SIT_ATIV": "AT", "DAT_CON": "19/01/2000", "CAR_INST": 8.3, "LIV": 0, "ARE_LOC": "UB", "TIP_SIST": "RD_INTERLIG", "ENE_01": 393.0, "ENE_02": 274.0, "ENE_03": 357.646, "ENE_04": 316.0, "ENE_05": 373.0, "ENE_06": 252.0, "ENE_07": 252.84, "ENE_08": 142.13, "ENE_09": 257.0, "ENE_10": 275.0, "ENE_11": 171.69, "ENE_12": 350.95, "DIC_01": 0.0, "DIC_02": 0.0, "DIC_03": 0.0, "DIC_04": 0.0, "DIC_05": 0.0, "DIC_06": 0.0, "DIC_07": 0.0, "DIC_08": 0.0, "DIC_09": 0.0, "DIC_10": 4.55, "DIC_11": 0.0, "DIC_12": 13.73, "FIC_01": 0.0, "FIC_02": 0.0, "FIC_03": 0.0, "FIC_04": 0.0, "FIC_05": 0.0, "FIC_06": 0.0, "FIC_07": 0.0, "FIC_08": 0.0, "FIC_09": 0.0, "FIC_10": 1.0, "FIC_11": 0.0, "FIC_12": 1.0, "SEMRED": 0, "DESCR": " ", "COD_ID": "c9d942b334cb294a392e4a2e6bc25f48914a45d0b42345ce397b9ff7cc0bf169", "__layer": "UCBT_tab", "DEM_CONT": null, "DEM_01": null, "DEM_02": null, "DEM_03": null, "DEM_04": null, "DEM_05": null, "DEM_06": null, "DEM_07": null, "DEM_08": null, "DEM_09": null, "DEM_10": null, "DEM_11": null, "DEM_12": null }, "geometry": null },
{ "type": "Feature", "properties": { "DIST": 390, "PAC": "32906474739050527L", "RAMAL": "12295568S1", "PN_CON": "10969988", "UNI_TR_MT": "14357911", "CTMT": "JKU0108", "UNI_TR_AT": "DJKU-EQ-TR3", "SUB": "DJKU", "CONJ": 15813, "MUN": "3550308", "CEG_GD": " ", "BRR": "AV PRES JUSCELINO KUBITSCHEK 510 VILA NOVA CONCEICAO", "CEP": "04543-000", "CLAS_SUB": "CO1", "CNAE": "8630-5/99", "TIP_CC": "COM-Tipo05", "FAS_CON": "ABC", "GRU_TEN": "BT", "TEN_FORN": "10", "GRU_TAR": "B3", "SIT_ATIV": "AT", "DAT_CON": "20/04/2000", "CAR_INST": 26.0, "LIV": 0, "ARE_LOC": "UB", "TIP_SIST": "RD_INTERLIG", "ENE_01": 2314.0, "ENE_02": 2560.0, "ENE_03": 2783.989, "ENE_04": 2844.0, "ENE_05": 2921.0, "ENE_06": 2756.0, "ENE_07": 2408.28, "ENE_08": 1836.71, "ENE_09": 2882.0, "ENE_10": 2558.0, "ENE_11": 1548.75, "ENE_12": 2368.71, "DIC_01": 0.0, "DIC_02": 0.0, "DIC_03": 0.0, "DIC_04": 0.0, "DIC_05": 0.0, "DIC_06": 0.0, "DIC_07": 0.0, "DIC_08": 0.0, "DIC_09": 0.0, "DIC_10": 1.4, "DIC_11": 0.0, "DIC_12": 0.0, "FIC_01": 0.0, "FIC_02": 0.0, "FIC_03": 0.0, "FIC_04": 0.0, "FIC_05": 0.0, "FIC_06": 0.0, "FIC_07": 0.0, "FIC_08": 0.0, "FIC_09": 0.0, "FIC_10": 2.0, "FIC_11": 0.0, "FIC_12": 0.0, "SEMRED": 0, "DESCR": " ", "COD_ID": "9c929a3e0c22465813c7b434a0e5cb089b01f64fd12f405cde5f5c32212d120a", "__layer": "UCBT_tab", "DEM_CONT": null, "DEM_01": null, "DEM_02": null, "DEM_03": null, "DEM_04": null, "DEM_05": null, "DEM_06": null, "DEM_07": null, "DEM_08": null, "DEM_09": null, "DEM_10": null, "DEM_11": null, "DEM_12": null }, "geometry": null },
{ "type": "Feature", "properties": { "DIST": 390, "PAC": "32906474739050527L", "RAMAL": "12295568S1", "PN_CON": "10969988", "UNI_TR_MT": "14357911", "CTMT": "JKU0108", "UNI_TR_AT": "DJKU-EQ-TR3", "SUB": "DJKU", "CONJ": 15813, "MUN": "3550308", "CEG_GD": " ", "BRR": "AV PRES JUSCELINO KUBITSCHEK 510 VILA NOVA CONCEICAO", "CEP": "04543-000", "CLAS_SUB": "CO1", "CNAE": "8630-5/99", "TIP_CC": "COM-Tipo04", "FAS_CON": "ABC", "GRU_TEN": "BT", "TEN_FORN": "10", "GRU_TAR": "B3", "SIT_ATIV": "AT", "DAT_CON": "20/04/2000", "CAR_INST": 26.0, "LIV": 0, "ARE_LOC": "UB", "TIP_SIST": "RD_INTERLIG", "ENE_01": 4233.0, "ENE_02": 4368.0, "ENE_03": 4626.574, "ENE_04": 4582.0, "ENE_05": 4976.0, "ENE_06": 4591.0, "ENE_07": 4070.64, "ENE_08": 2987.78, "ENE_09": 4788.0, "ENE_10": 4649.0, "ENE_11": 2699.84, "ENE_12": 4116.8, "DIC_01": 0.0, "DIC_02": 0.0, "DIC_03": 0.0, "DIC_04": 0.0, "DIC_05": 0.0, "DIC_06": 0.0, "DIC_07": 0.0, "DIC_08": 0.0, "DIC_09": 0.0, "DIC_10": 1.4, "DIC_11": 0.0, "DIC_12": 0.0, "FIC_01": 0.0, "FIC_02": 0.0, "FIC_03": 0.0, "FIC_04": 0.0, "FIC_05": 0.0, "FIC_06": 0.0, "FIC_07": 0.0, "FIC_08": 0.0, "FIC_09": 0.0, "FIC_10": 2.0, "FIC_11": 0.0, "FIC_12": 0.0, "SEMRED": 0, "DESCR": " ", "COD_ID": "5c9a18696e399900fcdd75a57b4c5a6b2595d8643775e0dcacf0d64d015ae8cc", "__layer": "UCBT_tab", "DEM_CONT": null, "DEM_01": null, "DEM_02": null, "DEM_03": null, "DEM_04": null, "DEM_05": null, "DEM_06": null, "DEM_07": null, "DEM_08": null, "DEM_09": null, "DEM_10": null, "DEM_11": null, "DEM_12": null }, "geometry": null },
{ "type": "Feature", "properties": { "DIST": 390, "PAC": "32906474739050527L", "RAMAL": "12295568S1", "PN_CON": "10969988", "UNI_TR_MT": "14357911", "CTMT": "JKU0108", "UNI_TR_AT": "DJKU-EQ-TR3", "SUB": "DJKU", "CONJ": 15813, "MUN": "3550308", "CEG_GD": " ", "BRR": "AV PRES JUSCELINO KUBITSCHEK 510 VILA NOVA CONCEICAO", "CEP": "04543-000", "CLAS_SUB": "IN", "CNAE": "1113-5/02", "TIP_CC": "IND-Tipo04", "FAS_CON": "ABC", "GRU_TEN": "BT", "TEN_FORN": "10", "GRU_TAR": "B3", "SIT_ATIV": "AT", "DAT_CON": "20/04/2000", "CAR_INST": 4.3, "LIV": 0, "ARE_LOC": "UB", "TIP_SIST": "RD_INTERLIG", "ENE_01": 2520.0, "ENE_02": 3000.0, "ENE_03": 2760.0, "ENE_04": 3000.0, "ENE_05": 3000.0, "ENE_06": 3000.0, "ENE_07": 3120.0, "ENE_08": 3240.0, "ENE_09": 3360.0, "ENE_10": 3000.0, "ENE_11": 2880.0, "ENE_12": 2768.14, "DIC_01": 0.0, "DIC_02": 0.0, "DIC_03": 0.0, "DIC_04": 0.0, "DIC_05": 0.0, "DIC_06": 0.0, "DIC_07": 0.0, "DIC_08": 0.0, "DIC_09": 0.0, "DIC_10": 1.4, "DIC_11": 0.0, "DIC_12": 0.0, "FIC_01": 0.0, "FIC_02": 0.0, "FIC_03": 0.0, "FIC_04": 0.0, "FIC_05": 0.0, "FIC_06": 0.0, "FIC_07": 0.0, "FIC_08": 0.0, "FIC_09": 0.0, "FIC_10": 2.0, "FIC_11": 0.0, "FIC_12": 0.0, "SEMRED": 0, "DESCR": " ", "COD_ID": "1e109b7867da9e3db6c313cc596ae3d558198cb9d043eecc82b26177da36b3e8", "__layer": "UCBT_tab", "DEM_CONT": null, "DEM_01": null, "DEM_02": null, "DEM_03": null, "DEM_04": null, "DEM_05": null, "DEM_06": null, "DEM_07": null, "DEM_08": null, "DEM_09": null, "DEM_10": null, "DEM_11": null, "DEM_12": null }, "geometry": null },
{ "type": "Feature", "properties": { "DIST": 390, "PAC": "32906474739050527L", "RAMAL": "12295568S1", "PN_CON": "10969988", "UNI_TR_MT": "14357911", "CTMT": "JKU0108", "UNI_TR_AT": "DJKU-EQ-TR3", "SUB": "DJKU", "CONJ": 15813, "MUN": "3550308", "CEG_GD": " ", "BRR": "AV PRES JUSCELINO KUBITSCHEK 510 VILA NOVA CONCEICAO", "CEP": "04543-000", "CLAS_SUB": "IN", "CNAE": "1113-5/02", "TIP_CC": "IND-Tipo01", "FAS_CON": "ABC", "GRU_TEN": "BT", "TEN_FORN": "10", "GRU_TAR": "B3", "SIT_ATIV": "AT", "DAT_CON": "20/04/2000", "CAR_INST": 9.4, "LIV": 0, "ARE_LOC": "UB", "TIP_SIST": "RD_INTERLIG", "ENE_01": 4363.0, "ENE_02": 4509.0, "ENE_03": 4209.0, "ENE_04": 4320.0, "ENE_05": 4436.0, "ENE_06": 4325.0, "ENE_07": 4563.0, "ENE_08": 4228.0, "ENE_09": 4433.0, "ENE_10": 4308.0, "ENE_11": 4131.0, "ENE_12": 3867.71, "DIC_01": 0.0, "DIC_02": 0.0, "DIC_03": 0.0, "DIC_04": 0.0, "DIC_05": 0.0, "DIC_06": 0.0, "DIC_07": 0.0, "DIC_08": 0.0, "DIC_09": 0.0, "DIC_10": 1.4, "DIC_11": 0.0, "DIC_12": 0.0, "FIC_01": 0.0, "FIC_02": 0.0, "FIC_03": 0.0, "FIC_04": 0.0, "FIC_05": 0.0, "FIC_06": 0.0, "FIC_07": 0.0, "FIC_08": 0.0, "FIC_09": 0.0, "FIC_10": 2.0, "FIC_11": 0.0, "FIC_12": 0.0, "SEMRED": 0, "DESCR": " ", "COD_ID": "62a0260ca9e80a86d891c382ad64041d66336c7eb53dd679bc332d85c71f14fb", "__layer": "UCBT_tab", "DEM_CONT": null, "DEM_01": null, "DEM_02": null, "DEM_03": null, "DEM_04": null, "DEM_05": null, "DEM_06": null, "DEM_07": null, "DEM_08": null, "DEM_09": null, "DEM_10": null, "DEM_11": null, "DEM_12": null }, "geometry": null },
{ "type": "Feature", "properties": { "DIST": 390, "PAC": "32906474739050527L", "RAMAL": "12295568S1", "PN_CON": "10969988", "UNI_TR_MT": "14357911", "CTMT": "JKU0108", "UNI_TR_AT": "DJKU-EQ-TR3", "SUB": "DJKU", "CONJ": 15813, "MUN": "3550308", "CEG_GD": " ", "BRR": "AV PRES JUSCELINO KUBITSCHEK 510 VILA NOVA CONCEICAO", "CEP": "04543-000", "CLAS_SUB": "IN", "CNAE": "1113-5/02", "TIP_CC": "IND-Tipo01", "FAS_CON": "ABC", "GRU_TEN": "BT", "TEN_FORN": "10", "GRU_TAR": "B3", "SIT_ATIV": "AT", "DAT_CON": "20/04/2000", "CAR_INST": 9.8, "LIV": 0, "ARE_LOC": "UB", "TIP_SIST": "RD_INTERLIG", "ENE_01": 2476.0, "ENE_02": 2925.0, "ENE_03": 2855.0, "ENE_04": 2838.0, "ENE_05": 2730.0, "ENE_06": 2618.0, "ENE_07": 2691.0, "ENE_08": 2707.0, "ENE_09": 2725.0, "ENE_10": 2561.0, "ENE_11": 2675.0, "ENE_12": 2351.0, "DIC_01": 0.0, "DIC_02": 0.0, "DIC_03": 0.0, "DIC_04": 0.0, "DIC_05": 0.0, "DIC_06": 0.0, "DIC_07": 0.0, "DIC_08": 0.0, "DIC_09": 0.0, "DIC_10": 1.4, "DIC_11": 0.0, "DIC_12": 0.0, "FIC_01": 0.0, "FIC_02": 0.0, "FIC_03": 0.0, "FIC_04": 0.0, "FIC_05": 0.0, "FIC_06": 0.0, "FIC_07": 0.0, "FIC_08": 0.0, "FIC_09": 0.0, "FIC_10": 2.0, "FIC_11": 0.0, "FIC_12": 0.0, "SEMRED": 0, "DESCR": " ", "COD_ID": "03e293e8993b5fd83cef4d3bc025376763e29cc09685a2e8329e610f8ff95a55", "__layer": "UCBT_tab", "DEM_CONT": null, "DEM_01": null, "DEM_02": null, "DEM_03": null, "DEM_04": null, "DEM_05": null, "DEM_06": null, "DEM_07": null, "DEM_08": null, "DEM_09": null, "DEM_10": null, "DEM_11": null, "DEM_12": null }, "geometry": null },
{ "type": "Feature", "properties": { "DIST": 390, "PAC": "32906474739050527L", "RAMAL": "12295568S1", "PN_CON": "10969988", "UNI_TR_MT": "14357911", "CTMT": "JKU0108", "UNI_TR_AT": "DJKU-EQ-TR3", "SUB": "DJKU", "CONJ": 15813, "MUN": "3550308", "CEG_GD": " ", "BRR": "AV PRES JUSCELINO KUBITSCHEK 510 VILA NOVA CONCEICAO", "CEP": "04543-000", "CLAS_SUB": "PP1", "CNAE": "8411-6/00", "TIP_CC": "SP-Tipo02", "FAS_CON": "ABC", "GRU_TEN": "BT", "TEN_FORN": "10", "GRU_TAR": "B3", "SIT_ATIV": "AT", "DAT_CON": "20/04/2000", "CAR_INST": 26.0, "LIV": 0, "ARE_LOC": "UB", "TIP_SIST": "RD_INTERLIG", "ENE_01": 2013.61, "ENE_02": 798.3, "ENE_03": 2830.0, "ENE_04": 2488.385, "ENE_05": 2907.0, "ENE_06": 2964.0, "ENE_07": 2976.0, "ENE_08": 2911.0, "ENE_09": 2936.0, "ENE_10": 2800.0, "ENE_11": 2835.0, "ENE_12": 2572.5, "DIC_01": 0.0, "DIC_02": 0.0, "DIC_03": 0.0, "DIC_04": 0.0, "DIC_05": 0.0, "DIC_06": 0.0, "DIC_07": 0.0, "DIC_08": 0.0, "DIC_09": 0.0, "DIC_10": 1.4, "DIC_11": 0.0, "DIC_12": 0.0, "FIC_01": 0.0, "FIC_02": 0.0, "FIC_03": 0.0, "FIC_04": 0.0, "FIC_05": 0.0, "FIC_06": 0.0, "FIC_07": 0.0, "FIC_08": 0.0, "FIC_09": 0.0, "FIC_10": 2.0, "FIC_11": 0.0, "FIC_12": 0.0, "SEMRED": 0, "DESCR": " ", "COD_ID": "d912133426fc57a16267ad35a71f2a6d6857ff6cf669f9349cd942f76e8849e3", "__layer": "UCBT_tab", "DEM_CONT": null, "DEM_01": null, "DEM_02": null, "DEM_03": null, "DEM_04": null, "DEM_05": null, "DEM_06": null, "DEM_07": null, "DEM_08": null, "DEM_09": null, "DEM_10": null, "DEM_11": null, "DEM_12": null }, "geometry": null },
{ "type": "Feature", "properties": { "DIST": 390, "PAC": "32906474739050527L", "RAMAL": "12295568S1", "PN_CON": "10969988", "UNI_TR_MT": "14357911", "CTMT": "JKU0108", "UNI_TR_AT": "DJKU-EQ-TR3", "SUB": "DJKU", "CONJ": 15813, "MUN": "3550308", "CEG_GD": " ", "BRR": "AV PRES JUSCELINO KUBITSCHEK 510 VILA NOVA CONCEICAO", "CEP": "04543-000", "CLAS_SUB": "RE1", "CNAE": " ", "TIP_CC": "COM-Tipo04", "FAS_CON": "ABC", "GRU_TEN": "BT", "TEN_FORN": "10", "GRU_TAR": "B1", "SIT_ATIV": "AT", "DAT_CON": "20/04/2000", "CAR_INST": 26.0, "LIV": 0, "ARE_LOC": "UB", "TIP_SIST": "RD_INTERLIG", "ENE_01": 1526.52, "ENE_02": 3924.0, "ENE_03": 3554.0, "ENE_04": 0.0, "ENE_05": 0.0, "ENE_06": 0.0, "ENE_07": 0.0, "ENE_08": 0.0, "ENE_09": 929.7, "ENE_10": 438.0, "ENE_11": 391.0, "ENE_12": 376.71, "DIC_01": 0.0, "DIC_02": 0.0, "DIC_03": 0.0, "DIC_04": 0.0, "DIC_05": 0.0, "DIC_06": 0.0, "DIC_07": 0.0, "DIC_08": 0.0, "DIC_09": 0.0, "DIC_10": 1.4, "DIC_11": 0.0, "DIC_12": 0.0, "FIC_01": 0.0, "FIC_02": 0.0, "FIC_03": 0.0, "FIC_04": 0.0, "FIC_05": 0.0, "FIC_06": 0.0, "FIC_07": 0.0, "FIC_08": 0.0, "FIC_09": 0.0, "FIC_10": 2.0, "FIC_11": 0.0, "FIC_12": 0.0, "SEMRED": 0, "DESCR": " ", "COD_ID": "77bf8ae520119357aa7f6c2210790324e191681dbdf0d9e52c329ca39715398d", "__layer": "UCBT_tab", "DEM_CONT": null, "DEM_01": null, "DEM_02": null, "DEM_03": null, "DEM_04": null, "DEM_05": null, "DEM_06": null, "DEM_07": null, "DEM_08": null, "DEM_09": null, "DEM_10": null, "DEM_11": null, "DEM_12": null }, "geometry": null },
{ "type": "Feature", "properties": { "DIST": 390, "PAC": "32906474739050527L", "RAMAL": "12295568S1", "PN_CON": "10969988", "UNI_TR_MT": "14357911", "CTMT": "JKU0108", "UNI_TR_AT": "DJKU-EQ-TR3", "SUB": "DJKU", "CONJ": 15813, "MUN": "3550308", "CEG_GD": " ", "BRR": "AV PRES JUSCELINO KUBITSCHEK 510 VILA NOVA CONCEICAO", "CEP": "04543-000", "CLAS_SUB": "PP1", "CNAE": "8411-6/00", "TIP_CC": "SP-Tipo04", "FAS_CON": "ABC", "GRU_TEN": "BT", "TEN_FORN": "10", "GRU_TAR": "B3", "SIT_ATIV": "AT", "DAT_CON": "20/04/2000", "CAR_INST": 552.7, "LIV": 0, "ARE_LOC": "UB", "TIP_SIST": "RD_INTERLIG", "ENE_01": 852.17, "ENE_02": 389.1, "ENE_03": 1376.0, "ENE_04": 1253.599, "ENE_05": 1631.0, "ENE_06": 1468.0, "ENE_07": 1452.0, "ENE_08": 1452.0, "ENE_09": 1411.0, "ENE_10": 1429.0, "ENE_11": 891.0, "ENE_12": 294.05, "DIC_01": 0.0, "DIC_02": 0.0, "DIC_03": 0.0, "DIC_04": 0.0, "DIC_05": 0.0, "DIC_06": 0.0, "DIC_07": 0.0, "DIC_08": 0.0, "DIC_09": 0.0, "DIC_10": 1.4, "DIC_11": 0.0, "DIC_12": 0.0, "FIC_01": 0.0, "FIC_02": 0.0, "FIC_03": 0.0, "FIC_04": 0.0, "FIC_05": 0.0, "FIC_06": 0.0, "FIC_07": 0.0, "FIC_08": 0.0, "FIC_09": 0.0, "FIC_10": 2.0, "FIC_11": 0.0, "FIC_12": 0.0, "SEMRED": 0, "DESCR": " ", "COD_ID": "21668b87871dd49456bda0e3ab8def195ec6a0914aae0eb359de196c5ac23bc3", "__layer": "UCBT_tab", "DEM_CONT": null, "DEM_01": null, "DEM_02": null, "DEM_03": null, "DEM_04": null, "DEM_05": null, "DEM_06": null, "DEM_07": null, "DEM_08": null, "DEM_09": null, "DEM_10": null, "DEM_11": null, "DEM_12": null }, "geometry": null },
{ "type": "Feature", "properties": { "DIST": 390, "PAC": "32906474739050527L", "RAMAL": "12295568S1", "PN_CON": "10969988", "UNI_TR_MT": "14357911", "CTMT": "JKU0108", "UNI_TR_AT": "DJKU-EQ-TR3", "SUB": "DJKU", "CONJ": 15813, "MUN": "3550308", "CEG_GD": " ", "BRR": "AV PRES JUSCELINO KUBITSCHEK 510 VILA NOVA CONCEICAO", "CEP": "04543-000", "CLAS_SUB": "CO1", "CNAE": "6612-6/05", "TIP_CC": "COM-Tipo05", "FAS_CON": "ABC", "GRU_TEN": "BT", "TEN_FORN": "10", "GRU_TAR": "B3", "SIT_ATIV": "AT", "DAT_CON": "20/04/2000", "CAR_INST": 26.0, "LIV": 0, "ARE_LOC": "UB", "TIP_SIST": "RD_INTERLIG", "ENE_01": 2672.0, "ENE_02": 3042.0, "ENE_03": 3356.875, "ENE_04": 3475.0, "ENE_05": 3682.0, "ENE_06": 3694.0, "ENE_07": 3276.84, "ENE_08": 2298.48, "ENE_09": 3970.0, "ENE_10": 3863.0, "ENE_11": 2195.98, "ENE_12": 3355.6, "DIC_01": 0.0, "DIC_02": 0.0, "DIC_03": 0.0, "DIC_04": 0.0, "DIC_05": 0.0, "DIC_06": 0.0, "DIC_07": 0.0, "DIC_08": 0.0, "DIC_09": 0.0, "DIC_10": 1.4, "DIC_11": 0.0, "DIC_12": 0.0, "FIC_01": 0.0, "FIC_02": 0.0, "FIC_03": 0.0, "FIC_04": 0.0, "FIC_05": 0.0, "FIC_06": 0.0, "FIC_07": 0.0, "FIC_08": 0.0, "FIC_09": 0.0, "FIC_10": 2.0, "FIC_11": 0.0, "FIC_12": 0.0, "SEMRED": 0, "DESCR": " ", "COD_ID": "ff4cbb142c8a236e7903b6bbfc970d68afd7910e338bded6ba487810af745c45", "__layer": "UCBT_tab", "DEM_CONT": null, "DEM_01": null, "DEM_02": null, "DEM_03": null, "DEM_04": null, "DEM_05": null, "DEM_06": null, "DEM_07": null, "DEM_08": null, "DEM_09": null, "DEM_10": null, "DEM_11": null, "DEM_12": null }, "geometry": null },
{ "type": "Feature", "properties": { "DIST": 390, "PAC": "32906474739050527L", "RAMAL": "12295568S1", "PN_CON": "10969988", "UNI_TR_MT": "14357911", "CTMT": "JKU0108", "UNI_TR_AT": "DJKU-EQ-TR3", "SUB": "DJKU", "CONJ": 15813, "MUN": "3550308", "CEG_GD": " ", "BRR": "AV PRES JUSCELINO KUBITSCHEK 510 VILA NOVA CONCEICAO", "CEP": "04543-000", "CLAS_SUB": "CO1", "CNAE": "6462-0/00", "TIP_CC": "COM-Tipo01", "FAS_CON": "ABC", "GRU_TEN": "BT", "TEN_FORN": "10", "GRU_TAR": "B3", "SIT_ATIV": "AT", "DAT_CON": "20/04/2000", "CAR_INST": 157.2, "LIV": 0, "ARE_LOC": "UB", "TIP_SIST": "RD_INTERLIG", "ENE_01": 16400.0, "ENE_02": 17000.0, "ENE_03": 17393.136, "ENE_04": 16400.0, "ENE_05": 17400.0, "ENE_06": 15400.0, "ENE_07": 13608.0, "ENE_08": 9516.0, "ENE_09": 16000.0, "ENE_10": 15800.0, "ENE_11": 8968.0, "ENE_12": 14344.26, "DIC_01": 0.0, "DIC_02": 0.0, "DIC_03": 0.0, "DIC_04": 0.0, "DIC_05": 0.0, "DIC_06": 0.0, "DIC_07": 0.0, "DIC_08": 0.0, "DIC_09": 0.0, "DIC_10": 1.4, "DIC_11": 0.0, "DIC_12": 0.0, "FIC_01": 0.0, "FIC_02": 0.0, "FIC_03": 0.0, "FIC_04": 0.0, "FIC_05": 0.0, "FIC_06": 0.0, "FIC_07": 0.0, "FIC_08": 0.0, "FIC_09": 0.0, "FIC_10": 2.0, "FIC_11": 0.0, "FIC_12": 0.0, "SEMRED": 0, "DESCR": " ", "COD_ID": "09555c8265fd21af87f409f8b014fd8efbc8f6f843dd2d40b8e02db04855050f", "__layer": "UCBT_tab", "DEM_CONT": null, "DEM_01": null, "DEM_02": null, "DEM_03": null, "DEM_04": null, "DEM_05": null, "DEM_06": null, "DEM_07": null, "DEM_08": null, "DEM_09": null, "DEM_10": null, "DEM_11": null, "DEM_12": null }, "geometry": null },
{ "type": "Feature", "properties": { "DIST": 390, "PAC": "32906474739050527L", "RAMAL": "12295568S1", "PN_CON": "10969988", "UNI_TR_MT": "14357911", "CTMT": "JKU0108", "UNI_TR_AT": "DJKU-EQ-TR3", "SUB": "DJKU", "CONJ": 15813, "MUN": "3550308", "CEG_GD": " ", "BRR": "AV PRES JUSCELINO KUBITSCHEK 510 VILA NOVA CONCEICAO", "CEP": "04543-000", "CLAS_SUB": "CO1", "CNAE": "6462-0/00", "TIP_CC": "COM-Tipo02", "FAS_CON": "ABC", "GRU_TEN": "BT", "TEN_FORN": "10", "GRU_TAR": "B3", "SIT_ATIV": "AT", "DAT_CON": "20/04/2000", "CAR_INST": 26.0, "LIV": 0, "ARE_LOC": "UB", "TIP_SIST": "RD_INTERLIG", "ENE_01": 100.0, "ENE_02": 100.0, "ENE_03": 108.707, "ENE_04": 100.0, "ENE_05": 100.0, "ENE_06": 100.0, "ENE_07": 84.0, "ENE_08": 61.0, "ENE_09": 100.0, "ENE_10": 100.0, "ENE_11": 59.0, "ENE_12": 95.62, "DIC_01": 0.0, "DIC_02": 0.0, "DIC_03": 0.0, "DIC_04": 0.0, "DIC_05": 0.0, "DIC_06": 0.0, "DIC_07": 0.0, "DIC_08": 0.0, "DIC_09": 0.0, "DIC_10": 1.4, "DIC_11": 0.0, "DIC_12": 0.0, "FIC_01": 0.0, "FIC_02": 0.0, "FIC_03": 0.0, "FIC_04": 0.0, "FIC_05": 0.0, "FIC_06": 0.0, "FIC_07": 0.0, "FIC_08": 0.0, "FIC_09": 0.0, "FIC_10": 2.0, "FIC_11": 0.0, "FIC_12": 0.0, "SEMRED": 0, "DESCR": " ", "COD_ID": "d71a1871252ea85d2908e700b6c1d4e31c23985f7e432c71f55716f167b669eb", "__layer": "UCBT_tab", "DEM_CONT": null, "DEM_01": null, "DEM_02": null, "DEM_03": null, "DEM_04": null, "DEM_05": null, "DEM_06": null, "DEM_07": null, "DEM_08": null, "DEM_09": null, "DEM_10": null, "DEM_11": null, "DEM_12": null }, "geometry": null },
{ "type": "Feature", "properties": { "DIST": 390, "PAC": "32906474739050527L", "RAMAL": "12295568S1", "PN_CON": "10969988", "UNI_TR_MT": "14357911", "CTMT": "JKU0108", "UNI_TR_AT": "DJKU-EQ-TR3", "SUB": "DJKU", "CONJ": 15813, "MUN": "3550308", "CEG_GD": " ", "BRR": "AV PRES JUSCELINO KUBITSCHEK 510 VILA NOVA CONCEICAO", "CEP": "04543-000", "CLAS_SUB": "IN", "CNAE": "1113-5/02", "TIP_CC": "IND-Tipo01", "FAS_CON": "ABC", "GRU_TEN": "BT", "TEN_FORN": "10", "GRU_TAR": "B3", "SIT_ATIV": "AT", "DAT_CON": "20/04/2000", "CAR_INST": 26.0, "LIV": 0, "ARE_LOC": "UB", "TIP_SIST": "RD_INTERLIG", "ENE_01": 2446.0, "ENE_02": 2806.0, "ENE_03": 2510.0, "ENE_04": 2616.0, "ENE_05": 2599.0, "ENE_06": 2666.0, "ENE_07": 2643.0, "ENE_08": 2597.0, "ENE_09": 2593.0, "ENE_10": 2492.0, "ENE_11": 2425.0, "ENE_12": 2306.79, "DIC_01": 0.0, "DIC_02": 0.0, "DIC_03": 0.0, "DIC_04": 0.0, "DIC_05": 0.0, "DIC_06": 0.0, "DIC_07": 0.0, "DIC_08": 0.0, "DIC_09": 0.0, "DIC_10": 1.4, "DIC_11": 0.0, "DIC_12": 0.0, "FIC_01": 0.0, "FIC_02": 0.0, "FIC_03": 0.0, "FIC_04": 0.0, "FIC_05": 0.0, "FIC_06": 0.0, "FIC_07": 0.0, "FIC_08": 0.0, "FIC_09": 0.0, "FIC_10": 2.0, "FIC_11": 0.0, "FIC_12": 0.0, "SEMRED": 0, "DESCR": " ", "COD_ID": "69b0c906b0e1717e1e0efb88a076096d0df627c3b5e6e4f2faf33a8c02524f72", "__layer": "UCBT_tab", "DEM_CONT": null, "DEM_01": null, "DEM_02": null, "DEM_03": null, "DEM_04": null, "DEM_05": null, "DEM_06": null, "DEM_07": null, "DEM_08": null, "DEM_09": null, "DEM_10": null, "DEM_11": null, "DEM_12": null }, "geometry": null },
{ "type": "Feature", "properties": { "DIST": 390, "PAC": "32906474739050527L", "RAMAL": "12295568S1", "PN_CON": "10969988", "UNI_TR_MT": "14357911", "CTMT": "JKU0108", "UNI_TR_AT": "DJKU-EQ-TR3", "SUB": "DJKU", "CONJ": 15813, "MUN": "3550308", "CEG_GD": " ", "BRR": "AV PRES JUSCELINO KUBITSCHEK 510 VILA NOVA CONCEICAO", "CEP": "04543-000", "CLAS_SUB": "IN", "CNAE": "1113-5/02", "TIP_CC": "IND-Tipo01", "FAS_CON": "ABC", "GRU_TEN": "BT", "TEN_FORN": "10", "GRU_TAR": "B3", "SIT_ATIV": "AT", "DAT_CON": "20/04/2000", "CAR_INST": 26.0, "LIV": 0, "ARE_LOC": "UB", "TIP_SIST": "RD_INTERLIG", "ENE_01": 2438.0, "ENE_02": 2838.0, "ENE_03": 2507.0, "ENE_04": 2713.0, "ENE_05": 2749.0, "ENE_06": 2601.0, "ENE_07": 2658.0, "ENE_08": 2565.0, "ENE_09": 2778.0, "ENE_10": 2639.0, "ENE_11": 2499.0, "ENE_12": 2450.96, "DIC_01": 0.0, "DIC_02": 0.0, "DIC_03": 0.0, "DIC_04": 0.0, "DIC_05": 0.0, "DIC_06": 0.0, "DIC_07": 0.0, "DIC_08": 0.0, "DIC_09": 0.0, "DIC_10": 1.4, "DIC_11": 0.0, "DIC_12": 0.0, "FIC_01": 0.0, "FIC_02": 0.0, "FIC_03": 0.0, "FIC_04": 0.0, "FIC_05": 0.0, "FIC_06": 0.0, "FIC_07": 0.0, "FIC_08": 0.0, "FIC_09": 0.0, "FIC_10": 2.0, "FIC_11": 0.0, "FIC_12": 0.0, "SEMRED": 0, "DESCR": " ", "COD_ID": "1cb89b71fd8adeb4ca8a325855b8330d90c1a9960634d6f8ae3382343b1d3c8f", "__layer": "UCBT_tab", "DEM_CONT": null, "DEM_01": null, "DEM_02": null, "DEM_03": null, "DEM_04": null, "DEM_05": null, "DEM_06": null, "DEM_07": null, "DEM_08": null, "DEM_09": null, "DEM_10": null, "DEM_11": null, "DEM_12": null }, "geometry": null },
{ "type": "Feature", "properties": { "DIST": 390, "PAC": "32906474739050527L", "RAMAL": "12295568S1", "PN_CON": "10969988", "UNI_TR_MT": "14357911", "CTMT": "JKU0108", "UNI_TR_AT": "DJKU-EQ-TR3", "SUB": "DJKU", "CONJ": 15813, "MUN": "3550308", "CEG_GD": " ", "BRR": "AV PRES JUSCELINO KUBITSCHEK 510 VILA NOVA CONCEICAO", "CEP": "04543-000", "CLAS_SUB": "IN", "CNAE": "1113-5/02", "TIP_CC": "IND-Tipo04", "FAS_CON": "ABC", "GRU_TEN": "BT", "TEN_FORN": "10", "GRU_TAR": "B3", "SIT_ATIV": "AT", "DAT_CON": "20/04/2000", "CAR_INST": 0.8, "LIV": 0, "ARE_LOC": "UB", "TIP_SIST": "RD_INTERLIG", "ENE_01": 922.0, "ENE_02": 1071.0, "ENE_03": 1580.0, "ENE_04": 2316.0, "ENE_05": 2286.0, "ENE_06": 2160.0, "ENE_07": 2251.0, "ENE_08": 2439.0, "ENE_09": 2567.0, "ENE_10": 2569.0, "ENE_11": 2263.0, "ENE_12": 2145.31, "DIC_01": 0.0, "DIC_02": 0.0, "DIC_03": 0.0, "DIC_04": 0.0, "DIC_05": 0.0, "DIC_06": 0.0, "DIC_07": 0.0, "DIC_08": 0.0, "DIC_09": 0.0, "DIC_10": 1.4, "DIC_11": 0.0, "DIC_12": 0.0, "FIC_01": 0.0, "FIC_02": 0.0, "FIC_03": 0.0, "FIC_04": 0.0, "FIC_05": 0.0, "FIC_06": 0.0, "FIC_07": 0.0, "FIC_08": 0.0, "FIC_09": 0.0, "FIC_10": 2.0, "FIC_11": 0.0, "FIC_12": 0.0, "SEMRED": 0, "DESCR": " ", "COD_ID": "5d4ba6b1e63d40e4716b5f7eec021119806bcea8efa7a89e5762146554b982b0", "__layer": "UCBT_tab", "DEM_CONT": null, "DEM_01": null, "DEM_02": null, "DEM_03": null, "DEM_04": null, "DEM_05": null, "DEM_06": null, "DEM_07": null, "DEM_08": null, "DEM_09": null, "DEM_10": null, "DEM_11": null, "DEM_12": null }, "geometry": null },
{ "type": "Feature", "properties": { "DIST": 390, "PAC": "32906474739050527L", "RAMAL": "12295568S1", "PN_CON": "10969988", "UNI_TR_MT": "14357911", "CTMT": "JKU0108", "UNI_TR_AT": "DJKU-EQ-TR3", "SUB": "DJKU", "CONJ": 15813, "MUN": "3550308", "CEG_GD": " ", "BRR": "AV PRES JUSCELINO KUBITSCHEK 510 VILA NOVA CONCEICAO", "CEP": "04543-000", "CLAS_SUB": "CO9", "CNAE": "6399-2/00", "TIP_CC": "COM-Tipo04", "FAS_CON": "ABC", "GRU_TEN": "BT", "TEN_FORN": "10", "GRU_TAR": "B3", "SIT_ATIV": "AT", "DAT_CON": "20/04/2000", "CAR_INST": 26.0, "LIV": 0, "ARE_LOC": "UB", "TIP_SIST": "RD_INTERLIG", "ENE_01": 4604.0, "ENE_02": 4908.0, "ENE_03": 3364.485, "ENE_04": 100.0, "ENE_05": 2879.0, "ENE_06": 3215.0, "ENE_07": 2703.96, "ENE_08": 1973.96, "ENE_09": 2848.0, "ENE_10": 3248.0, "ENE_11": 1549.93, "ENE_12": 2555.19, "DIC_01": 0.0, "DIC_02": 0.0, "DIC_03": 0.0, "DIC_04": 0.0, "DIC_05": 0.0, "DIC_06": 0.0, "DIC_07": 0.0, "DIC_08": 0.0, "DIC_09": 0.0, "DIC_10": 1.4, "DIC_11": 0.0, "DIC_12": 0.0, "FIC_01": 0.0, "FIC_02": 0.0, "FIC_03": 0.0, "FIC_04": 0.0, "FIC_05": 0.0, "FIC_06": 0.0, "FIC_07": 0.0, "FIC_08": 0.0, "FIC_09": 0.0, "FIC_10": 2.0, "FIC_11": 0.0, "FIC_12": 0.0, "SEMRED": 0, "DESCR": " ", "COD_ID": "b62ad64b0b63deacbadedc237d47412b46a12048f3d7fb5f6c3084099000e06b", "__layer": "UCBT_tab", "DEM_CONT": null, "DEM_01": null, "DEM_02": null, "DEM_03": null, "DEM_04": null, "DEM_05": null, "DEM_06": null, "DEM_07": null, "DEM_08": null, "DEM_09": null, "DEM_10": null, "DEM_11": null, "DEM_12": null }, "geometry": null },
{ "type": "Feature", "properties": { "DIST": 390, "PAC": "32948694739072447L", "RAMAL": "12295866S1", "PN_CON": "10970233", "UNI_TR_MT": "14364265", "CTMT": "JKU0106", "UNI_TR_AT": "DJKU-EQ-TR3", "SUB": "DJKU", "CONJ": 15813, "MUN": "3550308", "CEG_GD": " ", "BRR": "AV PRES JUSCELINO KUBITSCHEK 28 VILA NOVA CONCEICAO", "CEP": "04543-000", "CLAS_SUB": "CO9", "CNAE": "8112-5/00", "TIP_CC": "COM-Tipo01", "FAS_CON": "ABCN", "GRU_TEN": "BT", "TEN_FORN": "10", "GRU_TAR": "B3", "SIT_ATIV": "AT", "DAT_CON": "21/10/2002", "CAR_INST": 1170.0, "LIV": 0, "ARE_LOC": "UB", "TIP_SIST": "RD_INTERLIG", "ENE_01": 33104.0, "ENE_02": 31712.0, "ENE_03": 38560.582, "ENE_04": 33144.0, "ENE_05": 31816.0, "ENE_06": 14968.0, "ENE_07": 13950.72, "ENE_08": 7949.52, "ENE_09": 22064.0, "ENE_10": 25280.0, "ENE_11": 13990.08, "ENE_12": 26768.3, "DIC_01": 0.0, "DIC_02": 0.0, "DIC_03": 6.07, "DIC_04": 0.0, "DIC_05": 1.33, "DIC_06": 0.0, "DIC_07": 0.0, "DIC_08": 0.0, "DIC_09": 0.0, "DIC_10": 0.0, "DIC_11": 0.0, "DIC_12": 0.0, "FIC_01": 0.0, "FIC_02": 0.0, "FIC_03": 1.0, "FIC_04": 0.0, "FIC_05": 1.0, "FIC_06": 0.0, "FIC_07": 0.0, "FIC_08": 0.0, "FIC_09": 0.0, "FIC_10": 0.0, "FIC_11": 0.0, "FIC_12": 0.0, "SEMRED": 0, "DESCR": " ", "COD_ID": "d4de8f6550ecb82985393dae171cea7c5e90da03c33304e0359914ab4f0bb066", "__layer": "UCBT_tab", "DEM_CONT": null, "DEM_01": null, "DEM_02": null, "DEM_03": null, "DEM_04": null, "DEM_05": null, "DEM_06": null, "DEM_07": null, "DEM_08": null, "DEM_09": null, "DEM_10": null, "DEM_11": null, "DEM_12": null }, "geometry": null },
{ "type": "Feature", "properties": { "DIST": 390, "PAC": "32948694739072447L", "RAMAL": "12295866S1", "PN_CON": "10970233", "UNI_TR_MT": "14364265", "CTMT": "JKU0106", "UNI_TR_AT": "DJKU-EQ-TR3", "SUB": "DJKU", "CONJ": 15813, "MUN": "3550308", "CEG_GD": " ", "BRR": "AV PRES JUSCELINO KUBITSCHEK 28 VILA NOVA CONCEICAO", "CEP": "04543-000", "CLAS_SUB": "CO9", "CNAE": "8112-5/00", "TIP_CC": "COM-Tipo02", "FAS_CON": "ABCN", "GRU_TEN": "BT", "TEN_FORN": "10", "GRU_TAR": "B3", "SIT_ATIV": "AT", "DAT_CON": "21/10/2002", "CAR_INST": 38.2, "LIV": 0, "ARE_LOC": "UB", "TIP_SIST": "RD_INTERLIG", "ENE_01": 100.0, "ENE_02": 100.0, "ENE_03": 108.707, "ENE_04": 100.0, "ENE_05": 100.0, "ENE_06": 100.0, "ENE_07": 0.84, "ENE_08": 61.0, "ENE_09": 100.0, "ENE_10": 100.0, "ENE_11": 59.0, "ENE_12": 95.62, "DIC_01": 0.0, "DIC_02": 0.0, "DIC_03": 6.07, "DIC_04": 0.0, "DIC_05": 1.33, "DIC_06": 0.0, "DIC_07": 0.0, "DIC_08": 0.0, "DIC_09": 0.0, "DIC_10": 0.0, "DIC_11": 0.0, "DIC_12": 0.0, "FIC_01": 0.0, "FIC_02": 0.0, "FIC_03": 1.0, "FIC_04": 0.0, "FIC_05": 1.0, "FIC_06": 0.0, "FIC_07": 0.0, "FIC_08": 0.0, "FIC_09": 0.0, "FIC_10": 0.0, "FIC_11": 0.0, "FIC_12": 0.0, "SEMRED": 0, "DESCR": " ", "COD_ID": "d4238375c57b37d13339529f0b07725a00c17eafcc798006a31fcf5740b690e7", "__layer": "UCBT_tab", "DEM_CONT": null, "DEM_01": null, "DEM_02": null, "DEM_03": null, "DEM_04": null, "DEM_05": null, "DEM_06": null, "DEM_07": null, "DEM_08": null, "DEM_09": null, "DEM_10": null, "DEM_11": null, "DEM_12": null }, "geometry": null },
{ "type": "Feature", "properties": { "DIST": 390, "PAC": "32948694739072447L", "RAMAL": "12295866S1", "PN_CON": "10970233", "UNI_TR_MT": "14364265", "CTMT": "JKU0106", "UNI_TR_AT": "DJKU-EQ-TR3", "SUB": "DJKU", "CONJ": 15813, "MUN": "3550308", "CEG_GD": " ", "BRR": "AV PRES JUSCELINO KUBITSCHEK 28 VILA NOVA CONCEICAO", "CEP": "04543-000", "CLAS_SUB": "CO1", "CNAE": "6810-2/01", "TIP_CC": "COM-Tipo03", "FAS_CON": "ABN", "GRU_TEN": "BT", "TEN_FORN": "10", "GRU_TAR": "B3", "SIT_ATIV": "AT", "DAT_CON": "24/01/2003", "CAR_INST": 6.4, "LIV": 0, "ARE_LOC": "UB", "TIP_SIST": "RD_INTERLIG", "ENE_01": 869.76, "ENE_02": 930.6, "ENE_03": 1213.171, "ENE_04": 866.88, "ENE_05": 816.3, "ENE_06": 761.04, "ENE_07": 523.3, "ENE_08": 406.7, "ENE_09": 771.48, "ENE_10": 792.36, "ENE_11": 490.86, "ENE_12": 876.31, "DIC_01": 0.0, "DIC_02": 0.0, "DIC_03": 6.07, "DIC_04": 0.0, "DIC_05": 1.33, "DIC_06": 0.0, "DIC_07": 0.0, "DIC_08": 0.0, "DIC_09": 0.0, "DIC_10": 0.0, "DIC_11": 0.0, "DIC_12": 0.0, "FIC_01": 0.0, "FIC_02": 0.0, "FIC_03": 1.0, "FIC_04": 0.0, "FIC_05": 1.0, "FIC_06": 0.0, "FIC_07": 0.0, "FIC_08": 0.0, "FIC_09": 0.0, "FIC_10": 0.0, "FIC_11": 0.0, "FIC_12": 0.0, "SEMRED": 0, "DESCR": " ", "COD_ID": "38708ea9bf534b917df7a604fed10695f4f18b445c06407205a968e8d562dda7", "__layer": "UCBT_tab", "DEM_CONT": null, "DEM_01": null, "DEM_02": null, "DEM_03": null, "DEM_04": null, "DEM_05": null, "DEM_06": null, "DEM_07": null, "DEM_08": null, "DEM_09": null, "DEM_10": null, "DEM_11": null, "DEM_12": null }, "geometry": null },
{ "type": "Feature", "properties": { "DIST": 390, "PAC": "32948694739072447L", "RAMAL": "12295866S1", "PN_CON": "10970233", "UNI_TR_MT": "14364265", "CTMT": "JKU0106", "UNI_TR_AT": "DJKU-EQ-TR3", "SUB": "DJKU", "CONJ": 15813, "MUN": "3550308", "CEG_GD": " ", "BRR": "AV PRES JUSCELINO KUBITSCHEK 28 VILA NOVA CONCEICAO", "CEP": "04543-000", "CLAS_SUB": "RE1", "CNAE": " ", "TIP_CC": "RES-Tipo02", "FAS_CON": "ABCN", "GRU_TEN": "BT", "TEN_FORN": "10", "GRU_TAR": "B1", "SIT_ATIV": "AT", "DAT_CON": "24/01/2003", "CAR_INST": 29.6, "LIV": 0, "ARE_LOC": "UB", "TIP_SIST": "RD_INTERLIG", "ENE_01": 74.88, "ENE_02": 141.6, "ENE_03": 129.0, "ENE_04": 130.8, "ENE_05": 145.4, "ENE_06": 132.4, "ENE_07": 137.8, "ENE_08": 130.2, "ENE_09": 129.4, "ENE_10": 135.2, "ENE_11": 124.8, "ENE_12": 121.16, "DIC_01": 0.0, "DIC_02": 0.0, "DIC_03": 6.07, "DIC_04": 0.0, "DIC_05": 1.33, "DIC_06": 0.0, "DIC_07": 0.0, "DIC_08": 0.0, "DIC_09": 0.0, "DIC_10": 0.0, "DIC_11": 0.0, "DIC_12": 0.0, "FIC_01": 0.0, "FIC_02": 0.0, "FIC_03": 1.0, "FIC_04": 0.0, "FIC_05": 1.0, "FIC_06": 0.0, "FIC_07": 0.0, "FIC_08": 0.0, "FIC_09": 0.0, "FIC_10": 0.0, "FIC_11": 0.0, "FIC_12": 0.0, "SEMRED": 0, "DESCR": " ", "COD_ID": "fcbed85b5d19d5602534000d369dc51ff5a34ebbe071bb65f24de594c21939e9", "__layer": "UCBT_tab", "DEM_CONT": null, "DEM_01": null, "DEM_02": null, "DEM_03": null, "DEM_04": null, "DEM_05": null, "DEM_06": null, "DEM_07": null, "DEM_08": null, "DEM_09": null, "DEM_10": null, "DEM_11": null, "DEM_12": null }, "geometry": null },
{ "type": "Feature", "properties": { "DIST": 390, "PAC": "32948694739072447L", "RAMAL": "12295866S1", "PN_CON": "10970233", "UNI_TR_MT": "14364265", "CTMT": "JKU0106", "UNI_TR_AT": "DJKU-EQ-TR3", "SUB": "DJKU", "CONJ": 15813, "MUN": "3550308", "CEG_GD": " ", "BRR": "AV PRES JUSCELINO KUBITSCHEK 28 VILA NOVA CONCEICAO", "CEP": "04543-000", "CLAS_SUB": "CO1", "CNAE": "6911-7/01", "TIP_CC": "COM-Tipo05", "FAS_CON": "ABCN", "GRU_TEN": "BT", "TEN_FORN": "10", "GRU_TAR": "B3", "SIT_ATIV": "AT", "DAT_CON": "24/01/2003", "CAR_INST": 0.0, "LIV": 0, "ARE_LOC": "UB", "TIP_SIST": "RD_INTERLIG", "ENE_01": 1561.14, "ENE_02": 1874.16, "ENE_03": 2172.561, "ENE_04": 1807.92, "ENE_05": 1607.22, "ENE_06": 1616.22, "ENE_07": 1231.98, "ENE_08": 897.29, "ENE_09": 1385.46, "ENE_10": 1752.12, "ENE_11": 833.03, "ENE_12": 1708.05, "DIC_01": 0.0, "DIC_02": 0.0, "DIC_03": 6.07, "DIC_04": 0.0, "DIC_05": 1.33, "DIC_06": 0.0, "DIC_07": 0.0, "DIC_08": 0.0, "DIC_09": 0.0, "DIC_10": 0.0, "DIC_11": 0.0, "DIC_12": 0.0, "FIC_01": 0.0, "FIC_02": 0.0, "FIC_03": 1.0, "FIC_04": 0.0, "FIC_05": 1.0, "FIC_06": 0.0, "FIC_07": 0.0, "FIC_08": 0.0, "FIC_09": 0.0, "FIC_10": 0.0, "FIC_11": 0.0, "FIC_12": 0.0, "SEMRED": 0, "DESCR": " ", "COD_ID": "6a23d8c57a5868c5edaab7edee7001bfea018e73644443e7b2574d7be48a6852", "__layer": "UCBT_tab", "DEM_CONT": null, "DEM_01": null, "DEM_02": null, "DEM_03": null, "DEM_04": null, "DEM_05": null, "DEM_06": null, "DEM_07": null, "DEM_08": null, "DEM_09": null, "DEM_10": null, "DEM_11": null, "DEM_12": null }, "geometry": null },
{ "type": "Feature", "properties": { "DIST": 390, "PAC": "32948694739072447L", "RAMAL": "12295866S1", "PN_CON": "10970233", "UNI_TR_MT": "14364265", "CTMT": "JKU0106", "UNI_TR_AT": "DJKU-EQ-TR3", "SUB": "DJKU", "CONJ": 15813, "MUN": "3550308", "CEG_GD": " ", "BRR": "AV PRES JUSCELINO KUBITSCHEK 28 VILA NOVA CONCEICAO", "CEP": "04543-000", "CLAS_SUB": "CO1", "CNAE": "6462-0/00", "TIP_CC": "COM-Tipo03", "FAS_CON": "ABCN", "GRU_TEN": "BT", "TEN_FORN": "10", "GRU_TAR": "B3", "SIT_ATIV": "AT", "DAT_CON": "24/01/2003", "CAR_INST": 7.6, "LIV": 0, "ARE_LOC": "UB", "TIP_SIST": "RD_INTERLIG", "ENE_01": 1098.9, "ENE_02": 1331.46, "ENE_03": 1470.873, "ENE_04": 1565.1, "ENE_05": 1470.96, "ENE_06": 1288.44, "ENE_07": 914.46, "ENE_08": 726.44, "ENE_09": 1066.86, "ENE_10": 1146.24, "ENE_11": 628.07, "ENE_12": 998.01, "DIC_01": 0.0, "DIC_02": 0.0, "DIC_03": 6.07, "DIC_04": 0.0, "DIC_05": 1.33, "DIC_06": 0.0, "DIC_07": 0.0, "DIC_08": 0.0, "DIC_09": 0.0, "DIC_10": 0.0, "DIC_11": 0.0, "DIC_12": 0.0, "FIC_01": 0.0, "FIC_02": 0.0, "FIC_03": 1.0, "FIC_04": 0.0, "FIC_05": 1.0, "FIC_06": 0.0, "FIC_07": 0.0, "FIC_08": 0.0, "FIC_09": 0.0, "FIC_10": 0.0, "FIC_11": 0.0, "FIC_12": 0.0, "SEMRED": 0, "DESCR": " ", "COD_ID": "677d9221a506dee239ddd781638559a18048c289c375bd0265ade9b4362875d5", "__layer": "UCBT_tab", "DEM_CONT": null, "DEM_01": null, "DEM_02": null, "DEM_03": null, "DEM_04": null, "DEM_05": null, "DEM_06": null, "DEM_07": null, "DEM_08": null, "DEM_09": null, "DEM_10": null, "DEM_11": null, "DEM_12": null }, "geometry": null },
{ "type": "Feature", "properties": { "DIST": 390, "PAC": "32948694739072447L", "RAMAL": "12295866S1", "PN_CON": "10970233", "UNI_TR_MT": "14364265", "CTMT": "JKU0106", "UNI_TR_AT": "DJKU-EQ-TR3", "SUB": "DJKU", "CONJ": 15813, "MUN": "3550308", "CEG_GD": " ", "BRR": "AV PRES JUSCELINO KUBITSCHEK 28 VILA NOVA CONCEICAO", "CEP": "04543-000", "CLAS_SUB": "CO9", "CNAE": "4649-4/99", "TIP_CC": "COM-Tipo04", "FAS_CON": "ABCN", "GRU_TEN": "BT", "TEN_FORN": "10", "GRU_TAR": "B3", "SIT_ATIV": "AT", "DAT_CON": "24/01/2003", "CAR_INST": 30.5, "LIV": 0, "ARE_LOC": "UB", "TIP_SIST": "RD_INTERLIG", "ENE_01": 6294.24, "ENE_02": 6109.38, "ENE_03": 6691.218, "ENE_04": 6428.16, "ENE_05": 6506.82, "ENE_06": 4927.5, "ENE_07": 4405.21, "ENE_08": 3177.94, "ENE_09": 5440.86, "ENE_10": 5634.9, "ENE_11": 2888.43, "ENE_12": 4712.26, "DIC_01": 0.0, "DIC_02": 0.0, "DIC_03": 6.07, "DIC_04": 0.0, "DIC_05": 1.33, "DIC_06": 0.0, "DIC_07": 0.0, "DIC_08": 0.0, "DIC_09": 0.0, "DIC_10": 0.0, "DIC_11": 0.0, "DIC_12": 0.0, "FIC_01": 0.0, "FIC_02": 0.0, "FIC_03": 1.0, "FIC_04": 0.0, "FIC_05": 1.0, "FIC_06": 0.0, "FIC_07": 0.0, "FIC_08": 0.0, "FIC_09": 0.0, "FIC_10": 0.0, "FIC_11": 0.0, "FIC_12": 0.0, "SEMRED": 0, "DESCR": " ", "COD_ID": "99d873ee11b1f53fb56fd886d04a9dc7ff68345b65942049a2d5a1ab02d15166", "__layer": "UCBT_tab", "DEM_CONT": null, "DEM_01": null, "DEM_02": null, "DEM_03": null, "DEM_04": null, "DEM_05": null, "DEM_06": null, "DEM_07": null, "DEM_08": null, "DEM_09": null, "DEM_10": null, "DEM_11": null, "DEM_12": null }, "geometry": null },
{ "type": "Feature", "properties": { "DIST": 390, "PAC": "32948694739072447L", "RAMAL": "12295866S1", "PN_CON": "10970233", "UNI_TR_MT": "14364265", "CTMT": "JKU0106", "UNI_TR_AT": "DJKU-EQ-TR3", "SUB": "DJKU", "CONJ": 15813, "MUN": "3550308", "CEG_GD": " ", "BRR": "AV PRES JUSCELINO KUBITSCHEK 28 VILA NOVA CONCEICAO", "CEP": "04543-000", "CLAS_SUB": "CO6", "CNAE": "8211-3/00", "TIP_CC": "COM-Tipo05", "FAS_CON": "ABCN", "GRU_TEN": "BT", "TEN_FORN": "10", "GRU_TAR": "B3", "SIT_ATIV": "AT", "DAT_CON": "28/01/2003", "CAR_INST": 1243.8, "LIV": 0, "ARE_LOC": "UB", "TIP_SIST": "RD_INTERLIG", "ENE_01": 2229.0, "ENE_02": 2199.0, "ENE_03": 2428.517, "ENE_04": 2147.0, "ENE_05": 2195.0, "ENE_06": 1767.0, "ENE_07": 1333.92, "ENE_08": 913.78, "ENE_09": 1589.0, "ENE_10": 1502.0, "ENE_11": 857.86, "ENE_12": 1191.52, "DIC_01": 0.0, "DIC_02": 0.0, "DIC_03": 6.07, "DIC_04": 0.0, "DIC_05": 1.33, "DIC_06": 0.0, "DIC_07": 0.0, "DIC_08": 0.0, "DIC_09": 0.0, "DIC_10": 0.0, "DIC_11": 0.0, "DIC_12": 0.0, "FIC_01": 0.0, "FIC_02": 0.0, "FIC_03": 1.0, "FIC_04": 0.0, "FIC_05": 1.0, "FIC_06": 0.0, "FIC_07": 0.0, "FIC_08": 0.0, "FIC_09": 0.0, "FIC_10": 0.0, "FIC_11": 0.0, "FIC_12": 0.0, "SEMRED": 0, "DESCR": " ", "COD_ID": "a4a97afb5f8211156b69240f3eaabedf889e2e2054b9a14932fc402d979194ad", "__layer": "UCBT_tab", "DEM_CONT": null, "DEM_01": null, "DEM_02": null, "DEM_03": null, "DEM_04": null, "DEM_05": null, "DEM_06": null, "DEM_07": null, "DEM_08": null, "DEM_09": null, "DEM_10": null, "DEM_11": null, "DEM_12": null }, "geometry": null },
{ "type": "Feature", "properties": { "DIST": 390, "PAC": "32948694739072447L", "RAMAL": "12295866S1", "PN_CON": "10970233", "UNI_TR_MT": "14364265", "CTMT": "JKU0106", "UNI_TR_AT": "DJKU-EQ-TR3", "SUB": "DJKU", "CONJ": 15813, "MUN": "3550308", "CEG_GD": " ", "BRR": "AV PRES JUSCELINO KUBITSCHEK 28 VILA NOVA CONCEICAO", "CEP": "04543-000", "CLAS_SUB": "RE1", "CNAE": " ", "TIP_CC": "RES-Tipo05", "FAS_CON": "ABCN", "GRU_TEN": "BT", "TEN_FORN": "10", "GRU_TAR": "B1", "SIT_ATIV": "AT", "DAT_CON": "28/01/2003", "CAR_INST": 1243.8, "LIV": 0, "ARE_LOC": "UB", "TIP_SIST": "RD_INTERLIG", "ENE_01": 422.61, "ENE_02": 893.16, "ENE_03": 902.7, "ENE_04": 955.26, "ENE_05": 1112.76, "ENE_06": 594.72, "ENE_07": 706.32, "ENE_08": 567.54, "ENE_09": 755.1, "ENE_10": 741.6, "ENE_11": 493.38, "ENE_12": 618.67, "DIC_01": 0.0, "DIC_02": 0.0, "DIC_03": 6.07, "DIC_04": 0.0, "DIC_05": 1.33, "DIC_06": 0.0, "DIC_07": 0.0, "DIC_08": 0.0, "DIC_09": 0.0, "DIC_10": 0.0, "DIC_11": 0.0, "DIC_12": 0.0, "FIC_01": 0.0, "FIC_02": 0.0, "FIC_03": 1.0, "FIC_04": 0.0, "FIC_05": 1.0, "FIC_06": 0.0, "FIC_07": 0.0, "FIC_08": 0.0, "FIC_09": 0.0, "FIC_10": 0.0, "FIC_11": 0.0, "FIC_12": 0.0, "SEMRED": 0, "DESCR": " ", "COD_ID": "db7f78b00b96c374d0193f68fcfcce25fd9f4b3fd4a42aa8edfae0a2cd8e9fff", "__layer": "UCBT_tab", "DEM_CONT": null, "DEM_01": null, "DEM_02": null, "DEM_03": null, "DEM_04": null, "DEM_05": null, "DEM_06": null, "DEM_07": null, "DEM_08": null, "DEM_09": null, "DEM_10": null, "DEM_11": null, "DEM_12": null }, "geometry": null },
{ "type": "Feature", "properties": { "DIST": 390, "PAC": "32948694739072447L", "RAMAL": "12295866S1", "PN_CON": "10970233", "UNI_TR_MT": "14364265", "CTMT": "JKU0106", "UNI_TR_AT": "DJKU-EQ-TR3", "SUB": "DJKU", "CONJ": 15813, "MUN": "3550308", "CEG_GD": " ", "BRR": "AV PRES JUSCELINO KUBITSCHEK 28 VILA NOVA CONCEICAO", "CEP": "04543-000", "CLAS_SUB": "CO1", "CNAE": "6391-7/00", "TIP_CC": "COM-Tipo02", "FAS_CON": "ABCN", "GRU_TEN": "BT", "TEN_FORN": "10", "GRU_TAR": "B3", "SIT_ATIV": "AT", "DAT_CON": "28/01/2003", "CAR_INST": 1243.8, "LIV": 0, "ARE_LOC": "UB", "TIP_SIST": "RD_INTERLIG", "ENE_01": 441.36, "ENE_02": 1034.64, "ENE_03": 1047.442, "ENE_04": 908.64, "ENE_05": 1014.84, "ENE_06": 763.56, "ENE_07": 656.66, "ENE_08": 487.29, "ENE_09": 795.42, "ENE_10": 907.02, "ENE_11": 506.26, "ENE_12": 814.52, "DIC_01": 0.0, "DIC_02": 0.0, "DIC_03": 6.07, "DIC_04": 0.0, "DIC_05": 1.33, "DIC_06": 0.0, "DIC_07": 0.0, "DIC_08": 0.0, "DIC_09": 0.0, "DIC_10": 0.0, "DIC_11": 0.0, "DIC_12": 0.0, "FIC_01": 0.0, "FIC_02": 0.0, "FIC_03": 1.0, "FIC_04": 0.0, "FIC_05": 1.0, "FIC_06": 0.0, "FIC_07": 0.0, "FIC_08": 0.0, "FIC_09": 0.0, "FIC_10": 0.0, "FIC_11": 0.0, "FIC_12": 0.0, "SEMRED": 0, "DESCR": " ", "COD_ID": "99237dcd82546969946a6dfa69c3a7baf9e755f39cf4f751b02b2715e50e987b", "__layer": "UCBT_tab", "DEM_CONT": null, "DEM_01": null, "DEM_02": null, "DEM_03": null, "DEM_04": null, "DEM_05": null, "DEM_06": null, "DEM_07": null, "DEM_08": null, "DEM_09": null, "DEM_10": null, "DEM_11": null, "DEM_12": null }, "geometry": null },
{ "type": "Feature", "properties": { "DIST": 390, "PAC": "32948694739072447L", "RAMAL": "12295866S1", "PN_CON": "10970233", "UNI_TR_MT": "14364265", "CTMT": "JKU0106", "UNI_TR_AT": "DJKU-EQ-TR3", "SUB": "DJKU", "CONJ": 15813, "MUN": "3550308", "CEG_GD": " ", "BRR": "AV PRES JUSCELINO KUBITSCHEK 28 VILA NOVA CONCEICAO", "CEP": "04543-000", "CLAS_SUB": "CO1", "CNAE": "4649-4/03", "TIP_CC": "COM-Tipo05", "FAS_CON": "ABCN", "GRU_TEN": "BT", "TEN_FORN": "10", "GRU_TAR": "B3", "SIT_ATIV": "AT", "DAT_CON": "28/01/2003", "CAR_INST": 1243.8, "LIV": 0, "ARE_LOC": "UB", "TIP_SIST": "RD_INTERLIG", "ENE_01": 1689.3, "ENE_02": 1593.0, "ENE_03": 1675.736, "ENE_04": 1606.32, "ENE_05": 1579.86, "ENE_06": 1164.96, "ENE_07": 987.94, "ENE_08": 775.08, "ENE_09": 1298.34, "ENE_10": 1415.16, "ENE_11": 824.86, "ENE_12": 1434.88, "DIC_01": 0.0, "DIC_02": 0.0, "DIC_03": 6.07, "DIC_04": 0.0, "DIC_05": 1.33, "DIC_06": 0.0, "DIC_07": 0.0, "DIC_08": 0.0, "DIC_09": 0.0, "DIC_10": 0.0, "DIC_11": 0.0, "DIC_12": 0.0, "FIC_01": 0.0, "FIC_02": 0.0, "FIC_03": 1.0, "FIC_04": 0.0, "FIC_05": 1.0, "FIC_06": 0.0, "FIC_07": 0.0, "FIC_08": 0.0, "FIC_09": 0.0, "FIC_10": 0.0, "FIC_11": 0.0, "FIC_12": 0.0, "SEMRED": 0, "DESCR": " ", "COD_ID": "e92ca3acc1b11310188227d7f9c29bd5bd6fa0ce048d79632381539246cd33f7", "__layer": "UCBT_tab", "DEM_CONT": null, "DEM_01": null, "DEM_02": null, "DEM_03": null, "DEM_04": null, "DEM_05": null, "DEM_06": null, "DEM_07": null, "DEM_08": null, "DEM_09": null, "DEM_10": null, "DEM_11": null, "DEM_12": null }, "geometry": null },
{ "type": "Feature", "properties": { "DIST": 390, "PAC": "32948694739072447L", "RAMAL": "12295866S1", "PN_CON": "10970233", "UNI_TR_MT": "14364265", "CTMT": "JKU0106", "UNI_TR_AT": "DJKU-EQ-TR3", "SUB": "DJKU", "CONJ": 15813, "MUN": "3550308", "CEG_GD": " ", "BRR": "AV PRES JUSCELINO KUBITSCHEK 28 VILA NOVA CONCEICAO", "CEP": "04543-000", "CLAS_SUB": "CO1", "CNAE": "9499-5/00", "TIP_CC": "COM-Tipo03", "FAS_CON": "ABN", "GRU_TEN": "BT", "TEN_FORN": "10", "GRU_TAR": "B3", "SIT_ATIV": "AT", "DAT_CON": "28/01/2003", "CAR_INST": 6.2, "LIV": 0, "ARE_LOC": "UB", "TIP_SIST": "RD_INTERLIG", "ENE_01": 2051.6, "ENE_02": 1489.8, "ENE_03": 1612.785, "ENE_04": 2037.0, "ENE_05": 2388.0, "ENE_06": 1315.8, "ENE_07": 1075.87, "ENE_08": 1021.14, "ENE_09": 1814.2, "ENE_10": 1776.0, "ENE_11": 1105.66, "ENE_12": 1738.14, "DIC_01": 0.0, "DIC_02": 0.0, "DIC_03": 6.07, "DIC_04": 0.0, "DIC_05": 1.33, "DIC_06": 0.0, "DIC_07": 0.0, "DIC_08": 0.0, "DIC_09": 0.0, "DIC_10": 0.0, "DIC_11": 0.0, "DIC_12": 0.0, "FIC_01": 0.0, "FIC_02": 0.0, "FIC_03": 1.0, "FIC_04": 0.0, "FIC_05": 1.0, "FIC_06": 0.0, "FIC_07": 0.0, "FIC_08": 0.0, "FIC_09": 0.0, "FIC_10": 0.0, "FIC_11": 0.0, "FIC_12": 0.0, "SEMRED": 0, "DESCR": " ", "COD_ID": "5d29fab70211697424611c225121634ad923adb26bc3303569e6298d6921a865", "__layer": "UCBT_tab", "DEM_CONT": null, "DEM_01": null, "DEM_02": null, "DEM_03": null, "DEM_04": null, "DEM_05": null, "DEM_06": null, "DEM_07": null, "DEM_08": null, "DEM_09": null, "DEM_10": null, "DEM_11": null, "DEM_12": null }, "geometry": null },
{ "type": "Feature", "properties": { "DIST": 390, "PAC": "32948694739072447L", "RAMAL": "12295866S1", "PN_CON": "10970233", "UNI_TR_MT": "14364265", "CTMT": "JKU0106", "UNI_TR_AT": "DJKU-EQ-TR3", "SUB": "DJKU", "CONJ": 15813, "MUN": "3550308", "CEG_GD": " ", "BRR": "AV PRES JUSCELINO KUBITSCHEK 28 VILA NOVA CONCEICAO", "CEP": "04543-000", "CLAS_SUB": "CO1", "CNAE": "6810-2/01", "TIP_CC": "COM-Tipo03", "FAS_CON": "ABCN", "GRU_TEN": "BT", "TEN_FORN": "10", "GRU_TAR": "B3", "SIT_ATIV": "AT", "DAT_CON": "24/04/2003", "CAR_INST": 29.6, "LIV": 0, "ARE_LOC": "UB", "TIP_SIST": "RD_INTERLIG", "ENE_01": 1111.23, "ENE_02": 505.98, "ENE_03": 1405.517, "ENE_04": 200.0, "ENE_05": 1651.86, "ENE_06": 1425.06, "ENE_07": 953.16, "ENE_08": 917.6, "ENE_09": 1485.36, "ENE_10": 1497.06, "ENE_11": 854.59, "ENE_12": 1280.65, "DIC_01": 0.0, "DIC_02": 0.0, "DIC_03": 6.07, "DIC_04": 0.0, "DIC_05": 1.33, "DIC_06": 0.0, "DIC_07": 0.0, "DIC_08": 0.0, "DIC_09": 0.0, "DIC_10": 0.0, "DIC_11": 0.0, "DIC_12": 0.0, "FIC_01": 0.0, "FIC_02": 0.0, "FIC_03": 1.0, "FIC_04": 0.0, "FIC_05": 1.0, "FIC_06": 0.0, "FIC_07": 0.0, "FIC_08": 0.0, "FIC_09": 0.0, "FIC_10": 0.0, "FIC_11": 0.0, "FIC_12": 0.0, "SEMRED": 0, "DESCR": " ", "COD_ID": "581f850a7c53b7399b4bf7d63d9df21859ab7d59c9fc4e7a30943c476e984117", "__layer": "UCBT_tab", "DEM_CONT": null, "DEM_01": null, "DEM_02": null, "DEM_03": null, "DEM_04": null, "DEM_05": null, "DEM_06": null, "DEM_07": null, "DEM_08": null, "DEM_09": null, "DEM_10": null, "DEM_11": null, "DEM_12": null }, "geometry": null },
{ "type": "Feature", "properties": { "DIST": 390, "PAC": "32948694739072447L", "RAMAL": "12295866S1", "PN_CON": "10970233", "UNI_TR_MT": "14364265", "CTMT": "JKU0106", "UNI_TR_AT": "DJKU-EQ-TR3", "SUB": "DJKU", "CONJ": 15813, "MUN": "3550308", "CEG_GD": " ", "BRR": "AV PRES JUSCELINO KUBITSCHEK 28 VILA NOVA CONCEICAO", "CEP": "04543-000", "CLAS_SUB": "CO1", "CNAE": "4681-8/01", "TIP_CC": "COM-Tipo03", "FAS_CON": "ABN", "GRU_TEN": "BT", "TEN_FORN": "10", "GRU_TAR": "B3", "SIT_ATIV": "AT", "DAT_CON": "24/04/2003", "CAR_INST": 19.5, "LIV": 0, "ARE_LOC": "UB", "TIP_SIST": "RD_INTERLIG", "ENE_01": 837.6, "ENE_02": 905.0, "ENE_03": 1109.685, "ENE_04": 922.8, "ENE_05": 1036.0, "ENE_06": 763.6, "ENE_07": 886.54, "ENE_08": 487.39, "ENE_09": 938.6, "ENE_10": 1021.4, "ENE_11": 565.81, "ENE_12": 1009.26, "DIC_01": 0.0, "DIC_02": 0.0, "DIC_03": 6.07, "DIC_04": 0.0, "DIC_05": 1.33, "DIC_06": 0.0, "DIC_07": 0.0, "DIC_08": 0.0, "DIC_09": 0.0, "DIC_10": 0.0, "DIC_11": 0.0, "DIC_12": 0.0, "FIC_01": 0.0, "FIC_02": 0.0, "FIC_03": 1.0, "FIC_04": 0.0, "FIC_05": 1.0, "FIC_06": 0.0, "FIC_07": 0.0, "FIC_08": 0.0, "FIC_09": 0.0, "FIC_10": 0.0, "FIC_11": 0.0, "FIC_12": 0.0, "SEMRED": 0, "DESCR": " ", "COD_ID": "5b79f5b2bdf2f968103717e1424fc8b99e9f6ff8cbd4520e921553385973172e", "__layer": "UCBT_tab", "DEM_CONT": null, "DEM_01": null, "DEM_02": null, "DEM_03": null, "DEM_04": null, "DEM_05": null, "DEM_06": null, "DEM_07": null, "DEM_08": null, "DEM_09": null, "DEM_10": null, "DEM_11": null, "DEM_12": null }, "geometry": null },
{ "type": "Feature", "properties": { "DIST": 390, "PAC": "32830445739009586L", "RAMAL": "12295093S1", "PN_CON": "10969556", "UNI_TR_MT": "14349961", "CTMT": "MOC0113", "UNI_TR_AT": "DMOC-EQ-TR2", "SUB": "DMOC", "CONJ": 15828, "MUN": "3550308", "CEG_GD": " ", "BRR": "AV PRES JUSCELINO KUBITSCHEK 1400 VILA NOVA CONCEICAO", "CEP": "04543-000", "CLAS_SUB": "CO1", "CNAE": "8211-3/00", "TIP_CC": "COM-Tipo02", "FAS_CON": "ABC", "GRU_TEN": "BT", "TEN_FORN": "10", "GRU_TAR": "B3", "SIT_ATIV": "AT", "DAT_CON": "30/04/2003", "CAR_INST": 52.0, "LIV": 0, "ARE_LOC": "UB", "TIP_SIST": "RD_INTERLIG", "ENE_01": 30.0, "ENE_02": 30.0, "ENE_03": 32.612, "ENE_04": 30.0, "ENE_05": 30.0, "ENE_06": 30.0, "ENE_07": 25.2, "ENE_08": 18.3, "ENE_09": 30.0, "ENE_10": 30.0, "ENE_11": 17.7, "ENE_12": 28.68, "DIC_01": 0.0, "DIC_02": 0.0, "DIC_03": 0.0, "DIC_04": 0.0, "DIC_05": 0.0, "DIC_06": 0.0, "DIC_07": 0.0, "DIC_08": 0.0, "DIC_09": 0.0, "DIC_10": 0.0, "DIC_11": 6.01, "DIC_12": 0.0, "FIC_01": 0.0, "FIC_02": 0.0, "FIC_03": 0.0, "FIC_04": 0.0, "FIC_05": 0.0, "FIC_06": 0.0, "FIC_07": 0.0, "FIC_08": 0.0, "FIC_09": 0.0, "FIC_10": 0.0, "FIC_11": 1.0, "FIC_12": 0.0, "SEMRED": 0, "DESCR": " ", "COD_ID": "8c3510562b486e7ec9b5534a396c26382231c677ba1a2642c795526d32248e57", "__layer": "UCBT_tab", "DEM_CONT": null, "DEM_01": null, "DEM_02": null, "DEM_03": null, "DEM_04": null, "DEM_05": null, "DEM_06": null, "DEM_07": null, "DEM_08": null, "DEM_09": null, "DEM_10": null, "DEM_11": null, "DEM_12": null }, "geometry": null },
{ "type": "Feature", "properties": { "DIST": 390, "PAC": "32830445739009586L", "RAMAL": "12295093S1", "PN_CON": "10969556", "UNI_TR_MT": "14349961", "CTMT": "MOC0113", "UNI_TR_AT": "DMOC-EQ-TR2", "SUB": "DMOC", "CONJ": 15828, "MUN": "3550308", "CEG_GD": " ", "BRR": "AV PRES JUSCELINO KUBITSCHEK 1400 VILA NOVA CONCEICAO", "CEP": "04543-000", "CLAS_SUB": "CO1", "CNAE": "4621-4/00", "TIP_CC": "COM-Tipo05", "FAS_CON": "ABCN", "GRU_TEN": "BT", "TEN_FORN": "10", "GRU_TAR": "B3", "SIT_ATIV": "AT", "DAT_CON": "30/04/2003", "CAR_INST": 52.0, "LIV": 0, "ARE_LOC": "UB", "TIP_SIST": "RD_INTERLIG", "ENE_01": 3069.0, "ENE_02": 3115.8, "ENE_03": 3436.017, "ENE_04": 2799.6, "ENE_05": 3475.2, "ENE_06": 3093.6, "ENE_07": 2507.9, "ENE_08": 1802.18, "ENE_09": 2960.4, "ENE_10": 3171.6, "ENE_11": 1670.17, "ENE_12": 2790.81, "DIC_01": 0.0, "DIC_02": 0.0, "DIC_03": 0.0, "DIC_04": 0.0, "DIC_05": 0.0, "DIC_06": 0.0, "DIC_07": 0.0, "DIC_08": 0.0, "DIC_09": 0.0, "DIC_10": 0.0, "DIC_11": 6.01, "DIC_12": 0.0, "FIC_01": 0.0, "FIC_02": 0.0, "FIC_03": 0.0, "FIC_04": 0.0, "FIC_05": 0.0, "FIC_06": 0.0, "FIC_07": 0.0, "FIC_08": 0.0, "FIC_09": 0.0, "FIC_10": 0.0, "FIC_11": 1.0, "FIC_12": 0.0, "SEMRED": 0, "DESCR": " ", "COD_ID": "9f19010101152954d07d4889d35e30bc972a132e208c0e2e5bc54f737b61b170", "__layer": "UCBT_tab", "DEM_CONT": null, "DEM_01": null, "DEM_02": null, "DEM_03": null, "DEM_04": null, "DEM_05": null, "DEM_06": null, "DEM_07": null, "DEM_08": null, "DEM_09": null, "DEM_10": null, "DEM_11": null, "DEM_12": null }, "geometry": null },
{ "type": "Feature", "properties": { "DIST": 390, "PAC": "32948694739072447L", "RAMAL": "12295866S1", "PN_CON": "10970233", "UNI_TR_MT": "14364265", "CTMT": "JKU0106", "UNI_TR_AT": "DJKU-EQ-TR3", "SUB": "DJKU", "CONJ": 15813, "MUN": "3550308", "CEG_GD": " ", "BRR": "AV PRES JUSCELINO KUBITSCHEK 28 VILA NOVA CONCEICAO", "CEP": "04543-000", "CLAS_SUB": "CO9", "CNAE": "4619-2/00", "TIP_CC": "COM-Tipo03", "FAS_CON": "ABCN", "GRU_TEN": "BT", "TEN_FORN": "10", "GRU_TAR": "B3", "SIT_ATIV": "AT", "DAT_CON": "01/07/2003", "CAR_INST": 13.1, "LIV": 0, "ARE_LOC": "UB", "TIP_SIST": "RD_INTERLIG", "ENE_01": 673.56, "ENE_02": 939.24, "ENE_03": 1098.502, "ENE_04": 1080.72, "ENE_05": 1179.36, "ENE_06": 869.04, "ENE_07": 726.36, "ENE_08": 546.15, "ENE_09": 863.64, "ENE_10": 912.78, "ENE_11": 506.68, "ENE_12": 911.43, "DIC_01": 0.0, "DIC_02": 0.0, "DIC_03": 6.07, "DIC_04": 0.0, "DIC_05": 1.33, "DIC_06": 0.0, "DIC_07": 0.0, "DIC_08": 0.0, "DIC_09": 0.0, "DIC_10": 0.0, "DIC_11": 0.0, "DIC_12": 0.0, "FIC_01": 0.0, "FIC_02": 0.0, "FIC_03": 1.0, "FIC_04": 0.0, "FIC_05": 1.0, "FIC_06": 0.0, "FIC_07": 0.0, "FIC_08": 0.0, "FIC_09": 0.0, "FIC_10": 0.0, "FIC_11": 0.0, "FIC_12": 0.0, "SEMRED": 0, "DESCR": " ", "COD_ID": "f6efc12df3b8d3c8890bb432262b499d83f5153e4c9f30830fbbe29c73f72c0f", "__layer": "UCBT_tab", "DEM_CONT": null, "DEM_01": null, "DEM_02": null, "DEM_03": null, "DEM_04": null, "DEM_05": null, "DEM_06": null, "DEM_07": null, "DEM_08": null, "DEM_09": null, "DEM_10": null, "DEM_11": null, "DEM_12": null }, "geometry": null },
{ "type": "Feature", "properties": { "DIST": 390, "PAC": "32830445739009586L", "RAMAL": "12295093S1", "PN_CON": "10969556", "UNI_TR_MT": "14349961", "CTMT": "MOC0113", "UNI_TR_AT": "DMOC-EQ-TR2", "SUB": "DMOC", "CONJ": 15828, "MUN": "3550308", "CEG_GD": " ", "BRR": "AV PRES JUSCELINO KUBITSCHEK 1400 VILA NOVA CONCEICAO", "CEP": "04543-000", "CLAS_SUB": "CO1", "CNAE": "5611-2/03", "TIP_CC": "COM-Tipo05", "FAS_CON": "ABCN", "GRU_TEN": "BT", "TEN_FORN": "10", "GRU_TAR": "B3", "SIT_ATIV": "AT", "DAT_CON": "27/10/2005", "CAR_INST": 43.4, "LIV": 0, "ARE_LOC": "UB", "TIP_SIST": "RD_INTERLIG", "ENE_01": 3941.14, "ENE_02": 5330.86, "ENE_03": 5008.35, "ENE_04": 4440.0, "ENE_05": 4476.0, "ENE_06": 3941.6, "ENE_07": 3023.33, "ENE_08": 2172.09, "ENE_09": 3519.2, "ENE_10": 4261.6, "ENE_11": 2577.59, "ENE_12": 3991.9, "DIC_01": 0.0, "DIC_02": 0.0, "DIC_03": 0.0, "DIC_04": 0.0, "DIC_05": 0.0, "DIC_06": 0.0, "DIC_07": 0.0, "DIC_08": 0.0, "DIC_09": 0.0, "DIC_10": 0.0, "DIC_11": 6.01, "DIC_12": 0.0, "FIC_01": 0.0, "FIC_02": 0.0, "FIC_03": 0.0, "FIC_04": 0.0, "FIC_05": 0.0, "FIC_06": 0.0, "FIC_07": 0.0, "FIC_08": 0.0, "FIC_09": 0.0, "FIC_10": 0.0, "FIC_11": 1.0, "FIC_12": 0.0, "SEMRED": 0, "DESCR": " ", "COD_ID": "d1b67f82bc052d9bfc8d02cbd27739434ca5ea6b8cc03499de75c41db803e172", "__layer": "UCBT_tab", "DEM_CONT": null, "DEM_01": null, "DEM_02": null, "DEM_03": null, "DEM_04": null, "DEM_05": null, "DEM_06": null, "DEM_07": null, "DEM_08": null, "DEM_09": null, "DEM_10": null, "DEM_11": null, "DEM_12": null }, "geometry": null },
{ "type": "Feature", "properties": { "DIST": 390, "PAC": "32830445739009586L", "RAMAL": "12295093S1", "PN_CON": "10969556", "UNI_TR_MT": "14349961", "CTMT": "MOC0113", "UNI_TR_AT": "DMOC-EQ-TR2", "SUB": "DMOC", "CONJ": 15828, "MUN": "3550308", "CEG_GD": " ", "BRR": "AV PRES JUSCELINO KUBITSCHEK 1400 VILA NOVA CONCEICAO", "CEP": "04543-000", "CLAS_SUB": "CO1", "CNAE": "6821-8/02", "TIP_CC": "COM-Tipo05", "FAS_CON": "ABCN", "GRU_TEN": "BT", "TEN_FORN": "10", "GRU_TAR": "B3", "SIT_ATIV": "AT", "DAT_CON": "18/12/2007", "CAR_INST": 52.0, "LIV": 0, "ARE_LOC": "UB", "TIP_SIST": "RD_INTERLIG", "ENE_01": 2628.0, "ENE_02": 2979.6, "ENE_03": 3223.38, "ENE_04": 3180.0, "ENE_05": 3408.0, "ENE_06": 2786.4, "ENE_07": 2590.56, "ENE_08": 1739.23, "ENE_09": 2912.4, "ENE_10": 3105.6, "ENE_11": 1760.8, "ENE_12": 2919.34, "DIC_01": 0.0, "DIC_02": 0.0, "DIC_03": 0.0, "DIC_04": 0.0, "DIC_05": 0.0, "DIC_06": 0.0, "DIC_07": 0.0, "DIC_08": 0.0, "DIC_09": 0.0, "DIC_10": 0.0, "DIC_11": 6.01, "DIC_12": 0.0, "FIC_01": 0.0, "FIC_02": 0.0, "FIC_03": 0.0, "FIC_04": 0.0, "FIC_05": 0.0, "FIC_06": 0.0, "FIC_07": 0.0, "FIC_08": 0.0, "FIC_09": 0.0, "FIC_10": 0.0, "FIC_11": 1.0, "FIC_12": 0.0, "SEMRED": 0, "DESCR": " ", "COD_ID": "02503ece0d91e850b49dac469ebb1dfba9b0eeeb690e3805e3c27934f9405f99", "__layer": "UCBT_tab", "DEM_CONT": null, "DEM_01": null, "DEM_02": null, "DEM_03": null, "DEM_04": null, "DEM_05": null, "DEM_06": null, "DEM_07": null, "DEM_08": null, "DEM_09": null, "DEM_10": null, "DEM_11": null, "DEM_12": null }, "geometry": null },
{ "type": "Feature", "properties": { "DIST": 390, "PAC": "32830445739009586L", "RAMAL": "12295093S1", "PN_CON": "10969556", "UNI_TR_MT": "14349961", "CTMT": "MOC0113", "UNI_TR_AT": "DMOC-EQ-TR2", "SUB": "DMOC", "CONJ": 15828, "MUN": "3550308", "CEG_GD": " ", "BRR": "AV PRES JUSCELINO KUBITSCHEK 1388 VILA NOVA CONCEICAO", "CEP": "04543-000", "CLAS_SUB": "CO1", "CNAE": "6204-0/00", "TIP_CC": "COM-Tipo01", "FAS_CON": "ABN", "GRU_TEN": "BT", "TEN_FORN": "10", "GRU_TAR": "B3", "SIT_ATIV": "AT", "DAT_CON": "18/12/2007", "CAR_INST": 2.6, "LIV": 0, "ARE_LOC": "UB", "TIP_SIST": "RD_INTERLIG", "ENE_01": 0.0, "ENE_02": 0.0, "ENE_03": 0.0, "ENE_04": 0.0, "ENE_05": 0.0, "ENE_06": 0.0, "ENE_07": 0.0, "ENE_08": 0.0, "ENE_09": 0.0, "ENE_10": 0.0, "ENE_11": 239.33, "ENE_12": 242.08, "DIC_01": 0.0, "DIC_02": 0.0, "DIC_03": 0.0, "DIC_04": 0.0, "DIC_05": 0.0, "DIC_06": 0.0, "DIC_07": 0.0, "DIC_08": 0.0, "DIC_09": 0.0, "DIC_10": 0.0, "DIC_11": 6.01, "DIC_12": 0.0, "FIC_01": 0.0, "FIC_02": 0.0, "FIC_03": 0.0, "FIC_04": 0.0, "FIC_05": 0.0, "FIC_06": 0.0, "FIC_07": 0.0, "FIC_08": 0.0, "FIC_09": 0.0, "FIC_10": 0.0, "FIC_11": 1.0, "FIC_12": 0.0, "SEMRED": 0, "DESCR": " ", "COD_ID": "7d297ce7ba7fd6a9ced1a1a2e5bb48d915772062879d2d4f8bebd69a0467c499", "__layer": "UCBT_tab", "DEM_CONT": null, "DEM_01": null, "DEM_02": null, "DEM_03": null, "DEM_04": null, "DEM_05": null, "DEM_06": null, "DEM_07": null, "DEM_08": null, "DEM_09": null, "DEM_10": null, "DEM_11": null, "DEM_12": null }, "geometry": null },
{ "type": "Feature", "properties": { "DIST": 390, "PAC": "32830445739009586L", "RAMAL": "12295093S1", "PN_CON": "10969556", "UNI_TR_MT": "14349961", "CTMT": "MOC0113", "UNI_TR_AT": "DMOC-EQ-TR2", "SUB": "DMOC", "CONJ": 15828, "MUN": "3550308", "CEG_GD": " ", "BRR": "AV PRES JUSCELINO KUBITSCHEK 1400 VILA NOVA CONCEICAO", "CEP": "04543-000", "CLAS_SUB": "CO1", "CNAE": "7020-4/00", "TIP_CC": "COM-Tipo04", "FAS_CON": "ABCN", "GRU_TEN": "BT", "TEN_FORN": "10", "GRU_TAR": "B3", "SIT_ATIV": "AT", "DAT_CON": "10/01/2008", "CAR_INST": 52.0, "LIV": 0, "ARE_LOC": "UB", "TIP_SIST": "RD_INTERLIG", "ENE_01": 3142.0, "ENE_02": 3274.4, "ENE_03": 3736.049, "ENE_04": 4041.6, "ENE_05": 4539.6, "ENE_06": 3937.2, "ENE_07": 3546.14, "ENE_08": 2531.26, "ENE_09": 4524.0, "ENE_10": 4525.2, "ENE_11": 2566.5, "ENE_12": 4191.96, "DIC_01": 0.0, "DIC_02": 0.0, "DIC_03": 0.0, "DIC_04": 0.0, "DIC_05": 0.0, "DIC_06": 0.0, "DIC_07": 0.0, "DIC_08": 0.0, "DIC_09": 0.0, "DIC_10": 0.0, "DIC_11": 6.01, "DIC_12": 0.0, "FIC_01": 0.0, "FIC_02": 0.0, "FIC_03": 0.0, "FIC_04": 0.0, "FIC_05": 0.0, "FIC_06": 0.0, "FIC_07": 0.0, "FIC_08": 0.0, "FIC_09": 0.0, "FIC_10": 0.0, "FIC_11": 1.0, "FIC_12": 0.0, "SEMRED": 0, "DESCR": " ", "COD_ID": "6a9fe94192219e50ba6b6cfa22135b2c3d404d405405b8ac80e3cd7cdc578602", "__layer": "UCBT_tab", "DEM_CONT": null, "DEM_01": null, "DEM_02": null, "DEM_03": null, "DEM_04": null, "DEM_05": null, "DEM_06": null, "DEM_07": null, "DEM_08": null, "DEM_09": null, "DEM_10": null, "DEM_11": null, "DEM_12": null }, "geometry": null },
{ "type": "Feature", "properties": { "DIST": 390, "PAC": "32855959739016084L", "RAMAL": "102537095S1", "PN_CON": "553706", "UNI_TR_MT": "14355246", "CTMT": "ITA0111", "UNI_TR_AT": "DITA-EQ-TR3", "SUB": "DITA", "CONJ": 15835, "MUN": "3550308", "CEG_GD": " ", "BRR": "AV PRES JUSCELINO KUBITSCHEK 1132 VILA NOVA CONCEICAO", "CEP": "04543-000", "CLAS_SUB": "RE1", "CNAE": " ", "TIP_CC": "RES-Tipo05", "FAS_CON": "AB", "GRU_TEN": "BT", "TEN_FORN": "10", "GRU_TAR": "B1", "SIT_ATIV": "AT", "DAT_CON": "10/01/2008", "CAR_INST": 35.0, "LIV": 0, "ARE_LOC": "UB", "TIP_SIST": "RD_INTERLIG", "ENE_01": 2527.86, "ENE_02": 6148.54, "ENE_03": 5528.0, "ENE_04": 5726.4, "ENE_05": 6366.4, "ENE_06": 4842.4, "ENE_07": 4906.4, "ENE_08": 4536.0, "ENE_09": 5280.0, "ENE_10": 5615.2, "ENE_11": 5090.4, "ENE_12": 4995.96, "DIC_01": 0.0, "DIC_02": 27.08, "DIC_03": 0.0, "DIC_04": 0.0, "DIC_05": 0.0, "DIC_06": 3.43, "DIC_07": 0.1, "DIC_08": 0.0, "DIC_09": 0.0, "DIC_10": 0.0, "DIC_11": 0.0, "DIC_12": 0.0, "FIC_01": 0.0, "FIC_02": 2.0, "FIC_03": 0.0, "FIC_04": 0.0, "FIC_05": 0.0, "FIC_06": 1.0, "FIC_07": 1.0, "FIC_08": 0.0, "FIC_09": 0.0, "FIC_10": 0.0, "FIC_11": 0.0, "FIC_12": 0.0, "SEMRED": 0, "DESCR": " ", "COD_ID": "1d8b364d2318267ab1f88060169f57019d3abff51856aea6175915edd3a4a72d", "__layer": "UCBT_tab", "DEM_CONT": null, "DEM_01": null, "DEM_02": null, "DEM_03": null, "DEM_04": null, "DEM_05": null, "DEM_06": null, "DEM_07": null, "DEM_08": null, "DEM_09": null, "DEM_10": null, "DEM_11": null, "DEM_12": null }, "geometry": null },
{ "type": "Feature", "properties": { "DIST": 390, "PAC": "32830445739009586L", "RAMAL": "12295093S1", "PN_CON": "10969556", "UNI_TR_MT": "14349961", "CTMT": "MOC0113", "UNI_TR_AT": "DMOC-EQ-TR2", "SUB": "DMOC", "CONJ": 15828, "MUN": "3550308", "CEG_GD": " ", "BRR": "AV PRES JUSCELINO KUBITSCHEK 1388 VILA NOVA CONCEICAO", "CEP": "04543-000", "CLAS_SUB": "CO1", "CNAE": "6810-2/02", "TIP_CC": "COM-Tipo04", "FAS_CON": "ABCN", "GRU_TEN": "BT", "TEN_FORN": "10", "GRU_TAR": "B3", "SIT_ATIV": "AT", "DAT_CON": "10/01/2008", "CAR_INST": 2.0, "LIV": 0, "ARE_LOC": "UB", "TIP_SIST": "RD_INTERLIG", "ENE_01": 5714.1, "ENE_02": 4807.5, "ENE_03": 5001.399, "ENE_04": 4728.0, "ENE_05": 5050.8, "ENE_06": 4770.0, "ENE_07": 4057.2, "ENE_08": 2966.06, "ENE_09": 4926.0, "ENE_10": 4780.8, "ENE_11": 2598.36, "ENE_12": 3952.13, "DIC_01": 0.0, "DIC_02": 0.0, "DIC_03": 0.0, "DIC_04": 0.0, "DIC_05": 0.0, "DIC_06": 0.0, "DIC_07": 0.0, "DIC_08": 0.0, "DIC_09": 0.0, "DIC_10": 0.0, "DIC_11": 6.01, "DIC_12": 0.0, "FIC_01": 0.0, "FIC_02": 0.0, "FIC_03": 0.0, "FIC_04": 0.0, "FIC_05": 0.0, "FIC_06": 0.0, "FIC_07": 0.0, "FIC_08": 0.0, "FIC_09": 0.0, "FIC_10": 0.0, "FIC_11": 1.0, "FIC_12": 0.0, "SEMRED": 0, "DESCR": " ", "COD_ID": "fdaa253597617c46b5bdcc85ebd1932acc8c3f06dc67c88d0c8e9a4ab47cd9d1", "__layer": "UCBT_tab", "DEM_CONT": null, "DEM_01": null, "DEM_02": null, "DEM_03": null, "DEM_04": null, "DEM_05": null, "DEM_06": null, "DEM_07": null, "DEM_08": null, "DEM_09": null, "DEM_10": null, "DEM_11": null, "DEM_12": null }, "geometry": null },
{ "type": "Feature", "properties": { "DIST": 390, "PAC": "32830445739009586L", "RAMAL": "12295093S1", "PN_CON": "10969556", "UNI_TR_MT": "14349961", "CTMT": "MOC0113", "UNI_TR_AT": "DMOC-EQ-TR2", "SUB": "DMOC", "CONJ": 15828, "MUN": "3550308", "CEG_GD": " ", "BRR": "AV PRES JUSCELINO KUBITSCHEK 1400 VILA NOVA CONCEICAO", "CEP": "04543-000", "CLAS_SUB": "CO1", "CNAE": "5611-2/03", "TIP_CC": "COM-Tipo01", "FAS_CON": "ABCN", "GRU_TEN": "BT", "TEN_FORN": "10", "GRU_TAR": "B3", "SIT_ATIV": "AT", "DAT_CON": "10/01/2008", "CAR_INST": 143.0, "LIV": 0, "ARE_LOC": "UB", "TIP_SIST": "RD_INTERLIG", "ENE_01": 17892.0, "ENE_02": 17769.6, "ENE_03": 20224.741, "ENE_04": 19836.0, "ENE_05": 19126.8, "ENE_06": 13903.2, "ENE_07": 12331.87, "ENE_08": 8162.53, "ENE_09": 14713.2, "ENE_10": 15555.6, "ENE_11": 9836.24, "ENE_12": 16985.89, "DIC_01": 0.0, "DIC_02": 0.0, "DIC_03": 0.0, "DIC_04": 0.0, "DIC_05": 0.0, "DIC_06": 0.0, "DIC_07": 0.0, "DIC_08": 0.0, "DIC_09": 0.0, "DIC_10": 0.0, "DIC_11": 6.01, "DIC_12": 0.0, "FIC_01": 0.0, "FIC_02": 0.0, "FIC_03": 0.0, "FIC_04": 0.0, "FIC_05": 0.0, "FIC_06": 0.0, "FIC_07": 0.0, "FIC_08": 0.0, "FIC_09": 0.0, "FIC_10": 0.0, "FIC_11": 1.0, "FIC_12": 0.0, "SEMRED": 0, "DESCR": " ", "COD_ID": "b7cc1fc4ea3bffd84e4ad15d03f02645288c826db09411faa8c2d45bbc6f1dd6", "__layer": "UCBT_tab", "DEM_CONT": null, "DEM_01": null, "DEM_02": null, "DEM_03": null, "DEM_04": null, "DEM_05": null, "DEM_06": null, "DEM_07": null, "DEM_08": null, "DEM_09": null, "DEM_10": null, "DEM_11": null, "DEM_12": null }, "geometry": null },
{ "type": "Feature", "properties": { "DIST": 390, "PAC": "32830445739009586L", "RAMAL": "12295093S1", "PN_CON": "10969556", "UNI_TR_MT": "14349961", "CTMT": "MOC0113", "UNI_TR_AT": "DMOC-EQ-TR2", "SUB": "DMOC", "CONJ": 15828, "MUN": "3550308", "CEG_GD": " ", "BRR": "AV PRES JUSCELINO KUBITSCHEK 1400 VILA NOVA CONCEICAO", "CEP": "04543-000", "CLAS_SUB": "CO1", "CNAE": "4623-1/99", "TIP_CC": "COM-Tipo05", "FAS_CON": "ABCN", "GRU_TEN": "BT", "TEN_FORN": "10", "GRU_TAR": "B3", "SIT_ATIV": "AT", "DAT_CON": "10/01/2008", "CAR_INST": 52.0, "LIV": 0, "ARE_LOC": "UB", "TIP_SIST": "RD_INTERLIG", "ENE_01": 2435.2, "ENE_02": 3617.6, "ENE_03": 2909.002, "ENE_04": 2403.6, "ENE_05": 2708.4, "ENE_06": 2775.6, "ENE_07": 2274.05, "ENE_08": 1579.66, "ENE_09": 2720.4, "ENE_10": 2856.0, "ENE_11": 1574.59, "ENE_12": 2532.62, "DIC_01": 0.0, "DIC_02": 0.0, "DIC_03": 0.0, "DIC_04": 0.0, "DIC_05": 0.0, "DIC_06": 0.0, "DIC_07": 0.0, "DIC_08": 0.0, "DIC_09": 0.0, "DIC_10": 0.0, "DIC_11": 6.01, "DIC_12": 0.0, "FIC_01": 0.0, "FIC_02": 0.0, "FIC_03": 0.0, "FIC_04": 0.0, "FIC_05": 0.0, "FIC_06": 0.0, "FIC_07": 0.0, "FIC_08": 0.0, "FIC_09": 0.0, "FIC_10": 0.0, "FIC_11": 1.0, "FIC_12": 0.0, "SEMRED": 0, "DESCR": " ", "COD_ID": "a12c57c6d23c596053c81dc2c1b08534ebb1cfa95d456f8db177c989dd3ca73b", "__layer": "UCBT_tab", "DEM_CONT": null, "DEM_01": null, "DEM_02": null, "DEM_03": null, "DEM_04": null, "DEM_05": null, "DEM_06": null, "DEM_07": null, "DEM_08": null, "DEM_09": null, "DEM_10": null, "DEM_11": null, "DEM_12": null }, "geometry": null },
{ "type": "Feature", "properties": { "DIST": 390, "PAC": "32830445739009586L", "RAMAL": "12295093S1", "PN_CON": "10969556", "UNI_TR_MT": "14349961", "CTMT": "MOC0113", "UNI_TR_AT": "DMOC-EQ-TR2", "SUB": "DMOC", "CONJ": 15828, "MUN": "3550308", "CEG_GD": " ", "BRR": "AV PRES JUSCELINO KUBITSCHEK 1388 VILA NOVA CONCEICAO", "CEP": "04543-000", "CLAS_SUB": "CO1", "CNAE": "6810-2/02", "TIP_CC": "COM-Tipo04", "FAS_CON": "ABCN", "GRU_TEN": "BT", "TEN_FORN": "10", "GRU_TAR": "B3", "SIT_ATIV": "AT", "DAT_CON": "10/01/2008", "CAR_INST": 52.0, "LIV": 0, "ARE_LOC": "UB", "TIP_SIST": "RD_INTERLIG", "ENE_01": 4278.98, "ENE_02": 4727.22, "ENE_03": 4326.971, "ENE_04": 3783.6, "ENE_05": 4345.2, "ENE_06": 3961.2, "ENE_07": 3518.93, "ENE_08": 2422.19, "ENE_09": 3974.4, "ENE_10": 3842.4, "ENE_11": 2177.81, "ENE_12": 3293.44, "DIC_01": 0.0, "DIC_02": 0.0, "DIC_03": 0.0, "DIC_04": 0.0, "DIC_05": 0.0, "DIC_06": 0.0, "DIC_07": 0.0, "DIC_08": 0.0, "DIC_09": 0.0, "DIC_10": 0.0, "DIC_11": 6.01, "DIC_12": 0.0, "FIC_01": 0.0, "FIC_02": 0.0, "FIC_03": 0.0, "FIC_04": 0.0, "FIC_05": 0.0, "FIC_06": 0.0, "FIC_07": 0.0, "FIC_08": 0.0, "FIC_09": 0.0, "FIC_10": 0.0, "FIC_11": 1.0, "FIC_12": 0.0, "SEMRED": 0, "DESCR": " ", "COD_ID": "bc22155f8f3f43da3ca6db2c3d9e13b899756d2894d9cc08d50661fea2317aca", "__layer": "UCBT_tab", "DEM_CONT": null, "DEM_01": null, "DEM_02": null, "DEM_03": null, "DEM_04": null, "DEM_05": null, "DEM_06": null, "DEM_07": null, "DEM_08": null, "DEM_09": null, "DEM_10": null, "DEM_11": null, "DEM_12": null }, "geometry": null },
{ "type": "Feature", "properties": { "DIST": 390, "PAC": "32830445739009586L", "RAMAL": "12295093S1", "PN_CON": "10969556", "UNI_TR_MT": "14349961", "CTMT": "MOC0113", "UNI_TR_AT": "DMOC-EQ-TR2", "SUB": "DMOC", "CONJ": 15828, "MUN": "3550308", "CEG_GD": " ", "BRR": "AV PRES JUSCELINO KUBITSCHEK 1388 VILA NOVA CONCEICAO", "CEP": "04543-000", "CLAS_SUB": "CO1", "CNAE": "6204-0/00", "TIP_CC": "COM-Tipo04", "FAS_CON": "ABCN", "GRU_TEN": "BT", "TEN_FORN": "10", "GRU_TAR": "B3", "SIT_ATIV": "AT", "DAT_CON": "11/01/2008", "CAR_INST": 19.5, "LIV": 0, "ARE_LOC": "UB", "TIP_SIST": "RD_INTERLIG", "ENE_01": 5706.5, "ENE_02": 7251.1, "ENE_03": 7506.011, "ENE_04": 3536.4, "ENE_05": 196.8, "ENE_06": 62.4, "ENE_07": 463.88, "ENE_08": 0.0, "ENE_09": 0.0, "ENE_10": 0.0, "ENE_11": 687.81, "ENE_12": 1360.43, "DIC_01": 0.0, "DIC_02": 0.0, "DIC_03": 0.0, "DIC_04": 0.0, "DIC_05": 0.0, "DIC_06": 0.0, "DIC_07": 0.0, "DIC_08": 0.0, "DIC_09": 0.0, "DIC_10": 0.0, "DIC_11": 6.01, "DIC_12": 0.0, "FIC_01": 0.0, "FIC_02": 0.0, "FIC_03": 0.0, "FIC_04": 0.0, "FIC_05": 0.0, "FIC_06": 0.0, "FIC_07": 0.0, "FIC_08": 0.0, "FIC_09": 0.0, "FIC_10": 0.0, "FIC_11": 1.0, "FIC_12": 0.0, "SEMRED": 0, "DESCR": " ", "COD_ID": "73547d3ff8c828e48baf2b4650b4cb2ee27c75c8aa89f88409251746898093e9", "__layer": "UCBT_tab", "DEM_CONT": null, "DEM_01": null, "DEM_02": null, "DEM_03": null, "DEM_04": null, "DEM_05": null, "DEM_06": null, "DEM_07": null, "DEM_08": null, "DEM_09": null, "DEM_10": null, "DEM_11": null, "DEM_12": null }, "geometry": null },
{ "type": "Feature", "properties": { "DIST": 390, "PAC": "32818366739004833L", "RAMAL": "8921335S1", "PN_CON": "542186", "UNI_TR_MT": "14349139", "CTMT": "MOC0113", "UNI_TR_AT": "DMOC-EQ-TR2", "SUB": "DMOC", "CONJ": 15828, "MUN": "3550308", "CEG_GD": " ", "BRR": "AV PRES JUSCELINO KUBITSCHEK 1544 VILA NOVA CONCEICAO", "CEP": "04543-000", "CLAS_SUB": "RE1", "CNAE": " ", "TIP_CC": "RES-Tipo05", "FAS_CON": "ABCN", "GRU_TEN": "BT", "TEN_FORN": "10", "GRU_TAR": "B1", "SIT_ATIV": "AT", "DAT_CON": "07/10/2008", "CAR_INST": 9.3, "LIV": 0, "ARE_LOC": "UB", "TIP_SIST": "RD_INTERLIG", "ENE_01": 476.82, "ENE_02": 1220.0, "ENE_03": 1377.0, "ENE_04": 1333.0, "ENE_05": 1443.0, "ENE_06": 1145.0, "ENE_07": 1061.0, "ENE_08": 1069.0, "ENE_09": 1288.0, "ENE_10": 1383.0, "ENE_11": 1279.0, "ENE_12": 1177.72, "DIC_01": 0.0, "DIC_02": 0.0, "DIC_03": 0.0, "DIC_04": 0.0, "DIC_05": 0.0, "DIC_06": 0.0, "DIC_07": 0.0, "DIC_08": 0.0, "DIC_09": 0.0, "DIC_10": 0.0, "DIC_11": 6.01, "DIC_12": 0.0, "FIC_01": 0.0, "FIC_02": 0.0, "FIC_03": 0.0, "FIC_04": 0.0, "FIC_05": 0.0, "FIC_06": 0.0, "FIC_07": 0.0, "FIC_08": 0.0, "FIC_09": 0.0, "FIC_10": 0.0, "FIC_11": 1.0, "FIC_12": 0.0, "SEMRED": 0, "DESCR": " ", "COD_ID": "c9632ab48afc4ef53a0f37d780ff55ee74fd48d8460004036e2f6f5e1d6aa677", "__layer": "UCBT_tab", "DEM_CONT": null, "DEM_01": null, "DEM_02": null, "DEM_03": null, "DEM_04": null, "DEM_05": null, "DEM_06": null, "DEM_07": null, "DEM_08": null, "DEM_09": null, "DEM_10": null, "DEM_11": null, "DEM_12": null }, "geometry": null },
{ "type": "Feature", "properties": { "DIST": 390, "PAC": "32919648739062255L", "RAMAL": "354922722S1", "PN_CON": "55041082", "UNI_TR_MT": "14358553", "CTMT": "JKU0108", "UNI_TR_AT": "DJKU-EQ-TR3", "SUB": "DJKU", "CONJ": 15813, "MUN": "3550308", "CEG_GD": " ", "BRR": "AV PRES JUSCELINO KUBITSCHEK 360 VILA NOVA CONCEICAO", "CEP": "04543-000", "CLAS_SUB": "CO1", "CNAE": "3513-1/00", "TIP_CC": "COM-Tipo05", "FAS_CON": "ABCN", "GRU_TEN": "BT", "TEN_FORN": "10", "GRU_TAR": "B3", "SIT_ATIV": "AT", "DAT_CON": "19/03/2009", "CAR_INST": 9.9, "LIV": 0, "ARE_LOC": "UB", "TIP_SIST": "RD_INTERLIG", "ENE_01": 2880.0, "ENE_02": 3360.0, "ENE_03": 6391.977, "ENE_04": 3280.0, "ENE_05": 3040.0, "ENE_06": 2760.0, "ENE_07": 2486.4, "ENE_08": 1952.0, "ENE_09": 3240.0, "ENE_10": 3200.0, "ENE_11": 1699.2, "ENE_12": 2754.09, "DIC_01": 0.0, "DIC_02": 0.0, "DIC_03": 0.0, "DIC_04": 0.0, "DIC_05": 0.0, "DIC_06": 0.0, "DIC_07": 0.0, "DIC_08": 0.0, "DIC_09": 0.0, "DIC_10": 1.4, "DIC_11": 0.0, "DIC_12": 0.0, "FIC_01": 0.0, "FIC_02": 0.0, "FIC_03": 0.0, "FIC_04": 0.0, "FIC_05": 0.0, "FIC_06": 0.0, "FIC_07": 0.0, "FIC_08": 0.0, "FIC_09": 0.0, "FIC_10": 2.0, "FIC_11": 0.0, "FIC_12": 0.0, "SEMRED": 0, "DESCR": " ", "COD_ID": "3f4a387e7bef93d1422e297bf2d3168221c22eb71f0900751393e021afbf49f8", "__layer": "UCBT_tab", "DEM_CONT": null, "DEM_01": null, "DEM_02": null, "DEM_03": null, "DEM_04": null, "DEM_05": null, "DEM_06": null, "DEM_07": null, "DEM_08": null, "DEM_09": null, "DEM_10": null, "DEM_11": null, "DEM_12": null }, "geometry": null },
{ "type": "Feature", "properties": { "DIST": 390, "PAC": "32919648739062255L", "RAMAL": "354922722S1", "PN_CON": "55041082", "UNI_TR_MT": "14358553", "CTMT": "JKU0108", "UNI_TR_AT": "DJKU-EQ-TR3", "SUB": "DJKU", "CONJ": 15813, "MUN": "3550308", "CEG_GD": " ", "BRR": "AV PRES JUSCELINO KUBITSCHEK 360 VILA NOVA CONCEICAO", "CEP": "04543-000", "CLAS_SUB": "CO1", "CNAE": "6911-7/01", "TIP_CC": "COM-Tipo03", "FAS_CON": "ABCN", "GRU_TEN": "BT", "TEN_FORN": "10", "GRU_TAR": "B3", "SIT_ATIV": "AT", "DAT_CON": "19/03/2009", "CAR_INST": 4.0, "LIV": 0, "ARE_LOC": "UB", "TIP_SIST": "RD_INTERLIG", "ENE_01": 2000.0, "ENE_02": 2200.0, "ENE_03": 2782.902, "ENE_04": 2760.0, "ENE_05": 2440.0, "ENE_06": 2000.0, "ENE_07": 2016.0, "ENE_08": 1537.2, "ENE_09": 2880.0, "ENE_10": 2840.0, "ENE_11": 1675.6, "ENE_12": 2562.84, "DIC_01": 0.0, "DIC_02": 0.0, "DIC_03": 0.0, "DIC_04": 0.0, "DIC_05": 0.0, "DIC_06": 0.0, "DIC_07": 0.0, "DIC_08": 0.0, "DIC_09": 0.0, "DIC_10": 1.4, "DIC_11": 0.0, "DIC_12": 0.0, "FIC_01": 0.0, "FIC_02": 0.0, "FIC_03": 0.0, "FIC_04": 0.0, "FIC_05": 0.0, "FIC_06": 0.0, "FIC_07": 0.0, "FIC_08": 0.0, "FIC_09": 0.0, "FIC_10": 2.0, "FIC_11": 0.0, "FIC_12": 0.0, "SEMRED": 0, "DESCR": " ", "COD_ID": "63819c85f2cb3e35227341828b2ecae9dbc345c07590255e84d9913387ea62b1", "__layer": "UCBT_tab", "DEM_CONT": null, "DEM_01": null, "DEM_02": null, "DEM_03": null, "DEM_04": null, "DEM_05": null, "DEM_06": null, "DEM_07": null, "DEM_08": null, "DEM_09": null, "DEM_10": null, "DEM_11": null, "DEM_12": null }, "geometry": null },
{ "type": "Feature", "properties": { "DIST": 390, "PAC": "32919648739062255L", "RAMAL": "354922722S1", "PN_CON": "55041082", "UNI_TR_MT": "14358553", "CTMT": "JKU0108", "UNI_TR_AT": "DJKU-EQ-TR3", "SUB": "DJKU", "CONJ": 15813, "MUN": "3550308", "CEG_GD": " ", "BRR": "AV PRES JUSCELINO KUBITSCHEK 360 VILA NOVA CONCEICAO", "CEP": "04543-000", "CLAS_SUB": "CO1", "CNAE": "6810-2/01", "TIP_CC": "COM-Tipo01", "FAS_CON": "ABCN", "GRU_TEN": "BT", "TEN_FORN": "10", "GRU_TAR": "B3", "SIT_ATIV": "AT", "DAT_CON": "19/03/2009", "CAR_INST": 40.7, "LIV": 0, "ARE_LOC": "UB", "TIP_SIST": "RD_INTERLIG", "ENE_01": 0.0, "ENE_02": 0.0, "ENE_03": 0.0, "ENE_04": 480.0, "ENE_05": 520.0, "ENE_06": 0.0, "ENE_07": 537.6, "ENE_08": 146.4, "ENE_09": 80.0, "ENE_10": 80.0, "ENE_11": 47.2, "ENE_12": 229.5, "DIC_01": 0.0, "DIC_02": 0.0, "DIC_03": 0.0, "DIC_04": 0.0, "DIC_05": 0.0, "DIC_06": 0.0, "DIC_07": 0.0, "DIC_08": 0.0, "DIC_09": 0.0, "DIC_10": 1.4, "DIC_11": 0.0, "DIC_12": 0.0, "FIC_01": 0.0, "FIC_02": 0.0, "FIC_03": 0.0, "FIC_04": 0.0, "FIC_05": 0.0, "FIC_06": 0.0, "FIC_07": 0.0, "FIC_08": 0.0, "FIC_09": 0.0, "FIC_10": 2.0, "FIC_11": 0.0, "FIC_12": 0.0, "SEMRED": 0, "DESCR": " ", "COD_ID": "6cdb017bb2cedc93e4a8b08ca41887d92102777c934aa1bab77ff62239fd3741", "__layer": "UCBT_tab", "DEM_CONT": null, "DEM_01": null, "DEM_02": null, "DEM_03": null, "DEM_04": null, "DEM_05": null, "DEM_06": null, "DEM_07": null, "DEM_08": null, "DEM_09": null, "DEM_10": null, "DEM_11": null, "DEM_12": null }, "geometry": null },
{ "type": "Feature", "properties": { "DIST": 390, "PAC": "32919648739062255L", "RAMAL": "354922722S1", "PN_CON": "55041082", "UNI_TR_MT": "14358553", "CTMT": "JKU0108", "UNI_TR_AT": "DJKU-EQ-TR3", "SUB": "DJKU", "CONJ": 15813, "MUN": "3550308", "CEG_GD": " ", "BRR": "AV PRES JUSCELINO KUBITSCHEK 360 VILA NOVA CONCEICAO", "CEP": "04543-000", "CLAS_SUB": "CO1", "CNAE": "6911-7/01", "TIP_CC": "COM-Tipo01", "FAS_CON": "ABCN", "GRU_TEN": "BT", "TEN_FORN": "10", "GRU_TAR": "B3", "SIT_ATIV": "AT", "DAT_CON": "19/03/2009", "CAR_INST": 2.6, "LIV": 0, "ARE_LOC": "UB", "TIP_SIST": "RD_INTERLIG", "ENE_01": 1440.0, "ENE_02": 1440.0, "ENE_03": 7131.186, "ENE_04": 2200.0, "ENE_05": 2240.0, "ENE_06": 2200.0, "ENE_07": 2150.4, "ENE_08": 1659.2, "ENE_09": 2240.0, "ENE_10": 2320.0, "ENE_11": 1250.8, "ENE_12": 2065.57, "DIC_01": 0.0, "DIC_02": 0.0, "DIC_03": 0.0, "DIC_04": 0.0, "DIC_05": 0.0, "DIC_06": 0.0, "DIC_07": 0.0, "DIC_08": 0.0, "DIC_09": 0.0, "DIC_10": 1.4, "DIC_11": 0.0, "DIC_12": 0.0, "FIC_01": 0.0, "FIC_02": 0.0, "FIC_03": 0.0, "FIC_04": 0.0, "FIC_05": 0.0, "FIC_06": 0.0, "FIC_07": 0.0, "FIC_08": 0.0, "FIC_09": 0.0, "FIC_10": 2.0, "FIC_11": 0.0, "FIC_12": 0.0, "SEMRED": 0, "DESCR": " ", "COD_ID": "d5c6b48b82740a495ca188fb7116d698f5c956f3c3d741ddf29a029be6acb46a", "__layer": "UCBT_tab", "DEM_CONT": null, "DEM_01": null, "DEM_02": null, "DEM_03": null, "DEM_04": null, "DEM_05": null, "DEM_06": null, "DEM_07": null, "DEM_08": null, "DEM_09": null, "DEM_10": null, "DEM_11": null, "DEM_12": null }, "geometry": null },
{ "type": "Feature", "properties": { "DIST": 390, "PAC": "32919648739062255L", "RAMAL": "354922722S1", "PN_CON": "55041082", "UNI_TR_MT": "14358553", "CTMT": "JKU0108", "UNI_TR_AT": "DJKU-EQ-TR3", "SUB": "DJKU", "CONJ": 15813, "MUN": "3550308", "CEG_GD": " ", "BRR": "AV PRES JUSCELINO KUBITSCHEK 360 VILA NOVA CONCEICAO", "CEP": "04543-000", "CLAS_SUB": "CO1", "CNAE": "6911-7/01", "TIP_CC": "COM-Tipo05", "FAS_CON": "ABCN", "GRU_TEN": "BT", "TEN_FORN": "10", "GRU_TAR": "B3", "SIT_ATIV": "AT", "DAT_CON": "19/03/2009", "CAR_INST": 42.3, "LIV": 0, "ARE_LOC": "UB", "TIP_SIST": "RD_INTERLIG", "ENE_01": 2960.0, "ENE_02": 3440.0, "ENE_03": 3826.49, "ENE_04": 3400.0, "ENE_05": 3920.0, "ENE_06": 2760.0, "ENE_07": 2217.6, "ENE_08": 1561.6, "ENE_09": 3080.0, "ENE_10": 2920.0, "ENE_11": 1840.8, "ENE_12": 2677.59, "DIC_01": 0.0, "DIC_02": 0.0, "DIC_03": 0.0, "DIC_04": 0.0, "DIC_05": 0.0, "DIC_06": 0.0, "DIC_07": 0.0, "DIC_08": 0.0, "DIC_09": 0.0, "DIC_10": 1.4, "DIC_11": 0.0, "DIC_12": 0.0, "FIC_01": 0.0, "FIC_02": 0.0, "FIC_03": 0.0, "FIC_04": 0.0, "FIC_05": 0.0, "FIC_06": 0.0, "FIC_07": 0.0, "FIC_08": 0.0, "FIC_09": 0.0, "FIC_10": 2.0, "FIC_11": 0.0, "FIC_12": 0.0, "SEMRED": 0, "DESCR": " ", "COD_ID": "b733e40ef0c59082d28c1523fad99952f19e4ec6831ae83630ca26d635107208", "__layer": "UCBT_tab", "DEM_CONT": null, "DEM_01": null, "DEM_02": null, "DEM_03": null, "DEM_04": null, "DEM_05": null, "DEM_06": null, "DEM_07": null, "DEM_08": null, "DEM_09": null, "DEM_10": null, "DEM_11": null, "DEM_12": null }, "geometry": null },
{ "type": "Feature", "properties": { "DIST": 390, "PAC": "32919648739062255L", "RAMAL": "354922722S1", "PN_CON": "55041082", "UNI_TR_MT": "14358553", "CTMT": "JKU0108", "UNI_TR_AT": "DJKU-EQ-TR3", "SUB": "DJKU", "CONJ": 15813, "MUN": "3550308", "CEG_GD": " ", "BRR": "AV PRES JUSCELINO KUBITSCHEK 360 VILA NOVA CONCEICAO", "CEP": "04543-000", "CLAS_SUB": "CO1", "CNAE": "6911-7/01", "TIP_CC": "COM-Tipo05", "FAS_CON": "ABCN", "GRU_TEN": "BT", "TEN_FORN": "10", "GRU_TAR": "B3", "SIT_ATIV": "AT", "DAT_CON": "19/03/2009", "CAR_INST": 42.3, "LIV": 0, "ARE_LOC": "UB", "TIP_SIST": "RD_INTERLIG", "ENE_01": 2240.0, "ENE_02": 2280.0, "ENE_03": 2435.039, "ENE_04": 1920.0, "ENE_05": 2160.0, "ENE_06": 1440.0, "ENE_07": 1243.2, "ENE_08": 927.2, "ENE_09": 2520.0, "ENE_10": 2000.0, "ENE_11": 1085.6, "ENE_12": 1912.56, "DIC_01": 0.0, "DIC_02": 0.0, "DIC_03": 0.0, "DIC_04": 0.0, "DIC_05": 0.0, "DIC_06": 0.0, "DIC_07": 0.0, "DIC_08": 0.0, "DIC_09": 0.0, "DIC_10": 1.4, "DIC_11": 0.0, "DIC_12": 0.0, "FIC_01": 0.0, "FIC_02": 0.0, "FIC_03": 0.0, "FIC_04": 0.0, "FIC_05": 0.0, "FIC_06": 0.0, "FIC_07": 0.0, "FIC_08": 0.0, "FIC_09": 0.0, "FIC_10": 2.0, "FIC_11": 0.0, "FIC_12": 0.0, "SEMRED": 0, "DESCR": " ", "COD_ID": "8a01e8f29f38bb70cbbbf2dfc9881ea7d2df3847a16c5bb37655488d31126f18", "__layer": "UCBT_tab", "DEM_CONT": null, "DEM_01": null, "DEM_02": null, "DEM_03": null, "DEM_04": null, "DEM_05": null, "DEM_06": null, "DEM_07": null, "DEM_08": null, "DEM_09": null, "DEM_10": null, "DEM_11": null, "DEM_12": null }, "geometry": null },
{ "type": "Feature", "properties": { "DIST": 390, "PAC": "32919648739062255L", "RAMAL": "354922722S1", "PN_CON": "55041082", "UNI_TR_MT": "14358553", "CTMT": "JKU0108", "UNI_TR_AT": "DJKU-EQ-TR3", "SUB": "DJKU", "CONJ": 15813, "MUN": "3550308", "CEG_GD": " ", "BRR": "AV PRES JUSCELINO KUBITSCHEK 360 VILA NOVA CONCEICAO", "CEP": "04543-000", "CLAS_SUB": "CO1", "CNAE": "4110-7/00", "TIP_CC": "COM-Tipo05", "FAS_CON": "ABN", "GRU_TEN": "BT", "TEN_FORN": "10", "GRU_TAR": "B3", "SIT_ATIV": "AT", "DAT_CON": "19/03/2009", "CAR_INST": 20.0, "LIV": 0, "ARE_LOC": "UB", "TIP_SIST": "RD_INTERLIG", "ENE_01": 2920.0, "ENE_02": 4880.0, "ENE_03": 5435.355, "ENE_04": 4840.0, "ENE_05": 5080.0, "ENE_06": 2680.0, "ENE_07": 1915.2, "ENE_08": 1293.2, "ENE_09": 3360.0, "ENE_10": 3600.0, "ENE_11": 1911.6, "ENE_12": 3174.86, "DIC_01": 0.0, "DIC_02": 0.0, "DIC_03": 0.0, "DIC_04": 0.0, "DIC_05": 0.0, "DIC_06": 0.0, "DIC_07": 0.0, "DIC_08": 0.0, "DIC_09": 0.0, "DIC_10": 1.4, "DIC_11": 0.0, "DIC_12": 0.0, "FIC_01": 0.0, "FIC_02": 0.0, "FIC_03": 0.0, "FIC_04": 0.0, "FIC_05": 0.0, "FIC_06": 0.0, "FIC_07": 0.0, "FIC_08": 0.0, "FIC_09": 0.0, "FIC_10": 2.0, "FIC_11": 0.0, "FIC_12": 0.0, "SEMRED": 0, "DESCR": " ", "COD_ID": "86897f1073541e832aec07b4d910d5a4f9f1d9a84fdcdade3ca0cd5a74cca012", "__layer": "UCBT_tab", "DEM_CONT": null, "DEM_01": null, "DEM_02": null, "DEM_03": null, "DEM_04": null, "DEM_05": null, "DEM_06": null, "DEM_07": null, "DEM_08": null, "DEM_09": null, "DEM_10": null, "DEM_11": null, "DEM_12": null }, "geometry": null },
{ "type": "Feature", "properties": { "DIST": 390, "PAC": "32830445739009586L", "RAMAL": "12295093S1", "PN_CON": "10969556", "UNI_TR_MT": "14349961", "CTMT": "MOC0113", "UNI_TR_AT": "DMOC-EQ-TR2", "SUB": "DMOC", "CONJ": 15828, "MUN": "3550308", "CEG_GD": " ", "BRR": "AV PRES JUSCELINO KUBITSCHEK 1400 VILA NOVA CONCEICAO", "CEP": "04543-000", "CLAS_SUB": "CO1", "CNAE": "6422-1/00", "TIP_CC": "COM-Tipo05", "FAS_CON": "ABN", "GRU_TEN": "BT", "TEN_FORN": "10", "GRU_TAR": "B3", "SIT_ATIV": "AT", "DAT_CON": "27/01/2010", "CAR_INST": 6.0, "LIV": 0, "ARE_LOC": "UB", "TIP_SIST": "RD_INTERLIG", "ENE_01": 3520.0, "ENE_02": 3720.0, "ENE_03": 4087.387, "ENE_04": 3800.0, "ENE_05": 3760.0, "ENE_06": 3880.0, "ENE_07": 2990.4, "ENE_08": 2440.0, "ENE_09": 4040.0, "ENE_10": 4520.0, "ENE_11": 2619.6, "ENE_12": 3901.63, "DIC_01": 0.0, "DIC_02": 0.0, "DIC_03": 0.0, "DIC_04": 0.0, "DIC_05": 0.0, "DIC_06": 0.0, "DIC_07": 0.0, "DIC_08": 0.0, "DIC_09": 0.0, "DIC_10": 0.0, "DIC_11": 0.0, "DIC_12": 0.0, "FIC_01": 0.0, "FIC_02": 0.0, "FIC_03": 0.0, "FIC_04": 0.0, "FIC_05": 0.0, "FIC_06": 0.0, "FIC_07": 0.0, "FIC_08": 0.0, "FIC_09": 0.0, "FIC_10": 0.0, "FIC_11": 0.0, "FIC_12": 0.0, "SEMRED": 0, "DESCR": " ", "COD_ID": "46b508be74ff31d4329250266d5156123a8b8b3906b9a8bb9988b49779bc0e8d", "__layer": "UCBT_tab", "DEM_CONT": null, "DEM_01": null, "DEM_02": null, "DEM_03": null, "DEM_04": null, "DEM_05": null, "DEM_06": null, "DEM_07": null, "DEM_08": null, "DEM_09": null, "DEM_10": null, "DEM_11": null, "DEM_12": null }, "geometry": null },
{ "type": "Feature", "properties": { "DIST": 390, "PAC": "32830445739009586L", "RAMAL": "12295093S1", "PN_CON": "10969556", "UNI_TR_MT": "14349961", "CTMT": "MOC0113", "UNI_TR_AT": "DMOC-EQ-TR2", "SUB": "DMOC", "CONJ": 15828, "MUN": "3550308", "CEG_GD": " ", "BRR": "AV PRES JUSCELINO KUBITSCHEK 1400 VILA NOVA CONCEICAO", "CEP": "04543-000", "CLAS_SUB": "CO1", "CNAE": "6422-1/00", "TIP_CC": "COM-Tipo05", "FAS_CON": "ABC", "GRU_TEN": "BT", "TEN_FORN": "10", "GRU_TAR": "B3", "SIT_ATIV": "AT", "DAT_CON": "27/01/2010", "CAR_INST": 27.4, "LIV": 0, "ARE_LOC": "UB", "TIP_SIST": "RD_INTERLIG", "ENE_01": 1680.0, "ENE_02": 1760.0, "ENE_03": 2087.176, "ENE_04": 1680.0, "ENE_05": 1480.0, "ENE_06": 1160.0, "ENE_07": 940.8, "ENE_08": 951.6, "ENE_09": 760.0, "ENE_10": 1120.0, "ENE_11": 660.8, "ENE_12": 1032.78, "DIC_01": 0.0, "DIC_02": 0.0, "DIC_03": 0.0, "DIC_04": 0.0, "DIC_05": 0.0, "DIC_06": 0.0, "DIC_07": 0.0, "DIC_08": 0.0, "DIC_09": 0.0, "DIC_10": 0.0, "DIC_11": 0.0, "DIC_12": 0.0, "FIC_01": 0.0, "FIC_02": 0.0, "FIC_03": 0.0, "FIC_04": 0.0, "FIC_05": 0.0, "FIC_06": 0.0, "FIC_07": 0.0, "FIC_08": 0.0, "FIC_09": 0.0, "FIC_10": 0.0, "FIC_11": 0.0, "FIC_12": 0.0, "SEMRED": 0, "DESCR": " ", "COD_ID": "40fca2a92bd72de5fbe9f12cc69d6c485061e7a8d2c3e610164e78c47356cf5d", "__layer": "UCBT_tab", "DEM_CONT": null, "DEM_01": null, "DEM_02": null, "DEM_03": null, "DEM_04": null, "DEM_05": null, "DEM_06": null, "DEM_07": null, "DEM_08": null, "DEM_09": null, "DEM_10": null, "DEM_11": null, "DEM_12": null }, "geometry": null },
{ "type": "Feature", "properties": { "DIST": 390, "PAC": "32826851739002308L", "RAMAL": "8929502S1", "PN_CON": "544880", "UNI_TR_MT": "14349756", "CTMT": "MOC0104", "UNI_TR_AT": "DMOC-EQ-TR1", "SUB": "DMOC", "CONJ": 15828, "MUN": "3550308", "CEG_GD": " ", "BRR": "AV PRES JUSCELINO KUBITSCHEK 1444 VILA NOVA CONCEICAO", "CEP": "04543-000", "CLAS_SUB": "RE1", "CNAE": " ", "TIP_CC": "RES-Tipo05", "FAS_CON": "ABCN", "GRU_TEN": "BT", "TEN_FORN": "10", "GRU_TAR": "B1", "SIT_ATIV": "AT", "DAT_CON": "20/05/2010", "CAR_INST": 28.4, "LIV": 0, "ARE_LOC": "UB", "TIP_SIST": "RD_INTERLIG", "ENE_01": 50.03, "ENE_02": 100.0, "ENE_03": 100.0, "ENE_04": 120.0, "ENE_05": 120.0, "ENE_06": 120.0, "ENE_07": 120.0, "ENE_08": 100.0, "ENE_09": 0.0, "ENE_10": 100.0, "ENE_11": 100.0, "ENE_12": 116.51, "DIC_01": 0.0, "DIC_02": 0.0, "DIC_03": 0.0, "DIC_04": 3.67, "DIC_05": 0.0, "DIC_06": 0.0, "DIC_07": 0.0, "DIC_08": 0.0, "DIC_09": 0.0, "DIC_10": 0.0, "DIC_11": 0.0, "DIC_12": 3.95, "FIC_01": 0.0, "FIC_02": 0.0, "FIC_03": 0.0, "FIC_04": 1.0, "FIC_05": 0.0, "FIC_06": 0.0, "FIC_07": 0.0, "FIC_08": 0.0, "FIC_09": 0.0, "FIC_10": 0.0, "FIC_11": 0.0, "FIC_12": 1.0, "SEMRED": 0, "DESCR": " ", "COD_ID": "575b4f1e0955091efa30e4e1a31494162e021408dcad8faa0039c1ad2ef6eecf", "__layer": "UCBT_tab", "DEM_CONT": null, "DEM_01": null, "DEM_02": null, "DEM_03": null, "DEM_04": null, "DEM_05": null, "DEM_06": null, "DEM_07": null, "DEM_08": null, "DEM_09": null, "DEM_10": null, "DEM_11": null, "DEM_12": null }, "geometry": null },
{ "type": "Feature", "properties": { "DIST": 390, "PAC": "32919648739062255L", "RAMAL": "354922722S1", "PN_CON": "55041082", "UNI_TR_MT": "14358553", "CTMT": "JKU0108", "UNI_TR_AT": "DJKU-EQ-TR3", "SUB": "DJKU", "CONJ": 15813, "MUN": "3550308", "CEG_GD": " ", "BRR": "AV PRES JUSCELINO KUBITSCHEK 360 VILA NOVA CONCEICAO", "CEP": "04543-000", "CLAS_SUB": "CO1", "CNAE": "8112-5/00", "TIP_CC": "COM-Tipo02", "FAS_CON": "ABCN", "GRU_TEN": "BT", "TEN_FORN": "10", "GRU_TAR": "B3", "SIT_ATIV": "AT", "DAT_CON": "19/03/2009", "CAR_INST": 58.5, "LIV": 0, "ARE_LOC": "UB", "TIP_SIST": "RD_INTERLIG", "ENE_01": 120.0, "ENE_02": 100.0, "ENE_03": 217.414, "ENE_04": 100.0, "ENE_05": 100.0, "ENE_06": 160.0, "ENE_07": 134.4, "ENE_08": 61.0, "ENE_09": 80.0, "ENE_10": 100.0, "ENE_11": 94.4, "ENE_12": 114.75, "DIC_01": 0.0, "DIC_02": 0.0, "DIC_03": 0.0, "DIC_04": 0.0, "DIC_05": 0.0, "DIC_06": 0.0, "DIC_07": 0.0, "DIC_08": 0.0, "DIC_09": 0.0, "DIC_10": 1.4, "DIC_11": 0.0, "DIC_12": 0.0, "FIC_01": 0.0, "FIC_02": 0.0, "FIC_03": 0.0, "FIC_04": 0.0, "FIC_05": 0.0, "FIC_06": 0.0, "FIC_07": 0.0, "FIC_08": 0.0, "FIC_09": 0.0, "FIC_10": 2.0, "FIC_11": 0.0, "FIC_12": 0.0, "SEMRED": 0, "DESCR": " ", "COD_ID": "bcd3863a2c07b24c4611cd525d921c2ce4a5c3682ac8c206b6435eab71e15fbc", "__layer": "UCBT_tab", "DEM_CONT": null, "DEM_01": null, "DEM_02": null, "DEM_03": null, "DEM_04": null, "DEM_05": null, "DEM_06": null, "DEM_07": null, "DEM_08": null, "DEM_09": null, "DEM_10": null, "DEM_11": null, "DEM_12": null }, "geometry": null },
{ "type": "Feature", "properties": { "DIST": 390, "PAC": "32925164739055945L", "RAMAL": "391742101S1", "PN_CON": "574590", "UNI_TR_MT": "14358855", "CTMT": "JKU0106", "UNI_TR_AT": "DJKU-EQ-TR3", "SUB": "DJKU", "CONJ": 15813, "MUN": "3550308", "CEG_GD": " ", "BRR": "AV PRES JUSCELINO KUBITSCHEK 360 VILA NOVA CONCEICAO", "CEP": "04543-000", "CLAS_SUB": "CO6", "CNAE": "6821-8/01", "TIP_CC": "COM-Tipo05", "FAS_CON": "ABN", "GRU_TEN": "BT", "TEN_FORN": "10", "GRU_TAR": "B3", "SIT_ATIV": "AT", "DAT_CON": "19/03/2009", "CAR_INST": 43.4, "LIV": 0, "ARE_LOC": "UB", "TIP_SIST": "RD_INTERLIG", "ENE_01": 5040.0, "ENE_02": 5120.0, "ENE_03": 6000.632, "ENE_04": 5840.0, "ENE_05": 4920.0, "ENE_06": 4000.0, "ENE_07": 3259.2, "ENE_08": 2318.0, "ENE_09": 4200.0, "ENE_10": 4720.0, "ENE_11": 2548.8, "ENE_12": 3786.88, "DIC_01": 0.0, "DIC_02": 0.0, "DIC_03": 0.0, "DIC_04": 0.0, "DIC_05": 1.33, "DIC_06": 0.0, "DIC_07": 0.0, "DIC_08": 0.0, "DIC_09": 0.0, "DIC_10": 0.0, "DIC_11": 0.0, "DIC_12": 0.0, "FIC_01": 0.0, "FIC_02": 0.0, "FIC_03": 0.0, "FIC_04": 0.0, "FIC_05": 1.0, "FIC_06": 0.0, "FIC_07": 0.0, "FIC_08": 0.0, "FIC_09": 0.0, "FIC_10": 0.0, "FIC_11": 0.0, "FIC_12": 0.0, "SEMRED": 0, "DESCR": " ", "COD_ID": "e31b847adf02b16504c25800032bc4d82da75497e601d04aa2523af31814b7a6", "__layer": "UCBT_tab", "DEM_CONT": null, "DEM_01": null, "DEM_02": null, "DEM_03": null, "DEM_04": null, "DEM_05": null, "DEM_06": null, "DEM_07": null, "DEM_08": null, "DEM_09": null, "DEM_10": null, "DEM_11": null, "DEM_12": null }, "geometry": null },
{ "type": "Feature", "properties": { "DIST": 390, "PAC": "32919648739062255L", "RAMAL": "354922722S1", "PN_CON": "55041082", "UNI_TR_MT": "14358553", "CTMT": "JKU0108", "UNI_TR_AT": "DJKU-EQ-TR3", "SUB": "DJKU", "CONJ": 15813, "MUN": "3550308", "CEG_GD": " ", "BRR": "AV PRES JUSCELINO KUBITSCHEK 360 VILA NOVA CONCEICAO", "CEP": "04543-000", "CLAS_SUB": "CO1", "CNAE": "4110-7/00", "TIP_CC": "COM-Tipo05", "FAS_CON": "ABCN", "GRU_TEN": "BT", "TEN_FORN": "10", "GRU_TAR": "B3", "SIT_ATIV": "AT", "DAT_CON": "19/03/2009", "CAR_INST": 43.4, "LIV": 0, "ARE_LOC": "UB", "TIP_SIST": "RD_INTERLIG", "ENE_01": 3800.0, "ENE_02": 5360.0, "ENE_03": 5435.355, "ENE_04": 5720.0, "ENE_05": 4640.0, "ENE_06": 4280.0, "ENE_07": 3057.6, "ENE_08": 2025.2, "ENE_09": 4360.0, "ENE_10": 4600.0, "ENE_11": 2548.8, "ENE_12": 3863.38, "DIC_01": 0.0, "DIC_02": 0.0, "DIC_03": 0.0, "DIC_04": 0.0, "DIC_05": 0.0, "DIC_06": 0.0, "DIC_07": 0.0, "DIC_08": 0.0, "DIC_09": 0.0, "DIC_10": 1.4, "DIC_11": 0.0, "DIC_12": 0.0, "FIC_01": 0.0, "FIC_02": 0.0, "FIC_03": 0.0, "FIC_04": 0.0, "FIC_05": 0.0, "FIC_06": 0.0, "FIC_07": 0.0, "FIC_08": 0.0, "FIC_09": 0.0, "FIC_10": 2.0, "FIC_11": 0.0, "FIC_12": 0.0, "SEMRED": 0, "DESCR": " ", "COD_ID": "736946298f38701910be380ae79e086170e770133198be1ca574a155ee67485e", "__layer": "UCBT_tab", "DEM_CONT": null, "DEM_01": null, "DEM_02": null, "DEM_03": null, "DEM_04": null, "DEM_05": null, "DEM_06": null, "DEM_07": null, "DEM_08": null, "DEM_09": null, "DEM_10": null, "DEM_11": null, "DEM_12": null }, "geometry": null },
{ "type": "Feature", "properties": { "DIST": 390, "PAC": "32925938739055399L", "RAMAL": "9013992S1", "PN_CON": "574590", "UNI_TR_MT": "14358855", "CTMT": "JKU0106", "UNI_TR_AT": "DJKU-EQ-TR3", "SUB": "DJKU", "CONJ": 15813, "MUN": "3550308", "CEG_GD": " ", "BRR": "AV PRES JUSCELINO KUBITSCHEK 360 VILA NOVA CONCEICAO", "CEP": "04543-000", "CLAS_SUB": "CO6", "CNAE": "4110-7/00", "TIP_CC": "COM-Tipo05", "FAS_CON": "ABN", "GRU_TEN": "BT", "TEN_FORN": "10", "GRU_TAR": "B3", "SIT_ATIV": "AT", "DAT_CON": "19/03/2009", "CAR_INST": 40.7, "LIV": 0, "ARE_LOC": "UB", "TIP_SIST": "RD_INTERLIG", "ENE_01": 3600.0, "ENE_02": 3760.0, "ENE_03": 4522.215, "ENE_04": 4080.0, "ENE_05": 3680.0, "ENE_06": 2800.0, "ENE_07": 2419.2, "ENE_08": 1805.6, "ENE_09": 3440.0, "ENE_10": 3760.0, "ENE_11": 2218.4, "ENE_12": 3366.11, "DIC_01": 0.0, "DIC_02": 0.0, "DIC_03": 0.0, "DIC_04": 0.0, "DIC_05": 1.33, "DIC_06": 0.0, "DIC_07": 0.0, "DIC_08": 0.0, "DIC_09": 0.0, "DIC_10": 0.0, "DIC_11": 0.0, "DIC_12": 0.0, "FIC_01": 0.0, "FIC_02": 0.0, "FIC_03": 0.0, "FIC_04": 0.0, "FIC_05": 1.0, "FIC_06": 0.0, "FIC_07": 0.0, "FIC_08": 0.0, "FIC_09": 0.0, "FIC_10": 0.0, "FIC_11": 0.0, "FIC_12": 0.0, "SEMRED": 0, "DESCR": " ", "COD_ID": "61fab9348ddfb1e82649e9c4aeec4b91e3903b5cf474b6ba1ea2267d222ff25a", "__layer": "UCBT_tab", "DEM_CONT": null, "DEM_01": null, "DEM_02": null, "DEM_03": null, "DEM_04": null, "DEM_05": null, "DEM_06": null, "DEM_07": null, "DEM_08": null, "DEM_09": null, "DEM_10": null, "DEM_11": null, "DEM_12": null }, "geometry": null },
{ "type": "Feature", "properties": { "DIST": 390, "PAC": "32918720739060825L", "RAMAL": "460984628S1", "PN_CON": "572671", "UNI_TR_MT": "14358485", "CTMT": "JKU0108", "UNI_TR_AT": "DJKU-EQ-TR3", "SUB": "DJKU", "CONJ": 15813, "MUN": "3550308", "CEG_GD": " ", "BRR": "AV PRES JUSCELINO KUBITSCHEK 360 VILA NOVA CONCEICAO", "CEP": "04543-000", "CLAS_SUB": "CO1", "CNAE": "5250-8/04", "TIP_CC": "COM-Tipo05", "FAS_CON": "CAN", "GRU_TEN": "BT", "TEN_FORN": "10", "GRU_TAR": "B3", "SIT_ATIV": "AT", "DAT_CON": "19/03/2009", "CAR_INST": 5.9, "LIV": 0, "ARE_LOC": "UB", "TIP_SIST": "RD_INTERLIG", "ENE_01": 1880.0, "ENE_02": 1960.0, "ENE_03": 2304.59, "ENE_04": 2000.0, "ENE_05": 1920.0, "ENE_06": 100.0, "ENE_07": 84.0, "ENE_08": 1073.6, "ENE_09": 1840.0, "ENE_10": 3080.0, "ENE_11": 1156.4, "ENE_12": 1721.31, "DIC_01": 0.0, "DIC_02": 0.0, "DIC_03": 0.0, "DIC_04": 0.0, "DIC_05": 1.33, "DIC_06": 0.0, "DIC_07": 0.0, "DIC_08": 0.0, "DIC_09": 0.0, "DIC_10": 1.4, "DIC_11": 0.0, "DIC_12": 0.0, "FIC_01": 0.0, "FIC_02": 0.0, "FIC_03": 0.0, "FIC_04": 0.0, "FIC_05": 1.0, "FIC_06": 0.0, "FIC_07": 0.0, "FIC_08": 0.0, "FIC_09": 0.0, "FIC_10": 2.0, "FIC_11": 0.0, "FIC_12": 0.0, "SEMRED": 0, "DESCR": " ", "COD_ID": "ed4c4e8afa51b66512cfbec3da055339ef53c3c4ab6f8385124bf8b82aa3d95f", "__layer": "UCBT_tab", "DEM_CONT": null, "DEM_01": null, "DEM_02": null, "DEM_03": null, "DEM_04": null, "DEM_05": null, "DEM_06": null, "DEM_07": null, "DEM_08": null, "DEM_09": null, "DEM_10": null, "DEM_11": null, "DEM_12": null }, "geometry": null },
{ "type": "Feature", "properties": { "DIST": 390, "PAC": "32918720739060825L", "RAMAL": "460984628S1", "PN_CON": "572671", "UNI_TR_MT": "14358485", "CTMT": "JKU0108", "UNI_TR_AT": "DJKU-EQ-TR3", "SUB": "DJKU", "CONJ": 15813, "MUN": "3550308", "CEG_GD": " ", "BRR": "AV PRES JUSCELINO KUBITSCHEK 360 VILA NOVA CONCEICAO", "CEP": "04543-000", "CLAS_SUB": "CO1", "CNAE": "6612-6/02", "TIP_CC": "COM-Tipo02", "FAS_CON": "CAN", "GRU_TEN": "BT", "TEN_FORN": "10", "GRU_TAR": "B3", "SIT_ATIV": "AT", "DAT_CON": "19/03/2009", "CAR_INST": 2.0, "LIV": 0, "ARE_LOC": "UB", "TIP_SIST": "RD_INTERLIG", "ENE_01": 120.0, "ENE_02": 120.0, "ENE_03": 11827.332, "ENE_04": 2280.0, "ENE_05": 2160.0, "ENE_06": 100.0, "ENE_07": 0.0, "ENE_08": 0.0, "ENE_09": 0.0, "ENE_10": 100.0, "ENE_11": 873.2, "ENE_12": 1415.3, "DIC_01": 0.0, "DIC_02": 0.0, "DIC_03": 0.0, "DIC_04": 0.0, "DIC_05": 1.33, "DIC_06": 0.0, "DIC_07": 0.0, "DIC_08": 0.0, "DIC_09": 0.0, "DIC_10": 1.4, "DIC_11": 0.0, "DIC_12": 0.0, "FIC_01": 0.0, "FIC_02": 0.0, "FIC_03": 0.0, "FIC_04": 0.0, "FIC_05": 1.0, "FIC_06": 0.0, "FIC_07": 0.0, "FIC_08": 0.0, "FIC_09": 0.0, "FIC_10": 2.0, "FIC_11": 0.0, "FIC_12": 0.0, "SEMRED": 0, "DESCR": " ", "COD_ID": "027a9ffad7f8b7e0551953500a86bb3312157e670055a68e1fa3c41cc7c6b03c", "__layer": "UCBT_tab", "DEM_CONT": null, "DEM_01": null, "DEM_02": null, "DEM_03": null, "DEM_04": null, "DEM_05": null, "DEM_06": null, "DEM_07": null, "DEM_08": null, "DEM_09": null, "DEM_10": null, "DEM_11": null, "DEM_12": null }, "geometry": null },
{ "type": "Feature", "properties": { "DIST": 390, "PAC": "32918720739060825L", "RAMAL": "460984628S1", "PN_CON": "572671", "UNI_TR_MT": "14358485", "CTMT": "JKU0108", "UNI_TR_AT": "DJKU-EQ-TR3", "SUB": "DJKU", "CONJ": 15813, "MUN": "3550308", "CEG_GD": " ", "BRR": "AV PRES JUSCELINO KUBITSCHEK 360 VILA NOVA CONCEICAO", "CEP": "04543-000", "CLAS_SUB": "CO1", "CNAE": "6630-4/00", "TIP_CC": "COM-Tipo05", "FAS_CON": "CAN", "GRU_TEN": "BT", "TEN_FORN": "10", "GRU_TAR": "B3", "SIT_ATIV": "AT", "DAT_CON": "19/03/2009", "CAR_INST": 6.3, "LIV": 0, "ARE_LOC": "UB", "TIP_SIST": "RD_INTERLIG", "ENE_01": 3281.0, "ENE_02": 3079.0, "ENE_03": 3407.968, "ENE_04": 2709.0, "ENE_05": 3044.0, "ENE_06": 2521.0, "ENE_07": 2035.32, "ENE_08": 1361.52, "ENE_09": 2574.0, "ENE_10": 2672.0, "ENE_11": 1666.16, "ENE_12": 2650.81, "DIC_01": 0.0, "DIC_02": 0.0, "DIC_03": 0.0, "DIC_04": 0.0, "DIC_05": 1.33, "DIC_06": 0.0, "DIC_07": 0.0, "DIC_08": 0.0, "DIC_09": 0.0, "DIC_10": 1.4, "DIC_11": 0.0, "DIC_12": 0.0, "FIC_01": 0.0, "FIC_02": 0.0, "FIC_03": 0.0, "FIC_04": 0.0, "FIC_05": 1.0, "FIC_06": 0.0, "FIC_07": 0.0, "FIC_08": 0.0, "FIC_09": 0.0, "FIC_10": 2.0, "FIC_11": 0.0, "FIC_12": 0.0, "SEMRED": 0, "DESCR": " ", "COD_ID": "786474f75d7065c0e26804395c7a4e3d17d1253308c42b0376109707bc8e0de6", "__layer": "UCBT_tab", "DEM_CONT": null, "DEM_01": null, "DEM_02": null, "DEM_03": null, "DEM_04": null, "DEM_05": null, "DEM_06": null, "DEM_07": null, "DEM_08": null, "DEM_09": null, "DEM_10": null, "DEM_11": null, "DEM_12": null }, "geometry": null },
{ "type": "Feature", "properties": { "DIST": 390, "PAC": "32919648739062255L", "RAMAL": "354922722S1", "PN_CON": "55041082", "UNI_TR_MT": "14358553", "CTMT": "JKU0108", "UNI_TR_AT": "DJKU-EQ-TR3", "SUB": "DJKU", "CONJ": 15813, "MUN": "3550308", "CEG_GD": " ", "BRR": "AV PRES JUSCELINO KUBITSCHEK 360 VILA NOVA CONCEICAO", "CEP": "04543-000", "CLAS_SUB": "IN", "CNAE": "2222-6/00", "TIP_CC": "IND-Tipo01", "FAS_CON": "ABCN", "GRU_TEN": "BT", "TEN_FORN": "10", "GRU_TAR": "B3", "SIT_ATIV": "AT", "DAT_CON": "19/03/2009", "CAR_INST": 40.7, "LIV": 0, "ARE_LOC": "UB", "TIP_SIST": "RD_INTERLIG", "ENE_01": 3080.0, "ENE_02": 3240.0, "ENE_03": 3400.0, "ENE_04": 3080.0, "ENE_05": 3200.0, "ENE_06": 1240.0, "ENE_07": 1080.0, "ENE_08": 1440.0, "ENE_09": 2800.0, "ENE_10": 3240.0, "ENE_11": 2680.0, "ENE_12": 2729.7, "DIC_01": 0.0, "DIC_02": 0.0, "DIC_03": 0.0, "DIC_04": 0.0, "DIC_05": 0.0, "DIC_06": 0.0, "DIC_07": 0.0, "DIC_08": 0.0, "DIC_09": 0.0, "DIC_10": 1.4, "DIC_11": 0.0, "DIC_12": 0.0, "FIC_01": 0.0, "FIC_02": 0.0, "FIC_03": 0.0, "FIC_04": 0.0, "FIC_05": 0.0, "FIC_06": 0.0, "FIC_07": 0.0, "FIC_08": 0.0, "FIC_09": 0.0, "FIC_10": 2.0, "FIC_11": 0.0, "FIC_12": 0.0, "SEMRED": 0, "DESCR": " ", "COD_ID": "b80f15070201541efa89140c712f8d6fe3a3d70907dbec6163c1cc97963173b2", "__layer": "UCBT_tab", "DEM_CONT": null, "DEM_01": null, "DEM_02": null, "DEM_03": null, "DEM_04": null, "DEM_05": null, "DEM_06": null, "DEM_07": null, "DEM_08": null, "DEM_09": null, "DEM_10": null, "DEM_11": null, "DEM_12": null }, "geometry": null },
{ "type": "Feature", "properties": { "DIST": 390, "PAC": "32919648739062255L", "RAMAL": "354922722S1", "PN_CON": "55041082", "UNI_TR_MT": "14358553", "CTMT": "JKU0108", "UNI_TR_AT": "DJKU-EQ-TR3", "SUB": "DJKU", "CONJ": 15813, "MUN": "3550308", "CEG_GD": " ", "BRR": "AV PRES JUSCELINO KUBITSCHEK 360 VILA NOVA CONCEICAO", "CEP": "04543-000", "CLAS_SUB": "CO9", "CNAE": "6463-8/00", "TIP_CC": "COM-Tipo05", "FAS_CON": "ABCN", "GRU_TEN": "BT", "TEN_FORN": "10", "GRU_TAR": "B3", "SIT_ATIV": "AT", "DAT_CON": "19/03/2009", "CAR_INST": 40.7, "LIV": 0, "ARE_LOC": "UB", "TIP_SIST": "RD_INTERLIG", "ENE_01": 3320.0, "ENE_02": 3640.0, "ENE_03": 3783.007, "ENE_04": 3720.0, "ENE_05": 3560.0, "ENE_06": 3280.0, "ENE_07": 3024.0, "ENE_08": 2537.6, "ENE_09": 4200.0, "ENE_10": 4600.0, "ENE_11": 2572.4, "ENE_12": 4169.39, "DIC_01": 0.0, "DIC_02": 0.0, "DIC_03": 0.0, "DIC_04": 0.0, "DIC_05": 0.0, "DIC_06": 0.0, "DIC_07": 0.0, "DIC_08": 0.0, "DIC_09": 0.0, "DIC_10": 1.4, "DIC_11": 0.0, "DIC_12": 0.0, "FIC_01": 0.0, "FIC_02": 0.0, "FIC_03": 0.0, "FIC_04": 0.0, "FIC_05": 0.0, "FIC_06": 0.0, "FIC_07": 0.0, "FIC_08": 0.0, "FIC_09": 0.0, "FIC_10": 2.0, "FIC_11": 0.0, "FIC_12": 0.0, "SEMRED": 0, "DESCR": " ", "COD_ID": "6c1829eca9d8d2dd0457e8f624e665adbb18f51f40da4d31f937a03b5b2fa7ec", "__layer": "UCBT_tab", "DEM_CONT": null, "DEM_01": null, "DEM_02": null, "DEM_03": null, "DEM_04": null, "DEM_05": null, "DEM_06": null, "DEM_07": null, "DEM_08": null, "DEM_09": null, "DEM_10": null, "DEM_11": null, "DEM_12": null }, "geometry": null },
{ "type": "Feature", "properties": { "DIST": 390, "PAC": "32919648739062255L", "RAMAL": "354922722S1", "PN_CON": "55041082", "UNI_TR_MT": "14358553", "CTMT": "JKU0108", "UNI_TR_AT": "DJKU-EQ-TR3", "SUB": "DJKU", "CONJ": 15813, "MUN": "3550308", "CEG_GD": " ", "BRR": "AV PRES JUSCELINO KUBITSCHEK 360 VILA NOVA CONCEICAO", "CEP": "04543-000", "CLAS_SUB": "CO1", "CNAE": "6462-0/00", "TIP_CC": "COM-Tipo03", "FAS_CON": "ABCN", "GRU_TEN": "BT", "TEN_FORN": "10", "GRU_TAR": "B3", "SIT_ATIV": "AT", "DAT_CON": "19/03/2009", "CAR_INST": 40.7, "LIV": 0, "ARE_LOC": "UB", "TIP_SIST": "RD_INTERLIG", "ENE_01": 800.0, "ENE_02": 1640.0, "ENE_03": 1695.831, "ENE_04": 1480.0, "ENE_05": 1240.0, "ENE_06": 640.0, "ENE_07": 571.2, "ENE_08": 341.6, "ENE_09": 960.0, "ENE_10": 1120.0, "ENE_11": 613.6, "ENE_12": 841.52, "DIC_01": 0.0, "DIC_02": 0.0, "DIC_03": 0.0, "DIC_04": 0.0, "DIC_05": 0.0, "DIC_06": 0.0, "DIC_07": 0.0, "DIC_08": 0.0, "DIC_09": 0.0, "DIC_10": 1.4, "DIC_11": 0.0, "DIC_12": 0.0, "FIC_01": 0.0, "FIC_02": 0.0, "FIC_03": 0.0, "FIC_04": 0.0, "FIC_05": 0.0, "FIC_06": 0.0, "FIC_07": 0.0, "FIC_08": 0.0, "FIC_09": 0.0, "FIC_10": 2.0, "FIC_11": 0.0, "FIC_12": 0.0, "SEMRED": 0, "DESCR": " ", "COD_ID": "4b2a12e095dbb19dd4f264d800bdf3edf087fbb6ef1c727c7ae2c7476c997927", "__layer": "UCBT_tab", "DEM_CONT": null, "DEM_01": null, "DEM_02": null, "DEM_03": null, "DEM_04": null, "DEM_05": null, "DEM_06": null, "DEM_07": null, "DEM_08": null, "DEM_09": null, "DEM_10": null, "DEM_11": null, "DEM_12": null }, "geometry": null },
{ "type": "Feature", "properties": { "DIST": 390, "PAC": "32919648739062255L", "RAMAL": "354922722S1", "PN_CON": "55041082", "UNI_TR_MT": "14358553", "CTMT": "JKU0108", "UNI_TR_AT": "DJKU-EQ-TR3", "SUB": "DJKU", "CONJ": 15813, "MUN": "3550308", "CEG_GD": " ", "BRR": "AV PRES JUSCELINO KUBITSCHEK 360 VILA NOVA CONCEICAO", "CEP": "04543-000", "CLAS_SUB": "CO1", "CNAE": "6462-0/00", "TIP_CC": "COM-Tipo05", "FAS_CON": "ABCN", "GRU_TEN": "BT", "TEN_FORN": "10", "GRU_TAR": "B3", "SIT_ATIV": "AT", "DAT_CON": "19/03/2009", "CAR_INST": 40.7, "LIV": 0, "ARE_LOC": "UB", "TIP_SIST": "RD_INTERLIG", "ENE_01": 3160.0, "ENE_02": 3560.0, "ENE_03": 3261.213, "ENE_04": 3280.0, "ENE_05": 3400.0, "ENE_06": 2440.0, "ENE_07": 2049.6, "ENE_08": 1390.8, "ENE_09": 2600.0, "ENE_10": 2760.0, "ENE_11": 1581.2, "ENE_12": 2754.09, "DIC_01": 0.0, "DIC_02": 0.0, "DIC_03": 0.0, "DIC_04": 0.0, "DIC_05": 0.0, "DIC_06": 0.0, "DIC_07": 0.0, "DIC_08": 0.0, "DIC_09": 0.0, "DIC_10": 1.4, "DIC_11": 0.0, "DIC_12": 0.0, "FIC_01": 0.0, "FIC_02": 0.0, "FIC_03": 0.0, "FIC_04": 0.0, "FIC_05": 0.0, "FIC_06": 0.0, "FIC_07": 0.0, "FIC_08": 0.0, "FIC_09": 0.0, "FIC_10": 2.0, "FIC_11": 0.0, "FIC_12": 0.0, "SEMRED": 0, "DESCR": " ", "COD_ID": "6bb022bb4c5a168c1953c1f8b6c67ab54ba123275a44ee2dec8b00f24c78f30a", "__layer": "UCBT_tab", "DEM_CONT": null, "DEM_01": null, "DEM_02": null, "DEM_03": null, "DEM_04": null, "DEM_05": null, "DEM_06": null, "DEM_07": null, "DEM_08": null, "DEM_09": null, "DEM_10": null, "DEM_11": null, "DEM_12": null }, "geometry": null },
{ "type": "Feature", "properties": { "DIST": 390, "PAC": "32918720739060825L", "RAMAL": "460984628S1", "PN_CON": "572671", "UNI_TR_MT": "14358485", "CTMT": "JKU0108", "UNI_TR_AT": "DJKU-EQ-TR3", "SUB": "DJKU", "CONJ": 15813, "MUN": "3550308", "CEG_GD": " ", "BRR": "AV PRES JUSCELINO KUBITSCHEK 360 VILA NOVA CONCEICAO", "CEP": "04543-000", "CLAS_SUB": "CO1", "CNAE": "4110-7/00", "TIP_CC": "COM-Tipo03", "FAS_CON": "CAN", "GRU_TEN": "BT", "TEN_FORN": "10", "GRU_TAR": "B3", "SIT_ATIV": "AT", "DAT_CON": "19/03/2009", "CAR_INST": 83.1, "LIV": 0, "ARE_LOC": "UB", "TIP_SIST": "RD_INTERLIG", "ENE_01": 2360.0, "ENE_02": 2360.0, "ENE_03": 7131.186, "ENE_04": 2800.0, "ENE_05": 2800.0, "ENE_06": 2800.0, "ENE_07": 84.0, "ENE_08": 1805.6, "ENE_09": 4200.0, "ENE_10": 2680.0, "ENE_11": 1699.2, "ENE_12": 2792.34, "DIC_01": 0.0, "DIC_02": 0.0, "DIC_03": 0.0, "DIC_04": 0.0, "DIC_05": 1.33, "DIC_06": 0.0, "DIC_07": 0.0, "DIC_08": 0.0, "DIC_09": 0.0, "DIC_10": 1.4, "DIC_11": 0.0, "DIC_12": 0.0, "FIC_01": 0.0, "FIC_02": 0.0, "FIC_03": 0.0, "FIC_04": 0.0, "FIC_05": 1.0, "FIC_06": 0.0, "FIC_07": 0.0, "FIC_08": 0.0, "FIC_09": 0.0, "FIC_10": 2.0, "FIC_11": 0.0, "FIC_12": 0.0, "SEMRED": 0, "DESCR": " ", "COD_ID": "98c041d4f93f9f9b9bb2c843a79ae4e150a7b215b70d43c4e9e685dc878dc4b2", "__layer": "UCBT_tab", "DEM_CONT": null, "DEM_01": null, "DEM_02": null, "DEM_03": null, "DEM_04": null, "DEM_05": null, "DEM_06": null, "DEM_07": null, "DEM_08": null, "DEM_09": null, "DEM_10": null, "DEM_11": null, "DEM_12": null }, "geometry": null },
{ "type": "Feature", "properties": { "DIST": 390, "PAC": "32919648739062255L", "RAMAL": "354922722S1", "PN_CON": "55041082", "UNI_TR_MT": "14358553", "CTMT": "JKU0108", "UNI_TR_AT": "DJKU-EQ-TR3", "SUB": "DJKU", "CONJ": 15813, "MUN": "3550308", "CEG_GD": " ", "BRR": "AV PRES JUSCELINO KUBITSCHEK 360 VILA NOVA CONCEICAO", "CEP": "04543-000", "CLAS_SUB": "CO1", "CNAE": "6911-7/01", "TIP_CC": "COM-Tipo03", "FAS_CON": "AN", "GRU_TEN": "BT", "TEN_FORN": "10", "GRU_TAR": "B3", "SIT_ATIV": "AT", "DAT_CON": "15/09/2010", "CAR_INST": 19.9, "LIV": 0, "ARE_LOC": "UB", "TIP_SIST": "RD_INTERLIG", "ENE_01": 1800.0, "ENE_02": 2160.0, "ENE_03": 2174.142, "ENE_04": 2680.0, "ENE_05": 1960.0, "ENE_06": 1720.0, "ENE_07": 1545.6, "ENE_08": 1171.2, "ENE_09": 1520.0, "ENE_10": 1640.0, "ENE_11": 920.4, "ENE_12": 1568.3, "DIC_01": 0.0, "DIC_02": 0.0, "DIC_03": 0.0, "DIC_04": 0.0, "DIC_05": 0.0, "DIC_06": 0.0, "DIC_07": 0.0, "DIC_08": 0.0, "DIC_09": 0.0, "DIC_10": 1.4, "DIC_11": 0.0, "DIC_12": 0.0, "FIC_01": 0.0, "FIC_02": 0.0, "FIC_03": 0.0, "FIC_04": 0.0, "FIC_05": 0.0, "FIC_06": 0.0, "FIC_07": 0.0, "FIC_08": 0.0, "FIC_09": 0.0, "FIC_10": 2.0, "FIC_11": 0.0, "FIC_12": 0.0, "SEMRED": 0, "DESCR": " ", "COD_ID": "c7a06539d56ac140ff23880d113060ea0e7f6e0859fb8c44aba64ff20b21ca2b", "__layer": "UCBT_tab", "DEM_CONT": null, "DEM_01": null, "DEM_02": null, "DEM_03": null, "DEM_04": null, "DEM_05": null, "DEM_06": null, "DEM_07": null, "DEM_08": null, "DEM_09": null, "DEM_10": null, "DEM_11": null, "DEM_12": null }, "geometry": null },
{ "type": "Feature", "properties": { "DIST": 390, "PAC": "32811553738995625L", "RAMAL": "8915745S1", "PN_CON": "540379", "UNI_TR_MT": "14349040", "CTMT": "MOC0113", "UNI_TR_AT": "DMOC-EQ-TR2", "SUB": "DMOC", "CONJ": 15828, "MUN": "3550308", "CEG_GD": " ", "BRR": "AV PRES JUSCELINO KUBITSCHEK 1600 VILA NOVA CONCEICAO", "CEP": "04543-000", "CLAS_SUB": "CO9", "CNAE": "8112-5/00", "TIP_CC": "COM-Tipo01", "FAS_CON": "ABN", "GRU_TEN": "BT", "TEN_FORN": "10", "GRU_TAR": "B3", "SIT_ATIV": "AT", "DAT_CON": "29/05/2012", "CAR_INST": 531.0, "LIV": 0, "ARE_LOC": "UB", "TIP_SIST": "RD_INTERLIG", "ENE_01": 20748.99, "ENE_02": 21302.21, "ENE_03": 21880.565, "ENE_04": 22297.6, "ENE_05": 22768.0, "ENE_06": 22905.6, "ENE_07": 19229.95, "ENE_08": 14573.63, "ENE_09": 23056.0, "ENE_10": 24419.2, "ENE_11": 13597.38, "ENE_12": 21374.85, "DIC_01": 0.0, "DIC_02": 0.0, "DIC_03": 0.0, "DIC_04": 0.0, "DIC_05": 0.0, "DIC_06": 0.0, "DIC_07": 0.0, "DIC_08": 0.0, "DIC_09": 0.0, "DIC_10": 0.0, "DIC_11": 0.0, "DIC_12": 0.0, "FIC_01": 0.0, "FIC_02": 0.0, "FIC_03": 0.0, "FIC_04": 0.0, "FIC_05": 0.0, "FIC_06": 0.0, "FIC_07": 0.0, "FIC_08": 0.0, "FIC_09": 0.0, "FIC_10": 0.0, "FIC_11": 0.0, "FIC_12": 0.0, "SEMRED": 0, "DESCR": " ", "COD_ID": "3c85f127296f4447fbabb511d8563bc85f741124d8dd487698d2b18b3b46d141", "__layer": "UCBT_tab", "DEM_CONT": null, "DEM_01": null, "DEM_02": null, "DEM_03": null, "DEM_04": null, "DEM_05": null, "DEM_06": null, "DEM_07": null, "DEM_08": null, "DEM_09": null, "DEM_10": null, "DEM_11": null, "DEM_12": null }, "geometry": null },
{ "type": "Feature", "properties": { "DIST": 390, "PAC": "32811553738995625L", "RAMAL": "8915745S1", "PN_CON": "540379", "UNI_TR_MT": "14349040", "CTMT": "MOC0113", "UNI_TR_AT": "DMOC-EQ-TR2", "SUB": "DMOC", "CONJ": 15828, "MUN": "3550308", "CEG_GD": " ", "BRR": "AV PRES JUSCELINO KUBITSCHEK 1600 VILA NOVA CONCEICAO", "CEP": "04543-000", "CLAS_SUB": "CO9", "CNAE": "6399-2/00", "TIP_CC": "COM-Tipo05", "FAS_CON": "ABN", "GRU_TEN": "BT", "TEN_FORN": "10", "GRU_TAR": "B3", "SIT_ATIV": "AT", "DAT_CON": "29/05/2012", "CAR_INST": 179.0, "LIV": 0, "ARE_LOC": "UB", "TIP_SIST": "RD_INTERLIG", "ENE_01": 2746.99, "ENE_02": 2110.61, "ENE_03": 2890.736, "ENE_04": 3158.4, "ENE_05": 2668.8, "ENE_06": 1478.4, "ENE_07": 1282.18, "ENE_08": 925.25, "ENE_09": 2812.8, "ENE_10": 2534.4, "ENE_11": 1869.12, "ENE_12": 3061.64, "DIC_01": 0.0, "DIC_02": 0.0, "DIC_03": 0.0, "DIC_04": 0.0, "DIC_05": 0.0, "DIC_06": 0.0, "DIC_07": 0.0, "DIC_08": 0.0, "DIC_09": 0.0, "DIC_10": 0.0, "DIC_11": 0.0, "DIC_12": 0.0, "FIC_01": 0.0, "FIC_02": 0.0, "FIC_03": 0.0, "FIC_04": 0.0, "FIC_05": 0.0, "FIC_06": 0.0, "FIC_07": 0.0, "FIC_08": 0.0, "FIC_09": 0.0, "FIC_10": 0.0, "FIC_11": 0.0, "FIC_12": 0.0, "SEMRED": 0, "DESCR": " ", "COD_ID": "4786aa40f41a963e99a3883941d4fe9b2ce6b4a515617aafd5583e388e4319fa", "__layer": "UCBT_tab", "DEM_CONT": null, "DEM_01": null, "DEM_02": null, "DEM_03": null, "DEM_04": null, "DEM_05": null, "DEM_06": null, "DEM_07": null, "DEM_08": null, "DEM_09": null, "DEM_10": null, "DEM_11": null, "DEM_12": null }, "geometry": null },
{ "type": "Feature", "properties": { "DIST": 390, "PAC": "32810870738996000L", "RAMAL": "158108587S1", "PN_CON": "540379", "UNI_TR_MT": "14349040", "CTMT": "MOC0113", "UNI_TR_AT": "DMOC-EQ-TR2", "SUB": "DMOC", "CONJ": 15828, "MUN": "3550308", "CEG_GD": " ", "BRR": "AV PRES JUSCELINO KUBITSCHEK 1600 VILA NOVA CONCEICAO", "CEP": "04543-000", "CLAS_SUB": "CO9", "CNAE": "6399-2/00", "TIP_CC": "COM-Tipo05", "FAS_CON": "ABN", "GRU_TEN": "BT", "TEN_FORN": "10", "GRU_TAR": "B3", "SIT_ATIV": "AT", "DAT_CON": "29/05/2012", "CAR_INST": 49.8, "LIV": 0, "ARE_LOC": "UB", "TIP_SIST": "RD_INTERLIG", "ENE_01": 4581.0, "ENE_02": 3745.0, "ENE_03": 4705.93, "ENE_04": 4239.0, "ENE_05": 3996.0, "ENE_06": 2797.0, "ENE_07": 2503.2, "ENE_08": 1965.42, "ENE_09": 3282.0, "ENE_10": 3370.0, "ENE_11": 1902.16, "ENE_12": 3414.89, "DIC_01": 0.0, "DIC_02": 0.0, "DIC_03": 0.0, "DIC_04": 0.0, "DIC_05": 0.0, "DIC_06": 0.0, "DIC_07": 0.0, "DIC_08": 0.0, "DIC_09": 0.0, "DIC_10": 0.0, "DIC_11": 0.0, "DIC_12": 0.0, "FIC_01": 0.0, "FIC_02": 0.0, "FIC_03": 0.0, "FIC_04": 0.0, "FIC_05": 0.0, "FIC_06": 0.0, "FIC_07": 0.0, "FIC_08": 0.0, "FIC_09": 0.0, "FIC_10": 0.0, "FIC_11": 0.0, "FIC_12": 0.0, "SEMRED": 0, "DESCR": " ", "COD_ID": "6acff1af102315d9e51d913031e5f478926ab82b885e344274e936775bd6e6e2", "__layer": "UCBT_tab", "DEM_CONT": null, "DEM_01": null, "DEM_02": null, "DEM_03": null, "DEM_04": null, "DEM_05": null, "DEM_06": null, "DEM_07": null, "DEM_08": null, "DEM_09": null, "DEM_10": null, "DEM_11": null, "DEM_12": null }, "geometry": null },
{ "type": "Feature", "properties": { "DIST": 390, "PAC": "32811160738995579L", "RAMAL": "102322107S1", "PN_CON": "540379", "UNI_TR_MT": "14349040", "CTMT": "MOC0113", "UNI_TR_AT": "DMOC-EQ-TR2", "SUB": "DMOC", "CONJ": 15828, "MUN": "3550308", "CEG_GD": " ", "BRR": "AV PRES JUSCELINO KUBITSCHEK 1600 VILA NOVA CONCEICAO", "CEP": "04543-000", "CLAS_SUB": "CO6", "CNAE": "6911-7/01", "TIP_CC": "COM-Tipo05", "FAS_CON": "AB", "GRU_TEN": "BT", "TEN_FORN": "10", "GRU_TAR": "B3", "SIT_ATIV": "AT", "DAT_CON": "29/05/2012", "CAR_INST": 49.8, "LIV": 0, "ARE_LOC": "UB", "TIP_SIST": "RD_INTERLIG", "ENE_01": 2339.0, "ENE_02": 2204.92, "ENE_03": 3216.462, "ENE_04": 2917.08, "ENE_05": 2840.94, "ENE_06": 2130.12, "ENE_07": 1573.54, "ENE_08": 1140.27, "ENE_09": 2093.22, "ENE_10": 2099.52, "ENE_11": 1221.83, "ENE_12": 1918.91, "DIC_01": 0.0, "DIC_02": 0.0, "DIC_03": 0.0, "DIC_04": 0.0, "DIC_05": 0.0, "DIC_06": 0.0, "DIC_07": 0.0, "DIC_08": 0.0, "DIC_09": 0.0, "DIC_10": 0.0, "DIC_11": 0.0, "DIC_12": 0.0, "FIC_01": 0.0, "FIC_02": 0.0, "FIC_03": 0.0, "FIC_04": 0.0, "FIC_05": 0.0, "FIC_06": 0.0, "FIC_07": 0.0, "FIC_08": 0.0, "FIC_09": 0.0, "FIC_10": 0.0, "FIC_11": 0.0, "FIC_12": 0.0, "SEMRED": 0, "DESCR": " ", "COD_ID": "b1bec950661418d0da4946bd66fdbf5b22d47c38d7d9b583a256f1ff909d2d14", "__layer": "UCBT_tab", "DEM_CONT": null, "DEM_01": null, "DEM_02": null, "DEM_03": null, "DEM_04": null, "DEM_05": null, "DEM_06": null, "DEM_07": null, "DEM_08": null, "DEM_09": null, "DEM_10": null, "DEM_11": null, "DEM_12": null }, "geometry": null },
{ "type": "Feature", "properties": { "DIST": 390, "PAC": "32810870738996000L", "RAMAL": "158108587S1", "PN_CON": "540379", "UNI_TR_MT": "14349040", "CTMT": "MOC0113", "UNI_TR_AT": "DMOC-EQ-TR2", "SUB": "DMOC", "CONJ": 15828, "MUN": "3550308", "CEG_GD": " ", "BRR": "AV PRES JUSCELINO KUBITSCHEK 1600 VILA NOVA CONCEICAO", "CEP": "04543-000", "CLAS_SUB": "CO9", "CNAE": "6399-2/00", "TIP_CC": "COM-Tipo04", "FAS_CON": "ABCN", "GRU_TEN": "BT", "TEN_FORN": "10", "GRU_TAR": "B3", "SIT_ATIV": "AT", "DAT_CON": "29/05/2012", "CAR_INST": 2.5, "LIV": 0, "ARE_LOC": "UB", "TIP_SIST": "RD_INTERLIG", "ENE_01": 4774.0, "ENE_02": 5524.88, "ENE_03": 5742.205, "ENE_04": 4838.22, "ENE_05": 4987.8, "ENE_06": 4526.64, "ENE_07": 3410.16, "ENE_08": 2472.26, "ENE_09": 4396.5, "ENE_10": 4522.5, "ENE_11": 2686.75, "ENE_12": 4471.45, "DIC_01": 0.0, "DIC_02": 0.0, "DIC_03": 0.0, "DIC_04": 0.0, "DIC_05": 0.0, "DIC_06": 0.0, "DIC_07": 0.0, "DIC_08": 0.0, "DIC_09": 0.0, "DIC_10": 0.0, "DIC_11": 0.0, "DIC_12": 0.0, "FIC_01": 0.0, "FIC_02": 0.0, "FIC_03": 0.0, "FIC_04": 0.0, "FIC_05": 0.0, "FIC_06": 0.0, "FIC_07": 0.0, "FIC_08": 0.0, "FIC_09": 0.0, "FIC_10": 0.0, "FIC_11": 0.0, "FIC_12": 0.0, "SEMRED": 0, "DESCR": " ", "COD_ID": "489f03b858bc03ed9bb10d73103aeac7175fd5e8c155fb7ea3c6e18366e39cbb", "__layer": "UCBT_tab", "DEM_CONT": null, "DEM_01": null, "DEM_02": null, "DEM_03": null, "DEM_04": null, "DEM_05": null, "DEM_06": null, "DEM_07": null, "DEM_08": null, "DEM_09": null, "DEM_10": null, "DEM_11": null, "DEM_12": null }, "geometry": null },
{ "type": "Feature", "properties": { "DIST": 390, "PAC": "32811299738996641L", "RAMAL": "102322111S1", "PN_CON": "540379", "UNI_TR_MT": "14349040", "CTMT": "MOC0113", "UNI_TR_AT": "DMOC-EQ-TR2", "SUB": "DMOC", "CONJ": 15828, "MUN": "3550308", "CEG_GD": " ", "BRR": "AV PRES JUSCELINO KUBITSCHEK 1600 VILA NOVA CONCEICAO", "CEP": "04543-000", "CLAS_SUB": "CO1", "CNAE": "4684-2/99", "TIP_CC": "COM-Tipo04", "FAS_CON": "AB", "GRU_TEN": "BT", "TEN_FORN": "10", "GRU_TAR": "B3", "SIT_ATIV": "AT", "DAT_CON": "29/05/2012", "CAR_INST": 49.8, "LIV": 0, "ARE_LOC": "UB", "TIP_SIST": "RD_INTERLIG", "ENE_01": 6592.0, "ENE_02": 5667.0, "ENE_03": 6286.531, "ENE_04": 5672.0, "ENE_05": 6836.0, "ENE_06": 4798.0, "ENE_07": 4119.36, "ENE_08": 2903.6, "ENE_09": 5475.0, "ENE_10": 5270.0, "ENE_11": 2810.76, "ENE_12": 5870.62, "DIC_01": 0.0, "DIC_02": 0.0, "DIC_03": 0.0, "DIC_04": 0.0, "DIC_05": 0.0, "DIC_06": 0.0, "DIC_07": 0.0, "DIC_08": 0.0, "DIC_09": 0.0, "DIC_10": 0.0, "DIC_11": 0.0, "DIC_12": 0.0, "FIC_01": 0.0, "FIC_02": 0.0, "FIC_03": 0.0, "FIC_04": 0.0, "FIC_05": 0.0, "FIC_06": 0.0, "FIC_07": 0.0, "FIC_08": 0.0, "FIC_09": 0.0, "FIC_10": 0.0, "FIC_11": 0.0, "FIC_12": 0.0, "SEMRED": 0, "DESCR": " ", "COD_ID": "e7cf5b739eed995d0859c39717b434f3b2f4e707873b594895007a6afc6ce686", "__layer": "UCBT_tab", "DEM_CONT": null, "DEM_01": null, "DEM_02": null, "DEM_03": null, "DEM_04": null, "DEM_05": null, "DEM_06": null, "DEM_07": null, "DEM_08": null, "DEM_09": null, "DEM_10": null, "DEM_11": null, "DEM_12": null }, "geometry": null },
{ "type": "Feature", "properties": { "DIST": 390, "PAC": "32810870738996000L", "RAMAL": "158108587S1", "PN_CON": "540379", "UNI_TR_MT": "14349040", "CTMT": "MOC0113", "UNI_TR_AT": "DMOC-EQ-TR2", "SUB": "DMOC", "CONJ": 15828, "MUN": "3550308", "CEG_GD": " ", "BRR": "AV PRES JUSCELINO KUBITSCHEK 1600 VILA NOVA CONCEICAO", "CEP": "04543-000", "CLAS_SUB": "CO9", "CNAE": "6399-2/00", "TIP_CC": "COM-Tipo04", "FAS_CON": "ABN", "GRU_TEN": "BT", "TEN_FORN": "10", "GRU_TAR": "B3", "SIT_ATIV": "AT", "DAT_CON": "29/05/2012", "CAR_INST": 49.8, "LIV": 0, "ARE_LOC": "UB", "TIP_SIST": "RD_INTERLIG", "ENE_01": 7649.0, "ENE_02": 6534.28, "ENE_03": 7599.73, "ENE_04": 6511.32, "ENE_05": 7222.86, "ENE_06": 5903.46, "ENE_07": 5177.09, "ENE_08": 3711.9, "ENE_09": 6408.18, "ENE_10": 6741.54, "ENE_11": 3870.78, "ENE_12": 6072.27, "DIC_01": 0.0, "DIC_02": 0.0, "DIC_03": 0.0, "DIC_04": 0.0, "DIC_05": 0.0, "DIC_06": 0.0, "DIC_07": 0.0, "DIC_08": 0.0, "DIC_09": 0.0, "DIC_10": 0.0, "DIC_11": 0.0, "DIC_12": 0.0, "FIC_01": 0.0, "FIC_02": 0.0, "FIC_03": 0.0, "FIC_04": 0.0, "FIC_05": 0.0, "FIC_06": 0.0, "FIC_07": 0.0, "FIC_08": 0.0, "FIC_09": 0.0, "FIC_10": 0.0, "FIC_11": 0.0, "FIC_12": 0.0, "SEMRED": 0, "DESCR": " ", "COD_ID": "3856e835acd920fd5ee4d21d12e621cc1edbca5b24c41b3082f87f8a15778211", "__layer": "UCBT_tab", "DEM_CONT": null, "DEM_01": null, "DEM_02": null, "DEM_03": null, "DEM_04": null, "DEM_05": null, "DEM_06": null, "DEM_07": null, "DEM_08": null, "DEM_09": null, "DEM_10": null, "DEM_11": null, "DEM_12": null }, "geometry": null },
{ "type": "Feature", "properties": { "DIST": 390, "PAC": "32810870738996000L", "RAMAL": "158108587S1", "PN_CON": "540379", "UNI_TR_MT": "14349040", "CTMT": "MOC0113", "UNI_TR_AT": "DMOC-EQ-TR2", "SUB": "DMOC", "CONJ": 15828, "MUN": "3550308", "CEG_GD": " ", "BRR": "AV PRES JUSCELINO KUBITSCHEK 1600 VILA NOVA CONCEICAO", "CEP": "04543-000", "CLAS_SUB": "CO9", "CNAE": "4511-1/03", "TIP_CC": "COM-Tipo05", "FAS_CON": "ABN", "GRU_TEN": "BT", "TEN_FORN": "10", "GRU_TAR": "B3", "SIT_ATIV": "AT", "DAT_CON": "29/05/2012", "CAR_INST": 49.8, "LIV": 0, "ARE_LOC": "UB", "TIP_SIST": "RD_INTERLIG", "ENE_01": 3068.0, "ENE_02": 4156.8, "ENE_03": 4539.823, "ENE_04": 4020.8, "ENE_05": 4151.2, "ENE_06": 2888.2, "ENE_07": 2185.34, "ENE_08": 1533.66, "ENE_09": 3024.8, "ENE_10": 3291.6, "ENE_11": 2048.24, "ENE_12": 3468.63, "DIC_01": 0.0, "DIC_02": 0.0, "DIC_03": 0.0, "DIC_04": 0.0, "DIC_05": 0.0, "DIC_06": 0.0, "DIC_07": 0.0, "DIC_08": 0.0, "DIC_09": 0.0, "DIC_10": 0.0, "DIC_11": 0.0, "DIC_12": 0.0, "FIC_01": 0.0, "FIC_02": 0.0, "FIC_03": 0.0, "FIC_04": 0.0, "FIC_05": 0.0, "FIC_06": 0.0, "FIC_07": 0.0, "FIC_08": 0.0, "FIC_09": 0.0, "FIC_10": 0.0, "FIC_11": 0.0, "FIC_12": 0.0, "SEMRED": 0, "DESCR": " ", "COD_ID": "e9b30c0745bc4d86cd943400f5a8059e215432a9a9e4c086138a75e93bd9389f", "__layer": "UCBT_tab", "DEM_CONT": null, "DEM_01": null, "DEM_02": null, "DEM_03": null, "DEM_04": null, "DEM_05": null, "DEM_06": null, "DEM_07": null, "DEM_08": null, "DEM_09": null, "DEM_10": null, "DEM_11": null, "DEM_12": null }, "geometry": null },
{ "type": "Feature", "properties": { "DIST": 390, "PAC": "32811059738996136L", "RAMAL": "102322113S1", "PN_CON": "540379", "UNI_TR_MT": "14349040", "CTMT": "MOC0113", "UNI_TR_AT": "DMOC-EQ-TR2", "SUB": "DMOC", "CONJ": 15828, "MUN": "3550308", "CEG_GD": " ", "BRR": "AV PRES JUSCELINO KUBITSCHEK 1600 VILA NOVA CONCEICAO", "CEP": "04543-000", "CLAS_SUB": "CO1", "CNAE": "6462-0/00", "TIP_CC": "COM-Tipo03", "FAS_CON": "AB", "GRU_TEN": "BT", "TEN_FORN": "10", "GRU_TAR": "B3", "SIT_ATIV": "AT", "DAT_CON": "29/05/2012", "CAR_INST": 49.8, "LIV": 0, "ARE_LOC": "UB", "TIP_SIST": "RD_INTERLIG", "ENE_01": 1499.0, "ENE_02": 1468.2, "ENE_03": 1970.86, "ENE_04": 1726.6, "ENE_05": 1738.0, "ENE_06": 1362.4, "ENE_07": 866.04, "ENE_08": 728.95, "ENE_09": 1127.2, "ENE_10": 1302.2, "ENE_11": 598.97, "ENE_12": 1117.7, "DIC_01": 0.0, "DIC_02": 0.0, "DIC_03": 0.0, "DIC_04": 0.0, "DIC_05": 0.0, "DIC_06": 0.0, "DIC_07": 0.0, "DIC_08": 0.0, "DIC_09": 0.0, "DIC_10": 0.0, "DIC_11": 0.0, "DIC_12": 0.0, "FIC_01": 0.0, "FIC_02": 0.0, "FIC_03": 0.0, "FIC_04": 0.0, "FIC_05": 0.0, "FIC_06": 0.0, "FIC_07": 0.0, "FIC_08": 0.0, "FIC_09": 0.0, "FIC_10": 0.0, "FIC_11": 0.0, "FIC_12": 0.0, "SEMRED": 0, "DESCR": " ", "COD_ID": "defb3d3a6c73a4c8914776e03bc7ab75d6e6055a1b96782e9c5db15f4c2dc60d", "__layer": "UCBT_tab", "DEM_CONT": null, "DEM_01": null, "DEM_02": null, "DEM_03": null, "DEM_04": null, "DEM_05": null, "DEM_06": null, "DEM_07": null, "DEM_08": null, "DEM_09": null, "DEM_10": null, "DEM_11": null, "DEM_12": null }, "geometry": null },
{ "type": "Feature", "properties": { "DIST": 390, "PAC": "32811802738996383L", "RAMAL": "102322108S1", "PN_CON": "540379", "UNI_TR_MT": "14349040", "CTMT": "MOC0113", "UNI_TR_AT": "DMOC-EQ-TR2", "SUB": "DMOC", "CONJ": 15828, "MUN": "3550308", "CEG_GD": " ", "BRR": "AV PRES JUSCELINO KUBITSCHEK 1600 VILA NOVA CONCEICAO", "CEP": "04543-000", "CLAS_SUB": "CO1", "CNAE": "4542-1/01", "TIP_CC": "COM-Tipo04", "FAS_CON": "ABN", "GRU_TEN": "BT", "TEN_FORN": "10", "GRU_TAR": "B3", "SIT_ATIV": "AT", "DAT_CON": "29/05/2012", "CAR_INST": 1.2, "LIV": 0, "ARE_LOC": "UB", "TIP_SIST": "RD_INTERLIG", "ENE_01": 6978.0, "ENE_02": 6228.78, "ENE_03": 8491.408, "ENE_04": 7268.76, "ENE_05": 7064.82, "ENE_06": 5837.58, "ENE_07": 5286.1, "ENE_08": 3458.7, "ENE_09": 6423.48, "ENE_10": 6581.52, "ENE_11": 3570.98, "ENE_12": 6341.13, "DIC_01": 0.0, "DIC_02": 0.0, "DIC_03": 0.0, "DIC_04": 0.0, "DIC_05": 0.0, "DIC_06": 0.0, "DIC_07": 0.0, "DIC_08": 0.0, "DIC_09": 0.0, "DIC_10": 0.0, "DIC_11": 0.0, "DIC_12": 0.0, "FIC_01": 0.0, "FIC_02": 0.0, "FIC_03": 0.0, "FIC_04": 0.0, "FIC_05": 0.0, "FIC_06": 0.0, "FIC_07": 0.0, "FIC_08": 0.0, "FIC_09": 0.0, "FIC_10": 0.0, "FIC_11": 0.0, "FIC_12": 0.0, "SEMRED": 0, "DESCR": " ", "COD_ID": "6976058453fce436a66b0b8a4998205887b6f317b969ce3ab905b37cfe66231c", "__layer": "UCBT_tab", "DEM_CONT": null, "DEM_01": null, "DEM_02": null, "DEM_03": null, "DEM_04": null, "DEM_05": null, "DEM_06": null, "DEM_07": null, "DEM_08": null, "DEM_09": null, "DEM_10": null, "DEM_11": null, "DEM_12": null }, "geometry": null },
{ "type": "Feature", "properties": { "DIST": 390, "PAC": "32810870738996000L", "RAMAL": "158108587S1", "PN_CON": "540379", "UNI_TR_MT": "14349040", "CTMT": "MOC0113", "UNI_TR_AT": "DMOC-EQ-TR2", "SUB": "DMOC", "CONJ": 15828, "MUN": "3550308", "CEG_GD": " ", "BRR": "AV PRES JUSCELINO KUBITSCHEK 1600 VILA NOVA CONCEICAO", "CEP": "04543-000", "CLAS_SUB": "CO1", "CNAE": "6612-6/05", "TIP_CC": "COM-Tipo05", "FAS_CON": "ABCN", "GRU_TEN": "BT", "TEN_FORN": "10", "GRU_TAR": "B3", "SIT_ATIV": "AT", "DAT_CON": "29/05/2012", "CAR_INST": 6.1, "LIV": 0, "ARE_LOC": "UB", "TIP_SIST": "RD_INTERLIG", "ENE_01": 452.0, "ENE_02": 3326.92, "ENE_03": 4598.508, "ENE_04": 4150.98, "ENE_05": 4019.4, "ENE_06": 2924.82, "ENE_07": 2497.82, "ENE_08": 1773.38, "ENE_09": 2876.76, "ENE_10": 3289.32, "ENE_11": 1762.81, "ENE_12": 3757.1, "DIC_01": 0.0, "DIC_02": 0.0, "DIC_03": 0.0, "DIC_04": 0.0, "DIC_05": 0.0, "DIC_06": 0.0, "DIC_07": 0.0, "DIC_08": 0.0, "DIC_09": 0.0, "DIC_10": 0.0, "DIC_11": 0.0, "DIC_12": 0.0, "FIC_01": 0.0, "FIC_02": 0.0, "FIC_03": 0.0, "FIC_04": 0.0, "FIC_05": 0.0, "FIC_06": 0.0, "FIC_07": 0.0, "FIC_08": 0.0, "FIC_09": 0.0, "FIC_10": 0.0, "FIC_11": 0.0, "FIC_12": 0.0, "SEMRED": 0, "DESCR": " ", "COD_ID": "0fae7b18473f1a847aa0ac9b778b3e70379b4353396b561974ab31756e7b33b0", "__layer": "UCBT_tab", "DEM_CONT": null, "DEM_01": null, "DEM_02": null, "DEM_03": null, "DEM_04": null, "DEM_05": null, "DEM_06": null, "DEM_07": null, "DEM_08": null, "DEM_09": null, "DEM_10": null, "DEM_11": null, "DEM_12": null }, "geometry": null },
{ "type": "Feature", "properties": { "DIST": 390, "PAC": "32811888738995994L", "RAMAL": "102322109S1", "PN_CON": "540379", "UNI_TR_MT": "14349040", "CTMT": "MOC0113", "UNI_TR_AT": "DMOC-EQ-TR2", "SUB": "DMOC", "CONJ": 15828, "MUN": "3550308", "CEG_GD": " ", "BRR": "AV PRES JUSCELINO KUBITSCHEK 1600 VILA NOVA CONCEICAO", "CEP": "04543-000", "CLAS_SUB": "CO1", "CNAE": "6630-4/00", "TIP_CC": "COM-Tipo02", "FAS_CON": "ABN", "GRU_TEN": "BT", "TEN_FORN": "10", "GRU_TAR": "B3", "SIT_ATIV": "AT", "DAT_CON": "29/05/2012", "CAR_INST": 14.3, "LIV": 0, "ARE_LOC": "UB", "TIP_SIST": "RD_INTERLIG", "ENE_01": 100.0, "ENE_02": 100.0, "ENE_03": 108.707, "ENE_04": 100.0, "ENE_05": 100.0, "ENE_06": 100.0, "ENE_07": 84.0, "ENE_08": 61.0, "ENE_09": 100.0, "ENE_10": 100.0, "ENE_11": 59.0, "ENE_12": 95.62, "DIC_01": 0.0, "DIC_02": 0.0, "DIC_03": 0.0, "DIC_04": 0.0, "DIC_05": 0.0, "DIC_06": 0.0, "DIC_07": 0.0, "DIC_08": 0.0, "DIC_09": 0.0, "DIC_10": 0.0, "DIC_11": 0.0, "DIC_12": 0.0, "FIC_01": 0.0, "FIC_02": 0.0, "FIC_03": 0.0, "FIC_04": 0.0, "FIC_05": 0.0, "FIC_06": 0.0, "FIC_07": 0.0, "FIC_08": 0.0, "FIC_09": 0.0, "FIC_10": 0.0, "FIC_11": 0.0, "FIC_12": 0.0, "SEMRED": 0, "DESCR": " ", "COD_ID": "298ee5f876991591b3df359973a2f28ed96432cd612b6e1801f4b2a36437ce24", "__layer": "UCBT_tab", "DEM_CONT": null, "DEM_01": null, "DEM_02": null, "DEM_03": null, "DEM_04": null, "DEM_05": null, "DEM_06": null, "DEM_07": null, "DEM_08": null, "DEM_09": null, "DEM_10": null, "DEM_11": null, "DEM_12": null }, "geometry": null },
{ "type": "Feature", "properties": { "DIST": 390, "PAC": "32810870738996000L", "RAMAL": "158108587S1", "PN_CON": "540379", "UNI_TR_MT": "14349040", "CTMT": "MOC0113", "UNI_TR_AT": "DMOC-EQ-TR2", "SUB": "DMOC", "CONJ": 15828, "MUN": "3550308", "CEG_GD": " ", "BRR": "AV PRES JUSCELINO KUBITSCHEK 1600 VILA NOVA CONCEICAO", "CEP": "04543-000", "CLAS_SUB": "CO1", "CNAE": "4636-2/02", "TIP_CC": "COM-Tipo05", "FAS_CON": "ABN", "GRU_TEN": "BT", "TEN_FORN": "10", "GRU_TAR": "B3", "SIT_ATIV": "AT", "DAT_CON": "29/05/2012", "CAR_INST": 49.8, "LIV": 0, "ARE_LOC": "UB", "TIP_SIST": "RD_INTERLIG", "ENE_01": 3665.0, "ENE_02": 3257.8, "ENE_03": 4086.432, "ENE_04": 3227.76, "ENE_05": 1675.26, "ENE_06": 1447.74, "ENE_07": 1190.1, "ENE_08": 937.47, "ENE_09": 3126.96, "ENE_10": 2888.1, "ENE_11": 1675.2, "ENE_12": 3479.97, "DIC_01": 0.0, "DIC_02": 0.0, "DIC_03": 0.0, "DIC_04": 0.0, "DIC_05": 0.0, "DIC_06": 0.0, "DIC_07": 0.0, "DIC_08": 0.0, "DIC_09": 0.0, "DIC_10": 0.0, "DIC_11": 0.0, "DIC_12": 0.0, "FIC_01": 0.0, "FIC_02": 0.0, "FIC_03": 0.0, "FIC_04": 0.0, "FIC_05": 0.0, "FIC_06": 0.0, "FIC_07": 0.0, "FIC_08": 0.0, "FIC_09": 0.0, "FIC_10": 0.0, "FIC_11": 0.0, "FIC_12": 0.0, "SEMRED": 0, "DESCR": " ", "COD_ID": "a9e5a862094f598de5ea9a24feb5be9e69835ba9e020b1648585850365ae3977", "__layer": "UCBT_tab", "DEM_CONT": null, "DEM_01": null, "DEM_02": null, "DEM_03": null, "DEM_04": null, "DEM_05": null, "DEM_06": null, "DEM_07": null, "DEM_08": null, "DEM_09": null, "DEM_10": null, "DEM_11": null, "DEM_12": null }, "geometry": null },
{ "type": "Feature", "properties": { "DIST": 390, "PAC": "32811553738995625L", "RAMAL": "8915745S1", "PN_CON": "540379", "UNI_TR_MT": "14349040", "CTMT": "MOC0113", "UNI_TR_AT": "DMOC-EQ-TR2", "SUB": "DMOC", "CONJ": 15828, "MUN": "3550308", "CEG_GD": " ", "BRR": "AV PRES JUSCELINO KUBITSCHEK 1600 VILA NOVA CONCEICAO", "CEP": "04543-000", "CLAS_SUB": "CO1", "CNAE": "6630-4/00", "TIP_CC": "COM-Tipo05", "FAS_CON": "ABN", "GRU_TEN": "BT", "TEN_FORN": "10", "GRU_TAR": "B3", "SIT_ATIV": "AT", "DAT_CON": "29/05/2012", "CAR_INST": 0.6, "LIV": 0, "ARE_LOC": "UB", "TIP_SIST": "RD_INTERLIG", "ENE_01": 3934.0, "ENE_02": 3576.0, "ENE_03": 4899.429, "ENE_04": 3640.0, "ENE_05": 3393.0, "ENE_06": 2999.0, "ENE_07": 2337.72, "ENE_08": 1669.57, "ENE_09": 3422.0, "ENE_10": 3805.0, "ENE_11": 2332.86, "ENE_12": 4007.78, "DIC_01": 0.0, "DIC_02": 0.0, "DIC_03": 0.0, "DIC_04": 0.0, "DIC_05": 0.0, "DIC_06": 0.0, "DIC_07": 0.0, "DIC_08": 0.0, "DIC_09": 0.0, "DIC_10": 0.0, "DIC_11": 0.0, "DIC_12": 0.0, "FIC_01": 0.0, "FIC_02": 0.0, "FIC_03": 0.0, "FIC_04": 0.0, "FIC_05": 0.0, "FIC_06": 0.0, "FIC_07": 0.0, "FIC_08": 0.0, "FIC_09": 0.0, "FIC_10": 0.0, "FIC_11": 0.0, "FIC_12": 0.0, "SEMRED": 0, "DESCR": " ", "COD_ID": "67bbd9298e300c0730e04a4c79f2b14df0db58beae3743e8423c7afcf4dc6f3b", "__layer": "UCBT_tab", "DEM_CONT": null, "DEM_01": null, "DEM_02": null, "DEM_03": null, "DEM_04": null, "DEM_05": null, "DEM_06": null, "DEM_07": null, "DEM_08": null, "DEM_09": null, "DEM_10": null, "DEM_11": null, "DEM_12": null }, "geometry": null },
{ "type": "Feature", "properties": { "DIST": 390, "PAC": "32811553738995625L", "RAMAL": "8915745S1", "PN_CON": "540379", "UNI_TR_MT": "14349040", "CTMT": "MOC0113", "UNI_TR_AT": "DMOC-EQ-TR2", "SUB": "DMOC", "CONJ": 15828, "MUN": "3550308", "CEG_GD": " ", "BRR": "AV PRES JUSCELINO KUBITSCHEK 1600 VILA NOVA CONCEICAO", "CEP": "04543-000", "CLAS_SUB": "CO1", "CNAE": "7020-4/00", "TIP_CC": "COM-Tipo05", "FAS_CON": "ABN", "GRU_TEN": "BT", "TEN_FORN": "10", "GRU_TAR": "B3", "SIT_ATIV": "AT", "DAT_CON": "29/05/2012", "CAR_INST": 49.8, "LIV": 0, "ARE_LOC": "UB", "TIP_SIST": "RD_INTERLIG", "ENE_01": 2443.0, "ENE_02": 3472.34, "ENE_03": 4952.284, "ENE_04": 4090.86, "ENE_05": 4632.66, "ENE_06": 3129.12, "ENE_07": 2652.05, "ENE_08": 1889.22, "ENE_09": 3397.14, "ENE_10": 3440.52, "ENE_11": 1924.98, "ENE_12": 3205.08, "DIC_01": 0.0, "DIC_02": 0.0, "DIC_03": 0.0, "DIC_04": 0.0, "DIC_05": 0.0, "DIC_06": 0.0, "DIC_07": 0.0, "DIC_08": 0.0, "DIC_09": 0.0, "DIC_10": 0.0, "DIC_11": 0.0, "DIC_12": 0.0, "FIC_01": 0.0, "FIC_02": 0.0, "FIC_03": 0.0, "FIC_04": 0.0, "FIC_05": 0.0, "FIC_06": 0.0, "FIC_07": 0.0, "FIC_08": 0.0, "FIC_09": 0.0, "FIC_10": 0.0, "FIC_11": 0.0, "FIC_12": 0.0, "SEMRED": 0, "DESCR": " ", "COD_ID": "4e3b836a29df427a1e2858359c7147185a290c3f3fb2ecb03792f11c365853e8", "__layer": "UCBT_tab", "DEM_CONT": null, "DEM_01": null, "DEM_02": null, "DEM_03": null, "DEM_04": null, "DEM_05": null, "DEM_06": null, "DEM_07": null, "DEM_08": null, "DEM_09": null, "DEM_10": null, "DEM_11": null, "DEM_12": null }, "geometry": null },
{ "type": "Feature", "properties": { "DIST": 390, "PAC": "32810870738996000L", "RAMAL": "158108587S1", "PN_CON": "540379", "UNI_TR_MT": "14349040", "CTMT": "MOC0113", "UNI_TR_AT": "DMOC-EQ-TR2", "SUB": "DMOC", "CONJ": 15828, "MUN": "3550308", "CEG_GD": " ", "BRR": "AV PRES JUSCELINO KUBITSCHEK 1600 VILA NOVA CONCEICAO", "CEP": "04543-000", "CLAS_SUB": "CO6", "CNAE": "6202-3/00", "TIP_CC": "COM-Tipo01", "FAS_CON": "ABN", "GRU_TEN": "BT", "TEN_FORN": "10", "GRU_TAR": "B3", "SIT_ATIV": "AT", "DAT_CON": "29/05/2012", "CAR_INST": 19.8, "LIV": 0, "ARE_LOC": "UB", "TIP_SIST": "RD_INTERLIG", "ENE_01": 0.0, "ENE_02": 0.0, "ENE_03": 0.0, "ENE_04": 982.2, "ENE_05": 1913.6, "ENE_06": 273.6, "ENE_07": 1172.98, "ENE_08": 927.81, "ENE_09": 50.0, "ENE_10": 4149.0, "ENE_11": 2211.91, "ENE_12": 3927.07, "DIC_01": 0.0, "DIC_02": 0.0, "DIC_03": 0.0, "DIC_04": 0.0, "DIC_05": 0.0, "DIC_06": 0.0, "DIC_07": 0.0, "DIC_08": 0.0, "DIC_09": 0.0, "DIC_10": 0.0, "DIC_11": 0.0, "DIC_12": 0.0, "FIC_01": 0.0, "FIC_02": 0.0, "FIC_03": 0.0, "FIC_04": 0.0, "FIC_05": 0.0, "FIC_06": 0.0, "FIC_07": 0.0, "FIC_08": 0.0, "FIC_09": 0.0, "FIC_10": 0.0, "FIC_11": 0.0, "FIC_12": 0.0, "SEMRED": 0, "DESCR": " ", "COD_ID": "45e60121f1d3d73e4833822fa7101440f7fb52be13d4e2b916f58b87055f8d11", "__layer": "UCBT_tab", "DEM_CONT": null, "DEM_01": null, "DEM_02": null, "DEM_03": null, "DEM_04": null, "DEM_05": null, "DEM_06": null, "DEM_07": null, "DEM_08": null, "DEM_09": null, "DEM_10": null, "DEM_11": null, "DEM_12": null }, "geometry": null },
{ "type": "Feature", "properties": { "DIST": 390, "PAC": "32810870738996000L", "RAMAL": "158108587S1", "PN_CON": "540379", "UNI_TR_MT": "14349040", "CTMT": "MOC0113", "UNI_TR_AT": "DMOC-EQ-TR2", "SUB": "DMOC", "CONJ": 15828, "MUN": "3550308", "CEG_GD": " ", "BRR": "AV PRES JUSCELINO KUBITSCHEK 1600 VILA NOVA CONCEICAO", "CEP": "04543-000", "CLAS_SUB": "CO1", "CNAE": "4644-3/01", "TIP_CC": "COM-Tipo03", "FAS_CON": "ABCN", "GRU_TEN": "BT", "TEN_FORN": "10", "GRU_TAR": "B3", "SIT_ATIV": "AT", "DAT_CON": "29/05/2012", "CAR_INST": 49.8, "LIV": 0, "ARE_LOC": "UB", "TIP_SIST": "RD_INTERLIG", "ENE_01": 3013.0, "ENE_02": 2364.68, "ENE_03": 3014.151, "ENE_04": 2426.94, "ENE_05": 2538.54, "ENE_06": 1404.0, "ENE_07": 1065.51, "ENE_08": 958.88, "ENE_09": 1857.6, "ENE_10": 2155.5, "ENE_11": 1343.22, "ENE_12": 2331.34, "DIC_01": 0.0, "DIC_02": 0.0, "DIC_03": 0.0, "DIC_04": 0.0, "DIC_05": 0.0, "DIC_06": 0.0, "DIC_07": 0.0, "DIC_08": 0.0, "DIC_09": 0.0, "DIC_10": 0.0, "DIC_11": 0.0, "DIC_12": 0.0, "FIC_01": 0.0, "FIC_02": 0.0, "FIC_03": 0.0, "FIC_04": 0.0, "FIC_05": 0.0, "FIC_06": 0.0, "FIC_07": 0.0, "FIC_08": 0.0, "FIC_09": 0.0, "FIC_10": 0.0, "FIC_11": 0.0, "FIC_12": 0.0, "SEMRED": 0, "DESCR": " ", "COD_ID": "718a45ba0dd048121fe52b79308d4501220600d6cfd7ae7b7340ceaed54e077b", "__layer": "UCBT_tab", "DEM_CONT": null, "DEM_01": null, "DEM_02": null, "DEM_03": null, "DEM_04": null, "DEM_05": null, "DEM_06": null, "DEM_07": null, "DEM_08": null, "DEM_09": null, "DEM_10": null, "DEM_11": null, "DEM_12": null }, "geometry": null },
{ "type": "Feature", "properties": { "DIST": 390, "PAC": "32811939738996354L", "RAMAL": "102322105S1", "PN_CON": "540379", "UNI_TR_MT": "14349040", "CTMT": "MOC0113", "UNI_TR_AT": "DMOC-EQ-TR2", "SUB": "DMOC", "CONJ": 15828, "MUN": "3550308", "CEG_GD": " ", "BRR": "AV PRES JUSCELINO KUBITSCHEK 1600 VILA NOVA CONCEICAO", "CEP": "04543-000", "CLAS_SUB": "CO1", "CNAE": "4120-4/00", "TIP_CC": "COM-Tipo04", "FAS_CON": "BCN", "GRU_TEN": "BT", "TEN_FORN": "10", "GRU_TAR": "B3", "SIT_ATIV": "AT", "DAT_CON": "29/05/2012", "CAR_INST": 9.3, "LIV": 0, "ARE_LOC": "UB", "TIP_SIST": "RD_INTERLIG", "ENE_01": 6970.0, "ENE_02": 7493.0, "ENE_03": 6130.817, "ENE_04": 6501.96, "ENE_05": 6795.9, "ENE_06": 5699.34, "ENE_07": 4870.3, "ENE_08": 3305.2, "ENE_09": 6358.32, "ENE_10": 6094.44, "ENE_11": 3651.16, "ENE_12": 6030.78, "DIC_01": 0.0, "DIC_02": 0.0, "DIC_03": 0.0, "DIC_04": 0.0, "DIC_05": 0.0, "DIC_06": 0.0, "DIC_07": 0.0, "DIC_08": 0.0, "DIC_09": 0.0, "DIC_10": 0.0, "DIC_11": 0.0, "DIC_12": 0.0, "FIC_01": 0.0, "FIC_02": 0.0, "FIC_03": 0.0, "FIC_04": 0.0, "FIC_05": 0.0, "FIC_06": 0.0, "FIC_07": 0.0, "FIC_08": 0.0, "FIC_09": 0.0, "FIC_10": 0.0, "FIC_11": 0.0, "FIC_12": 0.0, "SEMRED": 0, "DESCR": " ", "COD_ID": "921d273dc0cbfa31452f744b24a5be5549ba6953dac8449383bf1c743aee960b", "__layer": "UCBT_tab", "DEM_CONT": null, "DEM_01": null, "DEM_02": null, "DEM_03": null, "DEM_04": null, "DEM_05": null, "DEM_06": null, "DEM_07": null, "DEM_08": null, "DEM_09": null, "DEM_10": null, "DEM_11": null, "DEM_12": null }, "geometry": null },
{ "type": "Feature", "properties": { "DIST": 390, "PAC": "32810870738996000L", "RAMAL": "158108587S1", "PN_CON": "540379", "UNI_TR_MT": "14349040", "CTMT": "MOC0113", "UNI_TR_AT": "DMOC-EQ-TR2", "SUB": "DMOC", "CONJ": 15828, "MUN": "3550308", "CEG_GD": " ", "BRR": "AV PRES JUSCELINO KUBITSCHEK 1600 VILA NOVA CONCEICAO", "CEP": "04543-000", "CLAS_SUB": "CO1", "CNAE": "6512-0/00", "TIP_CC": "COM-Tipo05", "FAS_CON": "ABN", "GRU_TEN": "BT", "TEN_FORN": "10", "GRU_TAR": "B3", "SIT_ATIV": "AT", "DAT_CON": "29/05/2012", "CAR_INST": 51.3, "LIV": 0, "ARE_LOC": "UB", "TIP_SIST": "RD_INTERLIG", "ENE_01": 0.0, "ENE_02": 10724.58, "ENE_03": 6362.692, "ENE_04": 5222.16, "ENE_05": 4365.96, "ENE_06": 4365.96, "ENE_07": 0.0, "ENE_08": 3581.75, "ENE_09": 8910.9, "ENE_10": 4851.36, "ENE_11": 2934.94, "ENE_12": 2806.66, "DIC_01": 0.0, "DIC_02": 0.0, "DIC_03": 0.0, "DIC_04": 0.0, "DIC_05": 0.0, "DIC_06": 0.0, "DIC_07": 0.0, "DIC_08": 0.0, "DIC_09": 0.0, "DIC_10": 0.0, "DIC_11": 0.0, "DIC_12": 0.0, "FIC_01": 0.0, "FIC_02": 0.0, "FIC_03": 0.0, "FIC_04": 0.0, "FIC_05": 0.0, "FIC_06": 0.0, "FIC_07": 0.0, "FIC_08": 0.0, "FIC_09": 0.0, "FIC_10": 0.0, "FIC_11": 0.0, "FIC_12": 0.0, "SEMRED": 0, "DESCR": " ", "COD_ID": "abd9bf9d0bb426e11fe4ce87641c8a68d56168fe9ca426e3651500d1790219ab", "__layer": "UCBT_tab", "DEM_CONT": null, "DEM_01": null, "DEM_02": null, "DEM_03": null, "DEM_04": null, "DEM_05": null, "DEM_06": null, "DEM_07": null, "DEM_08": null, "DEM_09": null, "DEM_10": null, "DEM_11": null, "DEM_12": null }, "geometry": null },
{ "type": "Feature", "properties": { "DIST": 390, "PAC": "32810870738996000L", "RAMAL": "158108587S1", "PN_CON": "540379", "UNI_TR_MT": "14349040", "CTMT": "MOC0113", "UNI_TR_AT": "DMOC-EQ-TR2", "SUB": "DMOC", "CONJ": 15828, "MUN": "3550308", "CEG_GD": " ", "BRR": "AV PRES JUSCELINO KUBITSCHEK 1600 VILA NOVA CONCEICAO", "CEP": "04543-000", "CLAS_SUB": "CO1", "CNAE": "6512-0/00", "TIP_CC": "COM-Tipo04", "FAS_CON": "ABN", "GRU_TEN": "BT", "TEN_FORN": "10", "GRU_TAR": "B3", "SIT_ATIV": "AT", "DAT_CON": "29/05/2012", "CAR_INST": 48.2, "LIV": 0, "ARE_LOC": "UB", "TIP_SIST": "RD_INTERLIG", "ENE_01": 6307.0, "ENE_02": 7211.36, "ENE_03": 6920.36, "ENE_04": 5890.68, "ENE_05": 6436.44, "ENE_06": 5585.4, "ENE_07": 4333.09, "ENE_08": 2923.97, "ENE_09": 5329.44, "ENE_10": 6301.44, "ENE_11": 3503.75, "ENE_12": 5722.41, "DIC_01": 0.0, "DIC_02": 0.0, "DIC_03": 0.0, "DIC_04": 0.0, "DIC_05": 0.0, "DIC_06": 0.0, "DIC_07": 0.0, "DIC_08": 0.0, "DIC_09": 0.0, "DIC_10": 0.0, "DIC_11": 0.0, "DIC_12": 0.0, "FIC_01": 0.0, "FIC_02": 0.0, "FIC_03": 0.0, "FIC_04": 0.0, "FIC_05": 0.0, "FIC_06": 0.0, "FIC_07": 0.0, "FIC_08": 0.0, "FIC_09": 0.0, "FIC_10": 0.0, "FIC_11": 0.0, "FIC_12": 0.0, "SEMRED": 0, "DESCR": " ", "COD_ID": "949cc8c27f63f0b7184f3c8ea53624eb8169da9f5317e480897d93b4ee56d2e4", "__layer": "UCBT_tab", "DEM_CONT": null, "DEM_01": null, "DEM_02": null, "DEM_03": null, "DEM_04": null, "DEM_05": null, "DEM_06": null, "DEM_07": null, "DEM_08": null, "DEM_09": null, "DEM_10": null, "DEM_11": null, "DEM_12": null }, "geometry": null },
{ "type": "Feature", "properties": { "DIST": 390, "PAC": "32830445739009586L", "RAMAL": "12295093S1", "PN_CON": "10969556", "UNI_TR_MT": "14349961", "CTMT": "MOC0113", "UNI_TR_AT": "DMOC-EQ-TR2", "SUB": "DMOC", "CONJ": 15828, "MUN": "3550308", "CEG_GD": " ", "BRR": "AV PRES JUSCELINO KUBITSCHEK 1400 VILA NOVA CONCEICAO", "CEP": "04543-000", "CLAS_SUB": "CO1", "CNAE": "8112-5/00", "TIP_CC": "COM-Tipo03", "FAS_CON": "ABCN", "GRU_TEN": "BT", "TEN_FORN": "10", "GRU_TAR": "B3", "SIT_ATIV": "AT", "DAT_CON": "06/08/2012", "CAR_INST": 3.7, "LIV": 0, "ARE_LOC": "UB", "TIP_SIST": "RD_INTERLIG", "ENE_01": 762.0, "ENE_02": 814.44, "ENE_03": 827.508, "ENE_04": 842.94, "ENE_05": 829.85, "ENE_06": 1041.62, "ENE_07": 896.92, "ENE_08": 661.76, "ENE_09": 1040.04, "ENE_10": 1044.0, "ENE_11": 571.57, "ENE_12": 915.91, "DIC_01": 0.0, "DIC_02": 0.0, "DIC_03": 0.0, "DIC_04": 0.0, "DIC_05": 0.0, "DIC_06": 0.0, "DIC_07": 0.0, "DIC_08": 0.0, "DIC_09": 0.0, "DIC_10": 0.0, "DIC_11": 6.01, "DIC_12": 0.0, "FIC_01": 0.0, "FIC_02": 0.0, "FIC_03": 0.0, "FIC_04": 0.0, "FIC_05": 0.0, "FIC_06": 0.0, "FIC_07": 0.0, "FIC_08": 0.0, "FIC_09": 0.0, "FIC_10": 0.0, "FIC_11": 1.0, "FIC_12": 0.0, "SEMRED": 0, "DESCR": " ", "COD_ID": "4d4f0ba211385a3d7b9481ec328159a7a7109111e6ab54d89f282203e2f5a289", "__layer": "UCBT_tab", "DEM_CONT": null, "DEM_01": null, "DEM_02": null, "DEM_03": null, "DEM_04": null, "DEM_05": null, "DEM_06": null, "DEM_07": null, "DEM_08": null, "DEM_09": null, "DEM_10": null, "DEM_11": null, "DEM_12": null }, "geometry": null },
{ "type": "Feature", "properties": { "DIST": 390, "PAC": "32830445739009586L", "RAMAL": "12295093S1", "PN_CON": "10969556", "UNI_TR_MT": "14349961", "CTMT": "MOC0113", "UNI_TR_AT": "DMOC-EQ-TR2", "SUB": "DMOC", "CONJ": 15828, "MUN": "3550308", "CEG_GD": " ", "BRR": "AV PRES JUSCELINO KUBITSCHEK 1400 VILA NOVA CONCEICAO", "CEP": "04543-000", "CLAS_SUB": "CO1", "CNAE": "6422-1/00", "TIP_CC": "COM-Tipo04", "FAS_CON": "ABN", "GRU_TEN": "BT", "TEN_FORN": "10", "GRU_TAR": "B3", "SIT_ATIV": "AT", "DAT_CON": "06/08/2012", "CAR_INST": 9.1, "LIV": 0, "ARE_LOC": "UB", "TIP_SIST": "RD_INTERLIG", "ENE_01": 7440.0, "ENE_02": 7840.0, "ENE_03": 7348.6, "ENE_04": 6960.0, "ENE_05": 7400.0, "ENE_06": 7560.0, "ENE_07": 6148.8, "ENE_08": 4245.6, "ENE_09": 7200.0, "ENE_10": 7520.0, "ENE_11": 4177.2, "ENE_12": 6732.23, "DIC_01": 0.0, "DIC_02": 0.0, "DIC_03": 0.0, "DIC_04": 0.0, "DIC_05": 0.0, "DIC_06": 0.0, "DIC_07": 0.0, "DIC_08": 0.0, "DIC_09": 0.0, "DIC_10": 0.0, "DIC_11": 6.01, "DIC_12": 0.0, "FIC_01": 0.0, "FIC_02": 0.0, "FIC_03": 0.0, "FIC_04": 0.0, "FIC_05": 0.0, "FIC_06": 0.0, "FIC_07": 0.0, "FIC_08": 0.0, "FIC_09": 0.0, "FIC_10": 0.0, "FIC_11": 1.0, "FIC_12": 0.0, "SEMRED": 0, "DESCR": " ", "COD_ID": "d55d7fc1c2da4603ca312934b51c700ef7759919defe9b71bc72a908b31f1beb", "__layer": "UCBT_tab", "DEM_CONT": null, "DEM_01": null, "DEM_02": null, "DEM_03": null, "DEM_04": null, "DEM_05": null, "DEM_06": null, "DEM_07": null, "DEM_08": null, "DEM_09": null, "DEM_10": null, "DEM_11": null, "DEM_12": null }, "geometry": null },
{ "type": "Feature", "properties": { "DIST": 390, "PAC": "32830445739009586L", "RAMAL": "12295093S1", "PN_CON": "10969556", "UNI_TR_MT": "14349961", "CTMT": "MOC0113", "UNI_TR_AT": "DMOC-EQ-TR2", "SUB": "DMOC", "CONJ": 15828, "MUN": "3550308", "CEG_GD": " ", "BRR": "AV PRES JUSCELINO KUBITSCHEK 1400 VILA NOVA CONCEICAO", "CEP": "04543-000", "CLAS_SUB": "CO1", "CNAE": "6911-7/01", "TIP_CC": "COM-Tipo04", "FAS_CON": "ABCN", "GRU_TEN": "BT", "TEN_FORN": "10", "GRU_TAR": "B3", "SIT_ATIV": "AT", "DAT_CON": "06/08/2012", "CAR_INST": 40.4, "LIV": 0, "ARE_LOC": "UB", "TIP_SIST": "RD_INTERLIG", "ENE_01": 7200.0, "ENE_02": 6560.0, "ENE_03": 6522.426, "ENE_04": 5880.0, "ENE_05": 6440.0, "ENE_06": 5600.0, "ENE_07": 4536.0, "ENE_08": 3172.0, "ENE_09": 5880.0, "ENE_10": 6400.0, "ENE_11": 3540.0, "ENE_12": 5431.69, "DIC_01": 0.0, "DIC_02": 0.0, "DIC_03": 0.0, "DIC_04": 0.0, "DIC_05": 0.0, "DIC_06": 0.0, "DIC_07": 0.0, "DIC_08": 0.0, "DIC_09": 0.0, "DIC_10": 0.0, "DIC_11": 6.01, "DIC_12": 0.0, "FIC_01": 0.0, "FIC_02": 0.0, "FIC_03": 0.0, "FIC_04": 0.0, "FIC_05": 0.0, "FIC_06": 0.0, "FIC_07": 0.0, "FIC_08": 0.0, "FIC_09": 0.0, "FIC_10": 0.0, "FIC_11": 1.0, "FIC_12": 0.0, "SEMRED": 0, "DESCR": " ", "COD_ID": "92c934c6c2be7e138f1be4dbc742ba6fd07e7938a951c075ea324b42fc36ec21", "__layer": "UCBT_tab", "DEM_CONT": null, "DEM_01": null, "DEM_02": null, "DEM_03": null, "DEM_04": null, "DEM_05": null, "DEM_06": null, "DEM_07": null, "DEM_08": null, "DEM_09": null, "DEM_10": null, "DEM_11": null, "DEM_12": null }, "geometry": null },
{ "type": "Feature", "properties": { "DIST": 390, "PAC": "32830445739009586L", "RAMAL": "12295093S1", "PN_CON": "10969556", "UNI_TR_MT": "14349961", "CTMT": "MOC0113", "UNI_TR_AT": "DMOC-EQ-TR2", "SUB": "DMOC", "CONJ": 15828, "MUN": "3550308", "CEG_GD": " ", "BRR": "AV PRES JUSCELINO KUBITSCHEK 1400 VILA NOVA CONCEICAO", "CEP": "04543-000", "CLAS_SUB": "CO6", "CNAE": "6911-7/01", "TIP_CC": "COM-Tipo05", "FAS_CON": "ABCN", "GRU_TEN": "BT", "TEN_FORN": "10", "GRU_TAR": "B3", "SIT_ATIV": "AT", "DAT_CON": "06/08/2012", "CAR_INST": 40.4, "LIV": 0, "ARE_LOC": "UB", "TIP_SIST": "RD_INTERLIG", "ENE_01": 2880.0, "ENE_02": 2560.0, "ENE_03": 2652.453, "ENE_04": 2320.0, "ENE_05": 2440.0, "ENE_06": 2280.0, "ENE_07": 2049.6, "ENE_08": 1537.2, "ENE_09": 2400.0, "ENE_10": 2560.0, "ENE_11": 1675.6, "ENE_12": 2524.58, "DIC_01": 0.0, "DIC_02": 0.0, "DIC_03": 0.0, "DIC_04": 0.0, "DIC_05": 0.0, "DIC_06": 0.0, "DIC_07": 0.0, "DIC_08": 0.0, "DIC_09": 0.0, "DIC_10": 0.0, "DIC_11": 6.01, "DIC_12": 0.0, "FIC_01": 0.0, "FIC_02": 0.0, "FIC_03": 0.0, "FIC_04": 0.0, "FIC_05": 0.0, "FIC_06": 0.0, "FIC_07": 0.0, "FIC_08": 0.0, "FIC_09": 0.0, "FIC_10": 0.0, "FIC_11": 1.0, "FIC_12": 0.0, "SEMRED": 0, "DESCR": " ", "COD_ID": "ac478797da7defa1bea879c80e8076ab3bcbde6cece57fd4362138f2a6e00c96", "__layer": "UCBT_tab", "DEM_CONT": null, "DEM_01": null, "DEM_02": null, "DEM_03": null, "DEM_04": null, "DEM_05": null, "DEM_06": null, "DEM_07": null, "DEM_08": null, "DEM_09": null, "DEM_10": null, "DEM_11": null, "DEM_12": null }, "geometry": null },
{ "type": "Feature", "properties": { "DIST": 390, "PAC": "32830445739009586L", "RAMAL": "12295093S1", "PN_CON": "10969556", "UNI_TR_MT": "14349961", "CTMT": "MOC0113", "UNI_TR_AT": "DMOC-EQ-TR2", "SUB": "DMOC", "CONJ": 15828, "MUN": "3550308", "CEG_GD": " ", "BRR": "AV PRES JUSCELINO KUBITSCHEK 1400 VILA NOVA CONCEICAO", "CEP": "04543-000", "CLAS_SUB": "CO1", "CNAE": "6630-4/00", "TIP_CC": "COM-Tipo05", "FAS_CON": "ABCN", "GRU_TEN": "BT", "TEN_FORN": "10", "GRU_TAR": "B3", "SIT_ATIV": "AT", "DAT_CON": "06/08/2012", "CAR_INST": 40.4, "LIV": 0, "ARE_LOC": "UB", "TIP_SIST": "RD_INTERLIG", "ENE_01": 3720.0, "ENE_02": 3720.0, "ENE_03": 3565.593, "ENE_04": 3400.0, "ENE_05": 4080.0, "ENE_06": 3240.0, "ENE_07": 3595.2, "ENE_08": 2635.2, "ENE_09": 3600.0, "ENE_10": 3800.0, "ENE_11": 2289.2, "ENE_12": 3595.62, "DIC_01": 0.0, "DIC_02": 0.0, "DIC_03": 0.0, "DIC_04": 0.0, "DIC_05": 0.0, "DIC_06": 0.0, "DIC_07": 0.0, "DIC_08": 0.0, "DIC_09": 0.0, "DIC_10": 0.0, "DIC_11": 6.01, "DIC_12": 0.0, "FIC_01": 0.0, "FIC_02": 0.0, "FIC_03": 0.0, "FIC_04": 0.0, "FIC_05": 0.0, "FIC_06": 0.0, "FIC_07": 0.0, "FIC_08": 0.0, "FIC_09": 0.0, "FIC_10": 0.0, "FIC_11": 1.0, "FIC_12": 0.0, "SEMRED": 0, "DESCR": " ", "COD_ID": "9aea647c9314efc6f12b57e6b1783ab92677bda80366cb61d9f0fbd6d5a6d83f", "__layer": "UCBT_tab", "DEM_CONT": null, "DEM_01": null, "DEM_02": null, "DEM_03": null, "DEM_04": null, "DEM_05": null, "DEM_06": null, "DEM_07": null, "DEM_08": null, "DEM_09": null, "DEM_10": null, "DEM_11": null, "DEM_12": null }, "geometry": null },
{ "type": "Feature", "properties": { "DIST": 390, "PAC": "32855265739017340L", "RAMAL": "102323116S1", "PN_CON": "553706", "UNI_TR_MT": "14355246", "CTMT": "ITA0111", "UNI_TR_AT": "DITA-EQ-TR3", "SUB": "DITA", "CONJ": 15835, "MUN": "3550308", "CEG_GD": " ", "BRR": "AV PRES JUSCELINO KUBITSCHEK 1132 VILA NOVA CONCEICAO", "CEP": "04543-000", "CLAS_SUB": "CO1", "CNAE": "8020-0/01", "TIP_CC": "COM-Tipo02", "FAS_CON": "ABN", "GRU_TEN": "BT", "TEN_FORN": "10", "GRU_TAR": "B3", "SIT_ATIV": "AT", "DAT_CON": "11/02/2015", "CAR_INST": 0.1, "LIV": 0, "ARE_LOC": "UB", "TIP_SIST": "RD_INTERLIG", "ENE_01": 76.8, "ENE_02": 74.4, "ENE_03": 73.048, "ENE_04": 0.0, "ENE_05": 0.0, "ENE_06": 0.0, "ENE_07": 42.0, "ENE_08": 0.0, "ENE_09": 0.0, "ENE_10": 0.0, "ENE_11": 136.88, "ENE_12": 54.5, "DIC_01": 0.0, "DIC_02": 7.04, "DIC_03": 0.0, "DIC_04": 0.0, "DIC_05": 0.0, "DIC_06": 0.0, "DIC_07": 0.1, "DIC_08": 0.0, "DIC_09": 0.0, "DIC_10": 0.0, "DIC_11": 0.0, "DIC_12": 0.0, "FIC_01": 0.0, "FIC_02": 2.0, "FIC_03": 0.0, "FIC_04": 0.0, "FIC_05": 0.0, "FIC_06": 0.0, "FIC_07": 1.0, "FIC_08": 0.0, "FIC_09": 0.0, "FIC_10": 0.0, "FIC_11": 0.0, "FIC_12": 0.0, "SEMRED": 0, "DESCR": " ", "COD_ID": "24ae35585a26cbaf94e1c0801851288577cbb0365377c786aeecdb4cd8a19cd3", "__layer": "UCBT_tab", "DEM_CONT": null, "DEM_01": null, "DEM_02": null, "DEM_03": null, "DEM_04": null, "DEM_05": null, "DEM_06": null, "DEM_07": null, "DEM_08": null, "DEM_09": null, "DEM_10": null, "DEM_11": null, "DEM_12": null }, "geometry": null },
{ "type": "Feature", "properties": { "DIST": 390, "PAC": "32928929739064959L", "RAMAL": "357560717S1", "PN_CON": "357559881", "UNI_TR_MT": "357561106", "CTMT": "JKU0108", "UNI_TR_AT": "DJKU-EQ-TR3", "SUB": "DJKU", "CONJ": 15813, "MUN": "3550308", "CEG_GD": " ", "BRR": "AV PRES JUSCELINO KUBITSCHEK 180 VILA NOVA CONCEICAO", "CEP": "04543-000", "CLAS_SUB": "CO1", "CNAE": "8112-5/00", "TIP_CC": "COM-Tipo01", "FAS_CON": "ABCN", "GRU_TEN": "BT", "TEN_FORN": "10", "GRU_TAR": "B3", "SIT_ATIV": "AT", "DAT_CON": "14/12/2015", "CAR_INST": 608.5, "LIV": 0, "ARE_LOC": "UB", "TIP_SIST": "RD_INTERLIG", "ENE_01": 41640.0, "ENE_02": 42600.0, "ENE_03": 41613.077, "ENE_04": 38760.0, "ENE_05": 40440.0, "ENE_06": 37560.0, "ENE_07": 32054.4, "ENE_08": 23058.0, "ENE_09": 38760.0, "ENE_10": 37920.0, "ENE_11": 23576.4, "ENE_12": 38672.12, "DIC_01": 0.0, "DIC_02": 0.0, "DIC_03": 0.0, "DIC_04": 0.0, "DIC_05": 0.0, "DIC_06": 0.0, "DIC_07": 0.0, "DIC_08": 0.0, "DIC_09": 19.79, "DIC_10": 1.32, "DIC_11": 0.0, "DIC_12": 0.0, "FIC_01": 0.0, "FIC_02": 0.0, "FIC_03": 0.0, "FIC_04": 0.0, "FIC_05": 0.0, "FIC_06": 0.0, "FIC_07": 0.0, "FIC_08": 0.0, "FIC_09": 1.0, "FIC_10": 2.0, "FIC_11": 0.0, "FIC_12": 0.0, "SEMRED": 0, "DESCR": " ", "COD_ID": "984827b9936517d94df5ac6455bc98095f2b1eba7b28f21cf1748c11241123db", "__layer": "UCBT_tab", "DEM_CONT": null, "DEM_01": null, "DEM_02": null, "DEM_03": null, "DEM_04": null, "DEM_05": null, "DEM_06": null, "DEM_07": null, "DEM_08": null, "DEM_09": null, "DEM_10": null, "DEM_11": null, "DEM_12": null }, "geometry": null },
{ "type": "Feature", "properties": { "DIST": 390, "PAC": "32928929739064959L", "RAMAL": "357560717S1", "PN_CON": "357559881", "UNI_TR_MT": "357561106", "CTMT": "JKU0108", "UNI_TR_AT": "DJKU-EQ-TR3", "SUB": "DJKU", "CONJ": 15813, "MUN": "3550308", "CEG_GD": " ", "BRR": "AV PRES JUSCELINO KUBITSCHEK 180 VILA NOVA CONCEICAO", "CEP": "04543-000", "CLAS_SUB": "CO1", "CNAE": "6911-7/01", "TIP_CC": "COM-Tipo05", "FAS_CON": "ABCN", "GRU_TEN": "BT", "TEN_FORN": "10", "GRU_TAR": "B3", "SIT_ATIV": "AT", "DAT_CON": "14/12/2015", "CAR_INST": 115.4, "LIV": 0, "ARE_LOC": "UB", "TIP_SIST": "RD_INTERLIG", "ENE_01": 2175.0, "ENE_02": 2383.0, "ENE_03": 3141.635, "ENE_04": 2767.0, "ENE_05": 2365.0, "ENE_06": 1788.0, "ENE_07": 1380.96, "ENE_08": 1098.0, "ENE_09": 2245.0, "ENE_10": 2121.0, "ENE_11": 1421.9, "ENE_12": 2544.67, "DIC_01": 0.0, "DIC_02": 0.0, "DIC_03": 0.0, "DIC_04": 0.0, "DIC_05": 0.0, "DIC_06": 0.0, "DIC_07": 0.0, "DIC_08": 0.0, "DIC_09": 19.79, "DIC_10": 1.32, "DIC_11": 0.0, "DIC_12": 0.0, "FIC_01": 0.0, "FIC_02": 0.0, "FIC_03": 0.0, "FIC_04": 0.0, "FIC_05": 0.0, "FIC_06": 0.0, "FIC_07": 0.0, "FIC_08": 0.0, "FIC_09": 1.0, "FIC_10": 2.0, "FIC_11": 0.0, "FIC_12": 0.0, "SEMRED": 0, "DESCR": " ", "COD_ID": "9d874385097258c70c3a6b707b87ab1a07d5af2c0e9a0cdaab730547c88a7e7a", "__layer": "UCBT_tab", "DEM_CONT": null, "DEM_01": null, "DEM_02": null, "DEM_03": null, "DEM_04": null, "DEM_05": null, "DEM_06": null, "DEM_07": null, "DEM_08": null, "DEM_09": null, "DEM_10": null, "DEM_11": null, "DEM_12": null }, "geometry": null },
{ "type": "Feature", "properties": { "DIST": 390, "PAC": "32928929739064959L", "RAMAL": "357560717S1", "PN_CON": "357559881", "UNI_TR_MT": "357561106", "CTMT": "JKU0108", "UNI_TR_AT": "DJKU-EQ-TR3", "SUB": "DJKU", "CONJ": 15813, "MUN": "3550308", "CEG_GD": " ", "BRR": "AV PRES JUSCELINO KUBITSCHEK 180 VILA NOVA CONCEICAO", "CEP": "04543-000", "CLAS_SUB": "CO1", "CNAE": "6810-2/01", "TIP_CC": "COM-Tipo05", "FAS_CON": "ABCN", "GRU_TEN": "BT", "TEN_FORN": "10", "GRU_TAR": "B3", "SIT_ATIV": "AT", "DAT_CON": "14/12/2015", "CAR_INST": 115.4, "LIV": 0, "ARE_LOC": "UB", "TIP_SIST": "RD_INTERLIG", "ENE_01": 822.0, "ENE_02": 685.0, "ENE_03": 656.591, "ENE_04": 601.0, "ENE_05": 707.0, "ENE_06": 684.0, "ENE_07": 583.8, "ENE_08": 351.97, "ENE_09": 2015.0, "ENE_10": 2740.0, "ENE_11": 1765.87, "ENE_12": 2947.26, "DIC_01": 0.0, "DIC_02": 0.0, "DIC_03": 0.0, "DIC_04": 0.0, "DIC_05": 0.0, "DIC_06": 0.0, "DIC_07": 0.0, "DIC_08": 0.0, "DIC_09": 19.79, "DIC_10": 1.32, "DIC_11": 0.0, "DIC_12": 0.0, "FIC_01": 0.0, "FIC_02": 0.0, "FIC_03": 0.0, "FIC_04": 0.0, "FIC_05": 0.0, "FIC_06": 0.0, "FIC_07": 0.0, "FIC_08": 0.0, "FIC_09": 1.0, "FIC_10": 2.0, "FIC_11": 0.0, "FIC_12": 0.0, "SEMRED": 0, "DESCR": " ", "COD_ID": "106a7fc88ea9783cb8166035a338f52ff7aa87f252da767d64f3be34b744edb2", "__layer": "UCBT_tab", "DEM_CONT": null, "DEM_01": null, "DEM_02": null, "DEM_03": null, "DEM_04": null, "DEM_05": null, "DEM_06": null, "DEM_07": null, "DEM_08": null, "DEM_09": null, "DEM_10": null, "DEM_11": null, "DEM_12": null }, "geometry": null },
{ "type": "Feature", "properties": { "DIST": 390, "PAC": "32928929739064959L", "RAMAL": "357560717S1", "PN_CON": "357559881", "UNI_TR_MT": "357561106", "CTMT": "JKU0108", "UNI_TR_AT": "DJKU-EQ-TR3", "SUB": "DJKU", "CONJ": 15813, "MUN": "3550308", "CEG_GD": " ", "BRR": "AV PRES JUSCELINO KUBITSCHEK 180 VILA NOVA CONCEICAO", "CEP": "04543-000", "CLAS_SUB": "CO9", "CNAE": "5130-7/00", "TIP_CC": "COM-Tipo05", "FAS_CON": "ABCN", "GRU_TEN": "BT", "TEN_FORN": "10", "GRU_TAR": "B3", "SIT_ATIV": "AT", "DAT_CON": "14/12/2015", "CAR_INST": 115.4, "LIV": 0, "ARE_LOC": "UB", "TIP_SIST": "RD_INTERLIG", "ENE_01": 5702.0, "ENE_02": 4898.0, "ENE_03": 5338.606, "ENE_04": 5123.0, "ENE_05": 4976.0, "ENE_06": 3882.0, "ENE_07": 3184.44, "ENE_08": 2140.49, "ENE_09": 3835.0, "ENE_10": 3950.0, "ENE_11": 2296.28, "ENE_12": 3764.89, "DIC_01": 0.0, "DIC_02": 0.0, "DIC_03": 0.0, "DIC_04": 0.0, "DIC_05": 0.0, "DIC_06": 0.0, "DIC_07": 0.0, "DIC_08": 0.0, "DIC_09": 19.79, "DIC_10": 1.32, "DIC_11": 0.0, "DIC_12": 0.0, "FIC_01": 0.0, "FIC_02": 0.0, "FIC_03": 0.0, "FIC_04": 0.0, "FIC_05": 0.0, "FIC_06": 0.0, "FIC_07": 0.0, "FIC_08": 0.0, "FIC_09": 1.0, "FIC_10": 2.0, "FIC_11": 0.0, "FIC_12": 0.0, "SEMRED": 0, "DESCR": " ", "COD_ID": "711bf8569888c6c6f26f586911791eace1b5a7e7ad53ac5721f8323bd8c7671f", "__layer": "UCBT_tab", "DEM_CONT": null, "DEM_01": null, "DEM_02": null, "DEM_03": null, "DEM_04": null, "DEM_05": null, "DEM_06": null, "DEM_07": null, "DEM_08": null, "DEM_09": null, "DEM_10": null, "DEM_11": null, "DEM_12": null }, "geometry": null },
{ "type": "Feature", "properties": { "DIST": 390, "PAC": "32928929739064959L", "RAMAL": "357560717S1", "PN_CON": "357559881", "UNI_TR_MT": "357561106", "CTMT": "JKU0108", "UNI_TR_AT": "DJKU-EQ-TR3", "SUB": "DJKU", "CONJ": 15813, "MUN": "3550308", "CEG_GD": " ", "BRR": "AV PRES JUSCELINO KUBITSCHEK 180 VILA NOVA CONCEICAO", "CEP": "04543-000", "CLAS_SUB": "CO1", "CNAE": "8640-2/10", "TIP_CC": "COM-Tipo05", "FAS_CON": "ABCN", "GRU_TEN": "BT", "TEN_FORN": "10", "GRU_TAR": "B3", "SIT_ATIV": "AT", "DAT_CON": "14/12/2015", "CAR_INST": 115.4, "LIV": 0, "ARE_LOC": "UB", "TIP_SIST": "RD_INTERLIG", "ENE_01": 4148.0, "ENE_02": 4040.0, "ENE_03": 4085.213, "ENE_04": 3843.0, "ENE_05": 4192.0, "ENE_06": 3012.0, "ENE_07": 2351.16, "ENE_08": 2374.73, "ENE_09": 4184.0, "ENE_10": 3331.0, "ENE_11": 1735.78, "ENE_12": 2905.19, "DIC_01": 0.0, "DIC_02": 0.0, "DIC_03": 0.0, "DIC_04": 0.0, "DIC_05": 0.0, "DIC_06": 0.0, "DIC_07": 0.0, "DIC_08": 0.0, "DIC_09": 19.79, "DIC_10": 1.32, "DIC_11": 0.0, "DIC_12": 0.0, "FIC_01": 0.0, "FIC_02": 0.0, "FIC_03": 0.0, "FIC_04": 0.0, "FIC_05": 0.0, "FIC_06": 0.0, "FIC_07": 0.0, "FIC_08": 0.0, "FIC_09": 1.0, "FIC_10": 2.0, "FIC_11": 0.0, "FIC_12": 0.0, "SEMRED": 0, "DESCR": " ", "COD_ID": "d7220b99ad52f5997adb234fc333aa5d3abdad88cb156e7cb07186991dd28903", "__layer": "UCBT_tab", "DEM_CONT": null, "DEM_01": null, "DEM_02": null, "DEM_03": null, "DEM_04": null, "DEM_05": null, "DEM_06": null, "DEM_07": null, "DEM_08": null, "DEM_09": null, "DEM_10": null, "DEM_11": null, "DEM_12": null }, "geometry": null },
{ "type": "Feature", "properties": { "DIST": 390, "PAC": "32928929739064959L", "RAMAL": "357560717S1", "PN_CON": "357559881", "UNI_TR_MT": "357561106", "CTMT": "JKU0108", "UNI_TR_AT": "DJKU-EQ-TR3", "SUB": "DJKU", "CONJ": 15813, "MUN": "3550308", "CEG_GD": " ", "BRR": "AV PRES JUSCELINO KUBITSCHEK 180 VILA NOVA CONCEICAO", "CEP": "04543-000", "CLAS_SUB": "CO9", "CNAE": "5130-7/00", "TIP_CC": "COM-Tipo05", "FAS_CON": "ABCN", "GRU_TEN": "BT", "TEN_FORN": "10", "GRU_TAR": "B3", "SIT_ATIV": "AT", "DAT_CON": "14/12/2015", "CAR_INST": 115.4, "LIV": 0, "ARE_LOC": "UB", "TIP_SIST": "RD_INTERLIG", "ENE_01": 3526.0, "ENE_02": 3245.0, "ENE_03": 3463.408, "ENE_04": 3902.0, "ENE_05": 3017.0, "ENE_06": 2246.0, "ENE_07": 2803.08, "ENE_08": 1923.33, "ENE_09": 2789.0, "ENE_10": 3025.0, "ENE_11": 1725.75, "ENE_12": 3003.68, "DIC_01": 0.0, "DIC_02": 0.0, "DIC_03": 0.0, "DIC_04": 0.0, "DIC_05": 0.0, "DIC_06": 0.0, "DIC_07": 0.0, "DIC_08": 0.0, "DIC_09": 19.79, "DIC_10": 1.32, "DIC_11": 0.0, "DIC_12": 0.0, "FIC_01": 0.0, "FIC_02": 0.0, "FIC_03": 0.0, "FIC_04": 0.0, "FIC_05": 0.0, "FIC_06": 0.0, "FIC_07": 0.0, "FIC_08": 0.0, "FIC_09": 1.0, "FIC_10": 2.0, "FIC_11": 0.0, "FIC_12": 0.0, "SEMRED": 0, "DESCR": " ", "COD_ID": "49f8ad26c3d3e64c34a05976a95e8ad481fa4d9e3d53d52178027745f7d2a5fd", "__layer": "UCBT_tab", "DEM_CONT": null, "DEM_01": null, "DEM_02": null, "DEM_03": null, "DEM_04": null, "DEM_05": null, "DEM_06": null, "DEM_07": null, "DEM_08": null, "DEM_09": null, "DEM_10": null, "DEM_11": null, "DEM_12": null }, "geometry": null },
{ "type": "Feature", "properties": { "DIST": 390, "PAC": "32928929739064959L", "RAMAL": "357560717S1", "PN_CON": "357559881", "UNI_TR_MT": "357561106", "CTMT": "JKU0108", "UNI_TR_AT": "DJKU-EQ-TR3", "SUB": "DJKU", "CONJ": 15813, "MUN": "3550308", "CEG_GD": " ", "BRR": "AV PRES JUSCELINO KUBITSCHEK 180 VILA NOVA CONCEICAO", "CEP": "04543-000", "CLAS_SUB": "CO1", "CNAE": "9609-2/99", "TIP_CC": "COM-Tipo05", "FAS_CON": "ABCN", "GRU_TEN": "BT", "TEN_FORN": "10", "GRU_TAR": "B3", "SIT_ATIV": "AT", "DAT_CON": "14/12/2015", "CAR_INST": 115.4, "LIV": 0, "ARE_LOC": "UB", "TIP_SIST": "RD_INTERLIG", "ENE_01": 3728.0, "ENE_02": 3235.0, "ENE_03": 3410.142, "ENE_04": 3843.0, "ENE_05": 3102.0, "ENE_06": 2348.0, "ENE_07": 1821.12, "ENE_08": 1321.26, "ENE_09": 3263.0, "ENE_10": 3178.0, "ENE_11": 1516.89, "ENE_12": 2994.12, "DIC_01": 0.0, "DIC_02": 0.0, "DIC_03": 0.0, "DIC_04": 0.0, "DIC_05": 0.0, "DIC_06": 0.0, "DIC_07": 0.0, "DIC_08": 0.0, "DIC_09": 19.79, "DIC_10": 1.32, "DIC_11": 0.0, "DIC_12": 0.0, "FIC_01": 0.0, "FIC_02": 0.0, "FIC_03": 0.0, "FIC_04": 0.0, "FIC_05": 0.0, "FIC_06": 0.0, "FIC_07": 0.0, "FIC_08": 0.0, "FIC_09": 1.0, "FIC_10": 2.0, "FIC_11": 0.0, "FIC_12": 0.0, "SEMRED": 0, "DESCR": " ", "COD_ID": "f5786d1d26e41ff3e830c72263c070bc8b1cab0dbab8d5647fed6c3d6f25004d", "__layer": "UCBT_tab", "DEM_CONT": null, "DEM_01": null, "DEM_02": null, "DEM_03": null, "DEM_04": null, "DEM_05": null, "DEM_06": null, "DEM_07": null, "DEM_08": null, "DEM_09": null, "DEM_10": null, "DEM_11": null, "DEM_12": null }, "geometry": null },
{ "type": "Feature", "properties": { "DIST": 390, "PAC": "32928929739064959L", "RAMAL": "357560717S1", "PN_CON": "357559881", "UNI_TR_MT": "357561106", "CTMT": "JKU0108", "UNI_TR_AT": "DJKU-EQ-TR3", "SUB": "DJKU", "CONJ": 15813, "MUN": "3550308", "CEG_GD": " ", "BRR": "AV PRES JUSCELINO KUBITSCHEK 180 VILA NOVA CONCEICAO", "CEP": "04543-000", "CLAS_SUB": "CO1", "CNAE": "8640-2/10", "TIP_CC": "COM-Tipo03", "FAS_CON": "ABCN", "GRU_TEN": "BT", "TEN_FORN": "10", "GRU_TAR": "B3", "SIT_ATIV": "AT", "DAT_CON": "14/12/2015", "CAR_INST": 115.4, "LIV": 0, "ARE_LOC": "UB", "TIP_SIST": "RD_INTERLIG", "ENE_01": 289.0, "ENE_02": 262.0, "ENE_03": 512.01, "ENE_04": 428.0, "ENE_05": 716.0, "ENE_06": 722.0, "ENE_07": 1357.44, "ENE_08": 1037.61, "ENE_09": 3227.0, "ENE_10": 6341.0, "ENE_11": 2929.94, "ENE_12": 4992.75, "DIC_01": 0.0, "DIC_02": 0.0, "DIC_03": 0.0, "DIC_04": 0.0, "DIC_05": 0.0, "DIC_06": 0.0, "DIC_07": 0.0, "DIC_08": 0.0, "DIC_09": 19.79, "DIC_10": 1.32, "DIC_11": 0.0, "DIC_12": 0.0, "FIC_01": 0.0, "FIC_02": 0.0, "FIC_03": 0.0, "FIC_04": 0.0, "FIC_05": 0.0, "FIC_06": 0.0, "FIC_07": 0.0, "FIC_08": 0.0, "FIC_09": 1.0, "FIC_10": 2.0, "FIC_11": 0.0, "FIC_12": 0.0, "SEMRED": 0, "DESCR": " ", "COD_ID": "59073478fb05b1e94a0808f7985feab6ffafd6be7bf89d49b129e0553c0494c8", "__layer": "UCBT_tab", "DEM_CONT": null, "DEM_01": null, "DEM_02": null, "DEM_03": null, "DEM_04": null, "DEM_05": null, "DEM_06": null, "DEM_07": null, "DEM_08": null, "DEM_09": null, "DEM_10": null, "DEM_11": null, "DEM_12": null }, "geometry": null },
{ "type": "Feature", "properties": { "DIST": 390, "PAC": "32928929739064959L", "RAMAL": "357560717S1", "PN_CON": "357559881", "UNI_TR_MT": "357561106", "CTMT": "JKU0108", "UNI_TR_AT": "DJKU-EQ-TR3", "SUB": "DJKU", "CONJ": 15813, "MUN": "3550308", "CEG_GD": " ", "BRR": "AV PRES JUSCELINO KUBITSCHEK 180 VILA NOVA CONCEICAO", "CEP": "04543-000", "CLAS_SUB": "CO6", "CNAE": "8211-3/00", "TIP_CC": "COM-Tipo05", "FAS_CON": "ABCN", "GRU_TEN": "BT", "TEN_FORN": "10", "GRU_TAR": "B3", "SIT_ATIV": "AT", "DAT_CON": "14/12/2015", "CAR_INST": 115.4, "LIV": 0, "ARE_LOC": "UB", "TIP_SIST": "RD_INTERLIG", "ENE_01": 2409.0, "ENE_02": 2996.0, "ENE_03": 3157.941, "ENE_04": 3078.0, "ENE_05": 3043.0, "ENE_06": 2297.0, "ENE_07": 2099.16, "ENE_08": 1287.1, "ENE_09": 2624.0, "ENE_10": 2401.0, "ENE_11": 1419.54, "ENE_12": 2433.74, "DIC_01": 0.0, "DIC_02": 0.0, "DIC_03": 0.0, "DIC_04": 0.0, "DIC_05": 0.0, "DIC_06": 0.0, "DIC_07": 0.0, "DIC_08": 0.0, "DIC_09": 19.79, "DIC_10": 1.32, "DIC_11": 0.0, "DIC_12": 0.0, "FIC_01": 0.0, "FIC_02": 0.0, "FIC_03": 0.0, "FIC_04": 0.0, "FIC_05": 0.0, "FIC_06": 0.0, "FIC_07": 0.0, "FIC_08": 0.0, "FIC_09": 1.0, "FIC_10": 2.0, "FIC_11": 0.0, "FIC_12": 0.0, "SEMRED": 0, "DESCR": " ", "COD_ID": "e66dbc2a696a160eb3a059813c4c1fd6785622968a900b9bc2c8b91126868c50", "__layer": "UCBT_tab", "DEM_CONT": null, "DEM_01": null, "DEM_02": null, "DEM_03": null, "DEM_04": null, "DEM_05": null, "DEM_06": null, "DEM_07": null, "DEM_08": null, "DEM_09": null, "DEM_10": null, "DEM_11": null, "DEM_12": null }, "geometry": null },
{ "type": "Feature", "properties": { "DIST": 390, "PAC": "32928929739064959L", "RAMAL": "357560717S1", "PN_CON": "357559881", "UNI_TR_MT": "357561106", "CTMT": "JKU0108", "UNI_TR_AT": "DJKU-EQ-TR3", "SUB": "DJKU", "CONJ": 15813, "MUN": "3550308", "CEG_GD": " ", "BRR": "AV PRES JUSCELINO KUBITSCHEK 180 VILA NOVA CONCEICAO", "CEP": "04543-000", "CLAS_SUB": "CO1", "CNAE": "8211-3/00", "TIP_CC": "COM-Tipo05", "FAS_CON": "ABCN", "GRU_TEN": "BT", "TEN_FORN": "10", "GRU_TAR": "B3", "SIT_ATIV": "AT", "DAT_CON": "14/12/2015", "CAR_INST": 115.4, "LIV": 0, "ARE_LOC": "UB", "TIP_SIST": "RD_INTERLIG", "ENE_01": 3477.0, "ENE_02": 3443.0, "ENE_03": 3805.835, "ENE_04": 3320.0, "ENE_05": 3259.0, "ENE_06": 2515.0, "ENE_07": 2122.68, "ENE_08": 1453.02, "ENE_09": 2960.0, "ENE_10": 3212.0, "ENE_11": 1856.14, "ENE_12": 3145.21, "DIC_01": 0.0, "DIC_02": 0.0, "DIC_03": 0.0, "DIC_04": 0.0, "DIC_05": 0.0, "DIC_06": 0.0, "DIC_07": 0.0, "DIC_08": 0.0, "DIC_09": 19.79, "DIC_10": 1.32, "DIC_11": 0.0, "DIC_12": 0.0, "FIC_01": 0.0, "FIC_02": 0.0, "FIC_03": 0.0, "FIC_04": 0.0, "FIC_05": 0.0, "FIC_06": 0.0, "FIC_07": 0.0, "FIC_08": 0.0, "FIC_09": 1.0, "FIC_10": 2.0, "FIC_11": 0.0, "FIC_12": 0.0, "SEMRED": 0, "DESCR": " ", "COD_ID": "9d1116cefaec7a1f3890d204e3f5627e8b6206028fa5f169b04f71ca062796cf", "__layer": "UCBT_tab", "DEM_CONT": null, "DEM_01": null, "DEM_02": null, "DEM_03": null, "DEM_04": null, "DEM_05": null, "DEM_06": null, "DEM_07": null, "DEM_08": null, "DEM_09": null, "DEM_10": null, "DEM_11": null, "DEM_12": null }, "geometry": null },
{ "type": "Feature", "properties": { "DIST": 390, "PAC": "32928929739064959L", "RAMAL": "357560717S1", "PN_CON": "357559881", "UNI_TR_MT": "357561106", "CTMT": "JKU0108", "UNI_TR_AT": "DJKU-EQ-TR3", "SUB": "DJKU", "CONJ": 15813, "MUN": "3550308", "CEG_GD": " ", "BRR": "AV PRES JUSCELINO KUBITSCHEK 180 VILA NOVA CONCEICAO", "CEP": "04543-000", "CLAS_SUB": "CO1", "CNAE": "8211-3/00", "TIP_CC": "COM-Tipo04", "FAS_CON": "ABCN", "GRU_TEN": "BT", "TEN_FORN": "10", "GRU_TAR": "B3", "SIT_ATIV": "AT", "DAT_CON": "14/12/2015", "CAR_INST": 115.4, "LIV": 0, "ARE_LOC": "UB", "TIP_SIST": "RD_INTERLIG", "ENE_01": 7161.0, "ENE_02": 7544.0, "ENE_03": 6773.539, "ENE_04": 6231.0, "ENE_05": 7179.0, "ENE_06": 5456.0, "ENE_07": 5213.88, "ENE_08": 3525.19, "ENE_09": 6398.0, "ENE_10": 6096.0, "ENE_11": 3840.31, "ENE_12": 6278.96, "DIC_01": 0.0, "DIC_02": 0.0, "DIC_03": 0.0, "DIC_04": 0.0, "DIC_05": 0.0, "DIC_06": 0.0, "DIC_07": 0.0, "DIC_08": 0.0, "DIC_09": 19.79, "DIC_10": 1.32, "DIC_11": 0.0, "DIC_12": 0.0, "FIC_01": 0.0, "FIC_02": 0.0, "FIC_03": 0.0, "FIC_04": 0.0, "FIC_05": 0.0, "FIC_06": 0.0, "FIC_07": 0.0, "FIC_08": 0.0, "FIC_09": 1.0, "FIC_10": 2.0, "FIC_11": 0.0, "FIC_12": 0.0, "SEMRED": 0, "DESCR": " ", "COD_ID": "1e9c220039e379a6e9b451c6300d9e680a73929d914abf6a3180a5dcbf1c2518", "__layer": "UCBT_tab", "DEM_CONT": null, "DEM_01": null, "DEM_02": null, "DEM_03": null, "DEM_04": null, "DEM_05": null, "DEM_06": null, "DEM_07": null, "DEM_08": null, "DEM_09": null, "DEM_10": null, "DEM_11": null, "DEM_12": null }, "geometry": null },
{ "type": "Feature", "properties": { "DIST": 390, "PAC": "32928929739064959L", "RAMAL": "357560717S1", "PN_CON": "357559881", "UNI_TR_MT": "357561106", "CTMT": "JKU0108", "UNI_TR_AT": "DJKU-EQ-TR3", "SUB": "DJKU", "CONJ": 15813, "MUN": "3550308", "CEG_GD": " ", "BRR": "AV PRES JUSCELINO KUBITSCHEK 180 VILA NOVA CONCEICAO", "CEP": "04543-000", "CLAS_SUB": "CO1", "CNAE": "8211-3/00", "TIP_CC": "COM-Tipo05", "FAS_CON": "ABCN", "GRU_TEN": "BT", "TEN_FORN": "10", "GRU_TAR": "B3", "SIT_ATIV": "AT", "DAT_CON": "14/12/2015", "CAR_INST": 64.5, "LIV": 0, "ARE_LOC": "UB", "TIP_SIST": "RD_INTERLIG", "ENE_01": 2719.0, "ENE_02": 3102.0, "ENE_03": 3525.371, "ENE_04": 2981.0, "ENE_05": 3185.0, "ENE_06": 2969.0, "ENE_07": 2354.52, "ENE_08": 1524.39, "ENE_09": 2846.0, "ENE_10": 2880.0, "ENE_11": 1623.09, "ENE_12": 2583.87, "DIC_01": 0.0, "DIC_02": 0.0, "DIC_03": 0.0, "DIC_04": 0.0, "DIC_05": 0.0, "DIC_06": 0.0, "DIC_07": 0.0, "DIC_08": 0.0, "DIC_09": 19.79, "DIC_10": 1.32, "DIC_11": 0.0, "DIC_12": 0.0, "FIC_01": 0.0, "FIC_02": 0.0, "FIC_03": 0.0, "FIC_04": 0.0, "FIC_05": 0.0, "FIC_06": 0.0, "FIC_07": 0.0, "FIC_08": 0.0, "FIC_09": 1.0, "FIC_10": 2.0, "FIC_11": 0.0, "FIC_12": 0.0, "SEMRED": 0, "DESCR": " ", "COD_ID": "f80dd889a38fe96d628f5e8ca82f51f98e4bbe67309cbdbccd454bb02656258b", "__layer": "UCBT_tab", "DEM_CONT": null, "DEM_01": null, "DEM_02": null, "DEM_03": null, "DEM_04": null, "DEM_05": null, "DEM_06": null, "DEM_07": null, "DEM_08": null, "DEM_09": null, "DEM_10": null, "DEM_11": null, "DEM_12": null }, "geometry": null },
{ "type": "Feature", "properties": { "DIST": 390, "PAC": "32928929739064959L", "RAMAL": "357560717S1", "PN_CON": "357559881", "UNI_TR_MT": "357561106", "CTMT": "JKU0108", "UNI_TR_AT": "DJKU-EQ-TR3", "SUB": "DJKU", "CONJ": 15813, "MUN": "3550308", "CEG_GD": " ", "BRR": "AV PRES JUSCELINO KUBITSCHEK 180 VILA NOVA CONCEICAO", "CEP": "04543-000", "CLAS_SUB": "CO6", "CNAE": "8211-3/00", "TIP_CC": "COM-Tipo05", "FAS_CON": "ABCN", "GRU_TEN": "BT", "TEN_FORN": "10", "GRU_TAR": "B3", "SIT_ATIV": "AT", "DAT_CON": "14/12/2015", "CAR_INST": 64.5, "LIV": 0, "ARE_LOC": "UB", "TIP_SIST": "RD_INTERLIG", "ENE_01": 2475.0, "ENE_02": 3302.0, "ENE_03": 3469.931, "ENE_04": 3079.0, "ENE_05": 3300.0, "ENE_06": 2526.0, "ENE_07": 2069.76, "ENE_08": 1459.12, "ENE_09": 2873.0, "ENE_10": 2889.0, "ENE_11": 1789.47, "ENE_12": 3084.97, "DIC_01": 0.0, "DIC_02": 0.0, "DIC_03": 0.0, "DIC_04": 0.0, "DIC_05": 0.0, "DIC_06": 0.0, "DIC_07": 0.0, "DIC_08": 0.0, "DIC_09": 19.79, "DIC_10": 1.32, "DIC_11": 0.0, "DIC_12": 0.0, "FIC_01": 0.0, "FIC_02": 0.0, "FIC_03": 0.0, "FIC_04": 0.0, "FIC_05": 0.0, "FIC_06": 0.0, "FIC_07": 0.0, "FIC_08": 0.0, "FIC_09": 1.0, "FIC_10": 2.0, "FIC_11": 0.0, "FIC_12": 0.0, "SEMRED": 0, "DESCR": " ", "COD_ID": "90d340bbbf850ffaac324d23e63512f79298c42ad5e666010364d7bf09c6f4db", "__layer": "UCBT_tab", "DEM_CONT": null, "DEM_01": null, "DEM_02": null, "DEM_03": null, "DEM_04": null, "DEM_05": null, "DEM_06": null, "DEM_07": null, "DEM_08": null, "DEM_09": null, "DEM_10": null, "DEM_11": null, "DEM_12": null }, "geometry": null },
{ "type": "Feature", "properties": { "DIST": 390, "PAC": "32928929739064959L", "RAMAL": "357560717S1", "PN_CON": "357559881", "UNI_TR_MT": "357561106", "CTMT": "JKU0108", "UNI_TR_AT": "DJKU-EQ-TR3", "SUB": "DJKU", "CONJ": 15813, "MUN": "3550308", "CEG_GD": " ", "BRR": "AV PRES JUSCELINO KUBITSCHEK 180 VILA NOVA CONCEICAO", "CEP": "04543-000", "CLAS_SUB": "CO1", "CNAE": "8211-3/00", "TIP_CC": "COM-Tipo05", "FAS_CON": "ABCN", "GRU_TEN": "BT", "TEN_FORN": "10", "GRU_TAR": "B3", "SIT_ATIV": "AT", "DAT_CON": "14/12/2015", "CAR_INST": 64.5, "LIV": 0, "ARE_LOC": "UB", "TIP_SIST": "RD_INTERLIG", "ENE_01": 3461.0, "ENE_02": 4098.0, "ENE_03": 4488.516, "ENE_04": 4384.0, "ENE_05": 4581.0, "ENE_06": 3917.0, "ENE_07": 3064.32, "ENE_08": 2317.39, "ENE_09": 4024.0, "ENE_10": 3959.0, "ENE_11": 2210.14, "ENE_12": 3658.74, "DIC_01": 0.0, "DIC_02": 0.0, "DIC_03": 0.0, "DIC_04": 0.0, "DIC_05": 0.0, "DIC_06": 0.0, "DIC_07": 0.0, "DIC_08": 0.0, "DIC_09": 19.79, "DIC_10": 1.32, "DIC_11": 0.0, "DIC_12": 0.0, "FIC_01": 0.0, "FIC_02": 0.0, "FIC_03": 0.0, "FIC_04": 0.0, "FIC_05": 0.0, "FIC_06": 0.0, "FIC_07": 0.0, "FIC_08": 0.0, "FIC_09": 1.0, "FIC_10": 2.0, "FIC_11": 0.0, "FIC_12": 0.0, "SEMRED": 0, "DESCR": " ", "COD_ID": "ed7ba2d3c3b5d23c92c01a75cfe87740e29eee23c59e4f2d48ffa20ba74bce19", "__layer": "UCBT_tab", "DEM_CONT": null, "DEM_01": null, "DEM_02": null, "DEM_03": null, "DEM_04": null, "DEM_05": null, "DEM_06": null, "DEM_07": null, "DEM_08": null, "DEM_09": null, "DEM_10": null, "DEM_11": null, "DEM_12": null }, "geometry": null },
{ "type": "Feature", "properties": { "DIST": 390, "PAC": "32928929739064959L", "RAMAL": "357560717S1", "PN_CON": "357559881", "UNI_TR_MT": "357561106", "CTMT": "JKU0108", "UNI_TR_AT": "DJKU-EQ-TR3", "SUB": "DJKU", "CONJ": 15813, "MUN": "3550308", "CEG_GD": " ", "BRR": "AV PRES JUSCELINO KUBITSCHEK 180 VILA NOVA CONCEICAO", "CEP": "04543-000", "CLAS_SUB": "CO1", "CNAE": "8211-3/00", "TIP_CC": "COM-Tipo01", "FAS_CON": "ABCN", "GRU_TEN": "BT", "TEN_FORN": "10", "GRU_TAR": "B3", "SIT_ATIV": "AT", "DAT_CON": "14/12/2015", "CAR_INST": 64.5, "LIV": 0, "ARE_LOC": "UB", "TIP_SIST": "RD_INTERLIG", "ENE_01": 10724.0, "ENE_02": 11192.0, "ENE_03": 11428.377, "ENE_04": 10550.0, "ENE_05": 11723.0, "ENE_06": 10133.0, "ENE_07": 8930.88, "ENE_08": 5809.03, "ENE_09": 10237.0, "ENE_10": 9090.0, "ENE_11": 5037.42, "ENE_12": 8851.36, "DIC_01": 0.0, "DIC_02": 0.0, "DIC_03": 0.0, "DIC_04": 0.0, "DIC_05": 0.0, "DIC_06": 0.0, "DIC_07": 0.0, "DIC_08": 0.0, "DIC_09": 19.79, "DIC_10": 1.32, "DIC_11": 0.0, "DIC_12": 0.0, "FIC_01": 0.0, "FIC_02": 0.0, "FIC_03": 0.0, "FIC_04": 0.0, "FIC_05": 0.0, "FIC_06": 0.0, "FIC_07": 0.0, "FIC_08": 0.0, "FIC_09": 1.0, "FIC_10": 2.0, "FIC_11": 0.0, "FIC_12": 0.0, "SEMRED": 0, "DESCR": " ", "COD_ID": "d6ee741adeb03f88f845783c8fd44329fd7065a9a574cd6cf62e6fd48597ba39", "__layer": "UCBT_tab", "DEM_CONT": null, "DEM_01": null, "DEM_02": null, "DEM_03": null, "DEM_04": null, "DEM_05": null, "DEM_06": null, "DEM_07": null, "DEM_08": null, "DEM_09": null, "DEM_10": null, "DEM_11": null, "DEM_12": null }, "geometry": null },
{ "type": "Feature", "properties": { "DIST": 390, "PAC": "32928929739064959L", "RAMAL": "357560717S1", "PN_CON": "357559881", "UNI_TR_MT": "357561106", "CTMT": "JKU0108", "UNI_TR_AT": "DJKU-EQ-TR3", "SUB": "DJKU", "CONJ": 15813, "MUN": "3550308", "CEG_GD": " ", "BRR": "AV PRES JUSCELINO KUBITSCHEK 180 VILA NOVA CONCEICAO", "CEP": "04543-000", "CLAS_SUB": "CO1", "CNAE": "8640-2/10", "TIP_CC": "COM-Tipo05", "FAS_CON": "ABCN", "GRU_TEN": "BT", "TEN_FORN": "10", "GRU_TAR": "B3", "SIT_ATIV": "AT", "DAT_CON": "14/12/2015", "CAR_INST": 64.5, "LIV": 0, "ARE_LOC": "UB", "TIP_SIST": "RD_INTERLIG", "ENE_01": 4163.0, "ENE_02": 5302.0, "ENE_03": 4595.049, "ENE_04": 4040.0, "ENE_05": 4672.0, "ENE_06": 3951.0, "ENE_07": 3582.6, "ENE_08": 2485.75, "ENE_09": 4854.0, "ENE_10": 4202.0, "ENE_11": 2646.15, "ENE_12": 4443.85, "DIC_01": 0.0, "DIC_02": 0.0, "DIC_03": 0.0, "DIC_04": 0.0, "DIC_05": 0.0, "DIC_06": 0.0, "DIC_07": 0.0, "DIC_08": 0.0, "DIC_09": 19.79, "DIC_10": 1.32, "DIC_11": 0.0, "DIC_12": 0.0, "FIC_01": 0.0, "FIC_02": 0.0, "FIC_03": 0.0, "FIC_04": 0.0, "FIC_05": 0.0, "FIC_06": 0.0, "FIC_07": 0.0, "FIC_08": 0.0, "FIC_09": 1.0, "FIC_10": 2.0, "FIC_11": 0.0, "FIC_12": 0.0, "SEMRED": 0, "DESCR": " ", "COD_ID": "26ea443697175019d92f28efdd4e9d46fa1a57caec70a889898316664ec1a94c", "__layer": "UCBT_tab", "DEM_CONT": null, "DEM_01": null, "DEM_02": null, "DEM_03": null, "DEM_04": null, "DEM_05": null, "DEM_06": null, "DEM_07": null, "DEM_08": null, "DEM_09": null, "DEM_10": null, "DEM_11": null, "DEM_12": null }, "geometry": null },
{ "type": "Feature", "properties": { "DIST": 390, "PAC": "32928929739064959L", "RAMAL": "357560717S1", "PN_CON": "357559881", "UNI_TR_MT": "357561106", "CTMT": "JKU0108", "UNI_TR_AT": "DJKU-EQ-TR3", "SUB": "DJKU", "CONJ": 15813, "MUN": "3550308", "CEG_GD": " ", "BRR": "AV PRES JUSCELINO KUBITSCHEK 180 VILA NOVA CONCEICAO", "CEP": "04543-000", "CLAS_SUB": "CO1", "CNAE": "8640-2/10", "TIP_CC": "COM-Tipo04", "FAS_CON": "ABCN", "GRU_TEN": "BT", "TEN_FORN": "10", "GRU_TAR": "B3", "SIT_ATIV": "AT", "DAT_CON": "14/12/2015", "CAR_INST": 64.5, "LIV": 0, "ARE_LOC": "UB", "TIP_SIST": "RD_INTERLIG", "ENE_01": 4292.0, "ENE_02": 4555.0, "ENE_03": 5528.843, "ENE_04": 4692.0, "ENE_05": 5228.0, "ENE_06": 4280.0, "ENE_07": 3669.12, "ENE_08": 2318.61, "ENE_09": 4355.0, "ENE_10": 4835.0, "ENE_11": 2699.84, "ENE_12": 4356.82, "DIC_01": 0.0, "DIC_02": 0.0, "DIC_03": 0.0, "DIC_04": 0.0, "DIC_05": 0.0, "DIC_06": 0.0, "DIC_07": 0.0, "DIC_08": 0.0, "DIC_09": 19.79, "DIC_10": 1.32, "DIC_11": 0.0, "DIC_12": 0.0, "FIC_01": 0.0, "FIC_02": 0.0, "FIC_03": 0.0, "FIC_04": 0.0, "FIC_05": 0.0, "FIC_06": 0.0, "FIC_07": 0.0, "FIC_08": 0.0, "FIC_09": 1.0, "FIC_10": 2.0, "FIC_11": 0.0, "FIC_12": 0.0, "SEMRED": 0, "DESCR": " ", "COD_ID": "571548225d89acee935304a2530df648b1651ecc25ef412adb3a97ab0efc5b20", "__layer": "UCBT_tab", "DEM_CONT": null, "DEM_01": null, "DEM_02": null, "DEM_03": null, "DEM_04": null, "DEM_05": null, "DEM_06": null, "DEM_07": null, "DEM_08": null, "DEM_09": null, "DEM_10": null, "DEM_11": null, "DEM_12": null }, "geometry": null },
{ "type": "Feature", "properties": { "DIST": 390, "PAC": "32928929739064959L", "RAMAL": "357560717S1", "PN_CON": "357559881", "UNI_TR_MT": "357561106", "CTMT": "JKU0108", "UNI_TR_AT": "DJKU-EQ-TR3", "SUB": "DJKU", "CONJ": 15813, "MUN": "3550308", "CEG_GD": " ", "BRR": "AV PRES JUSCELINO KUBITSCHEK 180 VILA NOVA CONCEICAO", "CEP": "04543-000", "CLAS_SUB": "CO1", "CNAE": "8640-2/10", "TIP_CC": "COM-Tipo05", "FAS_CON": "ABCN", "GRU_TEN": "BT", "TEN_FORN": "10", "GRU_TAR": "B3", "SIT_ATIV": "AT", "DAT_CON": "14/12/2015", "CAR_INST": 64.5, "LIV": 0, "ARE_LOC": "UB", "TIP_SIST": "RD_INTERLIG", "ENE_01": 2591.0, "ENE_02": 2904.0, "ENE_03": 2730.722, "ENE_04": 2184.0, "ENE_05": 2521.0, "ENE_06": 1729.0, "ENE_07": 1648.08, "ENE_08": 2206.98, "ENE_09": 2481.0, "ENE_10": 2000.0, "ENE_11": 1384.14, "ENE_12": 2018.71, "DIC_01": 0.0, "DIC_02": 0.0, "DIC_03": 0.0, "DIC_04": 0.0, "DIC_05": 0.0, "DIC_06": 0.0, "DIC_07": 0.0, "DIC_08": 0.0, "DIC_09": 19.79, "DIC_10": 1.32, "DIC_11": 0.0, "DIC_12": 0.0, "FIC_01": 0.0, "FIC_02": 0.0, "FIC_03": 0.0, "FIC_04": 0.0, "FIC_05": 0.0, "FIC_06": 0.0, "FIC_07": 0.0, "FIC_08": 0.0, "FIC_09": 1.0, "FIC_10": 2.0, "FIC_11": 0.0, "FIC_12": 0.0, "SEMRED": 0, "DESCR": " ", "COD_ID": "dcfdc825abbcde20048299a034d77f55c5efa74823dadea3bd1cfa47e1e470b0", "__layer": "UCBT_tab", "DEM_CONT": null, "DEM_01": null, "DEM_02": null, "DEM_03": null, "DEM_04": null, "DEM_05": null, "DEM_06": null, "DEM_07": null, "DEM_08": null, "DEM_09": null, "DEM_10": null, "DEM_11": null, "DEM_12": null }, "geometry": null },
{ "type": "Feature", "properties": { "DIST": 390, "PAC": "32928929739064959L", "RAMAL": "357560717S1", "PN_CON": "357559881", "UNI_TR_MT": "357561106", "CTMT": "JKU0108", "UNI_TR_AT": "DJKU-EQ-TR3", "SUB": "DJKU", "CONJ": 15813, "MUN": "3550308", "CEG_GD": " ", "BRR": "AV PRES JUSCELINO KUBITSCHEK 180 VILA NOVA CONCEICAO", "CEP": "04543-000", "CLAS_SUB": "CO1", "CNAE": "6462-0/00", "TIP_CC": "COM-Tipo05", "FAS_CON": "ABCN", "GRU_TEN": "BT", "TEN_FORN": "10", "GRU_TAR": "B3", "SIT_ATIV": "AT", "DAT_CON": "14/12/2015", "CAR_INST": 64.5, "LIV": 0, "ARE_LOC": "UB", "TIP_SIST": "RD_INTERLIG", "ENE_01": 2708.0, "ENE_02": 3143.0, "ENE_03": 3190.553, "ENE_04": 3006.0, "ENE_05": 2982.0, "ENE_06": 2598.0, "ENE_07": 1630.44, "ENE_08": 1138.87, "ENE_09": 1940.0, "ENE_10": 1915.0, "ENE_11": 1174.69, "ENE_12": 1922.13, "DIC_01": 0.0, "DIC_02": 0.0, "DIC_03": 0.0, "DIC_04": 0.0, "DIC_05": 0.0, "DIC_06": 0.0, "DIC_07": 0.0, "DIC_08": 0.0, "DIC_09": 19.79, "DIC_10": 1.32, "DIC_11": 0.0, "DIC_12": 0.0, "FIC_01": 0.0, "FIC_02": 0.0, "FIC_03": 0.0, "FIC_04": 0.0, "FIC_05": 0.0, "FIC_06": 0.0, "FIC_07": 0.0, "FIC_08": 0.0, "FIC_09": 1.0, "FIC_10": 2.0, "FIC_11": 0.0, "FIC_12": 0.0, "SEMRED": 0, "DESCR": " ", "COD_ID": "cfd0c23efa6b048ec3f04fe6d3ee10586e98b779713440b2c0402fdab3bd1102", "__layer": "UCBT_tab", "DEM_CONT": null, "DEM_01": null, "DEM_02": null, "DEM_03": null, "DEM_04": null, "DEM_05": null, "DEM_06": null, "DEM_07": null, "DEM_08": null, "DEM_09": null, "DEM_10": null, "DEM_11": null, "DEM_12": null }, "geometry": null },
{ "type": "Feature", "properties": { "DIST": 390, "PAC": "32928929739064959L", "RAMAL": "357560717S1", "PN_CON": "357559881", "UNI_TR_MT": "357561106", "CTMT": "JKU0108", "UNI_TR_AT": "DJKU-EQ-TR3", "SUB": "DJKU", "CONJ": 15813, "MUN": "3550308", "CEG_GD": " ", "BRR": "AV PRES JUSCELINO KUBITSCHEK 180 VILA NOVA CONCEICAO", "CEP": "04543-000", "CLAS_SUB": "CO1", "CNAE": "6319-4/00", "TIP_CC": "COM-Tipo05", "FAS_CON": "ABCN", "GRU_TEN": "BT", "TEN_FORN": "10", "GRU_TAR": "B3", "SIT_ATIV": "AT", "DAT_CON": "14/12/2015", "CAR_INST": 64.5, "LIV": 0, "ARE_LOC": "UB", "TIP_SIST": "RD_INTERLIG", "ENE_01": 3965.0, "ENE_02": 3667.0, "ENE_03": 3998.247, "ENE_04": 3573.0, "ENE_05": 3599.0, "ENE_06": 2780.0, "ENE_07": 2313.36, "ENE_08": 1733.62, "ENE_09": 3146.0, "ENE_10": 2923.0, "ENE_11": 1713.36, "ENE_12": 2679.5, "DIC_01": 0.0, "DIC_02": 0.0, "DIC_03": 0.0, "DIC_04": 0.0, "DIC_05": 0.0, "DIC_06": 0.0, "DIC_07": 0.0, "DIC_08": 0.0, "DIC_09": 19.79, "DIC_10": 1.32, "DIC_11": 0.0, "DIC_12": 0.0, "FIC_01": 0.0, "FIC_02": 0.0, "FIC_03": 0.0, "FIC_04": 0.0, "FIC_05": 0.0, "FIC_06": 0.0, "FIC_07": 0.0, "FIC_08": 0.0, "FIC_09": 1.0, "FIC_10": 2.0, "FIC_11": 0.0, "FIC_12": 0.0, "SEMRED": 0, "DESCR": " ", "COD_ID": "e2d648253a763c9ac2c8f340ff540fb7859d5b8e2965ee5d0e492feed96359bc", "__layer": "UCBT_tab", "DEM_CONT": null, "DEM_01": null, "DEM_02": null, "DEM_03": null, "DEM_04": null, "DEM_05": null, "DEM_06": null, "DEM_07": null, "DEM_08": null, "DEM_09": null, "DEM_10": null, "DEM_11": null, "DEM_12": null }, "geometry": null },
{ "type": "Feature", "properties": { "DIST": 390, "PAC": "32928929739064959L", "RAMAL": "357560717S1", "PN_CON": "357559881", "UNI_TR_MT": "357561106", "CTMT": "JKU0108", "UNI_TR_AT": "DJKU-EQ-TR3", "SUB": "DJKU", "CONJ": 15813, "MUN": "3550308", "CEG_GD": " ", "BRR": "AV PRES JUSCELINO KUBITSCHEK 180 VILA NOVA CONCEICAO", "CEP": "04543-000", "CLAS_SUB": "CO1", "CNAE": "7020-4/00", "TIP_CC": "COM-Tipo05", "FAS_CON": "ABCN", "GRU_TEN": "BT", "TEN_FORN": "10", "GRU_TAR": "B3", "SIT_ATIV": "AT", "DAT_CON": "14/12/2015", "CAR_INST": 64.5, "LIV": 0, "ARE_LOC": "UB", "TIP_SIST": "RD_INTERLIG", "ENE_01": 3993.0, "ENE_02": 4262.0, "ENE_03": 4785.286, "ENE_04": 4531.0, "ENE_05": 4509.0, "ENE_06": 3671.0, "ENE_07": 3112.2, "ENE_08": 2127.07, "ENE_09": 4116.0, "ENE_10": 3956.0, "ENE_11": 2006.0, "ENE_12": 4612.15, "DIC_01": 0.0, "DIC_02": 0.0, "DIC_03": 0.0, "DIC_04": 0.0, "DIC_05": 0.0, "DIC_06": 0.0, "DIC_07": 0.0, "DIC_08": 0.0, "DIC_09": 19.79, "DIC_10": 1.32, "DIC_11": 0.0, "DIC_12": 0.0, "FIC_01": 0.0, "FIC_02": 0.0, "FIC_03": 0.0, "FIC_04": 0.0, "FIC_05": 0.0, "FIC_06": 0.0, "FIC_07": 0.0, "FIC_08": 0.0, "FIC_09": 1.0, "FIC_10": 2.0, "FIC_11": 0.0, "FIC_12": 0.0, "SEMRED": 0, "DESCR": " ", "COD_ID": "dc19ea5de6319a61e3db55b08275fa2386c79841747ee8d5efbf7957c0c9e131", "__layer": "UCBT_tab", "DEM_CONT": null, "DEM_01": null, "DEM_02": null, "DEM_03": null, "DEM_04": null, "DEM_05": null, "DEM_06": null, "DEM_07": null, "DEM_08": null, "DEM_09": null, "DEM_10": null, "DEM_11": null, "DEM_12": null }, "geometry": null },
{ "type": "Feature", "properties": { "DIST": 390, "PAC": "32928929739064959L", "RAMAL": "357560717S1", "PN_CON": "357559881", "UNI_TR_MT": "357561106", "CTMT": "JKU0108", "UNI_TR_AT": "DJKU-EQ-TR3", "SUB": "DJKU", "CONJ": 15813, "MUN": "3550308", "CEG_GD": " ", "BRR": "AV PRES JUSCELINO KUBITSCHEK 180 VILA NOVA CONCEICAO", "CEP": "04543-000", "CLAS_SUB": "CO1", "CNAE": "6462-0/00", "TIP_CC": "COM-Tipo04", "FAS_CON": "ABCN", "GRU_TEN": "BT", "TEN_FORN": "10", "GRU_TAR": "B3", "SIT_ATIV": "AT", "DAT_CON": "14/12/2015", "CAR_INST": 64.5, "LIV": 0, "ARE_LOC": "UB", "TIP_SIST": "RD_INTERLIG", "ENE_01": 4790.0, "ENE_02": 5034.0, "ENE_03": 4901.603, "ENE_04": 5300.0, "ENE_05": 5195.0, "ENE_06": 3232.0, "ENE_07": 2826.6, "ENE_08": 1855.62, "ENE_09": 4104.0, "ENE_10": 4100.0, "ENE_11": 2122.82, "ENE_12": 3500.95, "DIC_01": 0.0, "DIC_02": 0.0, "DIC_03": 0.0, "DIC_04": 0.0, "DIC_05": 0.0, "DIC_06": 0.0, "DIC_07": 0.0, "DIC_08": 0.0, "DIC_09": 19.79, "DIC_10": 1.32, "DIC_11": 0.0, "DIC_12": 0.0, "FIC_01": 0.0, "FIC_02": 0.0, "FIC_03": 0.0, "FIC_04": 0.0, "FIC_05": 0.0, "FIC_06": 0.0, "FIC_07": 0.0, "FIC_08": 0.0, "FIC_09": 1.0, "FIC_10": 2.0, "FIC_11": 0.0, "FIC_12": 0.0, "SEMRED": 0, "DESCR": " ", "COD_ID": "26ec85a779faf8aa19d91fb0ebbe9dedfe2f5f69fd85d43b80f6178ee7f21d79", "__layer": "UCBT_tab", "DEM_CONT": null, "DEM_01": null, "DEM_02": null, "DEM_03": null, "DEM_04": null, "DEM_05": null, "DEM_06": null, "DEM_07": null, "DEM_08": null, "DEM_09": null, "DEM_10": null, "DEM_11": null, "DEM_12": null }, "geometry": null },
{ "type": "Feature", "properties": { "DIST": 390, "PAC": "32802041739003395L", "RAMAL": "12294900S1", "PN_CON": " ", "UNI_TR_MT": "14348526", "CTMT": "MOC0113", "UNI_TR_AT": "DMOC-EQ-TR2", "SUB": "DMOC", "CONJ": 15828, "MUN": "3550308", "CEG_GD": " ", "BRR": "AV PRES JUSCELINO KUBITSCHEK 1726 VILA NOVA CONCEICAO", "CEP": "04543-000", "CLAS_SUB": "RE1", "CNAE": " ", "TIP_CC": "RES-Tipo03", "FAS_CON": "ABC", "GRU_TEN": "BT", "TEN_FORN": "10", "GRU_TAR": "B1", "SIT_ATIV": "DS", "DAT_CON": "19/01/2000", "CAR_INST": 8.3, "LIV": 0, "ARE_LOC": "UB", "TIP_SIST": "RD_INTERLIG", "ENE_01": 50.03, "ENE_02": 100.0, "ENE_03": 0.0, "ENE_04": 50.0, "ENE_05": 50.0, "ENE_06": 669.0, "ENE_07": 7.0, "ENE_08": 12.0, "ENE_09": 11.0, "ENE_10": 50.0, "ENE_11": 66.0, "ENE_12": 0.0, "DIC_01": 0.0, "DIC_02": 0.0, "DIC_03": 0.0, "DIC_04": 0.0, "DIC_05": 0.0, "DIC_06": 0.0, "DIC_07": 0.0, "DIC_08": 0.0, "DIC_09": 0.0, "DIC_10": 4.55, "DIC_11": 0.0, "DIC_12": 0.0, "FIC_01": 0.0, "FIC_02": 0.0, "FIC_03": 0.0, "FIC_04": 0.0, "FIC_05": 0.0, "FIC_06": 0.0, "FIC_07": 0.0, "FIC_08": 0.0, "FIC_09": 0.0, "FIC_10": 1.0, "FIC_11": 0.0, "FIC_12": 0.0, "SEMRED": 0, "DESCR": " ", "COD_ID": "74358ea544c13e20d11676d21a0c7931f41157cf04e4eaac59aaed3d7a305874", "__layer": "UCBT_tab", "DEM_CONT": null, "DEM_01": null, "DEM_02": null, "DEM_03": null, "DEM_04": null, "DEM_05": null, "DEM_06": null, "DEM_07": null, "DEM_08": null, "DEM_09": null, "DEM_10": null, "DEM_11": null, "DEM_12": null }, "geometry": null },
{ "type": "Feature", "properties": { "DIST": 390, "PAC": "32760255739012191L", "RAMAL": "447460274S1", "PN_CON": "523770", "UNI_TR_MT": "14341958", "CTMT": "MOC0113", "UNI_TR_AT": "DMOC-EQ-TR2", "SUB": "DMOC", "CONJ": 15828, "MUN": "3550308", "CEG_GD": " ", "BRR": "AV PRES JUSCELINO KUBITSCHEK 2020 VILA NOVA CONCEICAO", "CEP": "04543-000", "CLAS_SUB": "CO1", "CNAE": "6110-8/01", "TIP_CC": "COM-Tipo05", "FAS_CON": "ABN", "GRU_TEN": "BT", "TEN_FORN": "10", "GRU_TAR": "B3", "SIT_ATIV": "AT", "DAT_CON": "10/07/2020", "CAR_INST": 0.4, "LIV": 0, "ARE_LOC": "UB", "TIP_SIST": "RD_INTERLIG", "ENE_01": 2433.0, "ENE_02": 2535.0, "ENE_03": 2892.696, "ENE_04": 2576.0, "ENE_05": 2544.0, "ENE_06": 0.0, "ENE_07": 0.0, "ENE_08": 0.0, "ENE_09": 2903.0, "ENE_10": 6583.0, "ENE_11": 797.09, "ENE_12": 1316.8, "DIC_01": 0.0, "DIC_02": 0.0, "DIC_03": 0.0, "DIC_04": 0.0, "DIC_05": 0.0, "DIC_06": 0.0, "DIC_07": 0.0, "DIC_08": 0.0, "DIC_09": 0.0, "DIC_10": 0.0, "DIC_11": 0.0, "DIC_12": 0.0, "FIC_01": 0.0, "FIC_02": 0.0, "FIC_03": 0.0, "FIC_04": 0.0, "FIC_05": 0.0, "FIC_06": 0.0, "FIC_07": 0.0, "FIC_08": 0.0, "FIC_09": 0.0, "FIC_10": 0.0, "FIC_11": 0.0, "FIC_12": 0.0, "SEMRED": 0, "DESCR": " ", "COD_ID": "017f8033960c5c02b8e6d9311defdb2f3881271e0f1165c68035f54e950061fc", "__layer": "UCBT_tab", "DEM_CONT": null, "DEM_01": null, "DEM_02": null, "DEM_03": null, "DEM_04": null, "DEM_05": null, "DEM_06": null, "DEM_07": null, "DEM_08": null, "DEM_09": null, "DEM_10": null, "DEM_11": null, "DEM_12": null }, "geometry": null },
{ "type": "Feature", "properties": { "DIST": 390, "PAC": "32760255739012191L", "RAMAL": "447460274S1", "PN_CON": "523770", "UNI_TR_MT": "14341958", "CTMT": "MOC0113", "UNI_TR_AT": "DMOC-EQ-TR2", "SUB": "DMOC", "CONJ": 15828, "MUN": "3550308", "CEG_GD": " ", "BRR": "AV PRES JUSCELINO KUBITSCHEK 2020 VILA NOVA CONCEICAO", "CEP": "04543-000", "CLAS_SUB": "CO1", "CNAE": "7739-0/99", "TIP_CC": "COM-Tipo02", "FAS_CON": "ABN", "GRU_TEN": "BT", "TEN_FORN": "10", "GRU_TAR": "B3", "SIT_ATIV": "AT", "DAT_CON": "10/07/2020", "CAR_INST": 0.4, "LIV": 0, "ARE_LOC": "UB", "TIP_SIST": "RD_INTERLIG", "ENE_01": 30.0, "ENE_02": 30.0, "ENE_03": 32.612, "ENE_04": 30.0, "ENE_05": 30.0, "ENE_06": 30.0, "ENE_07": 25.2, "ENE_08": 18.3, "ENE_09": 30.0, "ENE_10": 30.0, "ENE_11": 17.7, "ENE_12": 28.68, "DIC_01": 0.0, "DIC_02": 0.0, "DIC_03": 0.0, "DIC_04": 0.0, "DIC_05": 0.0, "DIC_06": 0.0, "DIC_07": 0.0, "DIC_08": 0.0, "DIC_09": 0.0, "DIC_10": 0.0, "DIC_11": 0.0, "DIC_12": 0.0, "FIC_01": 0.0, "FIC_02": 0.0, "FIC_03": 0.0, "FIC_04": 0.0, "FIC_05": 0.0, "FIC_06": 0.0, "FIC_07": 0.0, "FIC_08": 0.0, "FIC_09": 0.0, "FIC_10": 0.0, "FIC_11": 0.0, "FIC_12": 0.0, "SEMRED": 0, "DESCR": " ", "COD_ID": "c1e599aaab829787c22cd8f6a5e302a4b59be45cf8fae3f74f4e6a72a5038e07", "__layer": "UCBT_tab", "DEM_CONT": null, "DEM_01": null, "DEM_02": null, "DEM_03": null, "DEM_04": null, "DEM_05": null, "DEM_06": null, "DEM_07": null, "DEM_08": null, "DEM_09": null, "DEM_10": null, "DEM_11": null, "DEM_12": null }, "geometry": null },
{ "type": "Feature", "properties": { "DIST": 390, "PAC": "32918720739060825L", "RAMAL": "460984628S1", "PN_CON": "572671", "UNI_TR_MT": "14358485", "CTMT": "JKU0108", "UNI_TR_AT": "DJKU-EQ-TR3", "SUB": "DJKU", "CONJ": 15813, "MUN": "3550308", "CEG_GD": " ", "BRR": "AV PRES JUSCELINO KUBITSCHEK 360 VILA NOVA CONCEICAO", "CEP": "04543-000", "CLAS_SUB": "CO1", "CNAE": "4110-7/00", "TIP_CC": "COM-Tipo02", "FAS_CON": "CAN", "GRU_TEN": "BT", "TEN_FORN": "10", "GRU_TAR": "B3", "SIT_ATIV": "AT", "DAT_CON": "04/08/2022", "CAR_INST": 40.7, "LIV": 0, "ARE_LOC": "UB", "TIP_SIST": "RD_INTERLIG", "ENE_01": 800.0, "ENE_02": 800.0, "ENE_03": 108.707, "ENE_04": 720.0, "ENE_05": 720.0, "ENE_06": 720.0, "ENE_07": 84.0, "ENE_08": 463.6, "ENE_09": 520.0, "ENE_10": 560.0, "ENE_11": 306.8, "ENE_12": 95.62, "DIC_01": 0.0, "DIC_02": 0.0, "DIC_03": 0.0, "DIC_04": 0.0, "DIC_05": 1.33, "DIC_06": 0.0, "DIC_07": 0.0, "DIC_08": 0.0, "DIC_09": 0.0, "DIC_10": 1.4, "DIC_11": 0.0, "DIC_12": 0.0, "FIC_01": 0.0, "FIC_02": 0.0, "FIC_03": 0.0, "FIC_04": 0.0, "FIC_05": 1.0, "FIC_06": 0.0, "FIC_07": 0.0, "FIC_08": 0.0, "FIC_09": 0.0, "FIC_10": 2.0, "FIC_11": 0.0, "FIC_12": 0.0, "SEMRED": 0, "DESCR": " ", "COD_ID": "d136a54c352e49e9963e7007425a1584501a5cb6d42ae55135e63bbc60c9c23c", "__layer": "UCBT_tab", "DEM_CONT": null, "DEM_01": null, "DEM_02": null, "DEM_03": null, "DEM_04": null, "DEM_05": null, "DEM_06": null, "DEM_07": null, "DEM_08": null, "DEM_09": null, "DEM_10": null, "DEM_11": null, "DEM_12": null }, "geometry": null },
{ "type": "Feature", "properties": { "DIST": 390, "PAC": "32918720739060825L", "RAMAL": "460984628S1", "PN_CON": "572671", "UNI_TR_MT": "14358485", "CTMT": "JKU0108", "UNI_TR_AT": "DJKU-EQ-TR3", "SUB": "DJKU", "CONJ": 15813, "MUN": "3550308", "CEG_GD": " ", "BRR": "AV PRES JUSCELINO KUBITSCHEK 360 VILA NOVA CONCEICAO", "CEP": "04543-000", "CLAS_SUB": "CO1", "CNAE": "4110-7/00", "TIP_CC": "COM-Tipo01", "FAS_CON": "CAN", "GRU_TEN": "BT", "TEN_FORN": "10", "GRU_TAR": "B3", "SIT_ATIV": "AT", "DAT_CON": "13/10/2023", "CAR_INST": 40.7, "LIV": 0, "ARE_LOC": "UB", "TIP_SIST": "RD_INTERLIG", "ENE_01": 0.0, "ENE_02": 0.0, "ENE_03": 19.567, "ENE_04": 50.0, "ENE_05": 50.0, "ENE_06": 40.0, "ENE_07": 42.0, "ENE_08": 30.5, "ENE_09": 17160.0, "ENE_10": 3680.0, "ENE_11": 1203.6, "ENE_12": 2027.32, "DIC_01": 0.0, "DIC_02": 0.0, "DIC_03": 0.0, "DIC_04": 0.0, "DIC_05": 1.33, "DIC_06": 0.0, "DIC_07": 0.0, "DIC_08": 0.0, "DIC_09": 0.0, "DIC_10": 1.4, "DIC_11": 0.0, "DIC_12": 0.0, "FIC_01": 0.0, "FIC_02": 0.0, "FIC_03": 0.0, "FIC_04": 0.0, "FIC_05": 1.0, "FIC_06": 0.0, "FIC_07": 0.0, "FIC_08": 0.0, "FIC_09": 0.0, "FIC_10": 2.0, "FIC_11": 0.0, "FIC_12": 0.0, "SEMRED": 0, "DESCR": " ", "COD_ID": "886f69c986cb5c05372dc9726d75f6b0a303d661f2826a45b45b833228816c37", "__layer": "UCBT_tab", "DEM_CONT": null, "DEM_01": null, "DEM_02": null, "DEM_03": null, "DEM_04": null, "DEM_05": null, "DEM_06": null, "DEM_07": null, "DEM_08": null, "DEM_09": null, "DEM_10": null, "DEM_11": null, "DEM_12": null }, "geometry": null },
{ "type": "Feature", "properties": { "DIST": 390, "PAC": "32877667739022694L", "RAMAL": "389772881S1", "PN_CON": "560574", "UNI_TR_MT": "14356298", "CTMT": "JKU0106", "UNI_TR_AT": "DJKU-EQ-TR3", "SUB": "DJKU", "CONJ": 12841, "MUN": "3550308", "CEG_GD": " ", "BRR": "AV PRES JUSCELINO KUBITSCHEK 904 VILA NOVA CONCEICAO", "CEP": "04543-000", "CLAS_SUB": "CO1", "CNAE": "4110-7/00", "TIP_CC": "COM-Tipo02", "FAS_CON": "ABCN", "GRU_TEN": "BT", "TEN_FORN": "10", "GRU_TAR": "B3", "SIT_ATIV": "AT", "DAT_CON": "01/05/1977", "CAR_INST": 7.8, "LIV": 0, "ARE_LOC": "UB", "TIP_SIST": "RD_INTERLIG", "ENE_01": 50.0, "ENE_02": 0.0, "ENE_03": 0.0, "ENE_04": 0.0, "ENE_05": 0.0, "ENE_06": 0.0, "ENE_07": 0.0, "ENE_08": 0.0, "ENE_09": 0.0, "ENE_10": 0.0, "ENE_11": 0.0, "ENE_12": 0.0, "DIC_01": 0.0, "DIC_02": 0.0, "DIC_03": 0.0, "DIC_04": 0.0, "DIC_05": 0.0, "DIC_06": 0.0, "DIC_07": 0.0, "DIC_08": 0.0, "DIC_09": 0.0, "DIC_10": 0.0, "DIC_11": 0.0, "DIC_12": 0.0, "FIC_01": 0.0, "FIC_02": 0.0, "FIC_03": 0.0, "FIC_04": 0.0, "FIC_05": 0.0, "FIC_06": 0.0, "FIC_07": 0.0, "FIC_08": 0.0, "FIC_09": 0.0, "FIC_10": 0.0, "FIC_11": 0.0, "FIC_12": 0.0, "SEMRED": 0, "DESCR": " ", "COD_ID": "258860f30ece0ce08cdfdbf7a8c8392843affabaef12e4e58b5276aae38e21ed", "__layer": "UCBT_tab", "DEM_CONT": null, "DEM_01": null, "DEM_02": null, "DEM_03": null, "DEM_04": null, "DEM_05": null, "DEM_06": null, "DEM_07": null, "DEM_08": null, "DEM_09": null, "DEM_10": null, "DEM_11": null, "DEM_12": null }, "geometry": null },
{ "type": "Feature", "properties": { "DIST": 390, "PAC": "32869082739020164L", "RAMAL": "8967913S1", "PN_CON": "557903", "UNI_TR_MT": "14356298", "CTMT": "JKU0106", "UNI_TR_AT": "DJKU-EQ-TR3", "SUB": "DJKU", "CONJ": 15813, "MUN": "3550308", "CEG_GD": " ", "BRR": "AV PRES JUSCELINO KUBITSCHEK 982 VILA NOVA CONCEICAO", "CEP": "04543-000", "CLAS_SUB": "CO1", "CNAE": "4755-5/02", "TIP_CC": "COM-Tipo03", "FAS_CON": "ABN", "GRU_TEN": "BT", "TEN_FORN": "10", "GRU_TAR": "B3", "SIT_ATIV": "AT", "DAT_CON": "01/03/1977", "CAR_INST": 5.7, "LIV": 0, "ARE_LOC": "UB", "TIP_SIST": "RD_INTERLIG", "ENE_01": 1187.0, "ENE_02": 2235.0, "ENE_03": 1589.298, "ENE_04": 1281.0, "ENE_05": 1280.0, "ENE_06": 871.0, "ENE_07": 716.52, "ENE_08": 757.01, "ENE_09": 371.0, "ENE_10": 1099.0, "ENE_11": 831.9, "ENE_12": 1506.14, "DIC_01": 0.0, "DIC_02": 0.0, "DIC_03": 5.98, "DIC_04": 0.0, "DIC_05": 0.0, "DIC_06": 0.0, "DIC_07": 0.0, "DIC_08": 0.06, "DIC_09": 0.0, "DIC_10": 0.0, "DIC_11": 3.7, "DIC_12": 0.0, "FIC_01": 0.0, "FIC_02": 0.0, "FIC_03": 1.0, "FIC_04": 0.0, "FIC_05": 0.0, "FIC_06": 0.0, "FIC_07": 0.0, "FIC_08": 1.0, "FIC_09": 0.0, "FIC_10": 0.0, "FIC_11": 1.0, "FIC_12": 0.0, "SEMRED": 0, "DESCR": " ", "COD_ID": "8b95e7c21e1cc98551d428a69f0b88e1cfafeeab93e32dc8e908247deaf7ccb5", "__layer": "UCBT_tab", "DEM_CONT": null, "DEM_01": null, "DEM_02": null, "DEM_03": null, "DEM_04": null, "DEM_05": null, "DEM_06": null, "DEM_07": null, "DEM_08": null, "DEM_09": null, "DEM_10": null, "DEM_11": null, "DEM_12": null }, "geometry": null },
{ "type": "Feature", "properties": { "DIST": 390, "PAC": "32863085739018240L", "RAMAL": "8963134S1", "PN_CON": "556152", "UNI_TR_MT": "14355246", "CTMT": "ITA0111", "UNI_TR_AT": "DITA-EQ-TR3", "SUB": "DITA", "CONJ": 15813, "MUN": "3550308", "CEG_GD": " ", "BRR": "AV PRES JUSCELINO KUBITSCHEK 1080 VILA NOVA CONCEICAO", "CEP": "04543-000", "CLAS_SUB": "CO1", "CNAE": "4530-7/01", "TIP_CC": "COM-Tipo02", "FAS_CON": "ABCN", "GRU_TEN": "BT", "TEN_FORN": "10", "GRU_TAR": "B3", "SIT_ATIV": "AT", "DAT_CON": "01/02/1978", "CAR_INST": 15.7, "LIV": 0, "ARE_LOC": "UB", "TIP_SIST": "RD_INTERLIG", "ENE_01": 497.0, "ENE_02": 404.0, "ENE_03": 480.485, "ENE_04": 421.0, "ENE_05": 470.0, "ENE_06": 389.0, "ENE_07": 313.32, "ENE_08": 181.17, "ENE_09": 411.0, "ENE_10": 440.0, "ENE_11": 227.74, "ENE_12": 376.77, "DIC_01": 0.0, "DIC_02": 28.05, "DIC_03": 0.0, "DIC_04": 0.0, "DIC_05": 0.0, "DIC_06": 3.23, "DIC_07": 0.1, "DIC_08": 0.0, "DIC_09": 0.0, "DIC_10": 0.0, "DIC_11": 0.0, "DIC_12": 0.0, "FIC_01": 0.0, "FIC_02": 2.0, "FIC_03": 0.0, "FIC_04": 0.0, "FIC_05": 0.0, "FIC_06": 1.0, "FIC_07": 1.0, "FIC_08": 0.0, "FIC_09": 0.0, "FIC_10": 0.0, "FIC_11": 0.0, "FIC_12": 0.0, "SEMRED": 0, "DESCR": " ", "COD_ID": "7a339286572ae05f5af3e84ae587954956834a9377a21d01188fb62d6ad103ad", "__layer": "UCBT_tab", "DEM_CONT": null, "DEM_01": null, "DEM_02": null, "DEM_03": null, "DEM_04": null, "DEM_05": null, "DEM_06": null, "DEM_07": null, "DEM_08": null, "DEM_09": null, "DEM_10": null, "DEM_11": null, "DEM_12": null }, "geometry": null },
{ "type": "Feature", "properties": { "DIST": 390, "PAC": "32818005739004486L", "RAMAL": "8921337S1", "PN_CON": "542186", "UNI_TR_MT": "14349139", "CTMT": "MOC0113", "UNI_TR_AT": "DMOC-EQ-TR2", "SUB": "DMOC", "CONJ": 15828, "MUN": "3550308", "CEG_GD": " ", "BRR": "AV PRES JUSCELINO KUBITSCHEK 1550 VILA NOVA CONCEICAO", "CEP": "04543-000", "CLAS_SUB": "CO9", "CNAE": "9430-8/00", "TIP_CC": "COM-Tipo02", "FAS_CON": "ABN", "GRU_TEN": "BT", "TEN_FORN": "10", "GRU_TAR": "B3", "SIT_ATIV": "AT", "DAT_CON": "01/04/1991", "CAR_INST": 5.0, "LIV": 0, "ARE_LOC": "UB", "TIP_SIST": "RD_INTERLIG", "ENE_01": 78.0, "ENE_02": 149.0, "ENE_03": 151.103, "ENE_04": 179.0, "ENE_05": 246.0, "ENE_06": 186.0, "ENE_07": 145.32, "ENE_08": 104.31, "ENE_09": 245.0, "ENE_10": 237.0, "ENE_11": 119.77, "ENE_12": 204.64, "DIC_01": 0.0, "DIC_02": 0.0, "DIC_03": 0.0, "DIC_04": 0.0, "DIC_05": 0.0, "DIC_06": 0.0, "DIC_07": 0.0, "DIC_08": 0.0, "DIC_09": 0.0, "DIC_10": 0.0, "DIC_11": 6.01, "DIC_12": 0.0, "FIC_01": 0.0, "FIC_02": 0.0, "FIC_03": 0.0, "FIC_04": 0.0, "FIC_05": 0.0, "FIC_06": 0.0, "FIC_07": 0.0, "FIC_08": 0.0, "FIC_09": 0.0, "FIC_10": 0.0, "FIC_11": 1.0, "FIC_12": 0.0, "SEMRED": 0, "DESCR": " ", "COD_ID": "a2d34aaf732fc836392bc214e32643f539bce8fe54cc0925312fe169a235dbc4", "__layer": "UCBT_tab", "DEM_CONT": null, "DEM_01": null, "DEM_02": null, "DEM_03": null, "DEM_04": null, "DEM_05": null, "DEM_06": null, "DEM_07": null, "DEM_08": null, "DEM_09": null, "DEM_10": null, "DEM_11": null, "DEM_12": null }, "geometry": null },
{ "type": "Feature", "properties": { "DIST": 390, "PAC": "32868168739014963L", "RAMAL": "8966400S1", "PN_CON": "557355", "UNI_TR_MT": "14356494", "CTMT": "JKU0106", "UNI_TR_AT": "DJKU-EQ-TR3", "SUB": "DJKU", "CONJ": 15813, "MUN": "3550308", "CEG_GD": " ", "BRR": "AV PRES JUSCELINO KUBITSCHEK 986 VILA NOVA CONCEICAO", "CEP": "04543-000", "CLAS_SUB": "RE1", "CNAE": " ", "TIP_CC": "RES-Tipo05", "FAS_CON": "ABCN", "GRU_TEN": "BT", "TEN_FORN": "10", "GRU_TAR": "B1", "SIT_ATIV": "AT", "DAT_CON": "14/09/1992", "CAR_INST": 12.0, "LIV": 0, "ARE_LOC": "UB", "TIP_SIST": "RD_INTERLIG", "ENE_01": 10.0, "ENE_02": 83.33, "ENE_03": 85.71, "ENE_04": 100.0, "ENE_05": 17173.86, "ENE_06": 1523.2, "ENE_07": 1256.64, "ENE_08": 1855.36, "ENE_09": 1302.7, "ENE_10": 1855.7, "ENE_11": 1657.79, "ENE_12": 1543.96, "DIC_01": 0.0, "DIC_02": 0.0, "DIC_03": 0.0, "DIC_04": 0.0, "DIC_05": 0.0, "DIC_06": 0.0, "DIC_07": 0.0, "DIC_08": 0.06, "DIC_09": 0.0, "DIC_10": 0.0, "DIC_11": 0.0, "DIC_12": 0.0, "FIC_01": 0.0, "FIC_02": 0.0, "FIC_03": 0.0, "FIC_04": 0.0, "FIC_05": 0.0, "FIC_06": 0.0, "FIC_07": 0.0, "FIC_08": 1.0, "FIC_09": 0.0, "FIC_10": 0.0, "FIC_11": 0.0, "FIC_12": 0.0, "SEMRED": 0, "DESCR": " ", "COD_ID": "f52b6a27937b9a1bfe06dd9318160c1409555f1c721f58e6aff76b4b9a166cdb", "__layer": "UCBT_tab", "DEM_CONT": null, "DEM_01": null, "DEM_02": null, "DEM_03": null, "DEM_04": null, "DEM_05": null, "DEM_06": null, "DEM_07": null, "DEM_08": null, "DEM_09": null, "DEM_10": null, "DEM_11": null, "DEM_12": null }, "geometry": null },
{ "type": "Feature", "properties": { "DIST": 390, "PAC": "32860867739017683L", "RAMAL": "8961200S1", "PN_CON": "555424", "UNI_TR_MT": "14355246", "CTMT": "ITA0111", "UNI_TR_AT": "DITA-EQ-TR3", "SUB": "DITA", "CONJ": 15813, "MUN": "3550308", "CEG_GD": " ", "BRR": "AV PRES JUSCELINO KUBITSCHEK 1090 VILA NOVA CONCEICAO", "CEP": "04543-000", "CLAS_SUB": "CO9", "CNAE": "4520-0/01", "TIP_CC": "COM-Tipo05", "FAS_CON": "ABCN", "GRU_TEN": "BT", "TEN_FORN": "10", "GRU_TAR": "B3", "SIT_ATIV": "AT", "DAT_CON": "31/01/1996", "CAR_INST": 56.8, "LIV": 0, "ARE_LOC": "UB", "TIP_SIST": "RD_INTERLIG", "ENE_01": 3333.94, "ENE_02": 3640.46, "ENE_03": 3670.825, "ENE_04": 3372.8, "ENE_05": 3675.2, "ENE_06": 3279.2, "ENE_07": 2815.01, "ENE_08": 2068.14, "ENE_09": 3200.8, "ENE_10": 3374.4, "ENE_11": 1917.74, "ENE_12": 3214.64, "DIC_01": 0.0, "DIC_02": 28.05, "DIC_03": 0.0, "DIC_04": 0.0, "DIC_05": 0.0, "DIC_06": 3.23, "DIC_07": 0.1, "DIC_08": 0.0, "DIC_09": 0.0, "DIC_10": 0.0, "DIC_11": 0.0, "DIC_12": 0.0, "FIC_01": 0.0, "FIC_02": 2.0, "FIC_03": 0.0, "FIC_04": 0.0, "FIC_05": 0.0, "FIC_06": 1.0, "FIC_07": 1.0, "FIC_08": 0.0, "FIC_09": 0.0, "FIC_10": 0.0, "FIC_11": 0.0, "FIC_12": 0.0, "SEMRED": 0, "DESCR": " ", "COD_ID": "cf35427a114ddc3cbb7ed9ccad6545437afcef6b645c794892f8fa4e9d06bf45", "__layer": "UCBT_tab", "DEM_CONT": null, "DEM_01": null, "DEM_02": null, "DEM_03": null, "DEM_04": null, "DEM_05": null, "DEM_06": null, "DEM_07": null, "DEM_08": null, "DEM_09": null, "DEM_10": null, "DEM_11": null, "DEM_12": null }, "geometry": null },
{ "type": "Feature", "properties": { "DIST": 390, "PAC": "32760255739012191L", "RAMAL": "447460274S1", "PN_CON": "523770", "UNI_TR_MT": "14341958", "CTMT": "MOC0113", "UNI_TR_AT": "DMOC-EQ-TR2", "SUB": "DMOC", "CONJ": 15828, "MUN": "3550308", "CEG_GD": " ", "BRR": "AV PRES JUSCELINO KUBITSCHEK 2020 VILA NOVA CONCEICAO", "CEP": "04543-000", "CLAS_SUB": "CO1", "CNAE": "7739-0/99", "TIP_CC": "COM-Tipo01", "FAS_CON": "ABN", "GRU_TEN": "BT", "TEN_FORN": "10", "GRU_TAR": "B3", "SIT_ATIV": "AT", "DAT_CON": "16/08/2024", "CAR_INST": 0.4, "LIV": 0, "ARE_LOC": "UB", "TIP_SIST": "RD_INTERLIG", "ENE_01": 0.0, "ENE_02": 0.0, "ENE_03": 0.0, "ENE_04": 0.0, "ENE_05": 0.0, "ENE_06": 0.0, "ENE_07": 0.0, "ENE_08": 0.0, "ENE_09": 50.0, "ENE_10": 50.0, "ENE_11": 29.5, "ENE_12": 47.81, "DIC_01": 0.0, "DIC_02": 0.0, "DIC_03": 0.0, "DIC_04": 0.0, "DIC_05": 0.0, "DIC_06": 0.0, "DIC_07": 0.0, "DIC_08": 0.0, "DIC_09": 0.0, "DIC_10": 0.0, "DIC_11": 0.0, "DIC_12": 0.0, "FIC_01": 0.0, "FIC_02": 0.0, "FIC_03": 0.0, "FIC_04": 0.0, "FIC_05": 0.0, "FIC_06": 0.0, "FIC_07": 0.0, "FIC_08": 0.0, "FIC_09": 0.0, "FIC_10": 0.0, "FIC_11": 0.0, "FIC_12": 0.0, "SEMRED": 0, "DESCR": " ", "COD_ID": "51dbaf68013c5b6f6e75702a3e3be0cca9acd964c1409e87f3cb680e560fd3c9", "__layer": "UCBT_tab", "DEM_CONT": null, "DEM_01": null, "DEM_02": null, "DEM_03": null, "DEM_04": null, "DEM_05": null, "DEM_06": null, "DEM_07": null, "DEM_08": null, "DEM_09": null, "DEM_10": null, "DEM_11": null, "DEM_12": null }, "geometry": null },
{ "type": "Feature", "properties": { "DIST": 390, "PAC": "32802041739003395L", "RAMAL": "12294900S1", "PN_CON": " ", "UNI_TR_MT": "14348526", "CTMT": "MOC0113", "UNI_TR_AT": "DMOC-EQ-TR2", "SUB": "DMOC", "CONJ": 15828, "MUN": "3550308", "CEG_GD": " ", "BRR": "AV PRES JUSCELINO KUBITSCHEK 1726 VILA NOVA CONCEICAO", "CEP": "04543-000", "CLAS_SUB": "CO1", "CNAE": "5611-2/01", "TIP_CC": "COM-Tipo04", "FAS_CON": "ABCN", "GRU_TEN": "BT", "TEN_FORN": "10", "GRU_TAR": "B3", "SIT_ATIV": "AT", "DAT_CON": "24/11/1999", "CAR_INST": 7.4, "LIV": 0, "ARE_LOC": "UB", "TIP_SIST": "RD_INTERLIG", "ENE_01": 6260.0, "ENE_02": 6883.6, "ENE_03": 7474.7, "ENE_04": 6998.4, "ENE_05": 7214.4, "ENE_06": 6166.8, "ENE_07": 5443.2, "ENE_08": 3702.46, "ENE_09": 6555.6, "ENE_10": 7189.2, "ENE_11": 3850.81, "ENE_12": 6358.52, "DIC_01": 0.0, "DIC_02": 0.0, "DIC_03": 0.0, "DIC_04": 0.0, "DIC_05": 0.0, "DIC_06": 0.0, "DIC_07": 0.0, "DIC_08": 0.0, "DIC_09": 0.0, "DIC_10": 4.55, "DIC_11": 0.0, "DIC_12": 13.73, "FIC_01": 0.0, "FIC_02": 0.0, "FIC_03": 0.0, "FIC_04": 0.0, "FIC_05": 0.0, "FIC_06": 0.0, "FIC_07": 0.0, "FIC_08": 0.0, "FIC_09": 0.0, "FIC_10": 1.0, "FIC_11": 0.0, "FIC_12": 1.0, "SEMRED": 0, "DESCR": " ", "COD_ID": "77b3e6e3cd81c4f6f3af9c0816d7b5591c4ebb30acbea3171201fbc11c48144f", "__layer": "UCBT_tab", "DEM_CONT": null, "DEM_01": null, "DEM_02": null, "DEM_03": null, "DEM_04": null, "DEM_05": null, "DEM_06": null, "DEM_07": null, "DEM_08": null, "DEM_09": null, "DEM_10": null, "DEM_11": null, "DEM_12": null }, "geometry": null },
{ "type": "Feature", "properties": { "DIST": 390, "PAC": "32802041739003395L", "RAMAL": "12294900S1", "PN_CON": " ", "UNI_TR_MT": "14348526", "CTMT": "MOC0113", "UNI_TR_AT": "DMOC-EQ-TR2", "SUB": "DMOC", "CONJ": 15828, "MUN": "3550308", "CEG_GD": " ", "BRR": "AV PRES JUSCELINO KUBITSCHEK 1726 VILA NOVA CONCEICAO", "CEP": "04543-000", "CLAS_SUB": "CO9", "CNAE": "6399-2/00", "TIP_CC": "COM-Tipo03", "FAS_CON": "ABCN", "GRU_TEN": "BT", "TEN_FORN": "10", "GRU_TAR": "B3", "SIT_ATIV": "AT", "DAT_CON": "19/01/2000", "CAR_INST": 7.1, "LIV": 0, "ARE_LOC": "UB", "TIP_SIST": "RD_INTERLIG", "ENE_01": 468.0, "ENE_02": 856.98, "ENE_03": 942.161, "ENE_04": 919.98, "ENE_05": 923.22, "ENE_06": 960.84, "ENE_07": 913.25, "ENE_08": 634.42, "ENE_09": 334.26, "ENE_10": 1043.28, "ENE_11": 539.28, "ENE_12": 906.26, "DIC_01": 0.0, "DIC_02": 0.0, "DIC_03": 0.0, "DIC_04": 0.0, "DIC_05": 0.0, "DIC_06": 0.0, "DIC_07": 0.0, "DIC_08": 0.0, "DIC_09": 0.0, "DIC_10": 4.55, "DIC_11": 0.0, "DIC_12": 13.73, "FIC_01": 0.0, "FIC_02": 0.0, "FIC_03": 0.0, "FIC_04": 0.0, "FIC_05": 0.0, "FIC_06": 0.0, "FIC_07": 0.0, "FIC_08": 0.0, "FIC_09": 0.0, "FIC_10": 1.0, "FIC_11": 0.0, "FIC_12": 1.0, "SEMRED": 0, "DESCR": " ", "COD_ID": "eb2c83214651b2e2ad7413094ef2f0dc486577357350fcfda82d148123b1f865", "__layer": "UCBT_tab", "DEM_CONT": null, "DEM_01": null, "DEM_02": null, "DEM_03": null, "DEM_04": null, "DEM_05": null, "DEM_06": null, "DEM_07": null, "DEM_08": null, "DEM_09": null, "DEM_10": null, "DEM_11": null, "DEM_12": null }, "geometry": null },
{ "type": "Feature", "properties": { "DIST": 390, "PAC": "32802041739003395L", "RAMAL": "12294900S1", "PN_CON": " ", "UNI_TR_MT": "14348526", "CTMT": "MOC0113", "UNI_TR_AT": "DMOC-EQ-TR2", "SUB": "DMOC", "CONJ": 15828, "MUN": "3550308", "CEG_GD": " ", "BRR": "AV PRES JUSCELINO KUBITSCHEK 1726 VILA NOVA CONCEICAO", "CEP": "04543-000", "CLAS_SUB": "CO9", "CNAE": "8650-0/99", "TIP_CC": "COM-Tipo02", "FAS_CON": "ABCN", "GRU_TEN": "BT", "TEN_FORN": "10", "GRU_TAR": "B3", "SIT_ATIV": "AT", "DAT_CON": "19/01/2000", "CAR_INST": 8.3, "LIV": 0, "ARE_LOC": "UB", "TIP_SIST": "RD_INTERLIG", "ENE_01": 133.0, "ENE_02": 166.0, "ENE_03": 192.412, "ENE_04": 169.0, "ENE_05": 160.0, "ENE_06": 146.0, "ENE_07": 104.16, "ENE_08": 79.3, "ENE_09": 144.0, "ENE_10": 159.0, "ENE_11": 82.6, "ENE_12": 184.56, "DIC_01": 0.0, "DIC_02": 0.0, "DIC_03": 0.0, "DIC_04": 0.0, "DIC_05": 0.0, "DIC_06": 0.0, "DIC_07": 0.0, "DIC_08": 0.0, "DIC_09": 0.0, "DIC_10": 4.55, "DIC_11": 0.0, "DIC_12": 13.73, "FIC_01": 0.0, "FIC_02": 0.0, "FIC_03": 0.0, "FIC_04": 0.0, "FIC_05": 0.0, "FIC_06": 0.0, "FIC_07": 0.0, "FIC_08": 0.0, "FIC_09": 0.0, "FIC_10": 1.0, "FIC_11": 0.0, "FIC_12": 1.0, "SEMRED": 0, "DESCR": " ", "COD_ID": "2c0d72d7bbe62c4651dd24ce8921f101c1cee16ae720da83e314be6a94f2fc3a", "__layer": "UCBT_tab", "DEM_CONT": null, "DEM_01": null, "DEM_02": null, "DEM_03": null, "DEM_04": null, "DEM_05": null, "DEM_06": null, "DEM_07": null, "DEM_08": null, "DEM_09": null, "DEM_10": null, "DEM_11": null, "DEM_12": null }, "geometry": null },
{ "type": "Feature", "properties": { "DIST": 390, "PAC": "32802041739003395L", "RAMAL": "12294900S1", "PN_CON": " ", "UNI_TR_MT": "14348526", "CTMT": "MOC0113", "UNI_TR_AT": "DMOC-EQ-TR2", "SUB": "DMOC", "CONJ": 15828, "MUN": "3550308", "CEG_GD": " ", "BRR": "AV PRES JUSCELINO KUBITSCHEK 1726 VILA NOVA CONCEICAO", "CEP": "04543-000", "CLAS_SUB": "CO1", "CNAE": "6462-0/00", "TIP_CC": "COM-Tipo02", "FAS_CON": "ABCN", "GRU_TEN": "BT", "TEN_FORN": "10", "GRU_TAR": "B3", "SIT_ATIV": "AT", "DAT_CON": "19/01/2000", "CAR_INST": 8.3, "LIV": 0, "ARE_LOC": "UB", "TIP_SIST": "RD_INTERLIG", "ENE_01": 418.0, "ENE_02": 350.78, "ENE_03": 459.633, "ENE_04": 426.24, "ENE_05": 417.96, "ENE_06": 359.1, "ENE_07": 331.28, "ENE_08": 226.74, "ENE_09": 410.76, "ENE_10": 398.88, "ENE_11": 244.58, "ENE_12": 359.58, "DIC_01": 0.0, "DIC_02": 0.0, "DIC_03": 0.0, "DIC_04": 0.0, "DIC_05": 0.0, "DIC_06": 0.0, "DIC_07": 0.0, "DIC_08": 0.0, "DIC_09": 0.0, "DIC_10": 4.55, "DIC_11": 0.0, "DIC_12": 13.73, "FIC_01": 0.0, "FIC_02": 0.0, "FIC_03": 0.0, "FIC_04": 0.0, "FIC_05": 0.0, "FIC_06": 0.0, "FIC_07": 0.0, "FIC_08": 0.0, "FIC_09": 0.0, "FIC_10": 1.0, "FIC_11": 0.0, "FIC_12": 1.0, "SEMRED": 0, "DESCR": " ", "COD_ID": "ebf7091666d998f7024adeb6609b61bc8ba9b2e4d0d1b8f745a46640c3ca847c", "__layer": "UCBT_tab", "DEM_CONT": null, "DEM_01": null, "DEM_02": null, "DEM_03": null, "DEM_04": null, "DEM_05": null, "DEM_06": null, "DEM_07": null, "DEM_08": null, "DEM_09": null, "DEM_10": null, "DEM_11": null, "DEM_12": null }, "geometry": null },
{ "type": "Feature", "properties": { "DIST": 390, "PAC": "32802041739003395L", "RAMAL": "12294900S1", "PN_CON": " ", "UNI_TR_MT": "14348526", "CTMT": "MOC0113", "UNI_TR_AT": "DMOC-EQ-TR2", "SUB": "DMOC", "CONJ": 15828, "MUN": "3550308", "CEG_GD": " ", "BRR": "AV PRES JUSCELINO KUBITSCHEK 1726 VILA NOVA CONCEICAO", "CEP": "04543-000", "CLAS_SUB": "CO1", "CNAE": "6462-0/00", "TIP_CC": "RES-Tipo04", "FAS_CON": "ABC", "GRU_TEN": "BT", "TEN_FORN": "10", "GRU_TAR": "B3", "SIT_ATIV": "AT", "DAT_CON": "19/01/2000", "CAR_INST": 8.2, "LIV": 0, "ARE_LOC": "UB", "TIP_SIST": "RD_INTERLIG", "ENE_01": 259.0, "ENE_02": 451.0, "ENE_03": 631.588, "ENE_04": 647.0, "ENE_05": 674.0, "ENE_06": 619.0, "ENE_07": 508.2, "ENE_08": 350.75, "ENE_09": 628.0, "ENE_10": 711.0, "ENE_11": 353.41, "ENE_12": 559.42, "DIC_01": 0.0, "DIC_02": 0.0, "DIC_03": 0.0, "DIC_04": 0.0, "DIC_05": 0.0, "DIC_06": 0.0, "DIC_07": 0.0, "DIC_08": 0.0, "DIC_09": 0.0, "DIC_10": 4.55, "DIC_11": 0.0, "DIC_12": 13.73, "FIC_01": 0.0, "FIC_02": 0.0, "FIC_03": 0.0, "FIC_04": 0.0, "FIC_05": 0.0, "FIC_06": 0.0, "FIC_07": 0.0, "FIC_08": 0.0, "FIC_09": 0.0, "FIC_10": 1.0, "FIC_11": 0.0, "FIC_12": 1.0, "SEMRED": 0, "DESCR": " ", "COD_ID": "c49e56fc82e27ac6404b9fc35ef364ae7d0fecd8708eca6f5992b60194cafe01", "__layer": "UCBT_tab", "DEM_CONT": null, "DEM_01": null, "DEM_02": null, "DEM_03": null, "DEM_04": null, "DEM_05": null, "DEM_06": null, "DEM_07": null, "DEM_08": null, "DEM_09": null, "DEM_10": null, "DEM_11": null, "DEM_12": null }, "geometry": null },
{ "type": "Feature", "properties": { "DIST": 390, "PAC": "32802041739003395L", "RAMAL": "12294900S1", "PN_CON": " ", "UNI_TR_MT": "14348526", "CTMT": "MOC0113", "UNI_TR_AT": "DMOC-EQ-TR2", "SUB": "DMOC", "CONJ": 15828, "MUN": "3550308", "CEG_GD": " ", "BRR": "AV PRES JUSCELINO KUBITSCHEK 1726 VILA NOVA CONCEICAO", "CEP": "04543-000", "CLAS_SUB": "CO1", "CNAE": "6911-7/01", "TIP_CC": "COM-Tipo02", "FAS_CON": "ABCN", "GRU_TEN": "BT", "TEN_FORN": "10", "GRU_TAR": "B3", "SIT_ATIV": "AT", "DAT_CON": "19/01/2000", "CAR_INST": 8.3, "LIV": 0, "ARE_LOC": "UB", "TIP_SIST": "RD_INTERLIG", "ENE_01": 100.0, "ENE_02": 2549.0, "ENE_03": 764.211, "ENE_04": 746.0, "ENE_05": 829.0, "ENE_06": 803.0, "ENE_07": 651.0, "ENE_08": 481.29, "ENE_09": 826.0, "ENE_10": 839.0, "ENE_11": 462.56, "ENE_12": 751.63, "DIC_01": 0.0, "DIC_02": 0.0, "DIC_03": 0.0, "DIC_04": 0.0, "DIC_05": 0.0, "DIC_06": 0.0, "DIC_07": 0.0, "DIC_08": 0.0, "DIC_09": 0.0, "DIC_10": 4.55, "DIC_11": 0.0, "DIC_12": 13.73, "FIC_01": 0.0, "FIC_02": 0.0, "FIC_03": 0.0, "FIC_04": 0.0, "FIC_05": 0.0, "FIC_06": 0.0, "FIC_07": 0.0, "FIC_08": 0.0, "FIC_09": 0.0, "FIC_10": 1.0, "FIC_11": 0.0, "FIC_12": 1.0, "SEMRED": 0, "DESCR": " ", "COD_ID": "470eaa82d40a5e4cf5434cdd8c65f6bb613e94e2e949024314c1ca64d0c6c2aa", "__layer": "UCBT_tab", "DEM_CONT": null, "DEM_01": null, "DEM_02": null, "DEM_03": null, "DEM_04": null, "DEM_05": null, "DEM_06": null, "DEM_07": null, "DEM_08": null, "DEM_09": null, "DEM_10": null, "DEM_11": null, "DEM_12": null }, "geometry": null },
{ "type": "Feature", "properties": { "DIST": 390, "PAC": "32802041739003395L", "RAMAL": "12294900S1", "PN_CON": " ", "UNI_TR_MT": "14348526", "CTMT": "MOC0113", "UNI_TR_AT": "DMOC-EQ-TR2", "SUB": "DMOC", "CONJ": 15828, "MUN": "3550308", "CEG_GD": " ", "BRR": "AV PRES JUSCELINO KUBITSCHEK 1726 VILA NOVA CONCEICAO", "CEP": "04543-000", "CLAS_SUB": "CO1", "CNAE": "6203-1/00", "TIP_CC": "COM-Tipo03", "FAS_CON": "ABCN", "GRU_TEN": "BT", "TEN_FORN": "10", "GRU_TAR": "B3", "SIT_ATIV": "AT", "DAT_CON": "19/01/2000", "CAR_INST": 8.3, "LIV": 0, "ARE_LOC": "UB", "TIP_SIST": "RD_INTERLIG", "ENE_01": 651.0, "ENE_02": 598.38, "ENE_03": 717.928, "ENE_04": 695.7, "ENE_05": 516.06, "ENE_06": 648.9, "ENE_07": 1205.06, "ENE_08": 927.15, "ENE_09": 1516.86, "ENE_10": 1531.98, "ENE_11": 891.97, "ENE_12": 1185.81, "DIC_01": 0.0, "DIC_02": 0.0, "DIC_03": 0.0, "DIC_04": 0.0, "DIC_05": 0.0, "DIC_06": 0.0, "DIC_07": 0.0, "DIC_08": 0.0, "DIC_09": 0.0, "DIC_10": 4.55, "DIC_11": 0.0, "DIC_12": 13.73, "FIC_01": 0.0, "FIC_02": 0.0, "FIC_03": 0.0, "FIC_04": 0.0, "FIC_05": 0.0, "FIC_06": 0.0, "FIC_07": 0.0, "FIC_08": 0.0, "FIC_09": 0.0, "FIC_10": 1.0, "FIC_11": 0.0, "FIC_12": 1.0, "SEMRED": 0, "DESCR": " ", "COD_ID": "ec9739fb4ea1447fe0dcbd428ed92436b5782a443fc462974a0557a387aa4ea3", "__layer": "UCBT_tab", "DEM_CONT": null, "DEM_01": null, "DEM_02": null, "DEM_03": null, "DEM_04": null, "DEM_05": null, "DEM_06": null, "DEM_07": null, "DEM_08": null, "DEM_09": null, "DEM_10": null, "DEM_11": null, "DEM_12": null }, "geometry": null },
{ "type": "Feature", "properties": { "DIST": 390, "PAC": "32802041739003395L", "RAMAL": "12294900S1", "PN_CON": " ", "UNI_TR_MT": "14348526", "CTMT": "MOC0113", "UNI_TR_AT": "DMOC-EQ-TR2", "SUB": "DMOC", "CONJ": 15828, "MUN": "3550308", "CEG_GD": " ", "BRR": "AV PRES JUSCELINO KUBITSCHEK 1726 VILA NOVA CONCEICAO", "CEP": "04543-000", "CLAS_SUB": "CO3", "CNAE": "6110-8/03", "TIP_CC": "COM-Tipo02", "FAS_CON": "ABCN", "GRU_TEN": "BT", "TEN_FORN": "10", "GRU_TAR": "B3", "SIT_ATIV": "AT", "DAT_CON": "19/01/2000", "CAR_INST": 8.3, "LIV": 0, "ARE_LOC": "UB", "TIP_SIST": "RD_INTERLIG", "ENE_01": 281.0, "ENE_02": 316.0, "ENE_03": 373.952, "ENE_04": 321.0, "ENE_05": 377.0, "ENE_06": 363.0, "ENE_07": 296.52, "ENE_08": 190.93, "ENE_09": 342.0, "ENE_10": 392.0, "ENE_11": 233.64, "ENE_12": 340.43, "DIC_01": 0.0, "DIC_02": 0.0, "DIC_03": 0.0, "DIC_04": 0.0, "DIC_05": 0.0, "DIC_06": 0.0, "DIC_07": 0.0, "DIC_08": 0.0, "DIC_09": 0.0, "DIC_10": 4.55, "DIC_11": 0.0, "DIC_12": 13.73, "FIC_01": 0.0, "FIC_02": 0.0, "FIC_03": 0.0, "FIC_04": 0.0, "FIC_05": 0.0, "FIC_06": 0.0, "FIC_07": 0.0, "FIC_08": 0.0, "FIC_09": 0.0, "FIC_10": 1.0, "FIC_11": 0.0, "FIC_12": 1.0, "SEMRED": 0, "DESCR": " ", "COD_ID": "122a3688290974aea63d1c3fefe66c207f2034400459a5adfee95d4d3c833063", "__layer": "UCBT_tab", "DEM_CONT": null, "DEM_01": null, "DEM_02": null, "DEM_03": null, "DEM_04": null, "DEM_05": null, "DEM_06": null, "DEM_07": null, "DEM_08": null, "DEM_09": null, "DEM_10": null, "DEM_11": null, "DEM_12": null }, "geometry": null },
{ "type": "Feature", "properties": { "DIST": 390, "PAC": "32802041739003395L", "RAMAL": "12294900S1", "PN_CON": " ", "UNI_TR_MT": "14348526", "CTMT": "MOC0113", "UNI_TR_AT": "DMOC-EQ-TR2", "SUB": "DMOC", "CONJ": 15828, "MUN": "3550308", "CEG_GD": " ", "BRR": "AV PRES JUSCELINO KUBITSCHEK 1726 VILA NOVA CONCEICAO", "CEP": "04543-000", "CLAS_SUB": "RE1", "CNAE": " ", "TIP_CC": "COM-Tipo05", "FAS_CON": "ABCN", "GRU_TEN": "BT", "TEN_FORN": "10", "GRU_TAR": "B1", "SIT_ATIV": "AT", "DAT_CON": "19/01/2000", "CAR_INST": 8.3, "LIV": 0, "ARE_LOC": "UB", "TIP_SIST": "RD_INTERLIG", "ENE_01": 880.59, "ENE_02": 1272.92, "ENE_03": 672.2, "ENE_04": 100.0, "ENE_05": 952.2, "ENE_06": 1386.4, "ENE_07": 1326.8, "ENE_08": 1221.8, "ENE_09": 9671.2, "ENE_10": 2886.7, "ENE_11": 2886.7, "ENE_12": 832.07, "DIC_01": 0.0, "DIC_02": 0.0, "DIC_03": 0.0, "DIC_04": 0.0, "DIC_05": 0.0, "DIC_06": 0.0, "DIC_07": 0.0, "DIC_08": 0.0, "DIC_09": 0.0, "DIC_10": 4.55, "DIC_11": 0.0, "DIC_12": 13.73, "FIC_01": 0.0, "FIC_02": 0.0, "FIC_03": 0.0, "FIC_04": 0.0, "FIC_05": 0.0, "FIC_06": 0.0, "FIC_07": 0.0, "FIC_08": 0.0, "FIC_09": 0.0, "FIC_10": 1.0, "FIC_11": 0.0, "FIC_12": 1.0, "SEMRED": 0, "DESCR": " ", "COD_ID": "1a95b0b59e085327f461cf1df1dd9afa79dca9623a154dc1607281f6fc766600", "__layer": "UCBT_tab", "DEM_CONT": null, "DEM_01": null, "DEM_02": null, "DEM_03": null, "DEM_04": null, "DEM_05": null, "DEM_06": null, "DEM_07": null, "DEM_08": null, "DEM_09": null, "DEM_10": null, "DEM_11": null, "DEM_12": null }, "geometry": null },
{ "type": "Feature", "properties": { "DIST": 390, "PAC": "32802041739003395L", "RAMAL": "12294900S1", "PN_CON": " ", "UNI_TR_MT": "14348526", "CTMT": "MOC0113", "UNI_TR_AT": "DMOC-EQ-TR2", "SUB": "DMOC", "CONJ": 15828, "MUN": "3550308", "CEG_GD": " ", "BRR": "AV PRES JUSCELINO KUBITSCHEK 1726 VILA NOVA CONCEICAO", "CEP": "04543-000", "CLAS_SUB": "CO1", "CNAE": "6810-2/01", "TIP_CC": "COM-Tipo03", "FAS_CON": "ABN", "GRU_TEN": "BT", "TEN_FORN": "10", "GRU_TAR": "B3", "SIT_ATIV": "AT", "DAT_CON": "19/01/2000", "CAR_INST": 6.9, "LIV": 0, "ARE_LOC": "UB", "TIP_SIST": "RD_INTERLIG", "ENE_01": 507.0, "ENE_02": 608.79, "ENE_03": 445.189, "ENE_04": 603.72, "ENE_05": 652.32, "ENE_06": 755.46, "ENE_07": 544.92, "ENE_08": 388.14, "ENE_09": 650.16, "ENE_10": 253.98, "ENE_11": 29.5, "ENE_12": 7.57, "DIC_01": 0.0, "DIC_02": 0.0, "DIC_03": 0.0, "DIC_04": 0.0, "DIC_05": 0.0, "DIC_06": 0.0, "DIC_07": 0.0, "DIC_08": 0.0, "DIC_09": 0.0, "DIC_10": 4.55, "DIC_11": 0.0, "DIC_12": 13.73, "FIC_01": 0.0, "FIC_02": 0.0, "FIC_03": 0.0, "FIC_04": 0.0, "FIC_05": 0.0, "FIC_06": 0.0, "FIC_07": 0.0, "FIC_08": 0.0, "FIC_09": 0.0, "FIC_10": 1.0, "FIC_11": 0.0, "FIC_12": 1.0, "SEMRED": 0, "DESCR": " ", "COD_ID": "9b4f42a629e3029a1cc11adc640eef51ed8feee61f7fd987e4b0c32caae34da5", "__layer": "UCBT_tab", "DEM_CONT": null, "DEM_01": null, "DEM_02": null, "DEM_03": null, "DEM_04": null, "DEM_05": null, "DEM_06": null, "DEM_07": null, "DEM_08": null, "DEM_09": null, "DEM_10": null, "DEM_11": null, "DEM_12": null }, "geometry": null },
{ "type": "Feature", "properties": { "DIST": 390, "PAC": "32802041739003395L", "RAMAL": "12294900S1", "PN_CON": " ", "UNI_TR_MT": "14348526", "CTMT": "MOC0113", "UNI_TR_AT": "DMOC-EQ-TR2", "SUB": "DMOC", "CONJ": 15828, "MUN": "3550308", "CEG_GD": " ", "BRR": "AV PRES JUSCELINO KUBITSCHEK 1726 VILA NOVA CONCEICAO", "CEP": "04543-000", "CLAS_SUB": "CO1", "CNAE": "6911-7/01", "TIP_CC": "COM-Tipo03", "FAS_CON": "ABCN", "GRU_TEN": "BT", "TEN_FORN": "10", "GRU_TAR": "B3", "SIT_ATIV": "AT", "DAT_CON": "19/01/2000", "CAR_INST": 8.3, "LIV": 0, "ARE_LOC": "UB", "TIP_SIST": "RD_INTERLIG", "ENE_01": 737.0, "ENE_02": 709.66, "ENE_03": 789.543, "ENE_04": 698.76, "ENE_05": 388.44, "ENE_06": 624.24, "ENE_07": 499.87, "ENE_08": 387.05, "ENE_09": 701.1, "ENE_10": 868.32, "ENE_11": 485.65, "ENE_12": 784.57, "DIC_01": 0.0, "DIC_02": 0.0, "DIC_03": 0.0, "DIC_04": 0.0, "DIC_05": 0.0, "DIC_06": 0.0, "DIC_07": 0.0, "DIC_08": 0.0, "DIC_09": 0.0, "DIC_10": 4.55, "DIC_11": 0.0, "DIC_12": 13.73, "FIC_01": 0.0, "FIC_02": 0.0, "FIC_03": 0.0, "FIC_04": 0.0, "FIC_05": 0.0, "FIC_06": 0.0, "FIC_07": 0.0, "FIC_08": 0.0, "FIC_09": 0.0, "FIC_10": 1.0, "FIC_11": 0.0, "FIC_12": 1.0, "SEMRED": 0, "DESCR": " ", "COD_ID": "08c96f57d825520d9deee1b91af80c983621b952ad35674a8ef56cecc4565af8", "__layer": "UCBT_tab", "DEM_CONT": null, "DEM_01": null, "DEM_02": null, "DEM_03": null, "DEM_04": null, "DEM_05": null, "DEM_06": null, "DEM_07": null, "DEM_08": null, "DEM_09": null, "DEM_10": null, "DEM_11": null, "DEM_12": null }, "geometry": null },
{ "type": "Feature", "properties": { "DIST": 390, "PAC": "32802041739003395L", "RAMAL": "12294900S1", "PN_CON": " ", "UNI_TR_MT": "14348526", "CTMT": "MOC0113", "UNI_TR_AT": "DMOC-EQ-TR2", "SUB": "DMOC", "CONJ": 15828, "MUN": "3550308", "CEG_GD": " ", "BRR": "AV PRES JUSCELINO KUBITSCHEK 1726 VILA NOVA CONCEICAO", "CEP": "04543-000", "CLAS_SUB": "CO1", "CNAE": "6810-2/01", "TIP_CC": "COM-Tipo02", "FAS_CON": "ABCN", "GRU_TEN": "BT", "TEN_FORN": "10", "GRU_TAR": "B3", "SIT_ATIV": "AT", "DAT_CON": "19/01/2000", "CAR_INST": 8.3, "LIV": 0, "ARE_LOC": "UB", "TIP_SIST": "RD_INTERLIG", "ENE_01": 514.0, "ENE_02": 482.3, "ENE_03": 543.387, "ENE_04": 489.24, "ENE_05": 583.56, "ENE_06": 567.0, "ENE_07": 494.73, "ENE_08": 347.96, "ENE_09": 598.14, "ENE_10": 608.4, "ENE_11": 361.4, "ENE_12": 573.02, "DIC_01": 0.0, "DIC_02": 0.0, "DIC_03": 0.0, "DIC_04": 0.0, "DIC_05": 0.0, "DIC_06": 0.0, "DIC_07": 0.0, "DIC_08": 0.0, "DIC_09": 0.0, "DIC_10": 4.55, "DIC_11": 0.0, "DIC_12": 13.73, "FIC_01": 0.0, "FIC_02": 0.0, "FIC_03": 0.0, "FIC_04": 0.0, "FIC_05": 0.0, "FIC_06": 0.0, "FIC_07": 0.0, "FIC_08": 0.0, "FIC_09": 0.0, "FIC_10": 1.0, "FIC_11": 0.0, "FIC_12": 1.0, "SEMRED": 0, "DESCR": " ", "COD_ID": "09f7eba5a9e0a47fb372411bdb4cf8057990d17fe39157ce9fb1c8d1862803f2", "__layer": "UCBT_tab", "DEM_CONT": null, "DEM_01": null, "DEM_02": null, "DEM_03": null, "DEM_04": null, "DEM_05": null, "DEM_06": null, "DEM_07": null, "DEM_08": null, "DEM_09": null, "DEM_10": null, "DEM_11": null, "DEM_12": null }, "geometry": null },
{ "type": "Feature", "properties": { "DIST": 390, "PAC": "32906474739050527L", "RAMAL": "12295568S1", "PN_CON": "10969988", "UNI_TR_MT": "14357911", "CTMT": "JKU0108", "UNI_TR_AT": "DJKU-EQ-TR3", "SUB": "DJKU", "CONJ": 15813, "MUN": "3550308", "CEG_GD": " ", "BRR": "AV PRES JUSCELINO KUBITSCHEK 510 VILA NOVA CONCEICAO", "CEP": "04543-000", "CLAS_SUB": "IN", "CNAE": "1113-5/02", "TIP_CC": "IND-Tipo01", "FAS_CON": "ABC", "GRU_TEN": "BT", "TEN_FORN": "10", "GRU_TAR": "B3", "SIT_ATIV": "AT", "DAT_CON": "20/04/2000", "CAR_INST": 4.3, "LIV": 0, "ARE_LOC": "UB", "TIP_SIST": "RD_INTERLIG", "ENE_01": 2640.0, "ENE_02": 2760.0, "ENE_03": 2280.0, "ENE_04": 2160.0, "ENE_05": 2040.0, "ENE_06": 2040.0, "ENE_07": 2160.0, "ENE_08": 2160.0, "ENE_09": 2160.0, "ENE_10": 2040.0, "ENE_11": 2040.0, "ENE_12": 1960.77, "DIC_01": 0.0, "DIC_02": 0.0, "DIC_03": 0.0, "DIC_04": 0.0, "DIC_05": 0.0, "DIC_06": 0.0, "DIC_07": 0.0, "DIC_08": 0.0, "DIC_09": 0.0, "DIC_10": 1.4, "DIC_11": 0.0, "DIC_12": 0.0, "FIC_01": 0.0, "FIC_02": 0.0, "FIC_03": 0.0, "FIC_04": 0.0, "FIC_05": 0.0, "FIC_06": 0.0, "FIC_07": 0.0, "FIC_08": 0.0, "FIC_09": 0.0, "FIC_10": 2.0, "FIC_11": 0.0, "FIC_12": 0.0, "SEMRED": 0, "DESCR": " ", "COD_ID": "8389df85c9fddee3244bf82f7a273a6327a2d7a46575ce6d0e655da28290a3dd", "__layer": "UCBT_tab", "DEM_CONT": null, "DEM_01": null, "DEM_02": null, "DEM_03": null, "DEM_04": null, "DEM_05": null, "DEM_06": null, "DEM_07": null, "DEM_08": null, "DEM_09": null, "DEM_10": null, "DEM_11": null, "DEM_12": null }, "geometry": null },
{ "type": "Feature", "properties": { "DIST": 390, "PAC": "32906474739050527L", "RAMAL": "12295568S1", "PN_CON": "10969988", "UNI_TR_MT": "14357911", "CTMT": "JKU0108", "UNI_TR_AT": "DJKU-EQ-TR3", "SUB": "DJKU", "CONJ": 15813, "MUN": "3550308", "CEG_GD": " ", "BRR": "AV PRES JUSCELINO KUBITSCHEK 510 VILA NOVA CONCEICAO", "CEP": "04543-000", "CLAS_SUB": "IN", "CNAE": "1113-5/02", "TIP_CC": "IND-Tipo04", "FAS_CON": "ABC", "GRU_TEN": "BT", "TEN_FORN": "10", "GRU_TAR": "B3", "SIT_ATIV": "AT", "DAT_CON": "20/04/2000", "CAR_INST": 4.1, "LIV": 0, "ARE_LOC": "UB", "TIP_SIST": "RD_INTERLIG", "ENE_01": 3000.0, "ENE_02": 3360.0, "ENE_03": 3360.0, "ENE_04": 3480.0, "ENE_05": 3720.0, "ENE_06": 3480.0, "ENE_07": 3720.0, "ENE_08": 3720.0, "ENE_09": 3840.0, "ENE_10": 3480.0, "ENE_11": 3480.0, "ENE_12": 3229.5, "DIC_01": 0.0, "DIC_02": 0.0, "DIC_03": 0.0, "DIC_04": 0.0, "DIC_05": 0.0, "DIC_06": 0.0, "DIC_07": 0.0, "DIC_08": 0.0, "DIC_09": 0.0, "DIC_10": 1.4, "DIC_11": 0.0, "DIC_12": 0.0, "FIC_01": 0.0, "FIC_02": 0.0, "FIC_03": 0.0, "FIC_04": 0.0, "FIC_05": 0.0, "FIC_06": 0.0, "FIC_07": 0.0, "FIC_08": 0.0, "FIC_09": 0.0, "FIC_10": 2.0, "FIC_11": 0.0, "FIC_12": 0.0, "SEMRED": 0, "DESCR": " ", "COD_ID": "7161dc1cc622d63152c801fd8faf50a204f1cb86c759426b26de251b91575740", "__layer": "UCBT_tab", "DEM_CONT": null, "DEM_01": null, "DEM_02": null, "DEM_03": null, "DEM_04": null, "DEM_05": null, "DEM_06": null, "DEM_07": null, "DEM_08": null, "DEM_09": null, "DEM_10": null, "DEM_11": null, "DEM_12": null }, "geometry": null },
{ "type": "Feature", "properties": { "DIST": 390, "PAC": "32906474739050527L", "RAMAL": "12295568S1", "PN_CON": "10969988", "UNI_TR_MT": "14357911", "CTMT": "JKU0108", "UNI_TR_AT": "DJKU-EQ-TR3", "SUB": "DJKU", "CONJ": 15813, "MUN": "3550308", "CEG_GD": " ", "BRR": "AV PRES JUSCELINO KUBITSCHEK 510 VILA NOVA CONCEICAO", "CEP": "04543-000", "CLAS_SUB": "CO1", "CNAE": "6462-0/00", "TIP_CC": "COM-Tipo02", "FAS_CON": "ABC", "GRU_TEN": "BT", "TEN_FORN": "10", "GRU_TAR": "B3", "SIT_ATIV": "AT", "DAT_CON": "20/04/2000", "CAR_INST": 26.0, "LIV": 0, "ARE_LOC": "UB", "TIP_SIST": "RD_INTERLIG", "ENE_01": 100.0, "ENE_02": 100.0, "ENE_03": 108.707, "ENE_04": 0.0, "ENE_05": 50.0, "ENE_06": 50.0, "ENE_07": 42.0, "ENE_08": 30.5, "ENE_09": 50.0, "ENE_10": 50.0, "ENE_11": 29.5, "ENE_12": 47.81, "DIC_01": 0.0, "DIC_02": 0.0, "DIC_03": 0.0, "DIC_04": 0.0, "DIC_05": 0.0, "DIC_06": 0.0, "DIC_07": 0.0, "DIC_08": 0.0, "DIC_09": 0.0, "DIC_10": 1.4, "DIC_11": 0.0, "DIC_12": 0.0, "FIC_01": 0.0, "FIC_02": 0.0, "FIC_03": 0.0, "FIC_04": 0.0, "FIC_05": 0.0, "FIC_06": 0.0, "FIC_07": 0.0, "FIC_08": 0.0, "FIC_09": 0.0, "FIC_10": 2.0, "FIC_11": 0.0, "FIC_12": 0.0, "SEMRED": 0, "DESCR": " ", "COD_ID": "dcc2ba258d8239075e59502f59b41031ce51073a784e7aacff60bee12a5a7fce", "__layer": "UCBT_tab", "DEM_CONT": null, "DEM_01": null, "DEM_02": null, "DEM_03": null, "DEM_04": null, "DEM_05": null, "DEM_06": null, "DEM_07": null, "DEM_08": null, "DEM_09": null, "DEM_10": null, "DEM_11": null, "DEM_12": null }, "geometry": null },
{ "type": "Feature", "properties": { "DIST": 390, "PAC": "32906474739050527L", "RAMAL": "12295568S1", "PN_CON": "10969988", "UNI_TR_MT": "14357911", "CTMT": "JKU0108", "UNI_TR_AT": "DJKU-EQ-TR3", "SUB": "DJKU", "CONJ": 15813, "MUN": "3550308", "CEG_GD": " ", "BRR": "AV PRES JUSCELINO KUBITSCHEK 510 VILA NOVA CONCEICAO", "CEP": "04543-000", "CLAS_SUB": "CO1", "CNAE": "6612-6/05", "TIP_CC": "COM-Tipo04", "FAS_CON": "ABCN", "GRU_TEN": "BT", "TEN_FORN": "10", "GRU_TAR": "B3", "SIT_ATIV": "AT", "DAT_CON": "20/04/2000", "CAR_INST": 21.9, "LIV": 0, "ARE_LOC": "UB", "TIP_SIST": "RD_INTERLIG", "ENE_01": 2000.0, "ENE_02": 2160.0, "ENE_03": 4174.353, "ENE_04": 100.0, "ENE_05": 2480.0, "ENE_06": 2440.0, "ENE_07": 3830.4, "ENE_08": 1952.0, "ENE_09": 3680.0, "ENE_10": 3720.0, "ENE_11": 1486.8, "ENE_12": 2142.07, "DIC_01": 0.0, "DIC_02": 0.0, "DIC_03": 0.0, "DIC_04": 0.0, "DIC_05": 0.0, "DIC_06": 0.0, "DIC_07": 0.0, "DIC_08": 0.0, "DIC_09": 0.0, "DIC_10": 1.4, "DIC_11": 0.0, "DIC_12": 0.0, "FIC_01": 0.0, "FIC_02": 0.0, "FIC_03": 0.0, "FIC_04": 0.0, "FIC_05": 0.0, "FIC_06": 0.0, "FIC_07": 0.0, "FIC_08": 0.0, "FIC_09": 0.0, "FIC_10": 2.0, "FIC_11": 0.0, "FIC_12": 0.0, "SEMRED": 0, "DESCR": " ", "COD_ID": "30ccac222f161226c4f2941f571523ca83daa1a9670d1b13ae6fc17d1100cef9", "__layer": "UCBT_tab", "DEM_CONT": null, "DEM_01": null, "DEM_02": null, "DEM_03": null, "DEM_04": null, "DEM_05": null, "DEM_06": null, "DEM_07": null, "DEM_08": null, "DEM_09": null, "DEM_10": null, "DEM_11": null, "DEM_12": null }, "geometry": null },
{ "type": "Feature", "properties": { "DIST": 390, "PAC": "32906474739050527L", "RAMAL": "12295568S1", "PN_CON": "10969988", "UNI_TR_MT": "14357911", "CTMT": "JKU0108", "UNI_TR_AT": "DJKU-EQ-TR3", "SUB": "DJKU", "CONJ": 15813, "MUN": "3550308", "CEG_GD": " ", "BRR": "AV PRES JUSCELINO KUBITSCHEK 510 VILA NOVA CONCEICAO", "CEP": "04543-000", "CLAS_SUB": "CO1", "CNAE": "6462-0/00", "TIP_CC": "COM-Tipo02", "FAS_CON": "ABC", "GRU_TEN": "BT", "TEN_FORN": "10", "GRU_TAR": "B3", "SIT_ATIV": "AT", "DAT_CON": "20/04/2000", "CAR_INST": 26.0, "LIV": 0, "ARE_LOC": "UB", "TIP_SIST": "RD_INTERLIG", "ENE_01": 100.0, "ENE_02": 100.0, "ENE_03": 108.707, "ENE_04": 100.0, "ENE_05": 100.0, "ENE_06": 100.0, "ENE_07": 84.0, "ENE_08": 61.0, "ENE_09": 100.0, "ENE_10": 100.0, "ENE_11": 59.0, "ENE_12": 95.62, "DIC_01": 0.0, "DIC_02": 0.0, "DIC_03": 0.0, "DIC_04": 0.0, "DIC_05": 0.0, "DIC_06": 0.0, "DIC_07": 0.0, "DIC_08": 0.0, "DIC_09": 0.0, "DIC_10": 1.4, "DIC_11": 0.0, "DIC_12": 0.0, "FIC_01": 0.0, "FIC_02": 0.0, "FIC_03": 0.0, "FIC_04": 0.0, "FIC_05": 0.0, "FIC_06": 0.0, "FIC_07": 0.0, "FIC_08": 0.0, "FIC_09": 0.0, "FIC_10": 2.0, "FIC_11": 0.0, "FIC_12": 0.0, "SEMRED": 0, "DESCR": " ", "COD_ID": "9890f36b60b9841f73f881344f4331f20f8318122a65c20e15e64cf704d81572", "__layer": "UCBT_tab", "DEM_CONT": null, "DEM_01": null, "DEM_02": null, "DEM_03": null, "DEM_04": null, "DEM_05": null, "DEM_06": null, "DEM_07": null, "DEM_08": null, "DEM_09": null, "DEM_10": null, "DEM_11": null, "DEM_12": null }, "geometry": null },
{ "type": "Feature", "properties": { "DIST": 390, "PAC": "32906474739050527L", "RAMAL": "12295568S1", "PN_CON": "10969988", "UNI_TR_MT": "14357911", "CTMT": "JKU0108", "UNI_TR_AT": "DJKU-EQ-TR3", "SUB": "DJKU", "CONJ": 15813, "MUN": "3550308", "CEG_GD": " ", "BRR": "AV PRES JUSCELINO KUBITSCHEK 510 VILA NOVA CONCEICAO", "CEP": "04543-000", "CLAS_SUB": "CO9", "CNAE": "6399-2/00", "TIP_CC": "COM-Tipo05", "FAS_CON": "ABC", "GRU_TEN": "BT", "TEN_FORN": "10", "GRU_TAR": "B3", "SIT_ATIV": "AT", "DAT_CON": "20/04/2000", "CAR_INST": 26.0, "LIV": 0, "ARE_LOC": "UB", "TIP_SIST": "RD_INTERLIG", "ENE_01": 1312.0, "ENE_02": 1532.0, "ENE_03": 1729.53, "ENE_04": 1659.0, "ENE_05": 1592.0, "ENE_06": 1385.0, "ENE_07": 1258.32, "ENE_08": 914.39, "ENE_09": 1379.0, "ENE_10": 1354.0, "ENE_11": 810.07, "ENE_12": 1263.25, "DIC_01": 0.0, "DIC_02": 0.0, "DIC_03": 0.0, "DIC_04": 0.0, "DIC_05": 0.0, "DIC_06": 0.0, "DIC_07": 0.0, "DIC_08": 0.0, "DIC_09": 0.0, "DIC_10": 1.4, "DIC_11": 0.0, "DIC_12": 0.0, "FIC_01": 0.0, "FIC_02": 0.0, "FIC_03": 0.0, "FIC_04": 0.0, "FIC_05": 0.0, "FIC_06": 0.0, "FIC_07": 0.0, "FIC_08": 0.0, "FIC_09": 0.0, "FIC_10": 2.0, "FIC_11": 0.0, "FIC_12": 0.0, "SEMRED": 0, "DESCR": " ", "COD_ID": "e1fd2af8fd4e7678e5c0514db9ae39c61143309d4b767b16a0a064c7ad6578b0", "__layer": "UCBT_tab", "DEM_CONT": null, "DEM_01": null, "DEM_02": null, "DEM_03": null, "DEM_04": null, "DEM_05": null, "DEM_06": null, "DEM_07": null, "DEM_08": null, "DEM_09": null, "DEM_10": null, "DEM_11": null, "DEM_12": null }, "geometry": null },
{ "type": "Feature", "properties": { "DIST": 390, "PAC": "32948694739072447L", "RAMAL": "12295866S1", "PN_CON": "10970233", "UNI_TR_MT": "14364265", "CTMT": "JKU0106", "UNI_TR_AT": "DJKU-EQ-TR3", "SUB": "DJKU", "CONJ": 15813, "MUN": "3550308", "CEG_GD": " ", "BRR": "AV PRES JUSCELINO KUBITSCHEK 28 VILA NOVA CONCEICAO", "CEP": "04543-000", "CLAS_SUB": "CO9", "CNAE": "6399-2/00", "TIP_CC": "COM-Tipo02", "FAS_CON": "ABCN", "GRU_TEN": "BT", "TEN_FORN": "10", "GRU_TAR": "B3", "SIT_ATIV": "AT", "DAT_CON": "24/01/2003", "CAR_INST": 29.6, "LIV": 0, "ARE_LOC": "UB", "TIP_SIST": "RD_INTERLIG", "ENE_01": 453.8, "ENE_02": 394.6, "ENE_03": 536.799, "ENE_04": 498.4, "ENE_05": 434.6, "ENE_06": 406.4, "ENE_07": 245.95, "ENE_08": 208.74, "ENE_09": 411.6, "ENE_10": 588.6, "ENE_11": 299.72, "ENE_12": 426.5, "DIC_01": 0.0, "DIC_02": 0.0, "DIC_03": 6.07, "DIC_04": 0.0, "DIC_05": 1.33, "DIC_06": 0.0, "DIC_07": 0.0, "DIC_08": 0.0, "DIC_09": 0.0, "DIC_10": 0.0, "DIC_11": 0.0, "DIC_12": 0.0, "FIC_01": 0.0, "FIC_02": 0.0, "FIC_03": 1.0, "FIC_04": 0.0, "FIC_05": 1.0, "FIC_06": 0.0, "FIC_07": 0.0, "FIC_08": 0.0, "FIC_09": 0.0, "FIC_10": 0.0, "FIC_11": 0.0, "FIC_12": 0.0, "SEMRED": 0, "DESCR": " ", "COD_ID": "0509f73ba281a981efb1a215f8a4f4ad3817fe381d5594b298f49965ef0e34ab", "__layer": "UCBT_tab", "DEM_CONT": null, "DEM_01": null, "DEM_02": null, "DEM_03": null, "DEM_04": null, "DEM_05": null, "DEM_06": null, "DEM_07": null, "DEM_08": null, "DEM_09": null, "DEM_10": null, "DEM_11": null, "DEM_12": null }, "geometry": null },
{ "type": "Feature", "properties": { "DIST": 390, "PAC": "32948694739072447L", "RAMAL": "12295866S1", "PN_CON": "10970233", "UNI_TR_MT": "14364265", "CTMT": "JKU0106", "UNI_TR_AT": "DJKU-EQ-TR3", "SUB": "DJKU", "CONJ": 15813, "MUN": "3550308", "CEG_GD": " ", "BRR": "AV PRES JUSCELINO KUBITSCHEK 28 VILA NOVA CONCEICAO", "CEP": "04543-000", "CLAS_SUB": "CO6", "CNAE": "6911-7/01", "TIP_CC": "COM-Tipo02", "FAS_CON": "CAN", "GRU_TEN": "BT", "TEN_FORN": "10", "GRU_TAR": "B3", "SIT_ATIV": "AT", "DAT_CON": "24/01/2003", "CAR_INST": 9.8, "LIV": 0, "ARE_LOC": "UB", "TIP_SIST": "RD_INTERLIG", "ENE_01": 386.0, "ENE_02": 646.0, "ENE_03": 787.039, "ENE_04": 724.0, "ENE_05": 654.0, "ENE_06": 521.0, "ENE_07": 451.08, "ENE_08": 264.13, "ENE_09": 459.0, "ENE_10": 536.0, "ENE_11": 327.45, "ENE_12": 503.0, "DIC_01": 0.0, "DIC_02": 0.0, "DIC_03": 6.07, "DIC_04": 0.0, "DIC_05": 1.33, "DIC_06": 0.0, "DIC_07": 0.0, "DIC_08": 0.0, "DIC_09": 0.0, "DIC_10": 0.0, "DIC_11": 0.0, "DIC_12": 0.0, "FIC_01": 0.0, "FIC_02": 0.0, "FIC_03": 1.0, "FIC_04": 0.0, "FIC_05": 1.0, "FIC_06": 0.0, "FIC_07": 0.0, "FIC_08": 0.0, "FIC_09": 0.0, "FIC_10": 0.0, "FIC_11": 0.0, "FIC_12": 0.0, "SEMRED": 0, "DESCR": " ", "COD_ID": "90f2d03633fd0731dc9d80841799b1a75a5cf0c6c18955e48a7b3720101c24bb", "__layer": "UCBT_tab", "DEM_CONT": null, "DEM_01": null, "DEM_02": null, "DEM_03": null, "DEM_04": null, "DEM_05": null, "DEM_06": null, "DEM_07": null, "DEM_08": null, "DEM_09": null, "DEM_10": null, "DEM_11": null, "DEM_12": null }, "geometry": null },
{ "type": "Feature", "properties": { "DIST": 390, "PAC": "32948694739072447L", "RAMAL": "12295866S1", "PN_CON": "10970233", "UNI_TR_MT": "14364265", "CTMT": "JKU0106", "UNI_TR_AT": "DJKU-EQ-TR3", "SUB": "DJKU", "CONJ": 15813, "MUN": "3550308", "CEG_GD": " ", "BRR": "AV PRES JUSCELINO KUBITSCHEK 28 VILA NOVA CONCEICAO", "CEP": "04543-000", "CLAS_SUB": "CO1", "CNAE": "4649-4/99", "TIP_CC": "COM-Tipo03", "FAS_CON": "ABCN", "GRU_TEN": "BT", "TEN_FORN": "10", "GRU_TAR": "B3", "SIT_ATIV": "AT", "DAT_CON": "24/01/2003", "CAR_INST": 30.5, "LIV": 0, "ARE_LOC": "UB", "TIP_SIST": "RD_INTERLIG", "ENE_01": 664.02, "ENE_02": 946.8, "ENE_03": 1265.219, "ENE_04": 1238.76, "ENE_05": 950.04, "ENE_06": 974.16, "ENE_07": 734.98, "ENE_08": 559.21, "ENE_09": 837.72, "ENE_10": 1093.14, "ENE_11": 569.66, "ENE_12": 894.91, "DIC_01": 0.0, "DIC_02": 0.0, "DIC_03": 6.07, "DIC_04": 0.0, "DIC_05": 1.33, "DIC_06": 0.0, "DIC_07": 0.0, "DIC_08": 0.0, "DIC_09": 0.0, "DIC_10": 0.0, "DIC_11": 0.0, "DIC_12": 0.0, "FIC_01": 0.0, "FIC_02": 0.0, "FIC_03": 1.0, "FIC_04": 0.0, "FIC_05": 1.0, "FIC_06": 0.0, "FIC_07": 0.0, "FIC_08": 0.0, "FIC_09": 0.0, "FIC_10": 0.0, "FIC_11": 0.0, "FIC_12": 0.0, "SEMRED": 0, "DESCR": " ", "COD_ID": "3520c39fffca704b369ef352222b4c48f58511b130517c69d5dd6807df9567b9", "__layer": "UCBT_tab", "DEM_CONT": null, "DEM_01": null, "DEM_02": null, "DEM_03": null, "DEM_04": null, "DEM_05": null, "DEM_06": null, "DEM_07": null, "DEM_08": null, "DEM_09": null, "DEM_10": null, "DEM_11": null, "DEM_12": null }, "geometry": null },
{ "type": "Feature", "properties": { "DIST": 390, "PAC": "32948694739072447L", "RAMAL": "12295866S1", "PN_CON": "10970233", "UNI_TR_MT": "14364265", "CTMT": "JKU0106", "UNI_TR_AT": "DJKU-EQ-TR3", "SUB": "DJKU", "CONJ": 15813, "MUN": "3550308", "CEG_GD": " ", "BRR": "AV PRES JUSCELINO KUBITSCHEK 28 VILA NOVA CONCEICAO", "CEP": "04543-000", "CLAS_SUB": "CO1", "CNAE": "6911-7/01", "TIP_CC": "COM-Tipo05", "FAS_CON": "ABCN", "GRU_TEN": "BT", "TEN_FORN": "10", "GRU_TAR": "B3", "SIT_ATIV": "AT", "DAT_CON": "28/01/2003", "CAR_INST": 12.4, "LIV": 0, "ARE_LOC": "UB", "TIP_SIST": "RD_INTERLIG", "ENE_01": 2017.0, "ENE_02": 2463.0, "ENE_03": 2492.654, "ENE_04": 2146.0, "ENE_05": 2203.0, "ENE_06": 2344.0, "ENE_07": 1960.56, "ENE_08": 1297.47, "ENE_09": 2008.0, "ENE_10": 2262.0, "ENE_11": 1242.54, "ENE_12": 2109.56, "DIC_01": 0.0, "DIC_02": 0.0, "DIC_03": 6.07, "DIC_04": 0.0, "DIC_05": 1.33, "DIC_06": 0.0, "DIC_07": 0.0, "DIC_08": 0.0, "DIC_09": 0.0, "DIC_10": 0.0, "DIC_11": 0.0, "DIC_12": 0.0, "FIC_01": 0.0, "FIC_02": 0.0, "FIC_03": 1.0, "FIC_04": 0.0, "FIC_05": 1.0, "FIC_06": 0.0, "FIC_07": 0.0, "FIC_08": 0.0, "FIC_09": 0.0, "FIC_10": 0.0, "FIC_11": 0.0, "FIC_12": 0.0, "SEMRED": 0, "DESCR": " ", "COD_ID": "6c52242d19b77e445eee335083ce76a77390fd56a26986446b1ae9a096bfc898", "__layer": "UCBT_tab", "DEM_CONT": null, "DEM_01": null, "DEM_02": null, "DEM_03": null, "DEM_04": null, "DEM_05": null, "DEM_06": null, "DEM_07": null, "DEM_08": null, "DEM_09": null, "DEM_10": null, "DEM_11": null, "DEM_12": null }, "geometry": null },
{ "type": "Feature", "properties": { "DIST": 390, "PAC": "32830445739009586L", "RAMAL": "12295093S1", "PN_CON": "10969556", "UNI_TR_MT": "14349961", "CTMT": "MOC0113", "UNI_TR_AT": "DMOC-EQ-TR2", "SUB": "DMOC", "CONJ": 15828, "MUN": "3550308", "CEG_GD": " ", "BRR": "AV PRES JUSCELINO KUBITSCHEK 1400 VILA NOVA CONCEICAO", "CEP": "04543-000", "CLAS_SUB": "CO1", "CNAE": "8211-3/00", "TIP_CC": "COM-Tipo02", "FAS_CON": "ABC", "GRU_TEN": "BT", "TEN_FORN": "10", "GRU_TAR": "B3", "SIT_ATIV": "AT", "DAT_CON": "30/04/2003", "CAR_INST": 52.0, "LIV": 0, "ARE_LOC": "UB", "TIP_SIST": "RD_INTERLIG", "ENE_01": 30.0, "ENE_02": 30.0, "ENE_03": 32.612, "ENE_04": 30.0, "ENE_05": 30.0, "ENE_06": 30.0, "ENE_07": 25.2, "ENE_08": 18.3, "ENE_09": 30.0, "ENE_10": 30.0, "ENE_11": 17.7, "ENE_12": 28.68, "DIC_01": 0.0, "DIC_02": 0.0, "DIC_03": 0.0, "DIC_04": 0.0, "DIC_05": 0.0, "DIC_06": 0.0, "DIC_07": 0.0, "DIC_08": 0.0, "DIC_09": 0.0, "DIC_10": 0.0, "DIC_11": 6.01, "DIC_12": 0.0, "FIC_01": 0.0, "FIC_02": 0.0, "FIC_03": 0.0, "FIC_04": 0.0, "FIC_05": 0.0, "FIC_06": 0.0, "FIC_07": 0.0, "FIC_08": 0.0, "FIC_09": 0.0, "FIC_10": 0.0, "FIC_11": 1.0, "FIC_12": 0.0, "SEMRED": 0, "DESCR": " ", "COD_ID": "9e52cead03f146e2e0382e4f33a85388ff0560eb22b77b5f93be1e428bd8acfa", "__layer": "UCBT_tab", "DEM_CONT": null, "DEM_01": null, "DEM_02": null, "DEM_03": null, "DEM_04": null, "DEM_05": null, "DEM_06": null, "DEM_07": null, "DEM_08": null, "DEM_09": null, "DEM_10": null, "DEM_11": null, "DEM_12": null }, "geometry": null },
{ "type": "Feature", "properties": { "DIST": 390, "PAC": "32830445739009586L", "RAMAL": "12295093S1", "PN_CON": "10969556", "UNI_TR_MT": "14349961", "CTMT": "MOC0113", "UNI_TR_AT": "DMOC-EQ-TR2", "SUB": "DMOC", "CONJ": 15828, "MUN": "3550308", "CEG_GD": " ", "BRR": "AV PRES JUSCELINO KUBITSCHEK 1388 VILA NOVA CONCEICAO", "CEP": "04543-000", "CLAS_SUB": "CO1", "CNAE": "8211-3/00", "TIP_CC": "COM-Tipo05", "FAS_CON": "ABCN", "GRU_TEN": "BT", "TEN_FORN": "10", "GRU_TAR": "B3", "SIT_ATIV": "AT", "DAT_CON": "10/01/2008", "CAR_INST": 52.0, "LIV": 0, "ARE_LOC": "UB", "TIP_SIST": "RD_INTERLIG", "ENE_01": 3307.6, "ENE_02": 11650.4, "ENE_03": 108.707, "ENE_04": 100.0, "ENE_05": 1504.8, "ENE_06": 3199.2, "ENE_07": 2703.46, "ENE_08": 2297.02, "ENE_09": 3651.6, "ENE_10": 3597.6, "ENE_11": 1979.57, "ENE_12": 3132.78, "DIC_01": 0.0, "DIC_02": 0.0, "DIC_03": 0.0, "DIC_04": 0.0, "DIC_05": 0.0, "DIC_06": 0.0, "DIC_07": 0.0, "DIC_08": 0.0, "DIC_09": 0.0, "DIC_10": 0.0, "DIC_11": 6.01, "DIC_12": 0.0, "FIC_01": 0.0, "FIC_02": 0.0, "FIC_03": 0.0, "FIC_04": 0.0, "FIC_05": 0.0, "FIC_06": 0.0, "FIC_07": 0.0, "FIC_08": 0.0, "FIC_09": 0.0, "FIC_10": 0.0, "FIC_11": 1.0, "FIC_12": 0.0, "SEMRED": 0, "DESCR": " ", "COD_ID": "ee38adfa4a42d5ecab3e70dd5df204058c1888043f12d150cf7c637308280a63", "__layer": "UCBT_tab", "DEM_CONT": null, "DEM_01": null, "DEM_02": null, "DEM_03": null, "DEM_04": null, "DEM_05": null, "DEM_06": null, "DEM_07": null, "DEM_08": null, "DEM_09": null, "DEM_10": null, "DEM_11": null, "DEM_12": null }, "geometry": null },
{ "type": "Feature", "properties": { "DIST": 390, "PAC": "32830445739009586L", "RAMAL": "12295093S1", "PN_CON": "10969556", "UNI_TR_MT": "14349961", "CTMT": "MOC0113", "UNI_TR_AT": "DMOC-EQ-TR2", "SUB": "DMOC", "CONJ": 15828, "MUN": "3550308", "CEG_GD": " ", "BRR": "AV PRES JUSCELINO KUBITSCHEK 1388 VILA NOVA CONCEICAO", "CEP": "04543-000", "CLAS_SUB": "CO1", "CNAE": "7020-4/00", "TIP_CC": "COM-Tipo05", "FAS_CON": "ABCN", "GRU_TEN": "BT", "TEN_FORN": "10", "GRU_TAR": "B3", "SIT_ATIV": "AT", "DAT_CON": "11/01/2008", "CAR_INST": 52.0, "LIV": 0, "ARE_LOC": "UB", "TIP_SIST": "RD_INTERLIG", "ENE_01": 2742.0, "ENE_02": 1718.8, "ENE_03": 2027.173, "ENE_04": 2108.4, "ENE_05": 2587.2, "ENE_06": 2511.6, "ENE_07": 2089.58, "ENE_08": 1526.95, "ENE_09": 3049.2, "ENE_10": 2828.4, "ENE_11": 1566.8, "ENE_12": 2578.52, "DIC_01": 0.0, "DIC_02": 0.0, "DIC_03": 0.0, "DIC_04": 0.0, "DIC_05": 0.0, "DIC_06": 0.0, "DIC_07": 0.0, "DIC_08": 0.0, "DIC_09": 0.0, "DIC_10": 0.0, "DIC_11": 6.01, "DIC_12": 0.0, "FIC_01": 0.0, "FIC_02": 0.0, "FIC_03": 0.0, "FIC_04": 0.0, "FIC_05": 0.0, "FIC_06": 0.0, "FIC_07": 0.0, "FIC_08": 0.0, "FIC_09": 0.0, "FIC_10": 0.0, "FIC_11": 1.0, "FIC_12": 0.0, "SEMRED": 0, "DESCR": " ", "COD_ID": "37dd8a6cbffc34c49a68c42bea2592ca05d51ae02922c842838a4b8db74169b8", "__layer": "UCBT_tab", "DEM_CONT": null, "DEM_01": null, "DEM_02": null, "DEM_03": null, "DEM_04": null, "DEM_05": null, "DEM_06": null, "DEM_07": null, "DEM_08": null, "DEM_09": null, "DEM_10": null, "DEM_11": null, "DEM_12": null }, "geometry": null },
{ "type": "Feature", "properties": { "DIST": 390, "PAC": "32761313739011129L", "RAMAL": "8861053S1", "PN_CON": "523770", "UNI_TR_MT": "14341958", "CTMT": "MOC0113", "UNI_TR_AT": "DMOC-EQ-TR2", "SUB": "DMOC", "CONJ": 15828, "MUN": "3550308", "CEG_GD": " ", "BRR": "AV PRES JUSCELINO KUBITSCHEK 2100 VILA NOVA CONCEICAO", "CEP": "04543-000", "CLAS_SUB": "PP3", "CNAE": "8411-6/00", "TIP_CC": "SP-Tipo04", "FAS_CON": "ABN", "GRU_TEN": "BT", "TEN_FORN": "10", "GRU_TAR": "B3", "SIT_ATIV": "AT", "DAT_CON": "23/01/2009", "CAR_INST": 15.1, "LIV": 0, "ARE_LOC": "UB", "TIP_SIST": "RD_INTERLIG", "ENE_01": 1598.2, "ENE_02": 796.5, "ENE_03": 2697.0, "ENE_04": 2298.549, "ENE_05": 2692.0, "ENE_06": 2688.0, "ENE_07": 2679.0, "ENE_08": 2662.0, "ENE_09": 2669.0, "ENE_10": 2660.0, "ENE_11": 2655.0, "ENE_12": 2683.52, "DIC_01": 0.0, "DIC_02": 0.0, "DIC_03": 0.0, "DIC_04": 0.0, "DIC_05": 0.0, "DIC_06": 0.0, "DIC_07": 0.0, "DIC_08": 0.0, "DIC_09": 0.0, "DIC_10": 0.0, "DIC_11": 0.0, "DIC_12": 0.0, "FIC_01": 0.0, "FIC_02": 0.0, "FIC_03": 0.0, "FIC_04": 0.0, "FIC_05": 0.0, "FIC_06": 0.0, "FIC_07": 0.0, "FIC_08": 0.0, "FIC_09": 0.0, "FIC_10": 0.0, "FIC_11": 0.0, "FIC_12": 0.0, "SEMRED": 0, "DESCR": " ", "COD_ID": "70e49e545facd9734ae1834e7b6dd3546bbc150c0a508117f5870431447d0c56", "__layer": "UCBT_tab", "DEM_CONT": null, "DEM_01": null, "DEM_02": null, "DEM_03": null, "DEM_04": null, "DEM_05": null, "DEM_06": null, "DEM_07": null, "DEM_08": null, "DEM_09": null, "DEM_10": null, "DEM_11": null, "DEM_12": null }, "geometry": null },
{ "type": "Feature", "properties": { "DIST": 390, "PAC": "32918720739060825L", "RAMAL": "460984628S1", "PN_CON": "572671", "UNI_TR_MT": "14358485", "CTMT": "JKU0108", "UNI_TR_AT": "DJKU-EQ-TR3", "SUB": "DJKU", "CONJ": 15813, "MUN": "3550308", "CEG_GD": " ", "BRR": "AV PRES JUSCELINO KUBITSCHEK 360 VILA NOVA CONCEICAO", "CEP": "04543-000", "CLAS_SUB": "RE1", "CNAE": " ", "TIP_CC": "RES-Tipo01", "FAS_CON": "CAN", "GRU_TEN": "BT", "TEN_FORN": "10", "GRU_TAR": "B1", "SIT_ATIV": "AT", "DAT_CON": "19/03/2009", "CAR_INST": 5.5, "LIV": 0, "ARE_LOC": "UB", "TIP_SIST": "RD_INTERLIG", "ENE_01": 25.01, "ENE_02": 50.0, "ENE_03": 40.0, "ENE_04": 40.0, "ENE_05": 40.0, "ENE_06": 40.0, "ENE_07": 40.0, "ENE_08": 40.0, "ENE_09": 40.0, "ENE_10": 40.0, "ENE_11": 40.0, "ENE_12": 38.83, "DIC_01": 0.0, "DIC_02": 0.0, "DIC_03": 0.0, "DIC_04": 0.0, "DIC_05": 1.33, "DIC_06": 0.0, "DIC_07": 0.0, "DIC_08": 0.0, "DIC_09": 0.0, "DIC_10": 1.4, "DIC_11": 0.0, "DIC_12": 0.0, "FIC_01": 0.0, "FIC_02": 0.0, "FIC_03": 0.0, "FIC_04": 0.0, "FIC_05": 1.0, "FIC_06": 0.0, "FIC_07": 0.0, "FIC_08": 0.0, "FIC_09": 0.0, "FIC_10": 2.0, "FIC_11": 0.0, "FIC_12": 0.0, "SEMRED": 0, "DESCR": " ", "COD_ID": "ff9002b89581df1f534bf0e6ee5558957fd9d79450677f752f39915de9d2156d", "__layer": "UCBT_tab", "DEM_CONT": null, "DEM_01": null, "DEM_02": null, "DEM_03": null, "DEM_04": null, "DEM_05": null, "DEM_06": null, "DEM_07": null, "DEM_08": null, "DEM_09": null, "DEM_10": null, "DEM_11": null, "DEM_12": null }, "geometry": null },
{ "type": "Feature", "properties": { "DIST": 390, "PAC": "32918720739060825L", "RAMAL": "460984628S1", "PN_CON": "572671", "UNI_TR_MT": "14358485", "CTMT": "JKU0108", "UNI_TR_AT": "DJKU-EQ-TR3", "SUB": "DJKU", "CONJ": 15813, "MUN": "3550308", "CEG_GD": " ", "BRR": "AV PRES JUSCELINO KUBITSCHEK 360 VILA NOVA CONCEICAO", "CEP": "04543-000", "CLAS_SUB": "CO1", "CNAE": "6630-4/00", "TIP_CC": "COM-Tipo05", "FAS_CON": "CAN", "GRU_TEN": "BT", "TEN_FORN": "10", "GRU_TAR": "B3", "SIT_ATIV": "AT", "DAT_CON": "19/03/2009", "CAR_INST": 6.3, "LIV": 0, "ARE_LOC": "UB", "TIP_SIST": "RD_INTERLIG", "ENE_01": 4024.0, "ENE_02": 4485.0, "ENE_03": 4696.147, "ENE_04": 4403.0, "ENE_05": 5319.0, "ENE_06": 3669.0, "ENE_07": 3371.76, "ENE_08": 2296.04, "ENE_09": 4463.0, "ENE_10": 4733.0, "ENE_11": 2478.59, "ENE_12": 3819.39, "DIC_01": 0.0, "DIC_02": 0.0, "DIC_03": 0.0, "DIC_04": 0.0, "DIC_05": 1.33, "DIC_06": 0.0, "DIC_07": 0.0, "DIC_08": 0.0, "DIC_09": 0.0, "DIC_10": 1.4, "DIC_11": 0.0, "DIC_12": 0.0, "FIC_01": 0.0, "FIC_02": 0.0, "FIC_03": 0.0, "FIC_04": 0.0, "FIC_05": 1.0, "FIC_06": 0.0, "FIC_07": 0.0, "FIC_08": 0.0, "FIC_09": 0.0, "FIC_10": 2.0, "FIC_11": 0.0, "FIC_12": 0.0, "SEMRED": 0, "DESCR": " ", "COD_ID": "d8c90ddd788fe4beb8a4cb18eeb702de568b70a15c383eb82aaa64b5f9208e56", "__layer": "UCBT_tab", "DEM_CONT": null, "DEM_01": null, "DEM_02": null, "DEM_03": null, "DEM_04": null, "DEM_05": null, "DEM_06": null, "DEM_07": null, "DEM_08": null, "DEM_09": null, "DEM_10": null, "DEM_11": null, "DEM_12": null }, "geometry": null },
{ "type": "Feature", "properties": { "DIST": 390, "PAC": "32919648739062255L", "RAMAL": "354922722S1", "PN_CON": "55041082", "UNI_TR_MT": "14358553", "CTMT": "JKU0108", "UNI_TR_AT": "DJKU-EQ-TR3", "SUB": "DJKU", "CONJ": 15813, "MUN": "3550308", "CEG_GD": " ", "BRR": "AV PRES JUSCELINO KUBITSCHEK 360 VILA NOVA CONCEICAO", "CEP": "04543-000", "CLAS_SUB": "IN", "CNAE": "2222-6/00", "TIP_CC": "IND-Tipo04", "FAS_CON": "ABCN", "GRU_TEN": "BT", "TEN_FORN": "10", "GRU_TAR": "B3", "SIT_ATIV": "AT", "DAT_CON": "19/03/2009", "CAR_INST": 40.7, "LIV": 0, "ARE_LOC": "UB", "TIP_SIST": "RD_INTERLIG", "ENE_01": 3440.0, "ENE_02": 3480.0, "ENE_03": 3760.0, "ENE_04": 3280.0, "ENE_05": 3200.0, "ENE_06": 2400.0, "ENE_07": 2560.0, "ENE_08": 2320.0, "ENE_09": 3160.0, "ENE_10": 3280.0, "ENE_11": 3200.0, "ENE_12": 3306.4, "DIC_01": 0.0, "DIC_02": 0.0, "DIC_03": 0.0, "DIC_04": 0.0, "DIC_05": 0.0, "DIC_06": 0.0, "DIC_07": 0.0, "DIC_08": 0.0, "DIC_09": 0.0, "DIC_10": 1.4, "DIC_11": 0.0, "DIC_12": 0.0, "FIC_01": 0.0, "FIC_02": 0.0, "FIC_03": 0.0, "FIC_04": 0.0, "FIC_05": 0.0, "FIC_06": 0.0, "FIC_07": 0.0, "FIC_08": 0.0, "FIC_09": 0.0, "FIC_10": 2.0, "FIC_11": 0.0, "FIC_12": 0.0, "SEMRED": 0, "DESCR": " ", "COD_ID": "888a759e2e68d344fe62097fcc45e63eaa3e76f3cf14ebfdc145323bd8925433", "__layer": "UCBT_tab", "DEM_CONT": null, "DEM_01": null, "DEM_02": null, "DEM_03": null, "DEM_04": null, "DEM_05": null, "DEM_06": null, "DEM_07": null, "DEM_08": null, "DEM_09": null, "DEM_10": null, "DEM_11": null, "DEM_12": null }, "geometry": null },
{ "type": "Feature", "properties": { "DIST": 390, "PAC": "32919648739062255L", "RAMAL": "354922722S1", "PN_CON": "55041082", "UNI_TR_MT": "14358553", "CTMT": "JKU0108", "UNI_TR_AT": "DJKU-EQ-TR3", "SUB": "DJKU", "CONJ": 15813, "MUN": "3550308", "CEG_GD": " ", "BRR": "AV PRES JUSCELINO KUBITSCHEK 360 VILA NOVA CONCEICAO", "CEP": "04543-000", "CLAS_SUB": "CO1", "CNAE": "3513-1/00", "TIP_CC": "COM-Tipo04", "FAS_CON": "ABCN", "GRU_TEN": "BT", "TEN_FORN": "10", "GRU_TAR": "B3", "SIT_ATIV": "AT", "DAT_CON": "19/03/2009", "CAR_INST": 40.7, "LIV": 0, "ARE_LOC": "UB", "TIP_SIST": "RD_INTERLIG", "ENE_01": 6640.0, "ENE_02": 5560.0, "ENE_03": 6565.909, "ENE_04": 6840.0, "ENE_05": 7000.0, "ENE_06": 4440.0, "ENE_07": 3696.0, "ENE_08": 2440.0, "ENE_09": 5200.0, "ENE_10": 5680.0, "ENE_11": 3209.6, "ENE_12": 5737.7, "DIC_01": 0.0, "DIC_02": 0.0, "DIC_03": 0.0, "DIC_04": 0.0, "DIC_05": 0.0, "DIC_06": 0.0, "DIC_07": 0.0, "DIC_08": 0.0, "DIC_09": 0.0, "DIC_10": 1.4, "DIC_11": 0.0, "DIC_12": 0.0, "FIC_01": 0.0, "FIC_02": 0.0, "FIC_03": 0.0, "FIC_04": 0.0, "FIC_05": 0.0, "FIC_06": 0.0, "FIC_07": 0.0, "FIC_08": 0.0, "FIC_09": 0.0, "FIC_10": 2.0, "FIC_11": 0.0, "FIC_12": 0.0, "SEMRED": 0, "DESCR": " ", "COD_ID": "35797038691510653c5272ef10c7fe8c201ce732bc6c5198453241a7b3aa3926", "__layer": "UCBT_tab", "DEM_CONT": null, "DEM_01": null, "DEM_02": null, "DEM_03": null, "DEM_04": null, "DEM_05": null, "DEM_06": null, "DEM_07": null, "DEM_08": null, "DEM_09": null, "DEM_10": null, "DEM_11": null, "DEM_12": null }, "geometry": null },
{ "type": "Feature", "properties": { "DIST": 390, "PAC": "32812000738996078L", "RAMAL": "102322106S1", "PN_CON": "540379", "UNI_TR_MT": "14349040", "CTMT": "MOC0113", "UNI_TR_AT": "DMOC-EQ-TR2", "SUB": "DMOC", "CONJ": 15828, "MUN": "3550308", "CEG_GD": " ", "BRR": "AV PRES JUSCELINO KUBITSCHEK 1600 VILA NOVA CONCEICAO", "CEP": "04543-000", "CLAS_SUB": "CO1", "CNAE": "6911-7/01", "TIP_CC": "COM-Tipo05", "FAS_CON": "ABN", "GRU_TEN": "BT", "TEN_FORN": "10", "GRU_TAR": "B3", "SIT_ATIV": "AT", "DAT_CON": "29/05/2012", "CAR_INST": 0.5, "LIV": 0, "ARE_LOC": "UB", "TIP_SIST": "RD_INTERLIG", "ENE_01": 2726.0, "ENE_02": 2445.22, "ENE_03": 3148.767, "ENE_04": 2812.68, "ENE_05": 3066.3, "ENE_06": 2100.24, "ENE_07": 1629.03, "ENE_08": 1064.62, "ENE_09": 2999.88, "ENE_10": 2592.54, "ENE_11": 1790.32, "ENE_12": 2932.94, "DIC_01": 0.0, "DIC_02": 0.0, "DIC_03": 0.0, "DIC_04": 0.0, "DIC_05": 0.0, "DIC_06": 0.0, "DIC_07": 0.0, "DIC_08": 0.0, "DIC_09": 0.0, "DIC_10": 0.0, "DIC_11": 0.0, "DIC_12": 0.0, "FIC_01": 0.0, "FIC_02": 0.0, "FIC_03": 0.0, "FIC_04": 0.0, "FIC_05": 0.0, "FIC_06": 0.0, "FIC_07": 0.0, "FIC_08": 0.0, "FIC_09": 0.0, "FIC_10": 0.0, "FIC_11": 0.0, "FIC_12": 0.0, "SEMRED": 0, "DESCR": " ", "COD_ID": "1af9c471d8cf3390398a0d1896b86be46d9d244a7c8cf3b3ac1fb47be640a8d5", "__layer": "UCBT_tab", "DEM_CONT": null, "DEM_01": null, "DEM_02": null, "DEM_03": null, "DEM_04": null, "DEM_05": null, "DEM_06": null, "DEM_07": null, "DEM_08": null, "DEM_09": null, "DEM_10": null, "DEM_11": null, "DEM_12": null }, "geometry": null },
{ "type": "Feature", "properties": { "DIST": 390, "PAC": "32810870738996000L", "RAMAL": "158108587S1", "PN_CON": "540379", "UNI_TR_MT": "14349040", "CTMT": "MOC0113", "UNI_TR_AT": "DMOC-EQ-TR2", "SUB": "DMOC", "CONJ": 15828, "MUN": "3550308", "CEG_GD": " ", "BRR": "AV PRES JUSCELINO KUBITSCHEK 1600 VILA NOVA CONCEICAO", "CEP": "04543-000", "CLAS_SUB": "CO9", "CNAE": "6512-0/00", "TIP_CC": "COM-Tipo05", "FAS_CON": "ABN", "GRU_TEN": "BT", "TEN_FORN": "10", "GRU_TAR": "B3", "SIT_ATIV": "AT", "DAT_CON": "29/05/2012", "CAR_INST": 49.8, "LIV": 0, "ARE_LOC": "UB", "TIP_SIST": "RD_INTERLIG", "ENE_01": 5005.0, "ENE_02": 4111.1, "ENE_03": 8813.691, "ENE_04": 6692.58, "ENE_05": 4502.13, "ENE_06": 4612.18, "ENE_07": 5625.24, "ENE_08": 2919.36, "ENE_09": 5407.2, "ENE_10": 5826.24, "ENE_11": 3445.23, "ENE_12": 5395.62, "DIC_01": 0.0, "DIC_02": 0.0, "DIC_03": 0.0, "DIC_04": 0.0, "DIC_05": 0.0, "DIC_06": 0.0, "DIC_07": 0.0, "DIC_08": 0.0, "DIC_09": 0.0, "DIC_10": 0.0, "DIC_11": 0.0, "DIC_12": 0.0, "FIC_01": 0.0, "FIC_02": 0.0, "FIC_03": 0.0, "FIC_04": 0.0, "FIC_05": 0.0, "FIC_06": 0.0, "FIC_07": 0.0, "FIC_08": 0.0, "FIC_09": 0.0, "FIC_10": 0.0, "FIC_11": 0.0, "FIC_12": 0.0, "SEMRED": 0, "DESCR": " ", "COD_ID": "f63c45a7b56f742189942b96067902aedc7ad69e17103cb63f6abf77adc371ba", "__layer": "UCBT_tab", "DEM_CONT": null, "DEM_01": null, "DEM_02": null, "DEM_03": null, "DEM_04": null, "DEM_05": null, "DEM_06": null, "DEM_07": null, "DEM_08": null, "DEM_09": null, "DEM_10": null, "DEM_11": null, "DEM_12": null }, "geometry": null },
{ "type": "Feature", "properties": { "DIST": 390, "PAC": "32811903738995892L", "RAMAL": "102322112S1", "PN_CON": "540379", "UNI_TR_MT": "14349040", "CTMT": "MOC0113", "UNI_TR_AT": "DMOC-EQ-TR2", "SUB": "DMOC", "CONJ": 15828, "MUN": "3550308", "CEG_GD": " ", "BRR": "AV PRES JUSCELINO KUBITSCHEK 1600 VILA NOVA CONCEICAO", "CEP": "04543-000", "CLAS_SUB": "CO1", "CNAE": "6911-7/01", "TIP_CC": "COM-Tipo05", "FAS_CON": "AB", "GRU_TEN": "BT", "TEN_FORN": "10", "GRU_TAR": "B3", "SIT_ATIV": "AT", "DAT_CON": "29/05/2012", "CAR_INST": 49.8, "LIV": 0, "ARE_LOC": "UB", "TIP_SIST": "RD_INTERLIG", "ENE_01": 4265.0, "ENE_02": 4023.0, "ENE_03": 6018.025, "ENE_04": 5856.0, "ENE_05": 6007.0, "ENE_06": 4480.0, "ENE_07": 4646.88, "ENE_08": 1919.06, "ENE_09": 4755.0, "ENE_10": 5852.0, "ENE_11": 2551.16, "ENE_12": 4098.63, "DIC_01": 0.0, "DIC_02": 0.0, "DIC_03": 0.0, "DIC_04": 0.0, "DIC_05": 0.0, "DIC_06": 0.0, "DIC_07": 0.0, "DIC_08": 0.0, "DIC_09": 0.0, "DIC_10": 0.0, "DIC_11": 0.0, "DIC_12": 0.0, "FIC_01": 0.0, "FIC_02": 0.0, "FIC_03": 0.0, "FIC_04": 0.0, "FIC_05": 0.0, "FIC_06": 0.0, "FIC_07": 0.0, "FIC_08": 0.0, "FIC_09": 0.0, "FIC_10": 0.0, "FIC_11": 0.0, "FIC_12": 0.0, "SEMRED": 0, "DESCR": " ", "COD_ID": "c5edfdb1df1da5ec4c04b27f750d1f9fc4becc270712deac036201285bb9e60a", "__layer": "UCBT_tab", "DEM_CONT": null, "DEM_01": null, "DEM_02": null, "DEM_03": null, "DEM_04": null, "DEM_05": null, "DEM_06": null, "DEM_07": null, "DEM_08": null, "DEM_09": null, "DEM_10": null, "DEM_11": null, "DEM_12": null }, "geometry": null },
{ "type": "Feature", "properties": { "DIST": 390, "PAC": "32811138738996284L", "RAMAL": "102322114S1", "PN_CON": "540379", "UNI_TR_MT": "14349040", "CTMT": "MOC0113", "UNI_TR_AT": "DMOC-EQ-TR2", "SUB": "DMOC", "CONJ": 15828, "MUN": "3550308", "CEG_GD": " ", "BRR": "AV PRES JUSCELINO KUBITSCHEK 1600 VILA NOVA CONCEICAO", "CEP": "04543-000", "CLAS_SUB": "CO6", "CNAE": "6630-4/00", "TIP_CC": "COM-Tipo04", "FAS_CON": "AB", "GRU_TEN": "BT", "TEN_FORN": "10", "GRU_TAR": "B3", "SIT_ATIV": "AT", "DAT_CON": "29/05/2012", "CAR_INST": 49.8, "LIV": 0, "ARE_LOC": "UB", "TIP_SIST": "RD_INTERLIG", "ENE_01": 8461.0, "ENE_02": 7087.76, "ENE_03": 7387.24, "ENE_04": 7071.3, "ENE_05": 7282.44, "ENE_06": 6766.2, "ENE_07": 5567.49, "ENE_08": 4014.4, "ENE_09": 6616.08, "ENE_10": 7066.26, "ENE_11": 4199.25, "ENE_12": 7567.4, "DIC_01": 0.0, "DIC_02": 0.0, "DIC_03": 0.0, "DIC_04": 0.0, "DIC_05": 0.0, "DIC_06": 0.0, "DIC_07": 0.0, "DIC_08": 0.0, "DIC_09": 0.0, "DIC_10": 0.0, "DIC_11": 0.0, "DIC_12": 0.0, "FIC_01": 0.0, "FIC_02": 0.0, "FIC_03": 0.0, "FIC_04": 0.0, "FIC_05": 0.0, "FIC_06": 0.0, "FIC_07": 0.0, "FIC_08": 0.0, "FIC_09": 0.0, "FIC_10": 0.0, "FIC_11": 0.0, "FIC_12": 0.0, "SEMRED": 0, "DESCR": " ", "COD_ID": "805c4bfe04c37094b92f0e6043dd4e2a8876bea4f6ea47d14e29ae9c76f16b74", "__layer": "UCBT_tab", "DEM_CONT": null, "DEM_01": null, "DEM_02": null, "DEM_03": null, "DEM_04": null, "DEM_05": null, "DEM_06": null, "DEM_07": null, "DEM_08": null, "DEM_09": null, "DEM_10": null, "DEM_11": null, "DEM_12": null }, "geometry": null },
{ "type": "Feature", "properties": { "DIST": 390, "PAC": "32811939738996354L", "RAMAL": "102322105S1", "PN_CON": "540379", "UNI_TR_MT": "14349040", "CTMT": "MOC0113", "UNI_TR_AT": "DMOC-EQ-TR2", "SUB": "DMOC", "CONJ": 15828, "MUN": "3550308", "CEG_GD": " ", "BRR": "AV PRES JUSCELINO KUBITSCHEK 1600 VILA NOVA CONCEICAO", "CEP": "04543-000", "CLAS_SUB": "CO1", "CNAE": "7020-4/00", "TIP_CC": "COM-Tipo02", "FAS_CON": "ABN", "GRU_TEN": "BT", "TEN_FORN": "10", "GRU_TAR": "B3", "SIT_ATIV": "AT", "DAT_CON": "29/05/2012", "CAR_INST": 5.4, "LIV": 0, "ARE_LOC": "UB", "TIP_SIST": "RD_INTERLIG", "ENE_01": 98.0, "ENE_02": 95.6, "ENE_03": 94.147, "ENE_04": 288.6, "ENE_05": 215.2, "ENE_06": 213.4, "ENE_07": 186.48, "ENE_08": 131.52, "ENE_09": 284.0, "ENE_10": 133.2, "ENE_11": 321.31, "ENE_12": 484.45, "DIC_01": 0.0, "DIC_02": 0.0, "DIC_03": 0.0, "DIC_04": 0.0, "DIC_05": 0.0, "DIC_06": 0.0, "DIC_07": 0.0, "DIC_08": 0.0, "DIC_09": 0.0, "DIC_10": 0.0, "DIC_11": 0.0, "DIC_12": 0.0, "FIC_01": 0.0, "FIC_02": 0.0, "FIC_03": 0.0, "FIC_04": 0.0, "FIC_05": 0.0, "FIC_06": 0.0, "FIC_07": 0.0, "FIC_08": 0.0, "FIC_09": 0.0, "FIC_10": 0.0, "FIC_11": 0.0, "FIC_12": 0.0, "SEMRED": 0, "DESCR": " ", "COD_ID": "1baa4a9989da2d9edfbc60601d356ab2098d409ab9e6f49bf5363f516b6839b8", "__layer": "UCBT_tab", "DEM_CONT": null, "DEM_01": null, "DEM_02": null, "DEM_03": null, "DEM_04": null, "DEM_05": null, "DEM_06": null, "DEM_07": null, "DEM_08": null, "DEM_09": null, "DEM_10": null, "DEM_11": null, "DEM_12": null }, "geometry": null },
{ "type": "Feature", "properties": { "DIST": 390, "PAC": "32830445739009586L", "RAMAL": "12295093S1", "PN_CON": "10969556", "UNI_TR_MT": "14349961", "CTMT": "MOC0113", "UNI_TR_AT": "DMOC-EQ-TR2", "SUB": "DMOC", "CONJ": 15828, "MUN": "3550308", "CEG_GD": " ", "BRR": "AV PRES JUSCELINO KUBITSCHEK 1400 VILA NOVA CONCEICAO", "CEP": "04543-000", "CLAS_SUB": "CO1", "CNAE": "6612-6/05", "TIP_CC": "COM-Tipo05", "FAS_CON": "ABCN", "GRU_TEN": "BT", "TEN_FORN": "10", "GRU_TAR": "B3", "SIT_ATIV": "AT", "DAT_CON": "06/08/2012", "CAR_INST": 40.4, "LIV": 0, "ARE_LOC": "UB", "TIP_SIST": "RD_INTERLIG", "ENE_01": 3720.0, "ENE_02": 3680.0, "ENE_03": 3869.973, "ENE_04": 3560.0, "ENE_05": 3800.0, "ENE_06": 3520.0, "ENE_07": 3091.2, "ENE_08": 2342.4, "ENE_09": 4080.0, "ENE_10": 4520.0, "ENE_11": 2430.8, "ENE_12": 4016.39, "DIC_01": 0.0, "DIC_02": 0.0, "DIC_03": 0.0, "DIC_04": 0.0, "DIC_05": 0.0, "DIC_06": 0.0, "DIC_07": 0.0, "DIC_08": 0.0, "DIC_09": 0.0, "DIC_10": 0.0, "DIC_11": 6.01, "DIC_12": 0.0, "FIC_01": 0.0, "FIC_02": 0.0, "FIC_03": 0.0, "FIC_04": 0.0, "FIC_05": 0.0, "FIC_06": 0.0, "FIC_07": 0.0, "FIC_08": 0.0, "FIC_09": 0.0, "FIC_10": 0.0, "FIC_11": 1.0, "FIC_12": 0.0, "SEMRED": 0, "DESCR": " ", "COD_ID": "a950b07571b0cccef2b78af9a836d0f7f58a8ed940dd81321b7ebdccee76a822", "__layer": "UCBT_tab", "DEM_CONT": null, "DEM_01": null, "DEM_02": null, "DEM_03": null, "DEM_04": null, "DEM_05": null, "DEM_06": null, "DEM_07": null, "DEM_08": null, "DEM_09": null, "DEM_10": null, "DEM_11": null, "DEM_12": null }, "geometry": null },
{ "type": "Feature", "properties": { "DIST": 390, "PAC": "32906474739050527L", "RAMAL": "12295568S1", "PN_CON": "10969988", "UNI_TR_MT": "14357911", "CTMT": "JKU0108", "UNI_TR_AT": "DJKU-EQ-TR3", "SUB": "DJKU", "CONJ": 15813, "MUN": "3550308", "CEG_GD": " ", "BRR": "AV PRES JUSCELINO KUBITSCHEK 510 VILA NOVA CONCEICAO", "CEP": "04543-000", "CLAS_SUB": "CO1", "CNAE": "6911-7/01", "TIP_CC": "COM-Tipo05", "FAS_CON": "ABC", "GRU_TEN": "BT", "TEN_FORN": "10", "GRU_TAR": "B3", "SIT_ATIV": "AT", "DAT_CON": "21/06/2013", "CAR_INST": 26.0, "LIV": 0, "ARE_LOC": "UB", "TIP_SIST": "RD_INTERLIG", "ENE_01": 2549.0, "ENE_02": 2861.0, "ENE_03": 3077.498, "ENE_04": 2994.0, "ENE_05": 3171.0, "ENE_06": 3032.0, "ENE_07": 2667.0, "ENE_08": 1944.68, "ENE_09": 3234.0, "ENE_10": 3091.0, "ENE_11": 1781.21, "ENE_12": 2635.51, "DIC_01": 0.0, "DIC_02": 0.0, "DIC_03": 0.0, "DIC_04": 0.0, "DIC_05": 0.0, "DIC_06": 0.0, "DIC_07": 0.0, "DIC_08": 0.0, "DIC_09": 0.0, "DIC_10": 1.4, "DIC_11": 0.0, "DIC_12": 0.0, "FIC_01": 0.0, "FIC_02": 0.0, "FIC_03": 0.0, "FIC_04": 0.0, "FIC_05": 0.0, "FIC_06": 0.0, "FIC_07": 0.0, "FIC_08": 0.0, "FIC_09": 0.0, "FIC_10": 2.0, "FIC_11": 0.0, "FIC_12": 0.0, "SEMRED": 0, "DESCR": " ", "COD_ID": "28447046408ecc9e8f83e3464c595a899c6f5c4cd4d82007e176124828b98e41", "__layer": "UCBT_tab", "DEM_CONT": null, "DEM_01": null, "DEM_02": null, "DEM_03": null, "DEM_04": null, "DEM_05": null, "DEM_06": null, "DEM_07": null, "DEM_08": null, "DEM_09": null, "DEM_10": null, "DEM_11": null, "DEM_12": null }, "geometry": null },
{ "type": "Feature", "properties": { "DIST": 390, "PAC": "32928929739064959L", "RAMAL": "357560717S1", "PN_CON": "357559881", "UNI_TR_MT": "357561106", "CTMT": "JKU0108", "UNI_TR_AT": "DJKU-EQ-TR3", "SUB": "DJKU", "CONJ": 15813, "MUN": "3550308", "CEG_GD": " ", "BRR": "AV PRES JUSCELINO KUBITSCHEK 180 VILA NOVA CONCEICAO", "CEP": "04543-000", "CLAS_SUB": "RE1", "CNAE": " ", "TIP_CC": "RES-Tipo05", "FAS_CON": "ABN", "GRU_TEN": "BT", "TEN_FORN": "10", "GRU_TAR": "B1", "SIT_ATIV": "AT", "DAT_CON": "14/12/2015", "CAR_INST": 8.0, "LIV": 0, "ARE_LOC": "UB", "TIP_SIST": "RD_INTERLIG", "ENE_01": 1892.77, "ENE_02": 3687.0, "ENE_03": 3725.0, "ENE_04": 3637.0, "ENE_05": 4327.0, "ENE_06": 2706.0, "ENE_07": 2540.0, "ENE_08": 2544.0, "ENE_09": 2885.0, "ENE_10": 3003.0, "ENE_11": 2980.0, "ENE_12": 3093.35, "DIC_01": 0.0, "DIC_02": 0.0, "DIC_03": 0.0, "DIC_04": 0.0, "DIC_05": 0.0, "DIC_06": 0.0, "DIC_07": 0.0, "DIC_08": 0.0, "DIC_09": 19.79, "DIC_10": 1.32, "DIC_11": 0.0, "DIC_12": 0.0, "FIC_01": 0.0, "FIC_02": 0.0, "FIC_03": 0.0, "FIC_04": 0.0, "FIC_05": 0.0, "FIC_06": 0.0, "FIC_07": 0.0, "FIC_08": 0.0, "FIC_09": 1.0, "FIC_10": 2.0, "FIC_11": 0.0, "FIC_12": 0.0, "SEMRED": 0, "DESCR": " ", "COD_ID": "2df9ec01263c3a63c54f46ebfb2c791ce6b4fc94f084f733ef362c0eaf401550", "__layer": "UCBT_tab", "DEM_CONT": null, "DEM_01": null, "DEM_02": null, "DEM_03": null, "DEM_04": null, "DEM_05": null, "DEM_06": null, "DEM_07": null, "DEM_08": null, "DEM_09": null, "DEM_10": null, "DEM_11": null, "DEM_12": null }, "geometry": null },
{ "type": "Feature", "properties": { "DIST": 390, "PAC": "32928929739064959L", "RAMAL": "357560717S1", "PN_CON": "357559881", "UNI_TR_MT": "357561106", "CTMT": "JKU0108", "UNI_TR_AT": "DJKU-EQ-TR3", "SUB": "DJKU", "CONJ": 15813, "MUN": "3550308", "CEG_GD": " ", "BRR": "AV PRES JUSCELINO KUBITSCHEK 180 VILA NOVA CONCEICAO", "CEP": "04543-000", "CLAS_SUB": "CO1", "CNAE": "8640-2/10", "TIP_CC": "COM-Tipo04", "FAS_CON": "ABCN", "GRU_TEN": "BT", "TEN_FORN": "10", "GRU_TAR": "B3", "SIT_ATIV": "AT", "DAT_CON": "14/12/2015", "CAR_INST": 115.4, "LIV": 0, "ARE_LOC": "UB", "TIP_SIST": "RD_INTERLIG", "ENE_01": 4979.0, "ENE_02": 5468.0, "ENE_03": 4994.004, "ENE_04": 5223.0, "ENE_05": 4448.0, "ENE_06": 5287.0, "ENE_07": 3518.76, "ENE_08": 2817.59, "ENE_09": 5217.0, "ENE_10": 5156.0, "ENE_11": 2513.99, "ENE_12": 4258.33, "DIC_01": 0.0, "DIC_02": 0.0, "DIC_03": 0.0, "DIC_04": 0.0, "DIC_05": 0.0, "DIC_06": 0.0, "DIC_07": 0.0, "DIC_08": 0.0, "DIC_09": 19.79, "DIC_10": 1.32, "DIC_11": 0.0, "DIC_12": 0.0, "FIC_01": 0.0, "FIC_02": 0.0, "FIC_03": 0.0, "FIC_04": 0.0, "FIC_05": 0.0, "FIC_06": 0.0, "FIC_07": 0.0, "FIC_08": 0.0, "FIC_09": 1.0, "FIC_10": 2.0, "FIC_11": 0.0, "FIC_12": 0.0, "SEMRED": 0, "DESCR": " ", "COD_ID": "5f7ebb5e10ab3bedd1d27b4c021d1e465f0cee359c23c305771bf34cbd7bb3cc", "__layer": "UCBT_tab", "DEM_CONT": null, "DEM_01": null, "DEM_02": null, "DEM_03": null, "DEM_04": null, "DEM_05": null, "DEM_06": null, "DEM_07": null, "DEM_08": null, "DEM_09": null, "DEM_10": null, "DEM_11": null, "DEM_12": null }, "geometry": null },
{ "type": "Feature", "properties": { "DIST": 390, "PAC": "32928929739064959L", "RAMAL": "357560717S1", "PN_CON": "357559881", "UNI_TR_MT": "357561106", "CTMT": "JKU0108", "UNI_TR_AT": "DJKU-EQ-TR3", "SUB": "DJKU", "CONJ": 15813, "MUN": "3550308", "CEG_GD": " ", "BRR": "AV PRES JUSCELINO KUBITSCHEK 180 VILA NOVA CONCEICAO", "CEP": "04543-000", "CLAS_SUB": "CO9", "CNAE": "5130-7/00", "TIP_CC": "COM-Tipo04", "FAS_CON": "ABCN", "GRU_TEN": "BT", "TEN_FORN": "10", "GRU_TAR": "B3", "SIT_ATIV": "AT", "DAT_CON": "14/12/2015", "CAR_INST": 115.4, "LIV": 0, "ARE_LOC": "UB", "TIP_SIST": "RD_INTERLIG", "ENE_01": 7116.0, "ENE_02": 7426.0, "ENE_03": 6832.241, "ENE_04": 6866.0, "ENE_05": 7075.0, "ENE_06": 7014.0, "ENE_07": 6370.56, "ENE_08": 3575.21, "ENE_09": 7387.0, "ENE_10": 6119.0, "ENE_11": 3411.97, "ENE_12": 5922.26, "DIC_01": 0.0, "DIC_02": 0.0, "DIC_03": 0.0, "DIC_04": 0.0, "DIC_05": 0.0, "DIC_06": 0.0, "DIC_07": 0.0, "DIC_08": 0.0, "DIC_09": 19.79, "DIC_10": 1.32, "DIC_11": 0.0, "DIC_12": 0.0, "FIC_01": 0.0, "FIC_02": 0.0, "FIC_03": 0.0, "FIC_04": 0.0, "FIC_05": 0.0, "FIC_06": 0.0, "FIC_07": 0.0, "FIC_08": 0.0, "FIC_09": 1.0, "FIC_10": 2.0, "FIC_11": 0.0, "FIC_12": 0.0, "SEMRED": 0, "DESCR": " ", "COD_ID": "262cab7f7892cf3567f845e60f6b5f0fc5273fd54e6a14c6e0dc49e985fcf33f", "__layer": "UCBT_tab", "DEM_CONT": null, "DEM_01": null, "DEM_02": null, "DEM_03": null, "DEM_04": null, "DEM_05": null, "DEM_06": null, "DEM_07": null, "DEM_08": null, "DEM_09": null, "DEM_10": null, "DEM_11": null, "DEM_12": null }, "geometry": null },
{ "type": "Feature", "properties": { "DIST": 390, "PAC": "32928929739064959L", "RAMAL": "357560717S1", "PN_CON": "357559881", "UNI_TR_MT": "357561106", "CTMT": "JKU0108", "UNI_TR_AT": "DJKU-EQ-TR3", "SUB": "DJKU", "CONJ": 15813, "MUN": "3550308", "CEG_GD": " ", "BRR": "AV PRES JUSCELINO KUBITSCHEK 180 VILA NOVA CONCEICAO", "CEP": "04543-000", "CLAS_SUB": "CO1", "CNAE": "8211-3/00", "TIP_CC": "COM-Tipo05", "FAS_CON": "ABCN", "GRU_TEN": "BT", "TEN_FORN": "10", "GRU_TAR": "B3", "SIT_ATIV": "AT", "DAT_CON": "14/12/2015", "CAR_INST": 115.4, "LIV": 0, "ARE_LOC": "UB", "TIP_SIST": "RD_INTERLIG", "ENE_01": 2814.0, "ENE_02": 3778.0, "ENE_03": 4272.189, "ENE_04": 3695.0, "ENE_05": 3872.0, "ENE_06": 2974.0, "ENE_07": 2558.64, "ENE_08": 1814.14, "ENE_09": 2991.0, "ENE_10": 3058.0, "ENE_11": 1914.55, "ENE_12": 2807.64, "DIC_01": 0.0, "DIC_02": 0.0, "DIC_03": 0.0, "DIC_04": 0.0, "DIC_05": 0.0, "DIC_06": 0.0, "DIC_07": 0.0, "DIC_08": 0.0, "DIC_09": 19.79, "DIC_10": 1.32, "DIC_11": 0.0, "DIC_12": 0.0, "FIC_01": 0.0, "FIC_02": 0.0, "FIC_03": 0.0, "FIC_04": 0.0, "FIC_05": 0.0, "FIC_06": 0.0, "FIC_07": 0.0, "FIC_08": 0.0, "FIC_09": 1.0, "FIC_10": 2.0, "FIC_11": 0.0, "FIC_12": 0.0, "SEMRED": 0, "DESCR": " ", "COD_ID": "a6e2105267e6baf97f161cc2a2b4427eb17db2fc4f3202a347b7276e209034fb", "__layer": "UCBT_tab", "DEM_CONT": null, "DEM_01": null, "DEM_02": null, "DEM_03": null, "DEM_04": null, "DEM_05": null, "DEM_06": null, "DEM_07": null, "DEM_08": null, "DEM_09": null, "DEM_10": null, "DEM_11": null, "DEM_12": null }, "geometry": null },
{ "type": "Feature", "properties": { "DIST": 390, "PAC": "32928929739064959L", "RAMAL": "357560717S1", "PN_CON": "357559881", "UNI_TR_MT": "357561106", "CTMT": "JKU0108", "UNI_TR_AT": "DJKU-EQ-TR3", "SUB": "DJKU", "CONJ": 15813, "MUN": "3550308", "CEG_GD": " ", "BRR": "AV PRES JUSCELINO KUBITSCHEK 180 VILA NOVA CONCEICAO", "CEP": "04543-000", "CLAS_SUB": "CO1", "CNAE": "8640-2/10", "TIP_CC": "COM-Tipo05", "FAS_CON": "ABCN", "GRU_TEN": "BT", "TEN_FORN": "10", "GRU_TAR": "B3", "SIT_ATIV": "AT", "DAT_CON": "14/12/2015", "CAR_INST": 64.5, "LIV": 0, "ARE_LOC": "UB", "TIP_SIST": "RD_INTERLIG", "ENE_01": 4426.0, "ENE_02": 4108.0, "ENE_03": 4513.519, "ENE_04": 4938.0, "ENE_05": 4843.0, "ENE_06": 3725.0, "ENE_07": 3252.48, "ENE_08": 2340.57, "ENE_09": 3995.0, "ENE_10": 3546.0, "ENE_11": 1974.14, "ENE_12": 3639.61, "DIC_01": 0.0, "DIC_02": 0.0, "DIC_03": 0.0, "DIC_04": 0.0, "DIC_05": 0.0, "DIC_06": 0.0, "DIC_07": 0.0, "DIC_08": 0.0, "DIC_09": 19.79, "DIC_10": 1.32, "DIC_11": 0.0, "DIC_12": 0.0, "FIC_01": 0.0, "FIC_02": 0.0, "FIC_03": 0.0, "FIC_04": 0.0, "FIC_05": 0.0, "FIC_06": 0.0, "FIC_07": 0.0, "FIC_08": 0.0, "FIC_09": 1.0, "FIC_10": 2.0, "FIC_11": 0.0, "FIC_12": 0.0, "SEMRED": 0, "DESCR": " ", "COD_ID": "132e253a9fd82cdb9425a797b4672cec3fb01e6ff73d8e2e5f15bbd60bab5a5a", "__layer": "UCBT_tab", "DEM_CONT": null, "DEM_01": null, "DEM_02": null, "DEM_03": null, "DEM_04": null, "DEM_05": null, "DEM_06": null, "DEM_07": null, "DEM_08": null, "DEM_09": null, "DEM_10": null, "DEM_11": null, "DEM_12": null }, "geometry": null },
{ "type": "Feature", "properties": { "DIST": 390, "PAC": "32928929739064959L", "RAMAL": "357560717S1", "PN_CON": "357559881", "UNI_TR_MT": "357561106", "CTMT": "JKU0108", "UNI_TR_AT": "DJKU-EQ-TR3", "SUB": "DJKU", "CONJ": 15813, "MUN": "3550308", "CEG_GD": " ", "BRR": "AV PRES JUSCELINO KUBITSCHEK 180 VILA NOVA CONCEICAO", "CEP": "04543-000", "CLAS_SUB": "CO9", "CNAE": "6470-1/03", "TIP_CC": "COM-Tipo02", "FAS_CON": "ABCN", "GRU_TEN": "BT", "TEN_FORN": "10", "GRU_TAR": "B3", "SIT_ATIV": "AT", "DAT_CON": "14/12/2015", "CAR_INST": 64.5, "LIV": 0, "ARE_LOC": "UB", "TIP_SIST": "RD_INTERLIG", "ENE_01": 86.0, "ENE_02": 98.0, "ENE_03": 108.707, "ENE_04": 70.0, "ENE_05": 100.0, "ENE_06": 100.0, "ENE_07": 59.64, "ENE_08": 25.01, "ENE_09": 41.0, "ENE_10": 159.0, "ENE_11": 59.0, "ENE_12": 95.62, "DIC_01": 0.0, "DIC_02": 0.0, "DIC_03": 0.0, "DIC_04": 0.0, "DIC_05": 0.0, "DIC_06": 0.0, "DIC_07": 0.0, "DIC_08": 0.0, "DIC_09": 19.79, "DIC_10": 1.32, "DIC_11": 0.0, "DIC_12": 0.0, "FIC_01": 0.0, "FIC_02": 0.0, "FIC_03": 0.0, "FIC_04": 0.0, "FIC_05": 0.0, "FIC_06": 0.0, "FIC_07": 0.0, "FIC_08": 0.0, "FIC_09": 1.0, "FIC_10": 2.0, "FIC_11": 0.0, "FIC_12": 0.0, "SEMRED": 0, "DESCR": " ", "COD_ID": "fe2662eba0fc545d582b259a17829c2ccfbec70f143309cf5daa94412c627ca0", "__layer": "UCBT_tab", "DEM_CONT": null, "DEM_01": null, "DEM_02": null, "DEM_03": null, "DEM_04": null, "DEM_05": null, "DEM_06": null, "DEM_07": null, "DEM_08": null, "DEM_09": null, "DEM_10": null, "DEM_11": null, "DEM_12": null }, "geometry": null },
{ "type": "Feature", "properties": { "DIST": 390, "PAC": "32877853739022608L", "RAMAL": "8975388S1", "PN_CON": "560574", "UNI_TR_MT": "14356298", "CTMT": "JKU0106", "UNI_TR_AT": "DJKU-EQ-TR3", "SUB": "DJKU", "CONJ": 15813, "MUN": "3550308", "CEG_GD": " ", "BRR": "AV PRES JUSCELINO KUBITSCHEK 910 VILA NOVA CONCEICAO", "CEP": "04543-000", "CLAS_SUB": "CO1", "CNAE": "9313-1/00", "TIP_CC": "COM-Tipo03", "FAS_CON": "ABCN", "GRU_TEN": "BT", "TEN_FORN": "10", "GRU_TAR": "B3", "SIT_ATIV": "AT", "DAT_CON": "01/08/1972", "CAR_INST": 38.6, "LIV": 0, "ARE_LOC": "UB", "TIP_SIST": "RD_INTERLIG", "ENE_01": 1000.0, "ENE_02": 1680.0, "ENE_03": 1434.934, "ENE_04": 1320.0, "ENE_05": 1400.0, "ENE_06": 1120.0, "ENE_07": 974.4, "ENE_08": 658.8, "ENE_09": 1240.0, "ENE_10": 1320.0, "ENE_11": 778.8, "ENE_12": 1185.79, "DIC_01": 0.0, "DIC_02": 0.0, "DIC_03": 5.98, "DIC_04": 0.0, "DIC_05": 0.0, "DIC_06": 0.0, "DIC_07": 0.0, "DIC_08": 0.06, "DIC_09": 0.0, "DIC_10": 0.0, "DIC_11": 0.0, "DIC_12": 0.0, "FIC_01": 0.0, "FIC_02": 0.0, "FIC_03": 1.0, "FIC_04": 0.0, "FIC_05": 0.0, "FIC_06": 0.0, "FIC_07": 0.0, "FIC_08": 1.0, "FIC_09": 0.0, "FIC_10": 0.0, "FIC_11": 0.0, "FIC_12": 0.0, "SEMRED": 0, "DESCR": " ", "COD_ID": "4f7dfde06d655c4cde3d52744251a5f993e478bfa6d5e96341129f4674286cc6", "__layer": "UCBT_tab", "DEM_CONT": null, "DEM_01": null, "DEM_02": null, "DEM_03": null, "DEM_04": null, "DEM_05": null, "DEM_06": null, "DEM_07": null, "DEM_08": null, "DEM_09": null, "DEM_10": null, "DEM_11": null, "DEM_12": null }, "geometry": null },
{ "type": "Feature", "properties": { "DIST": 390, "PAC": "32863853739018535L", "RAMAL": "8963135S1", "PN_CON": "556152", "UNI_TR_MT": "14355246", "CTMT": "ITA0111", "UNI_TR_AT": "DITA-EQ-TR3", "SUB": "DITA", "CONJ": 15813, "MUN": "3550308", "CEG_GD": " ", "BRR": "AV PRES JUSCELINO KUBITSCHEK 1050 VILA NOVA CONCEICAO", "CEP": "04543-000", "CLAS_SUB": "CO1", "CNAE": "4755-5/02", "TIP_CC": "COM-Tipo03", "FAS_CON": "ABN", "GRU_TEN": "BT", "TEN_FORN": "10", "GRU_TAR": "B3", "SIT_ATIV": "AT", "DAT_CON": "01/05/1969", "CAR_INST": 0.3, "LIV": 0, "ARE_LOC": "UB", "TIP_SIST": "RD_INTERLIG", "ENE_01": 30.0, "ENE_02": 30.0, "ENE_03": 32.612, "ENE_04": 30.0, "ENE_05": 30.0, "ENE_06": 30.0, "ENE_07": 25.2, "ENE_08": 18.3, "ENE_09": 30.0, "ENE_10": 3872.0, "ENE_11": 3861.55, "ENE_12": 6444.39, "DIC_01": 0.0, "DIC_02": 8.19, "DIC_03": 0.0, "DIC_04": 0.0, "DIC_05": 0.0, "DIC_06": 3.23, "DIC_07": 0.1, "DIC_08": 0.0, "DIC_09": 0.0, "DIC_10": 0.0, "DIC_11": 0.0, "DIC_12": 0.0, "FIC_01": 0.0, "FIC_02": 2.0, "FIC_03": 0.0, "FIC_04": 0.0, "FIC_05": 0.0, "FIC_06": 1.0, "FIC_07": 1.0, "FIC_08": 0.0, "FIC_09": 0.0, "FIC_10": 0.0, "FIC_11": 0.0, "FIC_12": 0.0, "SEMRED": 0, "DESCR": " ", "COD_ID": "bf1d17512d11c299c7d87d512bab4c8d13f063fe15820f1412a69cec121f1d4a", "__layer": "UCBT_tab", "DEM_CONT": null, "DEM_01": null, "DEM_02": null, "DEM_03": null, "DEM_04": null, "DEM_05": null, "DEM_06": null, "DEM_07": null, "DEM_08": null, "DEM_09": null, "DEM_10": null, "DEM_11": null, "DEM_12": null }, "geometry": null },
{ "type": "Feature", "properties": { "DIST": 390, "PAC": "32802041739003395L", "RAMAL": "12294900S1", "PN_CON": " ", "UNI_TR_MT": "14348526", "CTMT": "MOC0113", "UNI_TR_AT": "DMOC-EQ-TR2", "SUB": "DMOC", "CONJ": 15828, "MUN": "3550308", "CEG_GD": " ", "BRR": "AV PRES JUSCELINO KUBITSCHEK 1726 VILA NOVA CONCEICAO", "CEP": "04543-000", "CLAS_SUB": "CO1", "CNAE": "6612-6/05", "TIP_CC": "COM-Tipo03", "FAS_CON": "ABCN", "GRU_TEN": "BT", "TEN_FORN": "10", "GRU_TAR": "B3", "SIT_ATIV": "AT", "DAT_CON": "19/01/2000", "CAR_INST": 8.3, "LIV": 0, "ARE_LOC": "UB", "TIP_SIST": "RD_INTERLIG", "ENE_01": 1338.0, "ENE_02": 1340.8, "ENE_03": 1445.376, "ENE_04": 1473.6, "ENE_05": 1566.4, "ENE_06": 1672.4, "ENE_07": 1400.28, "ENE_08": 1053.96, "ENE_09": 1568.6, "ENE_10": 1503.6, "ENE_11": 851.72, "ENE_12": 1410.89, "DIC_01": 0.0, "DIC_02": 0.0, "DIC_03": 0.0, "DIC_04": 0.0, "DIC_05": 0.0, "DIC_06": 0.0, "DIC_07": 0.0, "DIC_08": 0.0, "DIC_09": 0.0, "DIC_10": 4.55, "DIC_11": 0.0, "DIC_12": 13.73, "FIC_01": 0.0, "FIC_02": 0.0, "FIC_03": 0.0, "FIC_04": 0.0, "FIC_05": 0.0, "FIC_06": 0.0, "FIC_07": 0.0, "FIC_08": 0.0, "FIC_09": 0.0, "FIC_10": 1.0, "FIC_11": 0.0, "FIC_12": 1.0, "SEMRED": 0, "DESCR": " ", "COD_ID": "e56faabf3b9d427f61692577b8d5d7dd60f66aa59acefe238e572e3fe0b5c78f", "__layer": "UCBT_tab", "DEM_CONT": null, "DEM_01": null, "DEM_02": null, "DEM_03": null, "DEM_04": null, "DEM_05": null, "DEM_06": null, "DEM_07": null, "DEM_08": null, "DEM_09": null, "DEM_10": null, "DEM_11": null, "DEM_12": null }, "geometry": null },
{ "type": "Feature", "properties": { "DIST": 390, "PAC": "32802041739003395L", "RAMAL": "12294900S1", "PN_CON": " ", "UNI_TR_MT": "14348526", "CTMT": "MOC0113", "UNI_TR_AT": "DMOC-EQ-TR2", "SUB": "DMOC", "CONJ": 15828, "MUN": "3550308", "CEG_GD": " ", "BRR": "AV PRES JUSCELINO KUBITSCHEK 1726 VILA NOVA CONCEICAO", "CEP": "04543-000", "CLAS_SUB": "CO9", "CNAE": "7020-4/00", "TIP_CC": "COM-Tipo03", "FAS_CON": "ABCN", "GRU_TEN": "BT", "TEN_FORN": "10", "GRU_TAR": "B3", "SIT_ATIV": "AT", "DAT_CON": "19/01/2000", "CAR_INST": 6.4, "LIV": 0, "ARE_LOC": "UB", "TIP_SIST": "RD_INTERLIG", "ENE_01": 1252.0, "ENE_02": 1072.52, "ENE_03": 1227.847, "ENE_04": 1107.9, "ENE_05": 1275.66, "ENE_06": 1021.14, "ENE_07": 795.77, "ENE_08": 594.9, "ENE_09": 1107.54, "ENE_10": 1097.28, "ENE_11": 578.15, "ENE_12": 1019.18, "DIC_01": 0.0, "DIC_02": 0.0, "DIC_03": 0.0, "DIC_04": 0.0, "DIC_05": 0.0, "DIC_06": 0.0, "DIC_07": 0.0, "DIC_08": 0.0, "DIC_09": 0.0, "DIC_10": 4.55, "DIC_11": 0.0, "DIC_12": 13.73, "FIC_01": 0.0, "FIC_02": 0.0, "FIC_03": 0.0, "FIC_04": 0.0, "FIC_05": 0.0, "FIC_06": 0.0, "FIC_07": 0.0, "FIC_08": 0.0, "FIC_09": 0.0, "FIC_10": 1.0, "FIC_11": 0.0, "FIC_12": 1.0, "SEMRED": 0, "DESCR": " ", "COD_ID": "235bac511b00b1b17688d8c9598f3ec47b842a6a44328b59bcd4aafe4f4f5a52", "__layer": "UCBT_tab", "DEM_CONT": null, "DEM_01": null, "DEM_02": null, "DEM_03": null, "DEM_04": null, "DEM_05": null, "DEM_06": null, "DEM_07": null, "DEM_08": null, "DEM_09": null, "DEM_10": null, "DEM_11": null, "DEM_12": null }, "geometry": null },
{ "type": "Feature", "properties": { "DIST": 390, "PAC": "32802041739003395L", "RAMAL": "12294900S1", "PN_CON": " ", "UNI_TR_MT": "14348526", "CTMT": "MOC0113", "UNI_TR_AT": "DMOC-EQ-TR2", "SUB": "DMOC", "CONJ": 15828, "MUN": "3550308", "CEG_GD": " ", "BRR": "AV PRES JUSCELINO KUBITSCHEK 1726 VILA NOVA CONCEICAO", "CEP": "04543-000", "CLAS_SUB": "CO1", "CNAE": "6810-2/01", "TIP_CC": "COM-Tipo02", "FAS_CON": "ABCN", "GRU_TEN": "BT", "TEN_FORN": "10", "GRU_TAR": "B3", "SIT_ATIV": "AT", "DAT_CON": "19/01/2000", "CAR_INST": 8.3, "LIV": 0, "ARE_LOC": "UB", "TIP_SIST": "RD_INTERLIG", "ENE_01": 270.0, "ENE_02": 234.54, "ENE_03": 325.792, "ENE_04": 385.02, "ENE_05": 355.86, "ENE_06": 373.32, "ENE_07": 253.71, "ENE_08": 176.45, "ENE_09": 364.14, "ENE_10": 563.94, "ENE_11": 331.66, "ENE_12": 764.6, "DIC_01": 0.0, "DIC_02": 0.0, "DIC_03": 0.0, "DIC_04": 0.0, "DIC_05": 0.0, "DIC_06": 0.0, "DIC_07": 0.0, "DIC_08": 0.0, "DIC_09": 0.0, "DIC_10": 4.55, "DIC_11": 0.0, "DIC_12": 13.73, "FIC_01": 0.0, "FIC_02": 0.0, "FIC_03": 0.0, "FIC_04": 0.0, "FIC_05": 0.0, "FIC_06": 0.0, "FIC_07": 0.0, "FIC_08": 0.0, "FIC_09": 0.0, "FIC_10": 1.0, "FIC_11": 0.0, "FIC_12": 1.0, "SEMRED": 0, "DESCR": " ", "COD_ID": "c80e6a40f3ba121c4beeb93f90faae696b7bb7469a2068324c7d9df522e058ab", "__layer": "UCBT_tab", "DEM_CONT": null, "DEM_01": null, "DEM_02": null, "DEM_03": null, "DEM_04": null, "DEM_05": null, "DEM_06": null, "DEM_07": null, "DEM_08": null, "DEM_09": null, "DEM_10": null, "DEM_11": null, "DEM_12": null }, "geometry": null },
{ "type": "Feature", "properties": { "DIST": 390, "PAC": "32802041739003395L", "RAMAL": "12294900S1", "PN_CON": " ", "UNI_TR_MT": "14348526", "CTMT": "MOC0113", "UNI_TR_AT": "DMOC-EQ-TR2", "SUB": "DMOC", "CONJ": 15828, "MUN": "3550308", "CEG_GD": " ", "BRR": "AV PRES JUSCELINO KUBITSCHEK 1726 VILA NOVA CONCEICAO", "CEP": "04543-000", "CLAS_SUB": "CO1", "CNAE": "6810-2/02", "TIP_CC": "COM-Tipo02", "FAS_CON": "ABCN", "GRU_TEN": "BT", "TEN_FORN": "10", "GRU_TAR": "B3", "SIT_ATIV": "AT", "DAT_CON": "19/01/2000", "CAR_INST": 8.3, "LIV": 0, "ARE_LOC": "UB", "TIP_SIST": "RD_INTERLIG", "ENE_01": 100.0, "ENE_02": 6.34, "ENE_03": 108.707, "ENE_04": 100.0, "ENE_05": 5.58, "ENE_06": 5.4, "ENE_07": 4.99, "ENE_08": 3.4, "ENE_09": 5.58, "ENE_10": 5.76, "ENE_11": 3.08, "ENE_12": 4.99, "DIC_01": 0.0, "DIC_02": 0.0, "DIC_03": 0.0, "DIC_04": 0.0, "DIC_05": 0.0, "DIC_06": 0.0, "DIC_07": 0.0, "DIC_08": 0.0, "DIC_09": 0.0, "DIC_10": 4.55, "DIC_11": 0.0, "DIC_12": 13.73, "FIC_01": 0.0, "FIC_02": 0.0, "FIC_03": 0.0, "FIC_04": 0.0, "FIC_05": 0.0, "FIC_06": 0.0, "FIC_07": 0.0, "FIC_08": 0.0, "FIC_09": 0.0, "FIC_10": 1.0, "FIC_11": 0.0, "FIC_12": 1.0, "SEMRED": 0, "DESCR": " ", "COD_ID": "8e0229eb7dabfa183b409ad07dba41b8b54e2679cdd2c3fe5b2f5334eb6293a6", "__layer": "UCBT_tab", "DEM_CONT": null, "DEM_01": null, "DEM_02": null, "DEM_03": null, "DEM_04": null, "DEM_05": null, "DEM_06": null, "DEM_07": null, "DEM_08": null, "DEM_09": null, "DEM_10": null, "DEM_11": null, "DEM_12": null }, "geometry": null },
{ "type": "Feature", "properties": { "DIST": 390, "PAC": "32925164739055945L", "RAMAL": "391742101S1", "PN_CON": "574590", "UNI_TR_MT": "14358855", "CTMT": "JKU0106", "UNI_TR_AT": "DJKU-EQ-TR3", "SUB": "DJKU", "CONJ": 15813, "MUN": "3550308", "CEG_GD": " ", "BRR": "AV PRES JUSCELINO KUBITSCHEK 360 VILA NOVA CONCEICAO", "CEP": "04543-000", "CLAS_SUB": "CO1", "CNAE": "3513-1/00", "TIP_CC": "COM-Tipo05", "FAS_CON": "ABN", "GRU_TEN": "BT", "TEN_FORN": "10", "GRU_TAR": "B3", "SIT_ATIV": "AT", "DAT_CON": "19/03/2009", "CAR_INST": 5.9, "LIV": 0, "ARE_LOC": "UB", "TIP_SIST": "RD_INTERLIG", "ENE_01": 2320.0, "ENE_02": 4080.0, "ENE_03": 4435.25, "ENE_04": 3880.0, "ENE_05": 3920.0, "ENE_06": 50.0, "ENE_07": 42.0, "ENE_08": 4977.6, "ENE_09": 3520.0, "ENE_10": 6280.0, "ENE_11": 2100.4, "ENE_12": 3289.61, "DIC_01": 0.0, "DIC_02": 0.0, "DIC_03": 0.0, "DIC_04": 0.0, "DIC_05": 1.33, "DIC_06": 0.0, "DIC_07": 0.0, "DIC_08": 0.0, "DIC_09": 0.0, "DIC_10": 0.0, "DIC_11": 0.0, "DIC_12": 0.0, "FIC_01": 0.0, "FIC_02": 0.0, "FIC_03": 0.0, "FIC_04": 0.0, "FIC_05": 1.0, "FIC_06": 0.0, "FIC_07": 0.0, "FIC_08": 0.0, "FIC_09": 0.0, "FIC_10": 0.0, "FIC_11": 0.0, "FIC_12": 0.0, "SEMRED": 0, "DESCR": " ", "COD_ID": "9794a58b551981be2d66286d53aa0782f1fbd91f62ffc1e48de80da4a32c8209", "__layer": "UCBT_tab", "DEM_CONT": null, "DEM_01": null, "DEM_02": null, "DEM_03": null, "DEM_04": null, "DEM_05": null, "DEM_06": null, "DEM_07": null, "DEM_08": null, "DEM_09": null, "DEM_10": null, "DEM_11": null, "DEM_12": null }, "geometry": null },
{ "type": "Feature", "properties": { "DIST": 390, "PAC": "32919648739062255L", "RAMAL": "354922722S1", "PN_CON": "55041082", "UNI_TR_MT": "14358553", "CTMT": "JKU0108", "UNI_TR_AT": "DJKU-EQ-TR3", "SUB": "DJKU", "CONJ": 15813, "MUN": "3550308", "CEG_GD": " ", "BRR": "AV PRES JUSCELINO KUBITSCHEK 360 VILA NOVA CONCEICAO", "CEP": "04543-000", "CLAS_SUB": "CO1", "CNAE": "6911-7/01", "TIP_CC": "COM-Tipo03", "FAS_CON": "ABCN", "GRU_TEN": "BT", "TEN_FORN": "10", "GRU_TAR": "B3", "SIT_ATIV": "AT", "DAT_CON": "19/03/2009", "CAR_INST": 2.6, "LIV": 0, "ARE_LOC": "UB", "TIP_SIST": "RD_INTERLIG", "ENE_01": 2200.0, "ENE_02": 2520.0, "ENE_03": 2652.453, "ENE_04": 2720.0, "ENE_05": 2680.0, "ENE_06": 2000.0, "ENE_07": 1276.8, "ENE_08": 976.0, "ENE_09": 1920.0, "ENE_10": 1600.0, "ENE_11": 1109.2, "ENE_12": 1759.56, "DIC_01": 0.0, "DIC_02": 0.0, "DIC_03": 0.0, "DIC_04": 0.0, "DIC_05": 0.0, "DIC_06": 0.0, "DIC_07": 0.0, "DIC_08": 0.0, "DIC_09": 0.0, "DIC_10": 1.4, "DIC_11": 0.0, "DIC_12": 0.0, "FIC_01": 0.0, "FIC_02": 0.0, "FIC_03": 0.0, "FIC_04": 0.0, "FIC_05": 0.0, "FIC_06": 0.0, "FIC_07": 0.0, "FIC_08": 0.0, "FIC_09": 0.0, "FIC_10": 2.0, "FIC_11": 0.0, "FIC_12": 0.0, "SEMRED": 0, "DESCR": " ", "COD_ID": "11be7c6f82f3c862a063ba72462d42efa8100a0407592f9e92bc32bf6f30476b", "__layer": "UCBT_tab", "DEM_CONT": null, "DEM_01": null, "DEM_02": null, "DEM_03": null, "DEM_04": null, "DEM_05": null, "DEM_06": null, "DEM_07": null, "DEM_08": null, "DEM_09": null, "DEM_10": null, "DEM_11": null, "DEM_12": null }, "geometry": null },
{ "type": "Feature", "properties": { "DIST": 390, "PAC": "32811553738995625L", "RAMAL": "8915745S1", "PN_CON": "540379", "UNI_TR_MT": "14349040", "CTMT": "MOC0113", "UNI_TR_AT": "DMOC-EQ-TR2", "SUB": "DMOC", "CONJ": 15828, "MUN": "3550308", "CEG_GD": " ", "BRR": "AV PRES JUSCELINO KUBITSCHEK 1600 VILA NOVA CONCEICAO", "CEP": "04543-000", "CLAS_SUB": "IN", "CNAE": "2121-1/01", "TIP_CC": "IND-Tipo05", "FAS_CON": "ABN", "GRU_TEN": "BT", "TEN_FORN": "10", "GRU_TAR": "B3", "SIT_ATIV": "AT", "DAT_CON": "29/05/2012", "CAR_INST": 2.6, "LIV": 0, "ARE_LOC": "UB", "TIP_SIST": "RD_INTERLIG", "ENE_01": 30.18, "ENE_02": 2190.6, "ENE_03": 2662.92, "ENE_04": 2732.94, "ENE_05": 3158.1, "ENE_06": 1668.06, "ENE_07": 1508.94, "ENE_08": 1786.32, "ENE_09": 2382.84, "ENE_10": 2717.1, "ENE_11": 3484.8, "ENE_12": 3288.73, "DIC_01": 0.0, "DIC_02": 0.0, "DIC_03": 0.0, "DIC_04": 0.0, "DIC_05": 0.0, "DIC_06": 0.0, "DIC_07": 0.0, "DIC_08": 0.0, "DIC_09": 0.0, "DIC_10": 0.0, "DIC_11": 0.0, "DIC_12": 0.0, "FIC_01": 0.0, "FIC_02": 0.0, "FIC_03": 0.0, "FIC_04": 0.0, "FIC_05": 0.0, "FIC_06": 0.0, "FIC_07": 0.0, "FIC_08": 0.0, "FIC_09": 0.0, "FIC_10": 0.0, "FIC_11": 0.0, "FIC_12": 0.0, "SEMRED": 0, "DESCR": " ", "COD_ID": "129f2136f76637c0730f96d85932a9b5fa987f5a476904211330e70637241da5", "__layer": "UCBT_tab", "DEM_CONT": null, "DEM_01": null, "DEM_02": null, "DEM_03": null, "DEM_04": null, "DEM_05": null, "DEM_06": null, "DEM_07": null, "DEM_08": null, "DEM_09": null, "DEM_10": null, "DEM_11": null, "DEM_12": null }, "geometry": null },
{ "type": "Feature", "properties": { "DIST": 390, "PAC": "32811193738996474L", "RAMAL": "102322104S1", "PN_CON": "540379", "UNI_TR_MT": "14349040", "CTMT": "MOC0113", "UNI_TR_AT": "DMOC-EQ-TR2", "SUB": "DMOC", "CONJ": 15828, "MUN": "3550308", "CEG_GD": " ", "BRR": "AV PRES JUSCELINO KUBITSCHEK 1600 VILA NOVA CONCEICAO", "CEP": "04543-000", "CLAS_SUB": "CO1", "CNAE": "4636-2/02", "TIP_CC": "COM-Tipo05", "FAS_CON": "AB", "GRU_TEN": "BT", "TEN_FORN": "10", "GRU_TAR": "B3", "SIT_ATIV": "AT", "DAT_CON": "29/05/2012", "CAR_INST": 49.8, "LIV": 0, "ARE_LOC": "UB", "TIP_SIST": "RD_INTERLIG", "ENE_01": 1705.62, "ENE_02": 50.0, "ENE_03": 5046.2, "ENE_04": 4373.82, "ENE_05": 1374.37, "ENE_06": 50.0, "ENE_07": 42.0, "ENE_08": 3185.58, "ENE_09": 4303.44, "ENE_10": 4023.72, "ENE_11": 2414.24, "ENE_12": 2531.2, "DIC_01": 0.0, "DIC_02": 0.0, "DIC_03": 0.0, "DIC_04": 0.0, "DIC_05": 0.0, "DIC_06": 0.0, "DIC_07": 0.0, "DIC_08": 0.0, "DIC_09": 0.0, "DIC_10": 0.0, "DIC_11": 0.0, "DIC_12": 0.0, "FIC_01": 0.0, "FIC_02": 0.0, "FIC_03": 0.0, "FIC_04": 0.0, "FIC_05": 0.0, "FIC_06": 0.0, "FIC_07": 0.0, "FIC_08": 0.0, "FIC_09": 0.0, "FIC_10": 0.0, "FIC_11": 0.0, "FIC_12": 0.0, "SEMRED": 0, "DESCR": " ", "COD_ID": "71f5a10a32a62fd15075008176db983aef2822c20f7bbe6eaa9cef397deef8db", "__layer": "UCBT_tab", "DEM_CONT": null, "DEM_01": null, "DEM_02": null, "DEM_03": null, "DEM_04": null, "DEM_05": null, "DEM_06": null, "DEM_07": null, "DEM_08": null, "DEM_09": null, "DEM_10": null, "DEM_11": null, "DEM_12": null }, "geometry": null },
{ "type": "Feature", "properties": { "DIST": 390, "PAC": "32811553738995625L", "RAMAL": "8915745S1", "PN_CON": "540379", "UNI_TR_MT": "14349040", "CTMT": "MOC0113", "UNI_TR_AT": "DMOC-EQ-TR2", "SUB": "DMOC", "CONJ": 15828, "MUN": "3550308", "CEG_GD": " ", "BRR": "AV PRES JUSCELINO KUBITSCHEK 1600 VILA NOVA CONCEICAO", "CEP": "04543-000", "CLAS_SUB": "CO6", "CNAE": "6630-4/00", "TIP_CC": "COM-Tipo05", "FAS_CON": "ABN", "GRU_TEN": "BT", "TEN_FORN": "10", "GRU_TAR": "B3", "SIT_ATIV": "AT", "DAT_CON": "29/05/2012", "CAR_INST": 49.8, "LIV": 0, "ARE_LOC": "UB", "TIP_SIST": "RD_INTERLIG", "ENE_01": 4983.0, "ENE_02": 5607.84, "ENE_03": 6231.008, "ENE_04": 3340.62, "ENE_05": 5248.08, "ENE_06": 4288.86, "ENE_07": 4197.01, "ENE_08": 2553.95, "ENE_09": 4274.64, "ENE_10": 6016.14, "ENE_11": 2846.23, "ENE_12": 3416.68, "DIC_01": 0.0, "DIC_02": 0.0, "DIC_03": 0.0, "DIC_04": 0.0, "DIC_05": 0.0, "DIC_06": 0.0, "DIC_07": 0.0, "DIC_08": 0.0, "DIC_09": 0.0, "DIC_10": 0.0, "DIC_11": 0.0, "DIC_12": 0.0, "FIC_01": 0.0, "FIC_02": 0.0, "FIC_03": 0.0, "FIC_04": 0.0, "FIC_05": 0.0, "FIC_06": 0.0, "FIC_07": 0.0, "FIC_08": 0.0, "FIC_09": 0.0, "FIC_10": 0.0, "FIC_11": 0.0, "FIC_12": 0.0, "SEMRED": 0, "DESCR": " ", "COD_ID": "c3d2d4b5153d0c2febfb06f92afcf695b432b95d3448cf136f0a137582f3074f", "__layer": "UCBT_tab", "DEM_CONT": null, "DEM_01": null, "DEM_02": null, "DEM_03": null, "DEM_04": null, "DEM_05": null, "DEM_06": null, "DEM_07": null, "DEM_08": null, "DEM_09": null, "DEM_10": null, "DEM_11": null, "DEM_12": null }, "geometry": null },
{ "type": "Feature", "properties": { "DIST": 390, "PAC": "32830445739009586L", "RAMAL": "12295093S1", "PN_CON": "10969556", "UNI_TR_MT": "14349961", "CTMT": "MOC0113", "UNI_TR_AT": "DMOC-EQ-TR2", "SUB": "DMOC", "CONJ": 15828, "MUN": "3550308", "CEG_GD": " ", "BRR": "AV PRES JUSCELINO KUBITSCHEK 1400 VILA NOVA CONCEICAO", "CEP": "04543-000", "CLAS_SUB": "CO1", "CNAE": "6612-6/05", "TIP_CC": "COM-Tipo03", "FAS_CON": "ABCN", "GRU_TEN": "BT", "TEN_FORN": "10", "GRU_TAR": "B3", "SIT_ATIV": "AT", "DAT_CON": "06/08/2012", "CAR_INST": 40.4, "LIV": 0, "ARE_LOC": "UB", "TIP_SIST": "RD_INTERLIG", "ENE_01": 1760.0, "ENE_02": 0.0, "ENE_03": 2869.867, "ENE_04": 1080.0, "ENE_05": 1280.0, "ENE_06": 960.0, "ENE_07": 907.2, "ENE_08": 634.4, "ENE_09": 1040.0, "ENE_10": 1080.0, "ENE_11": 708.0, "ENE_12": 879.78, "DIC_01": 0.0, "DIC_02": 0.0, "DIC_03": 0.0, "DIC_04": 0.0, "DIC_05": 0.0, "DIC_06": 0.0, "DIC_07": 0.0, "DIC_08": 0.0, "DIC_09": 0.0, "DIC_10": 0.0, "DIC_11": 6.01, "DIC_12": 0.0, "FIC_01": 0.0, "FIC_02": 0.0, "FIC_03": 0.0, "FIC_04": 0.0, "FIC_05": 0.0, "FIC_06": 0.0, "FIC_07": 0.0, "FIC_08": 0.0, "FIC_09": 0.0, "FIC_10": 0.0, "FIC_11": 1.0, "FIC_12": 0.0, "SEMRED": 0, "DESCR": " ", "COD_ID": "5c5be3b61e49d84db1c1d1a03bffb387c35e6165ae56f0099b76b1e6a2614f34", "__layer": "UCBT_tab", "DEM_CONT": null, "DEM_01": null, "DEM_02": null, "DEM_03": null, "DEM_04": null, "DEM_05": null, "DEM_06": null, "DEM_07": null, "DEM_08": null, "DEM_09": null, "DEM_10": null, "DEM_11": null, "DEM_12": null }, "geometry": null },
{ "type": "Feature", "properties": { "DIST": 390, "PAC": "32802041739003395L", "RAMAL": "12294900S1", "PN_CON": " ", "UNI_TR_MT": "14348526", "CTMT": "MOC0113", "UNI_TR_AT": "DMOC-EQ-TR2", "SUB": "DMOC", "CONJ": 15828, "MUN": "3550308", "CEG_GD": " ", "BRR": "AV PRES JUSCELINO KUBITSCHEK 1726 VILA NOVA CONCEICAO", "CEP": "04543-000", "CLAS_SUB": "CO1", "CNAE": "6630-4/00", "TIP_CC": "COM-Tipo02", "FAS_CON": "ABC", "GRU_TEN": "BT", "TEN_FORN": "10", "GRU_TAR": "B3", "SIT_ATIV": "AT", "DAT_CON": "22/07/2013", "CAR_INST": 0.4, "LIV": 0, "ARE_LOC": "UB", "TIP_SIST": "RD_INTERLIG", "ENE_01": 945.0, "ENE_02": 960.0, "ENE_03": 974.016, "ENE_04": 875.0, "ENE_05": 1033.0, "ENE_06": 1085.0, "ENE_07": 834.12, "ENE_08": 520.94, "ENE_09": 987.0, "ENE_10": 907.0, "ENE_11": 489.11, "ENE_12": 841.52, "DIC_01": 0.0, "DIC_02": 0.0, "DIC_03": 0.0, "DIC_04": 0.0, "DIC_05": 0.0, "DIC_06": 0.0, "DIC_07": 0.0, "DIC_08": 0.0, "DIC_09": 0.0, "DIC_10": 4.55, "DIC_11": 0.0, "DIC_12": 13.73, "FIC_01": 0.0, "FIC_02": 0.0, "FIC_03": 0.0, "FIC_04": 0.0, "FIC_05": 0.0, "FIC_06": 0.0, "FIC_07": 0.0, "FIC_08": 0.0, "FIC_09": 0.0, "FIC_10": 1.0, "FIC_11": 0.0, "FIC_12": 1.0, "SEMRED": 0, "DESCR": " ", "COD_ID": "cc5ae59e91b0cfb7964882996812b2d6f6ebaa7c06b810fb8e4e32d9cf31e625", "__layer": "UCBT_tab", "DEM_CONT": null, "DEM_01": null, "DEM_02": null, "DEM_03": null, "DEM_04": null, "DEM_05": null, "DEM_06": null, "DEM_07": null, "DEM_08": null, "DEM_09": null, "DEM_10": null, "DEM_11": null, "DEM_12": null }, "geometry": null },
{ "type": "Feature", "properties": { "DIST": 390, "PAC": "32928929739064959L", "RAMAL": "357560717S1", "PN_CON": "357559881", "UNI_TR_MT": "357561106", "CTMT": "JKU0108", "UNI_TR_AT": "DJKU-EQ-TR3", "SUB": "DJKU", "CONJ": 15813, "MUN": "3550308", "CEG_GD": " ", "BRR": "AV PRES JUSCELINO KUBITSCHEK 180 VILA NOVA CONCEICAO", "CEP": "04543-000", "CLAS_SUB": "CO1", "CNAE": "8211-3/00", "TIP_CC": "COM-Tipo05", "FAS_CON": "ABCN", "GRU_TEN": "BT", "TEN_FORN": "10", "GRU_TAR": "B3", "SIT_ATIV": "AT", "DAT_CON": "14/12/2015", "CAR_INST": 64.5, "LIV": 0, "ARE_LOC": "UB", "TIP_SIST": "RD_INTERLIG", "ENE_01": 3010.0, "ENE_02": 3051.0, "ENE_03": 3737.35, "ENE_04": 3650.0, "ENE_05": 3443.0, "ENE_06": 2854.0, "ENE_07": 2207.52, "ENE_08": 1742.16, "ENE_09": 3192.0, "ENE_10": 3140.0, "ENE_11": 1609.52, "ENE_12": 2599.17, "DIC_01": 0.0, "DIC_02": 0.0, "DIC_03": 0.0, "DIC_04": 0.0, "DIC_05": 0.0, "DIC_06": 0.0, "DIC_07": 0.0, "DIC_08": 0.0, "DIC_09": 19.79, "DIC_10": 1.32, "DIC_11": 0.0, "DIC_12": 0.0, "FIC_01": 0.0, "FIC_02": 0.0, "FIC_03": 0.0, "FIC_04": 0.0, "FIC_05": 0.0, "FIC_06": 0.0, "FIC_07": 0.0, "FIC_08": 0.0, "FIC_09": 1.0, "FIC_10": 2.0, "FIC_11": 0.0, "FIC_12": 0.0, "SEMRED": 0, "DESCR": " ", "COD_ID": "38a00669362e8785c05bd3b35871703cec668eb9466206e6a122d8b1d254ba3e", "__layer": "UCBT_tab", "DEM_CONT": null, "DEM_01": null, "DEM_02": null, "DEM_03": null, "DEM_04": null, "DEM_05": null, "DEM_06": null, "DEM_07": null, "DEM_08": null, "DEM_09": null, "DEM_10": null, "DEM_11": null, "DEM_12": null }, "geometry": null },
{ "type": "Feature", "properties": { "DIST": 390, "PAC": "32802041739003395L", "RAMAL": "12294900S1", "PN_CON": " ", "UNI_TR_MT": "14348526", "CTMT": "MOC0113", "UNI_TR_AT": "DMOC-EQ-TR2", "SUB": "DMOC", "CONJ": 15828, "MUN": "3550308", "CEG_GD": " ", "BRR": "AV PRES JUSCELINO KUBITSCHEK 1726 VILA NOVA CONCEICAO", "CEP": "04543-000", "CLAS_SUB": "CO9", "CNAE": "6399-2/00", "TIP_CC": "COM-Tipo05", "FAS_CON": "ABCN", "GRU_TEN": "BT", "TEN_FORN": "10", "GRU_TAR": "B3", "SIT_ATIV": "AT", "DAT_CON": "19/01/2000", "CAR_INST": 7.1, "LIV": 0, "ARE_LOC": "UB", "TIP_SIST": "RD_INTERLIG", "ENE_01": 3099.0, "ENE_02": 3025.4, "ENE_03": 2945.089, "ENE_04": 2916.6, "ENE_05": 3344.4, "ENE_06": 3118.8, "ENE_07": 2782.08, "ENE_08": 1952.0, "ENE_09": 3317.0, "ENE_10": 3520.2, "ENE_11": 1775.55, "ENE_12": 3043.47, "DIC_01": 0.0, "DIC_02": 0.0, "DIC_03": 0.0, "DIC_04": 0.0, "DIC_05": 0.0, "DIC_06": 0.0, "DIC_07": 0.0, "DIC_08": 0.0, "DIC_09": 0.0, "DIC_10": 4.55, "DIC_11": 0.0, "DIC_12": 13.73, "FIC_01": 0.0, "FIC_02": 0.0, "FIC_03": 0.0, "FIC_04": 0.0, "FIC_05": 0.0, "FIC_06": 0.0, "FIC_07": 0.0, "FIC_08": 0.0, "FIC_09": 0.0, "FIC_10": 1.0, "FIC_11": 0.0, "FIC_12": 1.0, "SEMRED": 0, "DESCR": " ", "COD_ID": "b3c8f934eb9672a85e2dcae6f02e7af5ccf40428c41f466f02b61f87a96ff80d", "__layer": "UCBT_tab", "DEM_CONT": null, "DEM_01": null, "DEM_02": null, "DEM_03": null, "DEM_04": null, "DEM_05": null, "DEM_06": null, "DEM_07": null, "DEM_08": null, "DEM_09": null, "DEM_10": null, "DEM_11": null, "DEM_12": null }, "geometry": null },
{ "type": "Feature", "properties": { "DIST": 390, "PAC": "32802041739003395L", "RAMAL": "12294900S1", "PN_CON": " ", "UNI_TR_MT": "14348526", "CTMT": "MOC0113", "UNI_TR_AT": "DMOC-EQ-TR2", "SUB": "DMOC", "CONJ": 15828, "MUN": "3550308", "CEG_GD": " ", "BRR": "AV PRES JUSCELINO KUBITSCHEK 1726 VILA NOVA CONCEICAO", "CEP": "04543-000", "CLAS_SUB": "CO9", "CNAE": "6399-2/00", "TIP_CC": "COM-Tipo03", "FAS_CON": "ABCN", "GRU_TEN": "BT", "TEN_FORN": "10", "GRU_TAR": "B3", "SIT_ATIV": "AT", "DAT_CON": "19/01/2000", "CAR_INST": 8.3, "LIV": 0, "ARE_LOC": "UB", "TIP_SIST": "RD_INTERLIG", "ENE_01": 587.0, "ENE_02": 620.2, "ENE_03": 763.783, "ENE_04": 625.0, "ENE_05": 653.8, "ENE_06": 652.6, "ENE_07": 621.1, "ENE_08": 347.21, "ENE_09": 708.2, "ENE_10": 681.2, "ENE_11": 418.9, "ENE_12": 616.61, "DIC_01": 0.0, "DIC_02": 0.0, "DIC_03": 0.0, "DIC_04": 0.0, "DIC_05": 0.0, "DIC_06": 0.0, "DIC_07": 0.0, "DIC_08": 0.0, "DIC_09": 0.0, "DIC_10": 4.55, "DIC_11": 0.0, "DIC_12": 13.73, "FIC_01": 0.0, "FIC_02": 0.0, "FIC_03": 0.0, "FIC_04": 0.0, "FIC_05": 0.0, "FIC_06": 0.0, "FIC_07": 0.0, "FIC_08": 0.0, "FIC_09": 0.0, "FIC_10": 1.0, "FIC_11": 0.0, "FIC_12": 1.0, "SEMRED": 0, "DESCR": " ", "COD_ID": "6fdfd67aaafc46304df88907b926ee2925e442e7a3a8e7643b50965860ae4aad", "__layer": "UCBT_tab", "DEM_CONT": null, "DEM_01": null, "DEM_02": null, "DEM_03": null, "DEM_04": null, "DEM_05": null, "DEM_06": null, "DEM_07": null, "DEM_08": null, "DEM_09": null, "DEM_10": null, "DEM_11": null, "DEM_12": null }, "geometry": null },
{ "type": "Feature", "properties": { "DIST": 390, "PAC": "32802041739003395L", "RAMAL": "12294900S1", "PN_CON": " ", "UNI_TR_MT": "14348526", "CTMT": "MOC0113", "UNI_TR_AT": "DMOC-EQ-TR2", "SUB": "DMOC", "CONJ": 15828, "MUN": "3550308", "CEG_GD": " ", "BRR": "AV PRES JUSCELINO KUBITSCHEK 1726 VILA NOVA CONCEICAO", "CEP": "04543-000", "CLAS_SUB": "CO6", "CNAE": "6630-4/00", "TIP_CC": "COM-Tipo03", "FAS_CON": "ABCN", "GRU_TEN": "BT", "TEN_FORN": "10", "GRU_TAR": "B3", "SIT_ATIV": "AT", "DAT_CON": "19/01/2000", "CAR_INST": 8.3, "LIV": 0, "ARE_LOC": "UB", "TIP_SIST": "RD_INTERLIG", "ENE_01": 661.0, "ENE_02": 717.08, "ENE_03": 759.994, "ENE_04": 619.74, "ENE_05": 666.36, "ENE_06": 582.66, "ENE_07": 463.28, "ENE_08": 345.21, "ENE_09": 615.24, "ENE_10": 705.24, "ENE_11": 413.44, "ENE_12": 616.92, "DIC_01": 0.0, "DIC_02": 0.0, "DIC_03": 0.0, "DIC_04": 0.0, "DIC_05": 0.0, "DIC_06": 0.0, "DIC_07": 0.0, "DIC_08": 0.0, "DIC_09": 0.0, "DIC_10": 4.55, "DIC_11": 0.0, "DIC_12": 13.73, "FIC_01": 0.0, "FIC_02": 0.0, "FIC_03": 0.0, "FIC_04": 0.0, "FIC_05": 0.0, "FIC_06": 0.0, "FIC_07": 0.0, "FIC_08": 0.0, "FIC_09": 0.0, "FIC_10": 1.0, "FIC_11": 0.0, "FIC_12": 1.0, "SEMRED": 0, "DESCR": " ", "COD_ID": "f48c5a311917f6a62763704bddc67183a7e9a911956e5ba301845b58631c6d42", "__layer": "UCBT_tab", "DEM_CONT": null, "DEM_01": null, "DEM_02": null, "DEM_03": null, "DEM_04": null, "DEM_05": null, "DEM_06": null, "DEM_07": null, "DEM_08": null, "DEM_09": null, "DEM_10": null, "DEM_11": null, "DEM_12": null }, "geometry": null },
{ "type": "Feature", "properties": { "DIST": 390, "PAC": "32802041739003395L", "RAMAL": "12294900S1", "PN_CON": " ", "UNI_TR_MT": "14348526", "CTMT": "MOC0113", "UNI_TR_AT": "DMOC-EQ-TR2", "SUB": "DMOC", "CONJ": 15828, "MUN": "3550308", "CEG_GD": " ", "BRR": "AV PRES JUSCELINO KUBITSCHEK 1726 VILA NOVA CONCEICAO", "CEP": "04543-000", "CLAS_SUB": "CO1", "CNAE": "6612-6/05", "TIP_CC": "RES-Tipo05", "FAS_CON": "ABCN", "GRU_TEN": "BT", "TEN_FORN": "10", "GRU_TAR": "B3", "SIT_ATIV": "AT", "DAT_CON": "19/01/2000", "CAR_INST": 9.8, "LIV": 0, "ARE_LOC": "UB", "TIP_SIST": "RD_INTERLIG", "ENE_01": 0.0, "ENE_02": 9920.27, "ENE_03": 466.189, "ENE_04": 71.28, "ENE_05": 106.2, "ENE_06": 323.64, "ENE_07": 248.88, "ENE_08": 279.0, "ENE_09": 922.86, "ENE_10": 1232.46, "ENE_11": 706.12, "ENE_12": 1130.55, "DIC_01": 0.0, "DIC_02": 0.0, "DIC_03": 0.0, "DIC_04": 0.0, "DIC_05": 0.0, "DIC_06": 0.0, "DIC_07": 0.0, "DIC_08": 0.0, "DIC_09": 0.0, "DIC_10": 4.55, "DIC_11": 0.0, "DIC_12": 13.73, "FIC_01": 0.0, "FIC_02": 0.0, "FIC_03": 0.0, "FIC_04": 0.0, "FIC_05": 0.0, "FIC_06": 0.0, "FIC_07": 0.0, "FIC_08": 0.0, "FIC_09": 0.0, "FIC_10": 1.0, "FIC_11": 0.0, "FIC_12": 1.0, "SEMRED": 0, "DESCR": " ", "COD_ID": "d78eee6ce9151e3fadd55f378c7d2fdf0adc3b349eba3ba1d2d460e91666373c", "__layer": "UCBT_tab", "DEM_CONT": null, "DEM_01": null, "DEM_02": null, "DEM_03": null, "DEM_04": null, "DEM_05": null, "DEM_06": null, "DEM_07": null, "DEM_08": null, "DEM_09": null, "DEM_10": null, "DEM_11": null, "DEM_12": null }, "geometry": null },
{ "type": "Feature", "properties": { "DIST": 390, "PAC": "32802041739003395L", "RAMAL": "12294900S1", "PN_CON": " ", "UNI_TR_MT": "14348526", "CTMT": "MOC0113", "UNI_TR_AT": "DMOC-EQ-TR2", "SUB": "DMOC", "CONJ": 15828, "MUN": "3550308", "CEG_GD": " ", "BRR": "AV PRES JUSCELINO KUBITSCHEK 1726 VILA NOVA CONCEICAO", "CEP": "04543-000", "CLAS_SUB": "CO1", "CNAE": "6810-2/01", "TIP_CC": "COM-Tipo03", "FAS_CON": "ABN", "GRU_TEN": "BT", "TEN_FORN": "10", "GRU_TAR": "B3", "SIT_ATIV": "AT", "DAT_CON": "19/01/2000", "CAR_INST": 9.0, "LIV": 0, "ARE_LOC": "UB", "TIP_SIST": "RD_INTERLIG", "ENE_01": 710.0, "ENE_02": 612.0, "ENE_03": 788.999, "ENE_04": 750.8, "ENE_05": 698.8, "ENE_06": 579.2, "ENE_07": 466.87, "ENE_08": 325.01, "ENE_09": 566.0, "ENE_10": 527.2, "ENE_11": 299.37, "ENE_12": 499.94, "DIC_01": 0.0, "DIC_02": 0.0, "DIC_03": 0.0, "DIC_04": 0.0, "DIC_05": 0.0, "DIC_06": 0.0, "DIC_07": 0.0, "DIC_08": 0.0, "DIC_09": 0.0, "DIC_10": 4.55, "DIC_11": 0.0, "DIC_12": 13.73, "FIC_01": 0.0, "FIC_02": 0.0, "FIC_03": 0.0, "FIC_04": 0.0, "FIC_05": 0.0, "FIC_06": 0.0, "FIC_07": 0.0, "FIC_08": 0.0, "FIC_09": 0.0, "FIC_10": 1.0, "FIC_11": 0.0, "FIC_12": 1.0, "SEMRED": 0, "DESCR": " ", "COD_ID": "10357e9fbede532ca8c84f41b317ea81f10d5a01f197ddb4ca1b2c5128584076", "__layer": "UCBT_tab", "DEM_CONT": null, "DEM_01": null, "DEM_02": null, "DEM_03": null, "DEM_04": null, "DEM_05": null, "DEM_06": null, "DEM_07": null, "DEM_08": null, "DEM_09": null, "DEM_10": null, "DEM_11": null, "DEM_12": null }, "geometry": null },
{ "type": "Feature", "properties": { "DIST": 390, "PAC": "32802041739003395L", "RAMAL": "12294900S1", "PN_CON": " ", "UNI_TR_MT": "14348526", "CTMT": "MOC0113", "UNI_TR_AT": "DMOC-EQ-TR2", "SUB": "DMOC", "CONJ": 15828, "MUN": "3550308", "CEG_GD": " ", "BRR": "AV PRES JUSCELINO KUBITSCHEK 1726 VILA NOVA CONCEICAO", "CEP": "04543-000", "CLAS_SUB": "CO1", "CNAE": "6911-7/01", "TIP_CC": "COM-Tipo03", "FAS_CON": "ABCN", "GRU_TEN": "BT", "TEN_FORN": "10", "GRU_TAR": "B3", "SIT_ATIV": "AT", "DAT_CON": "19/01/2000", "CAR_INST": 8.3, "LIV": 0, "ARE_LOC": "UB", "TIP_SIST": "RD_INTERLIG", "ENE_01": 1006.0, "ENE_02": 967.7, "ENE_03": 1066.614, "ENE_04": 960.48, "ENE_05": 858.54, "ENE_06": 646.56, "ENE_07": 695.22, "ENE_08": 0.0, "ENE_09": 1357.92, "ENE_10": 930.78, "ENE_11": 521.23, "ENE_12": 878.38, "DIC_01": 0.0, "DIC_02": 0.0, "DIC_03": 0.0, "DIC_04": 0.0, "DIC_05": 0.0, "DIC_06": 0.0, "DIC_07": 0.0, "DIC_08": 0.0, "DIC_09": 0.0, "DIC_10": 4.55, "DIC_11": 0.0, "DIC_12": 13.73, "FIC_01": 0.0, "FIC_02": 0.0, "FIC_03": 0.0, "FIC_04": 0.0, "FIC_05": 0.0, "FIC_06": 0.0, "FIC_07": 0.0, "FIC_08": 0.0, "FIC_09": 0.0, "FIC_10": 1.0, "FIC_11": 0.0, "FIC_12": 1.0, "SEMRED": 0, "DESCR": " ", "COD_ID": "eb7fa8896c0ddcf872458d3f08ce167fbd560a4097f37a72014331f30358254a", "__layer": "UCBT_tab", "DEM_CONT": null, "DEM_01": null, "DEM_02": null, "DEM_03": null, "DEM_04": null, "DEM_05": null, "DEM_06": null, "DEM_07": null, "DEM_08": null, "DEM_09": null, "DEM_10": null, "DEM_11": null, "DEM_12": null }, "geometry": null },
{ "type": "Feature", "properties": { "DIST": 390, "PAC": "32802041739003395L", "RAMAL": "12294900S1", "PN_CON": " ", "UNI_TR_MT": "14348526", "CTMT": "MOC0113", "UNI_TR_AT": "DMOC-EQ-TR2", "SUB": "DMOC", "CONJ": 15828, "MUN": "3550308", "CEG_GD": " ", "BRR": "AV PRES JUSCELINO KUBITSCHEK 1726 VILA NOVA CONCEICAO", "CEP": "04543-000", "CLAS_SUB": "CO1", "CNAE": "6612-6/01", "TIP_CC": "COM-Tipo03", "FAS_CON": "ABCN", "GRU_TEN": "BT", "TEN_FORN": "10", "GRU_TAR": "B3", "SIT_ATIV": "AT", "DAT_CON": "19/01/2000", "CAR_INST": 4.9, "LIV": 0, "ARE_LOC": "UB", "TIP_SIST": "RD_INTERLIG", "ENE_01": 1127.0, "ENE_02": 1380.0, "ENE_03": 1426.237, "ENE_04": 1217.0, "ENE_05": 1290.0, "ENE_06": 1315.0, "ENE_07": 1221.36, "ENE_08": 864.98, "ENE_09": 1505.0, "ENE_10": 1398.0, "ENE_11": 854.32, "ENE_12": 1226.91, "DIC_01": 0.0, "DIC_02": 0.0, "DIC_03": 0.0, "DIC_04": 0.0, "DIC_05": 0.0, "DIC_06": 0.0, "DIC_07": 0.0, "DIC_08": 0.0, "DIC_09": 0.0, "DIC_10": 4.55, "DIC_11": 0.0, "DIC_12": 13.73, "FIC_01": 0.0, "FIC_02": 0.0, "FIC_03": 0.0, "FIC_04": 0.0, "FIC_05": 0.0, "FIC_06": 0.0, "FIC_07": 0.0, "FIC_08": 0.0, "FIC_09": 0.0, "FIC_10": 1.0, "FIC_11": 0.0, "FIC_12": 1.0, "SEMRED": 0, "DESCR": " ", "COD_ID": "f4071c56efe3d9867c4c7f4cb6bba74d689e7abc2b86ffb65e83fda944f88e80", "__layer": "UCBT_tab", "DEM_CONT": null, "DEM_01": null, "DEM_02": null, "DEM_03": null, "DEM_04": null, "DEM_05": null, "DEM_06": null, "DEM_07": null, "DEM_08": null, "DEM_09": null, "DEM_10": null, "DEM_11": null, "DEM_12": null }, "geometry": null },
{ "type": "Feature", "properties": { "DIST": 390, "PAC": "32802041739003395L", "RAMAL": "12294900S1", "PN_CON": " ", "UNI_TR_MT": "14348526", "CTMT": "MOC0113", "UNI_TR_AT": "DMOC-EQ-TR2", "SUB": "DMOC", "CONJ": 15828, "MUN": "3550308", "CEG_GD": " ", "BRR": "AV PRES JUSCELINO KUBITSCHEK 1726 VILA NOVA CONCEICAO", "CEP": "04543-000", "CLAS_SUB": "CO1", "CNAE": "6810-2/01", "TIP_CC": "COM-Tipo03", "FAS_CON": "ABN", "GRU_TEN": "BT", "TEN_FORN": "10", "GRU_TAR": "B3", "SIT_ATIV": "AT", "DAT_CON": "19/01/2000", "CAR_INST": 7.5, "LIV": 0, "ARE_LOC": "UB", "TIP_SIST": "RD_INTERLIG", "ENE_01": 773.0, "ENE_02": 838.18, "ENE_03": 984.227, "ENE_04": 904.32, "ENE_05": 860.22, "ENE_06": 833.04, "ENE_07": 711.85, "ENE_08": 481.36, "ENE_09": 743.22, "ENE_10": 554.04, "ENE_11": 172.04, "ENE_12": 313.1, "DIC_01": 0.0, "DIC_02": 0.0, "DIC_03": 0.0, "DIC_04": 0.0, "DIC_05": 0.0, "DIC_06": 0.0, "DIC_07": 0.0, "DIC_08": 0.0, "DIC_09": 0.0, "DIC_10": 4.55, "DIC_11": 0.0, "DIC_12": 13.73, "FIC_01": 0.0, "FIC_02": 0.0, "FIC_03": 0.0, "FIC_04": 0.0, "FIC_05": 0.0, "FIC_06": 0.0, "FIC_07": 0.0, "FIC_08": 0.0, "FIC_09": 0.0, "FIC_10": 1.0, "FIC_11": 0.0, "FIC_12": 1.0, "SEMRED": 0, "DESCR": " ", "COD_ID": "218c07336590ab8702cf8aaada25678408be27b9c1583b606912f8317f53775b", "__layer": "UCBT_tab", "DEM_CONT": null, "DEM_01": null, "DEM_02": null, "DEM_03": null, "DEM_04": null, "DEM_05": null, "DEM_06": null, "DEM_07": null, "DEM_08": null, "DEM_09": null, "DEM_10": null, "DEM_11": null, "DEM_12": null }, "geometry": null },
{ "type": "Feature", "properties": { "DIST": 390, "PAC": "32802041739003395L", "RAMAL": "12294900S1", "PN_CON": " ", "UNI_TR_MT": "14348526", "CTMT": "MOC0113", "UNI_TR_AT": "DMOC-EQ-TR2", "SUB": "DMOC", "CONJ": 15828, "MUN": "3550308", "CEG_GD": " ", "BRR": "AV PRES JUSCELINO KUBITSCHEK 1726 VILA NOVA CONCEICAO", "CEP": "04543-000", "CLAS_SUB": "CO9", "CNAE": "6499-9/99", "TIP_CC": "COM-Tipo02", "FAS_CON": "ABCN", "GRU_TEN": "BT", "TEN_FORN": "10", "GRU_TAR": "B3", "SIT_ATIV": "AT", "DAT_CON": "19/01/2000", "CAR_INST": 8.3, "LIV": 0, "ARE_LOC": "UB", "TIP_SIST": "RD_INTERLIG", "ENE_01": 143.0, "ENE_02": 172.72, "ENE_03": 204.863, "ENE_04": 189.0, "ENE_05": 235.26, "ENE_06": 267.48, "ENE_07": 193.23, "ENE_08": 126.93, "ENE_09": 225.9, "ENE_10": 263.16, "ENE_11": 114.48, "ENE_12": 187.79, "DIC_01": 0.0, "DIC_02": 0.0, "DIC_03": 0.0, "DIC_04": 0.0, "DIC_05": 0.0, "DIC_06": 0.0, "DIC_07": 0.0, "DIC_08": 0.0, "DIC_09": 0.0, "DIC_10": 4.55, "DIC_11": 0.0, "DIC_12": 13.73, "FIC_01": 0.0, "FIC_02": 0.0, "FIC_03": 0.0, "FIC_04": 0.0, "FIC_05": 0.0, "FIC_06": 0.0, "FIC_07": 0.0, "FIC_08": 0.0, "FIC_09": 0.0, "FIC_10": 1.0, "FIC_11": 0.0, "FIC_12": 1.0, "SEMRED": 0, "DESCR": " ", "COD_ID": "10e792e290d6273f43e480978cc5fa78954c10c04fa028e8b420cdd707c2f936", "__layer": "UCBT_tab", "DEM_CONT": null, "DEM_01": null, "DEM_02": null, "DEM_03": null, "DEM_04": null, "DEM_05": null, "DEM_06": null, "DEM_07": null, "DEM_08": null, "DEM_09": null, "DEM_10": null, "DEM_11": null, "DEM_12": null }, "geometry": null },
{ "type": "Feature", "properties": { "DIST": 390, "PAC": "32802041739003395L", "RAMAL": "12294900S1", "PN_CON": " ", "UNI_TR_MT": "14348526", "CTMT": "MOC0113", "UNI_TR_AT": "DMOC-EQ-TR2", "SUB": "DMOC", "CONJ": 15828, "MUN": "3550308", "CEG_GD": " ", "BRR": "AV PRES JUSCELINO KUBITSCHEK 1726 VILA NOVA CONCEICAO", "CEP": "04543-000", "CLAS_SUB": "CO9", "CNAE": "6399-2/00", "TIP_CC": "COM-Tipo03", "FAS_CON": "ABCN", "GRU_TEN": "BT", "TEN_FORN": "10", "GRU_TAR": "B3", "SIT_ATIV": "AT", "DAT_CON": "19/01/2000", "CAR_INST": 8.3, "LIV": 0, "ARE_LOC": "UB", "TIP_SIST": "RD_INTERLIG", "ENE_01": 1420.0, "ENE_02": 1446.54, "ENE_03": 1631.512, "ENE_04": 1475.28, "ENE_05": 200.52, "ENE_06": 11.34, "ENE_07": 11.49, "ENE_08": 8.02, "ENE_09": 100.0, "ENE_10": 276.84, "ENE_11": 356.73, "ENE_12": 267.49, "DIC_01": 0.0, "DIC_02": 0.0, "DIC_03": 0.0, "DIC_04": 0.0, "DIC_05": 0.0, "DIC_06": 0.0, "DIC_07": 0.0, "DIC_08": 0.0, "DIC_09": 0.0, "DIC_10": 4.55, "DIC_11": 0.0, "DIC_12": 13.73, "FIC_01": 0.0, "FIC_02": 0.0, "FIC_03": 0.0, "FIC_04": 0.0, "FIC_05": 0.0, "FIC_06": 0.0, "FIC_07": 0.0, "FIC_08": 0.0, "FIC_09": 0.0, "FIC_10": 1.0, "FIC_11": 0.0, "FIC_12": 1.0, "SEMRED": 0, "DESCR": " ", "COD_ID": "6d16cec3776ca2b1036143b573f1fa0000e72c57926f529f2174eeda051a2456", "__layer": "UCBT_tab", "DEM_CONT": null, "DEM_01": null, "DEM_02": null, "DEM_03": null, "DEM_04": null, "DEM_05": null, "DEM_06": null, "DEM_07": null, "DEM_08": null, "DEM_09": null, "DEM_10": null, "DEM_11": null, "DEM_12": null }, "geometry": null },
{ "type": "Feature", "properties": { "DIST": 390, "PAC": "32802041739003395L", "RAMAL": "12294900S1", "PN_CON": " ", "UNI_TR_MT": "14348526", "CTMT": "MOC0113", "UNI_TR_AT": "DMOC-EQ-TR2", "SUB": "DMOC", "CONJ": 15828, "MUN": "3550308", "CEG_GD": " ", "BRR": "AV PRES JUSCELINO KUBITSCHEK 1726 VILA NOVA CONCEICAO", "CEP": "04543-000", "CLAS_SUB": "CO1", "CNAE": "6810-2/01", "TIP_CC": "COM-Tipo02", "FAS_CON": "ABCN", "GRU_TEN": "BT", "TEN_FORN": "10", "GRU_TAR": "B3", "SIT_ATIV": "AT", "DAT_CON": "19/01/2000", "CAR_INST": 8.3, "LIV": 0, "ARE_LOC": "UB", "TIP_SIST": "RD_INTERLIG", "ENE_01": 727.0, "ENE_02": 624.4, "ENE_03": 633.548, "ENE_04": 653.0, "ENE_05": 672.6, "ENE_06": 682.2, "ENE_07": 528.19, "ENE_08": 328.79, "ENE_09": 541.6, "ENE_10": 595.6, "ENE_11": 359.19, "ENE_12": 596.34, "DIC_01": 0.0, "DIC_02": 0.0, "DIC_03": 0.0, "DIC_04": 0.0, "DIC_05": 0.0, "DIC_06": 0.0, "DIC_07": 0.0, "DIC_08": 0.0, "DIC_09": 0.0, "DIC_10": 4.55, "DIC_11": 0.0, "DIC_12": 13.73, "FIC_01": 0.0, "FIC_02": 0.0, "FIC_03": 0.0, "FIC_04": 0.0, "FIC_05": 0.0, "FIC_06": 0.0, "FIC_07": 0.0, "FIC_08": 0.0, "FIC_09": 0.0, "FIC_10": 1.0, "FIC_11": 0.0, "FIC_12": 1.0, "SEMRED": 0, "DESCR": " ", "COD_ID": "bf9b0aa2bf6b123ae496565b154e4428ebdfcf5fc24a11693f15b2a27218f2c6", "__layer": "UCBT_tab", "DEM_CONT": null, "DEM_01": null, "DEM_02": null, "DEM_03": null, "DEM_04": null, "DEM_05": null, "DEM_06": null, "DEM_07": null, "DEM_08": null, "DEM_09": null, "DEM_10": null, "DEM_11": null, "DEM_12": null }, "geometry": null },
{ "type": "Feature", "properties": { "DIST": 390, "PAC": "32802041739003395L", "RAMAL": "12294900S1", "PN_CON": " ", "UNI_TR_MT": "14348526", "CTMT": "MOC0113", "UNI_TR_AT": "DMOC-EQ-TR2", "SUB": "DMOC", "CONJ": 15828, "MUN": "3550308", "CEG_GD": " ", "BRR": "AV PRES JUSCELINO KUBITSCHEK 1726 VILA NOVA CONCEICAO", "CEP": "04543-000", "CLAS_SUB": "CO1", "CNAE": "6810-2/02", "TIP_CC": "COM-Tipo02", "FAS_CON": "ABCN", "GRU_TEN": "BT", "TEN_FORN": "10", "GRU_TAR": "B3", "SIT_ATIV": "AT", "DAT_CON": "19/01/2000", "CAR_INST": 8.3, "LIV": 0, "ARE_LOC": "UB", "TIP_SIST": "RD_INTERLIG", "ENE_01": 0.0, "ENE_02": 725.0, "ENE_03": 47.617, "ENE_04": 175.4, "ENE_05": 332.0, "ENE_06": 153.2, "ENE_07": 156.24, "ENE_08": 8.66, "ENE_09": 100.0, "ENE_10": 168.8, "ENE_11": 37.52, "ENE_12": 320.73, "DIC_01": 0.0, "DIC_02": 0.0, "DIC_03": 0.0, "DIC_04": 0.0, "DIC_05": 0.0, "DIC_06": 0.0, "DIC_07": 0.0, "DIC_08": 0.0, "DIC_09": 0.0, "DIC_10": 4.55, "DIC_11": 0.0, "DIC_12": 13.73, "FIC_01": 0.0, "FIC_02": 0.0, "FIC_03": 0.0, "FIC_04": 0.0, "FIC_05": 0.0, "FIC_06": 0.0, "FIC_07": 0.0, "FIC_08": 0.0, "FIC_09": 0.0, "FIC_10": 1.0, "FIC_11": 0.0, "FIC_12": 1.0, "SEMRED": 0, "DESCR": " ", "COD_ID": "15ac567ff3a511cd67001f87dec55767d29a56e4b52b9eb7b5bfe631a12f3865", "__layer": "UCBT_tab", "DEM_CONT": null, "DEM_01": null, "DEM_02": null, "DEM_03": null, "DEM_04": null, "DEM_05": null, "DEM_06": null, "DEM_07": null, "DEM_08": null, "DEM_09": null, "DEM_10": null, "DEM_11": null, "DEM_12": null }, "geometry": null },
{ "type": "Feature", "properties": { "DIST": 390, "PAC": "32906474739050527L", "RAMAL": "12295568S1", "PN_CON": "10969988", "UNI_TR_MT": "14357911", "CTMT": "JKU0108", "UNI_TR_AT": "DJKU-EQ-TR3", "SUB": "DJKU", "CONJ": 15813, "MUN": "3550308", "CEG_GD": " ", "BRR": "AV PRES JUSCELINO KUBITSCHEK 510 VILA NOVA CONCEICAO", "CEP": "04543-000", "CLAS_SUB": "IN", "CNAE": "1113-5/02", "TIP_CC": "IND-Tipo02", "FAS_CON": "ABC", "GRU_TEN": "BT", "TEN_FORN": "10", "GRU_TAR": "B3", "SIT_ATIV": "AT", "DAT_CON": "20/04/2000", "CAR_INST": 4.3, "LIV": 0, "ARE_LOC": "UB", "TIP_SIST": "RD_INTERLIG", "ENE_01": 6960.0, "ENE_02": 6720.0, "ENE_03": 5880.0, "ENE_04": 6000.0, "ENE_05": 6000.0, "ENE_06": 5160.0, "ENE_07": 5280.0, "ENE_08": 5400.0, "ENE_09": 5640.0, "ENE_10": 5760.0, "ENE_11": 5040.0, "ENE_12": 5536.29, "DIC_01": 0.0, "DIC_02": 0.0, "DIC_03": 0.0, "DIC_04": 0.0, "DIC_05": 0.0, "DIC_06": 0.0, "DIC_07": 0.0, "DIC_08": 0.0, "DIC_09": 0.0, "DIC_10": 1.4, "DIC_11": 0.0, "DIC_12": 0.0, "FIC_01": 0.0, "FIC_02": 0.0, "FIC_03": 0.0, "FIC_04": 0.0, "FIC_05": 0.0, "FIC_06": 0.0, "FIC_07": 0.0, "FIC_08": 0.0, "FIC_09": 0.0, "FIC_10": 2.0, "FIC_11": 0.0, "FIC_12": 0.0, "SEMRED": 0, "DESCR": " ", "COD_ID": "ec99cda04466b713695818bd7e06e5cd0a267be3e3e0ac29f38e706c9df2c652", "__layer": "UCBT_tab", "DEM_CONT": null, "DEM_01": null, "DEM_02": null, "DEM_03": null, "DEM_04": null, "DEM_05": null, "DEM_06": null, "DEM_07": null, "DEM_08": null, "DEM_09": null, "DEM_10": null, "DEM_11": null, "DEM_12": null }, "geometry": null },
{ "type": "Feature", "properties": { "DIST": 390, "PAC": "32906474739050527L", "RAMAL": "12295568S1", "PN_CON": "10969988", "UNI_TR_MT": "14357911", "CTMT": "JKU0108", "UNI_TR_AT": "DJKU-EQ-TR3", "SUB": "DJKU", "CONJ": 15813, "MUN": "3550308", "CEG_GD": " ", "BRR": "AV PRES JUSCELINO KUBITSCHEK 510 VILA NOVA CONCEICAO", "CEP": "04543-000", "CLAS_SUB": "PP1", "CNAE": "8411-6/00", "TIP_CC": "SP-Tipo02", "FAS_CON": "ABC", "GRU_TEN": "BT", "TEN_FORN": "10", "GRU_TAR": "B3", "SIT_ATIV": "AT", "DAT_CON": "20/04/2000", "CAR_INST": 26.0, "LIV": 0, "ARE_LOC": "UB", "TIP_SIST": "RD_INTERLIG", "ENE_01": 2414.38, "ENE_02": 783.3, "ENE_03": 3243.0, "ENE_04": 2982.642, "ENE_05": 3976.0, "ENE_06": 3534.0, "ENE_07": 3656.0, "ENE_08": 3418.0, "ENE_09": 3637.0, "ENE_10": 3263.0, "ENE_11": 3335.0, "ENE_12": 3084.6, "DIC_01": 0.0, "DIC_02": 0.0, "DIC_03": 0.0, "DIC_04": 0.0, "DIC_05": 0.0, "DIC_06": 0.0, "DIC_07": 0.0, "DIC_08": 0.0, "DIC_09": 0.0, "DIC_10": 1.4, "DIC_11": 0.0, "DIC_12": 0.0, "FIC_01": 0.0, "FIC_02": 0.0, "FIC_03": 0.0, "FIC_04": 0.0, "FIC_05": 0.0, "FIC_06": 0.0, "FIC_07": 0.0, "FIC_08": 0.0, "FIC_09": 0.0, "FIC_10": 2.0, "FIC_11": 0.0, "FIC_12": 0.0, "SEMRED": 0, "DESCR": " ", "COD_ID": "a91a9de2fe688634439c8beecde4979f9a1b172dd810d9ae53ca9397ac8feecd", "__layer": "UCBT_tab", "DEM_CONT": null, "DEM_01": null, "DEM_02": null, "DEM_03": null, "DEM_04": null, "DEM_05": null, "DEM_06": null, "DEM_07": null, "DEM_08": null, "DEM_09": null, "DEM_10": null, "DEM_11": null, "DEM_12": null }, "geometry": null },
{ "type": "Feature", "properties": { "DIST": 390, "PAC": "32906474739050527L", "RAMAL": "12295568S1", "PN_CON": "10969988", "UNI_TR_MT": "14357911", "CTMT": "JKU0108", "UNI_TR_AT": "DJKU-EQ-TR3", "SUB": "DJKU", "CONJ": 15813, "MUN": "3550308", "CEG_GD": " ", "BRR": "AV PRES JUSCELINO KUBITSCHEK 510 VILA NOVA CONCEICAO", "CEP": "04543-000", "CLAS_SUB": "CO9", "CNAE": "6399-2/00", "TIP_CC": "COM-Tipo04", "FAS_CON": "ABC", "GRU_TEN": "BT", "TEN_FORN": "10", "GRU_TAR": "B3", "SIT_ATIV": "AT", "DAT_CON": "20/04/2000", "CAR_INST": 26.0, "LIV": 0, "ARE_LOC": "UB", "TIP_SIST": "RD_INTERLIG", "ENE_01": 4707.0, "ENE_02": 5023.0, "ENE_03": 5350.563, "ENE_04": 4995.0, "ENE_05": 5347.0, "ENE_06": 4927.0, "ENE_07": 4378.08, "ENE_08": 3001.2, "ENE_09": 5057.0, "ENE_10": 4766.0, "ENE_11": 2726.98, "ENE_12": 3861.47, "DIC_01": 0.0, "DIC_02": 0.0, "DIC_03": 0.0, "DIC_04": 0.0, "DIC_05": 0.0, "DIC_06": 0.0, "DIC_07": 0.0, "DIC_08": 0.0, "DIC_09": 0.0, "DIC_10": 1.4, "DIC_11": 0.0, "DIC_12": 0.0, "FIC_01": 0.0, "FIC_02": 0.0, "FIC_03": 0.0, "FIC_04": 0.0, "FIC_05": 0.0, "FIC_06": 0.0, "FIC_07": 0.0, "FIC_08": 0.0, "FIC_09": 0.0, "FIC_10": 2.0, "FIC_11": 0.0, "FIC_12": 0.0, "SEMRED": 0, "DESCR": " ", "COD_ID": "720035a2fc81bc956b9813b0ef5c13e676a3805dd2380a87ca51d603b9f86518", "__layer": "UCBT_tab", "DEM_CONT": null, "DEM_01": null, "DEM_02": null, "DEM_03": null, "DEM_04": null, "DEM_05": null, "DEM_06": null, "DEM_07": null, "DEM_08": null, "DEM_09": null, "DEM_10": null, "DEM_11": null, "DEM_12": null }, "geometry": null },
{ "type": "Feature", "properties": { "DIST": 390, "PAC": "32906474739050527L", "RAMAL": "12295568S1", "PN_CON": "10969988", "UNI_TR_MT": "14357911", "CTMT": "JKU0108", "UNI_TR_AT": "DJKU-EQ-TR3", "SUB": "DJKU", "CONJ": 15813, "MUN": "3550308", "CEG_GD": " ", "BRR": "AV PRES JUSCELINO KUBITSCHEK 510 VILA NOVA CONCEICAO", "CEP": "04543-000", "CLAS_SUB": "CO9", "CNAE": "6399-2/00", "TIP_CC": "COM-Tipo04", "FAS_CON": "ABC", "GRU_TEN": "BT", "TEN_FORN": "10", "GRU_TAR": "B3", "SIT_ATIV": "AT", "DAT_CON": "20/04/2000", "CAR_INST": 26.0, "LIV": 0, "ARE_LOC": "UB", "TIP_SIST": "RD_INTERLIG", "ENE_01": 8727.0, "ENE_02": 6963.0, "ENE_03": 6272.4, "ENE_04": 6115.0, "ENE_05": 6029.0, "ENE_06": 5394.0, "ENE_07": 6151.32, "ENE_08": 5106.92, "ENE_09": 8569.0, "ENE_10": 6631.0, "ENE_11": 3282.17, "ENE_12": 7234.28, "DIC_01": 0.0, "DIC_02": 0.0, "DIC_03": 0.0, "DIC_04": 0.0, "DIC_05": 0.0, "DIC_06": 0.0, "DIC_07": 0.0, "DIC_08": 0.0, "DIC_09": 0.0, "DIC_10": 1.4, "DIC_11": 0.0, "DIC_12": 0.0, "FIC_01": 0.0, "FIC_02": 0.0, "FIC_03": 0.0, "FIC_04": 0.0, "FIC_05": 0.0, "FIC_06": 0.0, "FIC_07": 0.0, "FIC_08": 0.0, "FIC_09": 0.0, "FIC_10": 2.0, "FIC_11": 0.0, "FIC_12": 0.0, "SEMRED": 0, "DESCR": " ", "COD_ID": "ca7b134f8fd3420d5622c43437f3e44590ea8a0a3195c043d1608e6256cd7cff", "__layer": "UCBT_tab", "DEM_CONT": null, "DEM_01": null, "DEM_02": null, "DEM_03": null, "DEM_04": null, "DEM_05": null, "DEM_06": null, "DEM_07": null, "DEM_08": null, "DEM_09": null, "DEM_10": null, "DEM_11": null, "DEM_12": null }, "geometry": null },
{ "type": "Feature", "properties": { "DIST": 390, "PAC": "32906474739050527L", "RAMAL": "12295568S1", "PN_CON": "10969988", "UNI_TR_MT": "14357911", "CTMT": "JKU0108", "UNI_TR_AT": "DJKU-EQ-TR3", "SUB": "DJKU", "CONJ": 15813, "MUN": "3550308", "CEG_GD": " ", "BRR": "AV PRES JUSCELINO KUBITSCHEK 510 VILA NOVA CONCEICAO", "CEP": "04543-000", "CLAS_SUB": "PP1", "CNAE": "8411-6/00", "TIP_CC": "SP-Tipo04", "FAS_CON": "ABC", "GRU_TEN": "BT", "TEN_FORN": "10", "GRU_TAR": "B3", "SIT_ATIV": "AT", "DAT_CON": "20/04/2000", "CAR_INST": 26.0, "LIV": 0, "ARE_LOC": "UB", "TIP_SIST": "RD_INTERLIG", "ENE_01": 758.23, "ENE_02": 402.9, "ENE_03": 1371.0, "ENE_04": 1273.266, "ENE_05": 1507.0, "ENE_06": 1432.0, "ENE_07": 1405.0, "ENE_08": 1464.0, "ENE_09": 1406.0, "ENE_10": 1403.0, "ENE_11": 801.0, "ENE_12": 327.06, "DIC_01": 0.0, "DIC_02": 0.0, "DIC_03": 0.0, "DIC_04": 0.0, "DIC_05": 0.0, "DIC_06": 0.0, "DIC_07": 0.0, "DIC_08": 0.0, "DIC_09": 0.0, "DIC_10": 1.4, "DIC_11": 0.0, "DIC_12": 0.0, "FIC_01": 0.0, "FIC_02": 0.0, "FIC_03": 0.0, "FIC_04": 0.0, "FIC_05": 0.0, "FIC_06": 0.0, "FIC_07": 0.0, "FIC_08": 0.0, "FIC_09": 0.0, "FIC_10": 2.0, "FIC_11": 0.0, "FIC_12": 0.0, "SEMRED": 0, "DESCR": " ", "COD_ID": "45d1315a82e30dc57bcb1c4f4ca4d4c9a9c78c68581cb1cb1325c27f0d7edb3d", "__layer": "UCBT_tab", "DEM_CONT": null, "DEM_01": null, "DEM_02": null, "DEM_03": null, "DEM_04": null, "DEM_05": null, "DEM_06": null, "DEM_07": null, "DEM_08": null, "DEM_09": null, "DEM_10": null, "DEM_11": null, "DEM_12": null }, "geometry": null },
{ "type": "Feature", "properties": { "DIST": 390, "PAC": "32906474739050527L", "RAMAL": "12295568S1", "PN_CON": "10969988", "UNI_TR_MT": "14357911", "CTMT": "JKU0108", "UNI_TR_AT": "DJKU-EQ-TR3", "SUB": "DJKU", "CONJ": 15813, "MUN": "3550308", "CEG_GD": " ", "BRR": "AV PRES JUSCELINO KUBITSCHEK 510 VILA NOVA CONCEICAO", "CEP": "04543-000", "CLAS_SUB": "IN", "CNAE": "1113-5/02", "TIP_CC": "IND-Tipo04", "FAS_CON": "ABC", "GRU_TEN": "BT", "TEN_FORN": "10", "GRU_TAR": "B3", "SIT_ATIV": "AT", "DAT_CON": "20/04/2000", "CAR_INST": 0.8, "LIV": 0, "ARE_LOC": "UB", "TIP_SIST": "RD_INTERLIG", "ENE_01": 546.0, "ENE_02": 1185.0, "ENE_03": 1821.0, "ENE_04": 3051.0, "ENE_05": 3641.0, "ENE_06": 3437.0, "ENE_07": 3779.0, "ENE_08": 3715.0, "ENE_09": 3764.0, "ENE_10": 3386.0, "ENE_11": 3316.0, "ENE_12": 3132.43, "DIC_01": 0.0, "DIC_02": 0.0, "DIC_03": 0.0, "DIC_04": 0.0, "DIC_05": 0.0, "DIC_06": 0.0, "DIC_07": 0.0, "DIC_08": 0.0, "DIC_09": 0.0, "DIC_10": 1.4, "DIC_11": 0.0, "DIC_12": 0.0, "FIC_01": 0.0, "FIC_02": 0.0, "FIC_03": 0.0, "FIC_04": 0.0, "FIC_05": 0.0, "FIC_06": 0.0, "FIC_07": 0.0, "FIC_08": 0.0, "FIC_09": 0.0, "FIC_10": 2.0, "FIC_11": 0.0, "FIC_12": 0.0, "SEMRED": 0, "DESCR": " ", "COD_ID": "93c0883192722687d672151474877ff88e1bb576fcc508b24a44da622e5f8143", "__layer": "UCBT_tab", "DEM_CONT": null, "DEM_01": null, "DEM_02": null, "DEM_03": null, "DEM_04": null, "DEM_05": null, "DEM_06": null, "DEM_07": null, "DEM_08": null, "DEM_09": null, "DEM_10": null, "DEM_11": null, "DEM_12": null }, "geometry": null },
{ "type": "Feature", "properties": { "DIST": 390, "PAC": "32948694739072447L", "RAMAL": "12295866S1", "PN_CON": "10970233", "UNI_TR_MT": "14364265", "CTMT": "JKU0106", "UNI_TR_AT": "DJKU-EQ-TR3", "SUB": "DJKU", "CONJ": 15813, "MUN": "3550308", "CEG_GD": " ", "BRR": "AV PRES JUSCELINO KUBITSCHEK 28 VILA NOVA CONCEICAO", "CEP": "04543-000", "CLAS_SUB": "CO9", "CNAE": "8112-5/00", "TIP_CC": "COM-Tipo04", "FAS_CON": "ABCN", "GRU_TEN": "BT", "TEN_FORN": "10", "GRU_TAR": "B3", "SIT_ATIV": "AT", "DAT_CON": "21/10/2002", "CAR_INST": 580.6, "LIV": 0, "ARE_LOC": "UB", "TIP_SIST": "RD_INTERLIG", "ENE_01": 6002.4, "ENE_02": 7267.2, "ENE_03": 6950.304, "ENE_04": 6590.4, "ENE_05": 6681.6, "ENE_06": 6501.6, "ENE_07": 5685.12, "ENE_08": 4088.95, "ENE_09": 6568.8, "ENE_10": 6568.8, "ENE_11": 3952.06, "ENE_12": 6281.63, "DIC_01": 0.0, "DIC_02": 0.0, "DIC_03": 6.07, "DIC_04": 0.0, "DIC_05": 1.33, "DIC_06": 0.0, "DIC_07": 0.0, "DIC_08": 0.0, "DIC_09": 0.0, "DIC_10": 0.0, "DIC_11": 0.0, "DIC_12": 0.0, "FIC_01": 0.0, "FIC_02": 0.0, "FIC_03": 1.0, "FIC_04": 0.0, "FIC_05": 1.0, "FIC_06": 0.0, "FIC_07": 0.0, "FIC_08": 0.0, "FIC_09": 0.0, "FIC_10": 0.0, "FIC_11": 0.0, "FIC_12": 0.0, "SEMRED": 0, "DESCR": " ", "COD_ID": "78097006e2ac77e7bf773f6112ce9c352a2eee14b2ebf38aeb6a360a672e8659", "__layer": "UCBT_tab", "DEM_CONT": null, "DEM_01": null, "DEM_02": null, "DEM_03": null, "DEM_04": null, "DEM_05": null, "DEM_06": null, "DEM_07": null, "DEM_08": null, "DEM_09": null, "DEM_10": null, "DEM_11": null, "DEM_12": null }, "geometry": null },
{ "type": "Feature", "properties": { "DIST": 390, "PAC": "32948694739072447L", "RAMAL": "12295866S1", "PN_CON": "10970233", "UNI_TR_MT": "14364265", "CTMT": "JKU0106", "UNI_TR_AT": "DJKU-EQ-TR3", "SUB": "DJKU", "CONJ": 15813, "MUN": "3550308", "CEG_GD": " ", "BRR": "AV PRES JUSCELINO KUBITSCHEK 28 VILA NOVA CONCEICAO", "CEP": "04543-000", "CLAS_SUB": "CO9", "CNAE": "6399-2/00", "TIP_CC": "COM-Tipo05", "FAS_CON": "ABCN", "GRU_TEN": "BT", "TEN_FORN": "10", "GRU_TAR": "B3", "SIT_ATIV": "AT", "DAT_CON": "24/01/2003", "CAR_INST": 30.5, "LIV": 0, "ARE_LOC": "UB", "TIP_SIST": "RD_INTERLIG", "ENE_01": 2403.18, "ENE_02": 2260.08, "ENE_03": 2617.716, "ENE_04": 2298.6, "ENE_05": 2516.04, "ENE_06": 1981.26, "ENE_07": 1681.5, "ENE_08": 1172.55, "ENE_09": 1994.4, "ENE_10": 2106.54, "ENE_11": 1142.29, "ENE_12": 1953.0, "DIC_01": 0.0, "DIC_02": 0.0, "DIC_03": 6.07, "DIC_04": 0.0, "DIC_05": 1.33, "DIC_06": 0.0, "DIC_07": 0.0, "DIC_08": 0.0, "DIC_09": 0.0, "DIC_10": 0.0, "DIC_11": 0.0, "DIC_12": 0.0, "FIC_01": 0.0, "FIC_02": 0.0, "FIC_03": 1.0, "FIC_04": 0.0, "FIC_05": 1.0, "FIC_06": 0.0, "FIC_07": 0.0, "FIC_08": 0.0, "FIC_09": 0.0, "FIC_10": 0.0, "FIC_11": 0.0, "FIC_12": 0.0, "SEMRED": 0, "DESCR": " ", "COD_ID": "122d5b6cdc08be429c8c5ca5e95899156bf097fbe88327d9e3d37dcf1dcf30bc", "__layer": "UCBT_tab", "DEM_CONT": null, "DEM_01": null, "DEM_02": null, "DEM_03": null, "DEM_04": null, "DEM_05": null, "DEM_06": null, "DEM_07": null, "DEM_08": null, "DEM_09": null, "DEM_10": null, "DEM_11": null, "DEM_12": null }, "geometry": null },
{ "type": "Feature", "properties": { "DIST": 390, "PAC": "32948694739072447L", "RAMAL": "12295866S1", "PN_CON": "10970233", "UNI_TR_MT": "14364265", "CTMT": "JKU0106", "UNI_TR_AT": "DJKU-EQ-TR3", "SUB": "DJKU", "CONJ": 15813, "MUN": "3550308", "CEG_GD": " ", "BRR": "AV PRES JUSCELINO KUBITSCHEK 28 VILA NOVA CONCEICAO", "CEP": "04543-000", "CLAS_SUB": "RE1", "CNAE": " ", "TIP_CC": "RES-Tipo05", "FAS_CON": "ABN", "GRU_TEN": "BT", "TEN_FORN": "10", "GRU_TAR": "B1", "SIT_ATIV": "AT", "DAT_CON": "24/04/2003", "CAR_INST": 18.0, "LIV": 0, "ARE_LOC": "UB", "TIP_SIST": "RD_INTERLIG", "ENE_01": 349.4, "ENE_02": 962.4, "ENE_03": 995.2, "ENE_04": 941.0, "ENE_05": 1147.6, "ENE_06": 940.0, "ENE_07": 958.6, "ENE_08": 965.4, "ENE_09": 904.4, "ENE_10": 1082.2, "ENE_11": 1008.8, "ENE_12": 917.71, "DIC_01": 0.0, "DIC_02": 0.0, "DIC_03": 6.07, "DIC_04": 0.0, "DIC_05": 1.33, "DIC_06": 0.0, "DIC_07": 0.0, "DIC_08": 0.0, "DIC_09": 0.0, "DIC_10": 0.0, "DIC_11": 0.0, "DIC_12": 0.0, "FIC_01": 0.0, "FIC_02": 0.0, "FIC_03": 1.0, "FIC_04": 0.0, "FIC_05": 1.0, "FIC_06": 0.0, "FIC_07": 0.0, "FIC_08": 0.0, "FIC_09": 0.0, "FIC_10": 0.0, "FIC_11": 0.0, "FIC_12": 0.0, "SEMRED": 0, "DESCR": " ", "COD_ID": "7ae2b9e9804ff41015e43547a237abfee44d65aba49d1dce282fef5d5d8ba217", "__layer": "UCBT_tab", "DEM_CONT": null, "DEM_01": null, "DEM_02": null, "DEM_03": null, "DEM_04": null, "DEM_05": null, "DEM_06": null, "DEM_07": null, "DEM_08": null, "DEM_09": null, "DEM_10": null, "DEM_11": null, "DEM_12": null }, "geometry": null },
{ "type": "Feature", "properties": { "DIST": 390, "PAC": "32948694739072447L", "RAMAL": "12295866S1", "PN_CON": "10970233", "UNI_TR_MT": "14364265", "CTMT": "JKU0106", "UNI_TR_AT": "DJKU-EQ-TR3", "SUB": "DJKU", "CONJ": 15813, "MUN": "3550308", "CEG_GD": " ", "BRR": "AV PRES JUSCELINO KUBITSCHEK 28 VILA NOVA CONCEICAO", "CEP": "04543-000", "CLAS_SUB": "RE1", "CNAE": " ", "TIP_CC": "RES-Tipo05", "FAS_CON": "ABCN", "GRU_TEN": "BT", "TEN_FORN": "10", "GRU_TAR": "B1", "SIT_ATIV": "AT", "DAT_CON": "24/04/2003", "CAR_INST": 29.6, "LIV": 0, "ARE_LOC": "UB", "TIP_SIST": "RD_INTERLIG", "ENE_01": 562.04, "ENE_02": 1423.8, "ENE_03": 1593.18, "ENE_04": 1565.28, "ENE_05": 1874.16, "ENE_06": 1437.84, "ENE_07": 1540.44, "ENE_08": 1389.6, "ENE_09": 1484.82, "ENE_10": 1481.76, "ENE_11": 1283.04, "ENE_12": 1182.11, "DIC_01": 0.0, "DIC_02": 0.0, "DIC_03": 6.07, "DIC_04": 0.0, "DIC_05": 1.33, "DIC_06": 0.0, "DIC_07": 0.0, "DIC_08": 0.0, "DIC_09": 0.0, "DIC_10": 0.0, "DIC_11": 0.0, "DIC_12": 0.0, "FIC_01": 0.0, "FIC_02": 0.0, "FIC_03": 1.0, "FIC_04": 0.0, "FIC_05": 1.0, "FIC_06": 0.0, "FIC_07": 0.0, "FIC_08": 0.0, "FIC_09": 0.0, "FIC_10": 0.0, "FIC_11": 0.0, "FIC_12": 0.0, "SEMRED": 0, "DESCR": " ", "COD_ID": "06a46fec85a8b4982fac7894eba0577d83c05f51c7c41faf8b7805e30010fc38", "__layer": "UCBT_tab", "DEM_CONT": null, "DEM_01": null, "DEM_02": null, "DEM_03": null, "DEM_04": null, "DEM_05": null, "DEM_06": null, "DEM_07": null, "DEM_08": null, "DEM_09": null, "DEM_10": null, "DEM_11": null, "DEM_12": null }, "geometry": null },
{ "type": "Feature", "properties": { "DIST": 390, "PAC": "32830445739009586L", "RAMAL": "12295093S1", "PN_CON": "10969556", "UNI_TR_MT": "14349961", "CTMT": "MOC0113", "UNI_TR_AT": "DMOC-EQ-TR2", "SUB": "DMOC", "CONJ": 15828, "MUN": "3550308", "CEG_GD": " ", "BRR": "AV PRES JUSCELINO KUBITSCHEK 1388 VILA NOVA CONCEICAO", "CEP": "04543-000", "CLAS_SUB": "CO1", "CNAE": "8211-3/00", "TIP_CC": "COM-Tipo05", "FAS_CON": "ABCN", "GRU_TEN": "BT", "TEN_FORN": "10", "GRU_TAR": "B3", "SIT_ATIV": "AT", "DAT_CON": "10/01/2008", "CAR_INST": 52.0, "LIV": 0, "ARE_LOC": "UB", "TIP_SIST": "RD_INTERLIG", "ENE_01": 3701.56, "ENE_02": 3701.56, "ENE_03": 108.707, "ENE_04": 100.0, "ENE_05": 2981.24, "ENE_06": 2981.24, "ENE_07": 84.0, "ENE_08": 2122.8, "ENE_09": 2820.0, "ENE_10": 2820.0, "ENE_11": 1557.6, "ENE_12": 2352.45, "DIC_01": 0.0, "DIC_02": 0.0, "DIC_03": 0.0, "DIC_04": 0.0, "DIC_05": 0.0, "DIC_06": 0.0, "DIC_07": 0.0, "DIC_08": 0.0, "DIC_09": 0.0, "DIC_10": 0.0, "DIC_11": 6.01, "DIC_12": 0.0, "FIC_01": 0.0, "FIC_02": 0.0, "FIC_03": 0.0, "FIC_04": 0.0, "FIC_05": 0.0, "FIC_06": 0.0, "FIC_07": 0.0, "FIC_08": 0.0, "FIC_09": 0.0, "FIC_10": 0.0, "FIC_11": 1.0, "FIC_12": 0.0, "SEMRED": 0, "DESCR": " ", "COD_ID": "d69d40981b48277b115707b85734fdbef570f8bf115713433423077c8aa20a38", "__layer": "UCBT_tab", "DEM_CONT": null, "DEM_01": null, "DEM_02": null, "DEM_03": null, "DEM_04": null, "DEM_05": null, "DEM_06": null, "DEM_07": null, "DEM_08": null, "DEM_09": null, "DEM_10": null, "DEM_11": null, "DEM_12": null }, "geometry": null },
{ "type": "Feature", "properties": { "DIST": 390, "PAC": "32919648739062255L", "RAMAL": "354922722S1", "PN_CON": "55041082", "UNI_TR_MT": "14358553", "CTMT": "JKU0108", "UNI_TR_AT": "DJKU-EQ-TR3", "SUB": "DJKU", "CONJ": 15813, "MUN": "3550308", "CEG_GD": " ", "BRR": "AV PRES JUSCELINO KUBITSCHEK 360 VILA NOVA CONCEICAO", "CEP": "04543-000", "CLAS_SUB": "CO1", "CNAE": "8112-5/00", "TIP_CC": "COM-Tipo01", "FAS_CON": "ABCN", "GRU_TEN": "BT", "TEN_FORN": "10", "GRU_TAR": "B3", "SIT_ATIV": "AT", "DAT_CON": "19/03/2009", "CAR_INST": 265.2, "LIV": 0, "ARE_LOC": "UB", "TIP_SIST": "RD_INTERLIG", "ENE_01": 22000.0, "ENE_02": 22920.0, "ENE_03": 26481.049, "ENE_04": 28960.0, "ENE_05": 31040.0, "ENE_06": 28560.0, "ENE_07": 24124.8, "ENE_08": 17080.0, "ENE_09": 27840.0, "ENE_10": 27080.0, "ENE_11": 15599.6, "ENE_12": 25016.38, "DIC_01": 0.0, "DIC_02": 0.0, "DIC_03": 0.0, "DIC_04": 0.0, "DIC_05": 0.0, "DIC_06": 0.0, "DIC_07": 0.0, "DIC_08": 0.0, "DIC_09": 0.0, "DIC_10": 1.4, "DIC_11": 0.0, "DIC_12": 0.0, "FIC_01": 0.0, "FIC_02": 0.0, "FIC_03": 0.0, "FIC_04": 0.0, "FIC_05": 0.0, "FIC_06": 0.0, "FIC_07": 0.0, "FIC_08": 0.0, "FIC_09": 0.0, "FIC_10": 2.0, "FIC_11": 0.0, "FIC_12": 0.0, "SEMRED": 0, "DESCR": " ", "COD_ID": "131324dd97aed2282aa70fe39fc2ecfa74f84ac735d723623bef40bde54f859d", "__layer": "UCBT_tab", "DEM_CONT": null, "DEM_01": null, "DEM_02": null, "DEM_03": null, "DEM_04": null, "DEM_05": null, "DEM_06": null, "DEM_07": null, "DEM_08": null, "DEM_09": null, "DEM_10": null, "DEM_11": null, "DEM_12": null }, "geometry": null },
{ "type": "Feature", "properties": { "DIST": 390, "PAC": "32919648739062255L", "RAMAL": "354922722S1", "PN_CON": "55041082", "UNI_TR_MT": "14358553", "CTMT": "JKU0108", "UNI_TR_AT": "DJKU-EQ-TR3", "SUB": "DJKU", "CONJ": 15813, "MUN": "3550308", "CEG_GD": " ", "BRR": "AV PRES JUSCELINO KUBITSCHEK 360 VILA NOVA CONCEICAO", "CEP": "04543-000", "CLAS_SUB": "CO1", "CNAE": "4110-7/00", "TIP_CC": "COM-Tipo05", "FAS_CON": "ABCN", "GRU_TEN": "BT", "TEN_FORN": "10", "GRU_TAR": "B3", "SIT_ATIV": "AT", "DAT_CON": "19/03/2009", "CAR_INST": 40.7, "LIV": 0, "ARE_LOC": "UB", "TIP_SIST": "RD_INTERLIG", "ENE_01": 4760.0, "ENE_02": 7080.0, "ENE_03": 7826.911, "ENE_04": 7000.0, "ENE_05": 6280.0, "ENE_06": 4440.0, "ENE_07": 3864.0, "ENE_08": 2684.0, "ENE_09": 4680.0, "ENE_10": 5200.0, "ENE_11": 2855.6, "ENE_12": 4131.14, "DIC_01": 0.0, "DIC_02": 0.0, "DIC_03": 0.0, "DIC_04": 0.0, "DIC_05": 0.0, "DIC_06": 0.0, "DIC_07": 0.0, "DIC_08": 0.0, "DIC_09": 0.0, "DIC_10": 1.4, "DIC_11": 0.0, "DIC_12": 0.0, "FIC_01": 0.0, "FIC_02": 0.0, "FIC_03": 0.0, "FIC_04": 0.0, "FIC_05": 0.0, "FIC_06": 0.0, "FIC_07": 0.0, "FIC_08": 0.0, "FIC_09": 0.0, "FIC_10": 2.0, "FIC_11": 0.0, "FIC_12": 0.0, "SEMRED": 0, "DESCR": " ", "COD_ID": "cb47094162a92ab0683753f37025b98f92ddcadb144fd0317ce5aa0f01394712", "__layer": "UCBT_tab", "DEM_CONT": null, "DEM_01": null, "DEM_02": null, "DEM_03": null, "DEM_04": null, "DEM_05": null, "DEM_06": null, "DEM_07": null, "DEM_08": null, "DEM_09": null, "DEM_10": null, "DEM_11": null, "DEM_12": null }, "geometry": null },
{ "type": "Feature", "properties": { "DIST": 390, "PAC": "32919648739062255L", "RAMAL": "354922722S1", "PN_CON": "55041082", "UNI_TR_MT": "14358553", "CTMT": "JKU0108", "UNI_TR_AT": "DJKU-EQ-TR3", "SUB": "DJKU", "CONJ": 15813, "MUN": "3550308", "CEG_GD": " ", "BRR": "AV PRES JUSCELINO KUBITSCHEK 360 VILA NOVA CONCEICAO", "CEP": "04543-000", "CLAS_SUB": "IN", "CNAE": "2222-6/00", "TIP_CC": "IND-Tipo04", "FAS_CON": "ABCN", "GRU_TEN": "BT", "TEN_FORN": "10", "GRU_TAR": "B3", "SIT_ATIV": "AT", "DAT_CON": "19/03/2009", "CAR_INST": 40.7, "LIV": 0, "ARE_LOC": "UB", "TIP_SIST": "RD_INTERLIG", "ENE_01": 5680.0, "ENE_02": 6120.0, "ENE_03": 6040.0, "ENE_04": 5880.0, "ENE_05": 6200.0, "ENE_06": 5120.0, "ENE_07": 5200.0, "ENE_08": 5160.0, "ENE_09": 5840.0, "ENE_10": 6000.0, "ENE_11": 5880.0, "ENE_12": 6997.26, "DIC_01": 0.0, "DIC_02": 0.0, "DIC_03": 0.0, "DIC_04": 0.0, "DIC_05": 0.0, "DIC_06": 0.0, "DIC_07": 0.0, "DIC_08": 0.0, "DIC_09": 0.0, "DIC_10": 1.4, "DIC_11": 0.0, "DIC_12": 0.0, "FIC_01": 0.0, "FIC_02": 0.0, "FIC_03": 0.0, "FIC_04": 0.0, "FIC_05": 0.0, "FIC_06": 0.0, "FIC_07": 0.0, "FIC_08": 0.0, "FIC_09": 0.0, "FIC_10": 2.0, "FIC_11": 0.0, "FIC_12": 0.0, "SEMRED": 0, "DESCR": " ", "COD_ID": "73dd3b9345e7656e1cc6509b175614df9baf7c9172490fc10760f027a167f31d", "__layer": "UCBT_tab", "DEM_CONT": null, "DEM_01": null, "DEM_02": null, "DEM_03": null, "DEM_04": null, "DEM_05": null, "DEM_06": null, "DEM_07": null, "DEM_08": null, "DEM_09": null, "DEM_10": null, "DEM_11": null, "DEM_12": null }, "geometry": null },
{ "type": "Feature", "properties": { "DIST": 390, "PAC": "32810870738996000L", "RAMAL": "158108587S1", "PN_CON": "540379", "UNI_TR_MT": "14349040", "CTMT": "MOC0113", "UNI_TR_AT": "DMOC-EQ-TR2", "SUB": "DMOC", "CONJ": 15828, "MUN": "3550308", "CEG_GD": " ", "BRR": "AV PRES JUSCELINO KUBITSCHEK 1600 VILA NOVA CONCEICAO", "CEP": "04543-000", "CLAS_SUB": "CO1", "CNAE": "6911-7/01", "TIP_CC": "COM-Tipo05", "FAS_CON": "ABCN", "GRU_TEN": "BT", "TEN_FORN": "10", "GRU_TAR": "B3", "SIT_ATIV": "AT", "DAT_CON": "29/05/2012", "CAR_INST": 1.6, "LIV": 0, "ARE_LOC": "UB", "TIP_SIST": "RD_INTERLIG", "ENE_01": 2741.0, "ENE_02": 3353.0, "ENE_03": 3275.345, "ENE_04": 2916.0, "ENE_05": 3045.0, "ENE_06": 2539.0, "ENE_07": 2205.0, "ENE_08": 1451.8, "ENE_09": 3049.0, "ENE_10": 3471.0, "ENE_11": 1715.13, "ENE_12": 3084.01, "DIC_01": 0.0, "DIC_02": 0.0, "DIC_03": 0.0, "DIC_04": 0.0, "DIC_05": 0.0, "DIC_06": 0.0, "DIC_07": 0.0, "DIC_08": 0.0, "DIC_09": 0.0, "DIC_10": 0.0, "DIC_11": 0.0, "DIC_12": 0.0, "FIC_01": 0.0, "FIC_02": 0.0, "FIC_03": 0.0, "FIC_04": 0.0, "FIC_05": 0.0, "FIC_06": 0.0, "FIC_07": 0.0, "FIC_08": 0.0, "FIC_09": 0.0, "FIC_10": 0.0, "FIC_11": 0.0, "FIC_12": 0.0, "SEMRED": 0, "DESCR": " ", "COD_ID": "902acb0fe1b6dd06311b15dfa889d84724698f62bfcf76e757822c857ed8df2c", "__layer": "UCBT_tab", "DEM_CONT": null, "DEM_01": null, "DEM_02": null, "DEM_03": null, "DEM_04": null, "DEM_05": null, "DEM_06": null, "DEM_07": null, "DEM_08": null, "DEM_09": null, "DEM_10": null, "DEM_11": null, "DEM_12": null }, "geometry": null },
{ "type": "Feature", "properties": { "DIST": 390, "PAC": "32810870738996000L", "RAMAL": "158108587S1", "PN_CON": "540379", "UNI_TR_MT": "14349040", "CTMT": "MOC0113", "UNI_TR_AT": "DMOC-EQ-TR2", "SUB": "DMOC", "CONJ": 15828, "MUN": "3550308", "CEG_GD": " ", "BRR": "AV PRES JUSCELINO KUBITSCHEK 1600 VILA NOVA CONCEICAO", "CEP": "04543-000", "CLAS_SUB": "CO1", "CNAE": "7020-4/00", "TIP_CC": "COM-Tipo02", "FAS_CON": "ABCN", "GRU_TEN": "BT", "TEN_FORN": "10", "GRU_TAR": "B3", "SIT_ATIV": "AT", "DAT_CON": "29/05/2012", "CAR_INST": 5.4, "LIV": 0, "ARE_LOC": "UB", "TIP_SIST": "RD_INTERLIG", "ENE_01": 228.0, "ENE_02": 113.0, "ENE_03": 54.354, "ENE_04": 279.0, "ENE_05": 252.0, "ENE_06": 437.0, "ENE_07": 202.44, "ENE_08": 140.3, "ENE_09": 161.0, "ENE_10": 121.0, "ENE_11": 160.48, "ENE_12": 166.39, "DIC_01": 0.0, "DIC_02": 0.0, "DIC_03": 0.0, "DIC_04": 0.0, "DIC_05": 0.0, "DIC_06": 0.0, "DIC_07": 0.0, "DIC_08": 0.0, "DIC_09": 0.0, "DIC_10": 0.0, "DIC_11": 0.0, "DIC_12": 0.0, "FIC_01": 0.0, "FIC_02": 0.0, "FIC_03": 0.0, "FIC_04": 0.0, "FIC_05": 0.0, "FIC_06": 0.0, "FIC_07": 0.0, "FIC_08": 0.0, "FIC_09": 0.0, "FIC_10": 0.0, "FIC_11": 0.0, "FIC_12": 0.0, "SEMRED": 0, "DESCR": " ", "COD_ID": "1961ebd9298001ba5092721dbc9eb70d6446c22225b37b1693cbbda778fa4e2f", "__layer": "UCBT_tab", "DEM_CONT": null, "DEM_01": null, "DEM_02": null, "DEM_03": null, "DEM_04": null, "DEM_05": null, "DEM_06": null, "DEM_07": null, "DEM_08": null, "DEM_09": null, "DEM_10": null, "DEM_11": null, "DEM_12": null }, "geometry": null },
{ "type": "Feature", "properties": { "DIST": 390, "PAC": "32811939738996354L", "RAMAL": "102322105S1", "PN_CON": "540379", "UNI_TR_MT": "14349040", "CTMT": "MOC0113", "UNI_TR_AT": "DMOC-EQ-TR2", "SUB": "DMOC", "CONJ": 15828, "MUN": "3550308", "CEG_GD": " ", "BRR": "AV PRES JUSCELINO KUBITSCHEK 1600 VILA NOVA CONCEICAO", "CEP": "04543-000", "CLAS_SUB": "CO1", "CNAE": "6319-4/00", "TIP_CC": "COM-Tipo05", "FAS_CON": "ABCN", "GRU_TEN": "BT", "TEN_FORN": "10", "GRU_TAR": "B3", "SIT_ATIV": "AT", "DAT_CON": "29/05/2012", "CAR_INST": 50.2, "LIV": 0, "ARE_LOC": "UB", "TIP_SIST": "RD_INTERLIG", "ENE_01": 4067.0, "ENE_02": 3331.0, "ENE_03": 3278.491, "ENE_04": 3139.02, "ENE_05": 2928.6, "ENE_06": 579.24, "ENE_07": 414.14, "ENE_08": 245.4, "ENE_09": 411.3, "ENE_10": 468.18, "ENE_11": 232.37, "ENE_12": 376.62, "DIC_01": 0.0, "DIC_02": 0.0, "DIC_03": 0.0, "DIC_04": 0.0, "DIC_05": 0.0, "DIC_06": 0.0, "DIC_07": 0.0, "DIC_08": 0.0, "DIC_09": 0.0, "DIC_10": 0.0, "DIC_11": 0.0, "DIC_12": 0.0, "FIC_01": 0.0, "FIC_02": 0.0, "FIC_03": 0.0, "FIC_04": 0.0, "FIC_05": 0.0, "FIC_06": 0.0, "FIC_07": 0.0, "FIC_08": 0.0, "FIC_09": 0.0, "FIC_10": 0.0, "FIC_11": 0.0, "FIC_12": 0.0, "SEMRED": 0, "DESCR": " ", "COD_ID": "00d32b6d3cffd065c1d3ba59880316f47bdcbdf016b6a549a66ee0f750ed4724", "__layer": "UCBT_tab", "DEM_CONT": null, "DEM_01": null, "DEM_02": null, "DEM_03": null, "DEM_04": null, "DEM_05": null, "DEM_06": null, "DEM_07": null, "DEM_08": null, "DEM_09": null, "DEM_10": null, "DEM_11": null, "DEM_12": null }, "geometry": null },
{ "type": "Feature", "properties": { "DIST": 390, "PAC": "32830445739009586L", "RAMAL": "12295093S1", "PN_CON": "10969556", "UNI_TR_MT": "14349961", "CTMT": "MOC0113", "UNI_TR_AT": "DMOC-EQ-TR2", "SUB": "DMOC", "CONJ": 15828, "MUN": "3550308", "CEG_GD": " ", "BRR": "AV PRES JUSCELINO KUBITSCHEK 1400 VILA NOVA CONCEICAO", "CEP": "04543-000", "CLAS_SUB": "CO1", "CNAE": "6422-1/00", "TIP_CC": "COM-Tipo05", "FAS_CON": "ABCN", "GRU_TEN": "BT", "TEN_FORN": "10", "GRU_TAR": "B3", "SIT_ATIV": "AT", "DAT_CON": "06/08/2012", "CAR_INST": 40.4, "LIV": 0, "ARE_LOC": "UB", "TIP_SIST": "RD_INTERLIG", "ENE_01": 3000.0, "ENE_02": 3000.0, "ENE_03": 3565.593, "ENE_04": 3120.0, "ENE_05": 3280.0, "ENE_06": 3280.0, "ENE_07": 2889.6, "ENE_08": 2074.0, "ENE_09": 3480.0, "ENE_10": 3600.0, "ENE_11": 1958.8, "ENE_12": 2983.6, "DIC_01": 0.0, "DIC_02": 0.0, "DIC_03": 0.0, "DIC_04": 0.0, "DIC_05": 0.0, "DIC_06": 0.0, "DIC_07": 0.0, "DIC_08": 0.0, "DIC_09": 0.0, "DIC_10": 0.0, "DIC_11": 6.01, "DIC_12": 0.0, "FIC_01": 0.0, "FIC_02": 0.0, "FIC_03": 0.0, "FIC_04": 0.0, "FIC_05": 0.0, "FIC_06": 0.0, "FIC_07": 0.0, "FIC_08": 0.0, "FIC_09": 0.0, "FIC_10": 0.0, "FIC_11": 1.0, "FIC_12": 0.0, "SEMRED": 0, "DESCR": " ", "COD_ID": "4ebaed4b32719cc4beb656dd8e0970e66e331647e6ca97ae896c5f04afc1433c", "__layer": "UCBT_tab", "DEM_CONT": null, "DEM_01": null, "DEM_02": null, "DEM_03": null, "DEM_04": null, "DEM_05": null, "DEM_06": null, "DEM_07": null, "DEM_08": null, "DEM_09": null, "DEM_10": null, "DEM_11": null, "DEM_12": null }, "geometry": null },
{ "type": "Feature", "properties": { "DIST": 390, "PAC": "32830445739009586L", "RAMAL": "12295093S1", "PN_CON": "10969556", "UNI_TR_MT": "14349961", "CTMT": "MOC0113", "UNI_TR_AT": "DMOC-EQ-TR2", "SUB": "DMOC", "CONJ": 15828, "MUN": "3550308", "CEG_GD": " ", "BRR": "AV PRES JUSCELINO KUBITSCHEK 1400 VILA NOVA CONCEICAO", "CEP": "04543-000", "CLAS_SUB": "CO6", "CNAE": "6911-7/01", "TIP_CC": "COM-Tipo05", "FAS_CON": "ABCN", "GRU_TEN": "BT", "TEN_FORN": "10", "GRU_TAR": "B3", "SIT_ATIV": "AT", "DAT_CON": "06/08/2012", "CAR_INST": 40.4, "LIV": 0, "ARE_LOC": "UB", "TIP_SIST": "RD_INTERLIG", "ENE_01": 2400.0, "ENE_02": 1960.0, "ENE_03": 2043.693, "ENE_04": 1760.0, "ENE_05": 2000.0, "ENE_06": 1800.0, "ENE_07": 1478.4, "ENE_08": 1122.4, "ENE_09": 1920.0, "ENE_10": 1840.0, "ENE_11": 1062.0, "ENE_12": 1683.05, "DIC_01": 0.0, "DIC_02": 0.0, "DIC_03": 0.0, "DIC_04": 0.0, "DIC_05": 0.0, "DIC_06": 0.0, "DIC_07": 0.0, "DIC_08": 0.0, "DIC_09": 0.0, "DIC_10": 0.0, "DIC_11": 6.01, "DIC_12": 0.0, "FIC_01": 0.0, "FIC_02": 0.0, "FIC_03": 0.0, "FIC_04": 0.0, "FIC_05": 0.0, "FIC_06": 0.0, "FIC_07": 0.0, "FIC_08": 0.0, "FIC_09": 0.0, "FIC_10": 0.0, "FIC_11": 1.0, "FIC_12": 0.0, "SEMRED": 0, "DESCR": " ", "COD_ID": "cc122b55c77ba6cb0b8a7e38a855b536fa743853ef6063b84f2cdb0f7c746200", "__layer": "UCBT_tab", "DEM_CONT": null, "DEM_01": null, "DEM_02": null, "DEM_03": null, "DEM_04": null, "DEM_05": null, "DEM_06": null, "DEM_07": null, "DEM_08": null, "DEM_09": null, "DEM_10": null, "DEM_11": null, "DEM_12": null }, "geometry": null },
{ "type": "Feature", "properties": { "DIST": 390, "PAC": "32928929739064959L", "RAMAL": "357560717S1", "PN_CON": "357559881", "UNI_TR_MT": "357561106", "CTMT": "JKU0108", "UNI_TR_AT": "DJKU-EQ-TR3", "SUB": "DJKU", "CONJ": 15813, "MUN": "3550308", "CEG_GD": " ", "BRR": "AV PRES JUSCELINO KUBITSCHEK 180 VILA NOVA CONCEICAO", "CEP": "04543-000", "CLAS_SUB": "CO1", "CNAE": "6810-2/01", "TIP_CC": "COM-Tipo05", "FAS_CON": "ABCN", "GRU_TEN": "BT", "TEN_FORN": "10", "GRU_TAR": "B3", "SIT_ATIV": "AT", "DAT_CON": "14/12/2015", "CAR_INST": 115.4, "LIV": 0, "ARE_LOC": "UB", "TIP_SIST": "RD_INTERLIG", "ENE_01": 980.0, "ENE_02": 968.0, "ENE_03": 1041.414, "ENE_04": 972.0, "ENE_05": 1040.0, "ENE_06": 1074.0, "ENE_07": 909.72, "ENE_08": 571.57, "ENE_09": 2764.0, "ENE_10": 2830.0, "ENE_11": 1591.23, "ENE_12": 2977.86, "DIC_01": 0.0, "DIC_02": 0.0, "DIC_03": 0.0, "DIC_04": 0.0, "DIC_05": 0.0, "DIC_06": 0.0, "DIC_07": 0.0, "DIC_08": 0.0, "DIC_09": 19.79, "DIC_10": 1.32, "DIC_11": 0.0, "DIC_12": 0.0, "FIC_01": 0.0, "FIC_02": 0.0, "FIC_03": 0.0, "FIC_04": 0.0, "FIC_05": 0.0, "FIC_06": 0.0, "FIC_07": 0.0, "FIC_08": 0.0, "FIC_09": 1.0, "FIC_10": 2.0, "FIC_11": 0.0, "FIC_12": 0.0, "SEMRED": 0, "DESCR": " ", "COD_ID": "1bb91bd2249d96a7fa87e2018b82afd663d6bccd9c3e34fce57746dde8ee0673", "__layer": "UCBT_tab", "DEM_CONT": null, "DEM_01": null, "DEM_02": null, "DEM_03": null, "DEM_04": null, "DEM_05": null, "DEM_06": null, "DEM_07": null, "DEM_08": null, "DEM_09": null, "DEM_10": null, "DEM_11": null, "DEM_12": null }, "geometry": null },
{ "type": "Feature", "properties": { "DIST": 390, "PAC": "32928929739064959L", "RAMAL": "357560717S1", "PN_CON": "357559881", "UNI_TR_MT": "357561106", "CTMT": "JKU0108", "UNI_TR_AT": "DJKU-EQ-TR3", "SUB": "DJKU", "CONJ": 15813, "MUN": "3550308", "CEG_GD": " ", "BRR": "AV PRES JUSCELINO KUBITSCHEK 180 VILA NOVA CONCEICAO", "CEP": "04543-000", "CLAS_SUB": "CO1", "CNAE": "8211-3/00", "TIP_CC": "COM-Tipo05", "FAS_CON": "ABCN", "GRU_TEN": "BT", "TEN_FORN": "10", "GRU_TAR": "B3", "SIT_ATIV": "AT", "DAT_CON": "14/12/2015", "CAR_INST": 115.4, "LIV": 0, "ARE_LOC": "UB", "TIP_SIST": "RD_INTERLIG", "ENE_01": 2832.0, "ENE_02": 2961.0, "ENE_03": 3094.891, "ENE_04": 2763.0, "ENE_05": 2990.0, "ENE_06": 2523.0, "ENE_07": 2042.88, "ENE_08": 1524.39, "ENE_09": 2969.0, "ENE_10": 2628.0, "ENE_11": 1571.17, "ENE_12": 2481.55, "DIC_01": 0.0, "DIC_02": 0.0, "DIC_03": 0.0, "DIC_04": 0.0, "DIC_05": 0.0, "DIC_06": 0.0, "DIC_07": 0.0, "DIC_08": 0.0, "DIC_09": 19.79, "DIC_10": 1.32, "DIC_11": 0.0, "DIC_12": 0.0, "FIC_01": 0.0, "FIC_02": 0.0, "FIC_03": 0.0, "FIC_04": 0.0, "FIC_05": 0.0, "FIC_06": 0.0, "FIC_07": 0.0, "FIC_08": 0.0, "FIC_09": 1.0, "FIC_10": 2.0, "FIC_11": 0.0, "FIC_12": 0.0, "SEMRED": 0, "DESCR": " ", "COD_ID": "5294b89a6d2fe84a5d8cd6f324ea8fa691d5b414eb5ddea2ea1b7b6929b51193", "__layer": "UCBT_tab", "DEM_CONT": null, "DEM_01": null, "DEM_02": null, "DEM_03": null, "DEM_04": null, "DEM_05": null, "DEM_06": null, "DEM_07": null, "DEM_08": null, "DEM_09": null, "DEM_10": null, "DEM_11": null, "DEM_12": null }, "geometry": null },
{ "type": "Feature", "properties": { "DIST": 390, "PAC": "32928929739064959L", "RAMAL": "357560717S1", "PN_CON": "357559881", "UNI_TR_MT": "357561106", "CTMT": "JKU0108", "UNI_TR_AT": "DJKU-EQ-TR3", "SUB": "DJKU", "CONJ": 15813, "MUN": "3550308", "CEG_GD": " ", "BRR": "AV PRES JUSCELINO KUBITSCHEK 180 VILA NOVA CONCEICAO", "CEP": "04543-000", "CLAS_SUB": "CO1", "CNAE": "8640-2/10", "TIP_CC": "COM-Tipo05", "FAS_CON": "ABCN", "GRU_TEN": "BT", "TEN_FORN": "10", "GRU_TAR": "B3", "SIT_ATIV": "AT", "DAT_CON": "14/12/2015", "CAR_INST": 64.5, "LIV": 0, "ARE_LOC": "UB", "TIP_SIST": "RD_INTERLIG", "ENE_01": 3986.0, "ENE_02": 4628.0, "ENE_03": 4955.957, "ENE_04": 4988.0, "ENE_05": 5087.0, "ENE_06": 4404.0, "ENE_07": 2924.88, "ENE_08": 2420.48, "ENE_09": 4250.0, "ENE_10": 4159.0, "ENE_11": 2339.35, "ENE_12": 4855.05, "DIC_01": 0.0, "DIC_02": 0.0, "DIC_03": 0.0, "DIC_04": 0.0, "DIC_05": 0.0, "DIC_06": 0.0, "DIC_07": 0.0, "DIC_08": 0.0, "DIC_09": 19.79, "DIC_10": 1.32, "DIC_11": 0.0, "DIC_12": 0.0, "FIC_01": 0.0, "FIC_02": 0.0, "FIC_03": 0.0, "FIC_04": 0.0, "FIC_05": 0.0, "FIC_06": 0.0, "FIC_07": 0.0, "FIC_08": 0.0, "FIC_09": 1.0, "FIC_10": 2.0, "FIC_11": 0.0, "FIC_12": 0.0, "SEMRED": 0, "DESCR": " ", "COD_ID": "af8926650d5dd7150939a92f18018ff2a2135edb26fcc8c5901d1741b8acfc00", "__layer": "UCBT_tab", "DEM_CONT": null, "DEM_01": null, "DEM_02": null, "DEM_03": null, "DEM_04": null, "DEM_05": null, "DEM_06": null, "DEM_07": null, "DEM_08": null, "DEM_09": null, "DEM_10": null, "DEM_11": null, "DEM_12": null }, "geometry": null },
{ "type": "Feature", "properties": { "DIST": 390, "PAC": "32928929739064959L", "RAMAL": "357560717S1", "PN_CON": "357559881", "UNI_TR_MT": "357561106", "CTMT": "JKU0108", "UNI_TR_AT": "DJKU-EQ-TR3", "SUB": "DJKU", "CONJ": 15813, "MUN": "3550308", "CEG_GD": " ", "BRR": "AV PRES JUSCELINO KUBITSCHEK 180 VILA NOVA CONCEICAO", "CEP": "04543-000", "CLAS_SUB": "CO1", "CNAE": "8640-2/10", "TIP_CC": "COM-Tipo05", "FAS_CON": "ABCN", "GRU_TEN": "BT", "TEN_FORN": "10", "GRU_TAR": "B3", "SIT_ATIV": "AT", "DAT_CON": "14/12/2015", "CAR_INST": 64.5, "LIV": 0, "ARE_LOC": "UB", "TIP_SIST": "RD_INTERLIG", "ENE_01": 1049.0, "ENE_02": 1023.0, "ENE_03": 1044.675, "ENE_04": 1674.0, "ENE_05": 1510.0, "ENE_06": 1345.0, "ENE_07": 1506.96, "ENE_08": 1453.02, "ENE_09": 2100.0, "ENE_10": 2050.0, "ENE_11": 640.74, "ENE_12": 2166.93, "DIC_01": 0.0, "DIC_02": 0.0, "DIC_03": 0.0, "DIC_04": 0.0, "DIC_05": 0.0, "DIC_06": 0.0, "DIC_07": 0.0, "DIC_08": 0.0, "DIC_09": 19.79, "DIC_10": 1.32, "DIC_11": 0.0, "DIC_12": 0.0, "FIC_01": 0.0, "FIC_02": 0.0, "FIC_03": 0.0, "FIC_04": 0.0, "FIC_05": 0.0, "FIC_06": 0.0, "FIC_07": 0.0, "FIC_08": 0.0, "FIC_09": 1.0, "FIC_10": 2.0, "FIC_11": 0.0, "FIC_12": 0.0, "SEMRED": 0, "DESCR": " ", "COD_ID": "1d02f7dd85812031280d02795a7dcf5565f203c01b1958f938d81f71e56531c0", "__layer": "UCBT_tab", "DEM_CONT": null, "DEM_01": null, "DEM_02": null, "DEM_03": null, "DEM_04": null, "DEM_05": null, "DEM_06": null, "DEM_07": null, "DEM_08": null, "DEM_09": null, "DEM_10": null, "DEM_11": null, "DEM_12": null }, "geometry": null },
{ "type": "Feature", "properties": { "DIST": 390, "PAC": "32802041739003395L", "RAMAL": "12294900S1", "PN_CON": " ", "UNI_TR_MT": "14348526", "CTMT": "MOC0113", "UNI_TR_AT": "DMOC-EQ-TR2", "SUB": "DMOC", "CONJ": 15828, "MUN": "3550308", "CEG_GD": " ", "BRR": "AV PRES JUSCELINO KUBITSCHEK 1726 VILA NOVA CONCEICAO", "CEP": "04543-000", "CLAS_SUB": "CO9", "CNAE": "6399-2/00", "TIP_CC": "COM-Tipo02", "FAS_CON": "ABCN", "GRU_TEN": "BT", "TEN_FORN": "10", "GRU_TAR": "B3", "SIT_ATIV": "AT", "DAT_CON": "19/01/2000", "CAR_INST": 8.3, "LIV": 0, "ARE_LOC": "UB", "TIP_SIST": "RD_INTERLIG", "ENE_01": 603.0, "ENE_02": 522.0, "ENE_03": 561.587, "ENE_04": 498.2, "ENE_05": 421.4, "ENE_06": 365.2, "ENE_07": 331.8, "ENE_08": 170.43, "ENE_09": 322.8, "ENE_10": 360.6, "ENE_11": 312.23, "ENE_12": 381.55, "DIC_01": 0.0, "DIC_02": 0.0, "DIC_03": 0.0, "DIC_04": 0.0, "DIC_05": 0.0, "DIC_06": 0.0, "DIC_07": 0.0, "DIC_08": 0.0, "DIC_09": 0.0, "DIC_10": 4.55, "DIC_11": 0.0, "DIC_12": 13.73, "FIC_01": 0.0, "FIC_02": 0.0, "FIC_03": 0.0, "FIC_04": 0.0, "FIC_05": 0.0, "FIC_06": 0.0, "FIC_07": 0.0, "FIC_08": 0.0, "FIC_09": 0.0, "FIC_10": 1.0, "FIC_11": 0.0, "FIC_12": 1.0, "SEMRED": 0, "DESCR": " ", "COD_ID": "9cc39811e78bf54a3fc3ed2fa298a288884e891f7188468957423964f35f2688", "__layer": "UCBT_tab", "DEM_CONT": null, "DEM_01": null, "DEM_02": null, "DEM_03": null, "DEM_04": null, "DEM_05": null, "DEM_06": null, "DEM_07": null, "DEM_08": null, "DEM_09": null, "DEM_10": null, "DEM_11": null, "DEM_12": null }, "geometry": null },
{ "type": "Feature", "properties": { "DIST": 390, "PAC": "32802041739003395L", "RAMAL": "12294900S1", "PN_CON": " ", "UNI_TR_MT": "14348526", "CTMT": "MOC0113", "UNI_TR_AT": "DMOC-EQ-TR2", "SUB": "DMOC", "CONJ": 15828, "MUN": "3550308", "CEG_GD": " ", "BRR": "AV PRES JUSCELINO KUBITSCHEK 1726 VILA NOVA CONCEICAO", "CEP": "04543-000", "CLAS_SUB": "CO9", "CNAE": "7810-8/00", "TIP_CC": "COM-Tipo03", "FAS_CON": "ABCN", "GRU_TEN": "BT", "TEN_FORN": "10", "GRU_TAR": "B3", "SIT_ATIV": "AT", "DAT_CON": "19/01/2000", "CAR_INST": 8.3, "LIV": 0, "ARE_LOC": "UB", "TIP_SIST": "RD_INTERLIG", "ENE_01": 923.0, "ENE_02": 1044.2, "ENE_03": 1176.211, "ENE_04": 1094.2, "ENE_05": 1173.8, "ENE_06": 1125.2, "ENE_07": 1026.82, "ENE_08": 636.91, "ENE_09": 100.0, "ENE_10": 1233.6, "ENE_11": 659.59, "ENE_12": 971.64, "DIC_01": 0.0, "DIC_02": 0.0, "DIC_03": 0.0, "DIC_04": 0.0, "DIC_05": 0.0, "DIC_06": 0.0, "DIC_07": 0.0, "DIC_08": 0.0, "DIC_09": 0.0, "DIC_10": 4.55, "DIC_11": 0.0, "DIC_12": 13.73, "FIC_01": 0.0, "FIC_02": 0.0, "FIC_03": 0.0, "FIC_04": 0.0, "FIC_05": 0.0, "FIC_06": 0.0, "FIC_07": 0.0, "FIC_08": 0.0, "FIC_09": 0.0, "FIC_10": 1.0, "FIC_11": 0.0, "FIC_12": 1.0, "SEMRED": 0, "DESCR": " ", "COD_ID": "15072269f957f2e8932da7233ac94a2d75976482ac6fb55e8dbcf74e00d2a164", "__layer": "UCBT_tab", "DEM_CONT": null, "DEM_01": null, "DEM_02": null, "DEM_03": null, "DEM_04": null, "DEM_05": null, "DEM_06": null, "DEM_07": null, "DEM_08": null, "DEM_09": null, "DEM_10": null, "DEM_11": null, "DEM_12": null }, "geometry": null },
{ "type": "Feature", "properties": { "DIST": 390, "PAC": "32802041739003395L", "RAMAL": "12294900S1", "PN_CON": " ", "UNI_TR_MT": "14348526", "CTMT": "MOC0113", "UNI_TR_AT": "DMOC-EQ-TR2", "SUB": "DMOC", "CONJ": 15828, "MUN": "3550308", "CEG_GD": " ", "BRR": "AV PRES JUSCELINO KUBITSCHEK 1726 VILA NOVA CONCEICAO", "CEP": "04543-000", "CLAS_SUB": "CO1", "CNAE": "6612-6/01", "TIP_CC": "COM-Tipo03", "FAS_CON": "ABCN", "GRU_TEN": "BT", "TEN_FORN": "10", "GRU_TAR": "B3", "SIT_ATIV": "AT", "DAT_CON": "19/01/2000", "CAR_INST": 8.3, "LIV": 0, "ARE_LOC": "UB", "TIP_SIST": "RD_INTERLIG", "ENE_01": 1502.0, "ENE_02": 1428.0, "ENE_03": 1421.461, "ENE_04": 1295.0, "ENE_05": 1430.6, "ENE_06": 1519.0, "ENE_07": 1153.32, "ENE_08": 786.66, "ENE_09": 1418.8, "ENE_10": 1433.0, "ENE_11": 809.48, "ENE_12": 1195.35, "DIC_01": 0.0, "DIC_02": 0.0, "DIC_03": 0.0, "DIC_04": 0.0, "DIC_05": 0.0, "DIC_06": 0.0, "DIC_07": 0.0, "DIC_08": 0.0, "DIC_09": 0.0, "DIC_10": 4.55, "DIC_11": 0.0, "DIC_12": 13.73, "FIC_01": 0.0, "FIC_02": 0.0, "FIC_03": 0.0, "FIC_04": 0.0, "FIC_05": 0.0, "FIC_06": 0.0, "FIC_07": 0.0, "FIC_08": 0.0, "FIC_09": 0.0, "FIC_10": 1.0, "FIC_11": 0.0, "FIC_12": 1.0, "SEMRED": 0, "DESCR": " ", "COD_ID": "aab1ea753dcfe344bbed04a8b1db859343d48c575473fa1ea1b4306ba47e0309", "__layer": "UCBT_tab", "DEM_CONT": null, "DEM_01": null, "DEM_02": null, "DEM_03": null, "DEM_04": null, "DEM_05": null, "DEM_06": null, "DEM_07": null, "DEM_08": null, "DEM_09": null, "DEM_10": null, "DEM_11": null, "DEM_12": null }, "geometry": null },
{ "type": "Feature", "properties": { "DIST": 390, "PAC": "32802041739003395L", "RAMAL": "12294900S1", "PN_CON": " ", "UNI_TR_MT": "14348526", "CTMT": "MOC0113", "UNI_TR_AT": "DMOC-EQ-TR2", "SUB": "DMOC", "CONJ": 15828, "MUN": "3550308", "CEG_GD": " ", "BRR": "AV PRES JUSCELINO KUBITSCHEK 1726 VILA NOVA CONCEICAO", "CEP": "04543-000", "CLAS_SUB": "CO1", "CNAE": "3513-1/00", "TIP_CC": "COM-Tipo02", "FAS_CON": "ABN", "GRU_TEN": "BT", "TEN_FORN": "10", "GRU_TAR": "B3", "SIT_ATIV": "AT", "DAT_CON": "19/01/2000", "CAR_INST": 9.3, "LIV": 0, "ARE_LOC": "UB", "TIP_SIST": "RD_INTERLIG", "ENE_01": 401.0, "ENE_02": 385.6, "ENE_03": 472.546, "ENE_04": 452.34, "ENE_05": 502.74, "ENE_06": 451.26, "ENE_07": 375.73, "ENE_08": 285.04, "ENE_09": 439.92, "ENE_10": 380.34, "ENE_11": 262.63, "ENE_12": 410.18, "DIC_01": 0.0, "DIC_02": 0.0, "DIC_03": 0.0, "DIC_04": 0.0, "DIC_05": 0.0, "DIC_06": 0.0, "DIC_07": 0.0, "DIC_08": 0.0, "DIC_09": 0.0, "DIC_10": 4.55, "DIC_11": 0.0, "DIC_12": 13.73, "FIC_01": 0.0, "FIC_02": 0.0, "FIC_03": 0.0, "FIC_04": 0.0, "FIC_05": 0.0, "FIC_06": 0.0, "FIC_07": 0.0, "FIC_08": 0.0, "FIC_09": 0.0, "FIC_10": 1.0, "FIC_11": 0.0, "FIC_12": 1.0, "SEMRED": 0, "DESCR": " ", "COD_ID": "144ef8828fc03e9eea527c6971bf71b134d241f48fb00506eab7dc62059e1e7b", "__layer": "UCBT_tab", "DEM_CONT": null, "DEM_01": null, "DEM_02": null, "DEM_03": null, "DEM_04": null, "DEM_05": null, "DEM_06": null, "DEM_07": null, "DEM_08": null, "DEM_09": null, "DEM_10": null, "DEM_11": null, "DEM_12": null }, "geometry": null },
{ "type": "Feature", "properties": { "DIST": 390, "PAC": "32906474739050527L", "RAMAL": "12295568S1", "PN_CON": "10969988", "UNI_TR_MT": "14357911", "CTMT": "JKU0108", "UNI_TR_AT": "DJKU-EQ-TR3", "SUB": "DJKU", "CONJ": 15813, "MUN": "3550308", "CEG_GD": " ", "BRR": "AV PRES JUSCELINO KUBITSCHEK 510 VILA NOVA CONCEICAO", "CEP": "04543-000", "CLAS_SUB": "CO1", "CNAE": "6911-7/01", "TIP_CC": "COM-Tipo05", "FAS_CON": "ABC", "GRU_TEN": "BT", "TEN_FORN": "10", "GRU_TAR": "B3", "SIT_ATIV": "AT", "DAT_CON": "20/04/2000", "CAR_INST": 354.0, "LIV": 0, "ARE_LOC": "UB", "TIP_SIST": "RD_INTERLIG", "ENE_01": 2715.0, "ENE_02": 2943.0, "ENE_03": 2910.089, "ENE_04": 2887.0, "ENE_05": 3186.0, "ENE_06": 3063.0, "ENE_07": 2673.72, "ENE_08": 1854.4, "ENE_09": 3112.0, "ENE_10": 3076.0, "ENE_11": 1676.78, "ENE_12": 2715.84, "DIC_01": 0.0, "DIC_02": 0.0, "DIC_03": 0.0, "DIC_04": 0.0, "DIC_05": 0.0, "DIC_06": 0.0, "DIC_07": 0.0, "DIC_08": 0.0, "DIC_09": 0.0, "DIC_10": 1.4, "DIC_11": 0.0, "DIC_12": 0.0, "FIC_01": 0.0, "FIC_02": 0.0, "FIC_03": 0.0, "FIC_04": 0.0, "FIC_05": 0.0, "FIC_06": 0.0, "FIC_07": 0.0, "FIC_08": 0.0, "FIC_09": 0.0, "FIC_10": 2.0, "FIC_11": 0.0, "FIC_12": 0.0, "SEMRED": 0, "DESCR": " ", "COD_ID": "a42306087b50e4b548d3a965982e05f2830a562773efa3896d18259fa276b299", "__layer": "UCBT_tab", "DEM_CONT": null, "DEM_01": null, "DEM_02": null, "DEM_03": null, "DEM_04": null, "DEM_05": null, "DEM_06": null, "DEM_07": null, "DEM_08": null, "DEM_09": null, "DEM_10": null, "DEM_11": null, "DEM_12": null }, "geometry": null },
{ "type": "Feature", "properties": { "DIST": 390, "PAC": "32906474739050527L", "RAMAL": "12295568S1", "PN_CON": "10969988", "UNI_TR_MT": "14357911", "CTMT": "JKU0108", "UNI_TR_AT": "DJKU-EQ-TR3", "SUB": "DJKU", "CONJ": 15813, "MUN": "3550308", "CEG_GD": " ", "BRR": "AV PRES JUSCELINO KUBITSCHEK 510 VILA NOVA CONCEICAO", "CEP": "04543-000", "CLAS_SUB": "CO1", "CNAE": "6462-0/00", "TIP_CC": "COM-Tipo02", "FAS_CON": "ABC", "GRU_TEN": "BT", "TEN_FORN": "10", "GRU_TAR": "B3", "SIT_ATIV": "AT", "DAT_CON": "20/04/2000", "CAR_INST": 26.0, "LIV": 0, "ARE_LOC": "UB", "TIP_SIST": "RD_INTERLIG", "ENE_01": 100.0, "ENE_02": 100.0, "ENE_03": 108.707, "ENE_04": 100.0, "ENE_05": 100.0, "ENE_06": 100.0, "ENE_07": 84.0, "ENE_08": 61.0, "ENE_09": 100.0, "ENE_10": 100.0, "ENE_11": 59.0, "ENE_12": 95.62, "DIC_01": 0.0, "DIC_02": 0.0, "DIC_03": 0.0, "DIC_04": 0.0, "DIC_05": 0.0, "DIC_06": 0.0, "DIC_07": 0.0, "DIC_08": 0.0, "DIC_09": 0.0, "DIC_10": 1.4, "DIC_11": 0.0, "DIC_12": 0.0, "FIC_01": 0.0, "FIC_02": 0.0, "FIC_03": 0.0, "FIC_04": 0.0, "FIC_05": 0.0, "FIC_06": 0.0, "FIC_07": 0.0, "FIC_08": 0.0, "FIC_09": 0.0, "FIC_10": 2.0, "FIC_11": 0.0, "FIC_12": 0.0, "SEMRED": 0, "DESCR": " ", "COD_ID": "90fc3bef98b23023eebfb7e380c485b2bdc6d840bee384220ab60207bb3fdecd", "__layer": "UCBT_tab", "DEM_CONT": null, "DEM_01": null, "DEM_02": null, "DEM_03": null, "DEM_04": null, "DEM_05": null, "DEM_06": null, "DEM_07": null, "DEM_08": null, "DEM_09": null, "DEM_10": null, "DEM_11": null, "DEM_12": null }, "geometry": null },
{ "type": "Feature", "properties": { "DIST": 390, "PAC": "32948694739072447L", "RAMAL": "12295866S1", "PN_CON": "10970233", "UNI_TR_MT": "14364265", "CTMT": "JKU0106", "UNI_TR_AT": "DJKU-EQ-TR3", "SUB": "DJKU", "CONJ": 15813, "MUN": "3550308", "CEG_GD": " ", "BRR": "AV PRES JUSCELINO KUBITSCHEK 28 VILA NOVA CONCEICAO", "CEP": "04543-000", "CLAS_SUB": "CO9", "CNAE": "9609-2/99", "TIP_CC": "COM-Tipo03", "FAS_CON": "ABCN", "GRU_TEN": "BT", "TEN_FORN": "10", "GRU_TAR": "B3", "SIT_ATIV": "AT", "DAT_CON": "24/01/2003", "CAR_INST": 10.2, "LIV": 0, "ARE_LOC": "UB", "TIP_SIST": "RD_INTERLIG", "ENE_01": 905.8, "ENE_02": 1245.4, "ENE_03": 1400.576, "ENE_04": 1296.8, "ENE_05": 1383.0, "ENE_06": 1061.0, "ENE_07": 940.97, "ENE_08": 667.83, "ENE_09": 1045.0, "ENE_10": 1133.8, "ENE_11": 655.84, "ENE_12": 1084.61, "DIC_01": 0.0, "DIC_02": 0.0, "DIC_03": 6.07, "DIC_04": 0.0, "DIC_05": 1.33, "DIC_06": 0.0, "DIC_07": 0.0, "DIC_08": 0.0, "DIC_09": 0.0, "DIC_10": 0.0, "DIC_11": 0.0, "DIC_12": 0.0, "FIC_01": 0.0, "FIC_02": 0.0, "FIC_03": 1.0, "FIC_04": 0.0, "FIC_05": 1.0, "FIC_06": 0.0, "FIC_07": 0.0, "FIC_08": 0.0, "FIC_09": 0.0, "FIC_10": 0.0, "FIC_11": 0.0, "FIC_12": 0.0, "SEMRED": 0, "DESCR": " ", "COD_ID": "3872ec57ffc81ca8172bb69a8240eec75b5901ac8d9a264b2092f386d4515aa4", "__layer": "UCBT_tab", "DEM_CONT": null, "DEM_01": null, "DEM_02": null, "DEM_03": null, "DEM_04": null, "DEM_05": null, "DEM_06": null, "DEM_07": null, "DEM_08": null, "DEM_09": null, "DEM_10": null, "DEM_11": null, "DEM_12": null }, "geometry": null },
{ "type": "Feature", "properties": { "DIST": 390, "PAC": "32830445739009586L", "RAMAL": "12295093S1", "PN_CON": "10969556", "UNI_TR_MT": "14349961", "CTMT": "MOC0113", "UNI_TR_AT": "DMOC-EQ-TR2", "SUB": "DMOC", "CONJ": 15828, "MUN": "3550308", "CEG_GD": " ", "BRR": "AV PRES JUSCELINO KUBITSCHEK 1388 VILA NOVA CONCEICAO", "CEP": "04543-000", "CLAS_SUB": "CO1", "CNAE": "6422-1/00", "TIP_CC": "COM-Tipo05", "FAS_CON": "ABCN", "GRU_TEN": "BT", "TEN_FORN": "10", "GRU_TAR": "B3", "SIT_ATIV": "AT", "DAT_CON": "11/01/2008", "CAR_INST": 52.0, "LIV": 0, "ARE_LOC": "UB", "TIP_SIST": "RD_INTERLIG", "ENE_01": 2070.1, "ENE_02": 2205.5, "ENE_03": 2140.657, "ENE_04": 1987.2, "ENE_05": 1814.4, "ENE_06": 1731.6, "ENE_07": 1486.8, "ENE_08": 1150.7, "ENE_09": 1846.8, "ENE_10": 1860.0, "ENE_11": 1029.43, "ENE_12": 1561.8, "DIC_01": 0.0, "DIC_02": 0.0, "DIC_03": 0.0, "DIC_04": 0.0, "DIC_05": 0.0, "DIC_06": 0.0, "DIC_07": 0.0, "DIC_08": 0.0, "DIC_09": 0.0, "DIC_10": 0.0, "DIC_11": 6.01, "DIC_12": 0.0, "FIC_01": 0.0, "FIC_02": 0.0, "FIC_03": 0.0, "FIC_04": 0.0, "FIC_05": 0.0, "FIC_06": 0.0, "FIC_07": 0.0, "FIC_08": 0.0, "FIC_09": 0.0, "FIC_10": 0.0, "FIC_11": 1.0, "FIC_12": 0.0, "SEMRED": 0, "DESCR": " ", "COD_ID": "5f59a9c377a3afea22d1c56b87e3ce8e2d557cc5c077f4e683a24fa2b191ad82", "__layer": "UCBT_tab", "DEM_CONT": null, "DEM_01": null, "DEM_02": null, "DEM_03": null, "DEM_04": null, "DEM_05": null, "DEM_06": null, "DEM_07": null, "DEM_08": null, "DEM_09": null, "DEM_10": null, "DEM_11": null, "DEM_12": null }, "geometry": null },
{ "type": "Feature", "properties": { "DIST": 390, "PAC": "32919648739062255L", "RAMAL": "354922722S1", "PN_CON": "55041082", "UNI_TR_MT": "14358553", "CTMT": "JKU0108", "UNI_TR_AT": "DJKU-EQ-TR3", "SUB": "DJKU", "CONJ": 15813, "MUN": "3550308", "CEG_GD": " ", "BRR": "AV PRES JUSCELINO KUBITSCHEK 360 VILA NOVA CONCEICAO", "CEP": "04543-000", "CLAS_SUB": "IN", "CNAE": "4330-4/99", "TIP_CC": "IND-Tipo01", "FAS_CON": "ABCN", "GRU_TEN": "BT", "TEN_FORN": "10", "GRU_TAR": "B3", "SIT_ATIV": "AT", "DAT_CON": "19/03/2009", "CAR_INST": 40.7, "LIV": 0, "ARE_LOC": "UB", "TIP_SIST": "RD_INTERLIG", "ENE_01": 2720.0, "ENE_02": 2800.0, "ENE_03": 3160.0, "ENE_04": 3040.0, "ENE_05": 3160.0, "ENE_06": 1840.0, "ENE_07": 2160.0, "ENE_08": 2040.0, "ENE_09": 1800.0, "ENE_10": 2080.0, "ENE_11": 1920.0, "ENE_12": 1922.32, "DIC_01": 0.0, "DIC_02": 0.0, "DIC_03": 0.0, "DIC_04": 0.0, "DIC_05": 0.0, "DIC_06": 0.0, "DIC_07": 0.0, "DIC_08": 0.0, "DIC_09": 0.0, "DIC_10": 1.4, "DIC_11": 0.0, "DIC_12": 0.0, "FIC_01": 0.0, "FIC_02": 0.0, "FIC_03": 0.0, "FIC_04": 0.0, "FIC_05": 0.0, "FIC_06": 0.0, "FIC_07": 0.0, "FIC_08": 0.0, "FIC_09": 0.0, "FIC_10": 2.0, "FIC_11": 0.0, "FIC_12": 0.0, "SEMRED": 0, "DESCR": " ", "COD_ID": "4eae54b50c623b38987cc3c242e6abce5c7055497e7da45716e6f37186be97ae", "__layer": "UCBT_tab", "DEM_CONT": null, "DEM_01": null, "DEM_02": null, "DEM_03": null, "DEM_04": null, "DEM_05": null, "DEM_06": null, "DEM_07": null, "DEM_08": null, "DEM_09": null, "DEM_10": null, "DEM_11": null, "DEM_12": null }, "geometry": null },
{ "type": "Feature", "properties": { "DIST": 390, "PAC": "32919648739062255L", "RAMAL": "354922722S1", "PN_CON": "55041082", "UNI_TR_MT": "14358553", "CTMT": "JKU0108", "UNI_TR_AT": "DJKU-EQ-TR3", "SUB": "DJKU", "CONJ": 15813, "MUN": "3550308", "CEG_GD": " ", "BRR": "AV PRES JUSCELINO KUBITSCHEK 360 VILA NOVA CONCEICAO", "CEP": "04543-000", "CLAS_SUB": "CO1", "CNAE": "4110-7/00", "TIP_CC": "COM-Tipo04", "FAS_CON": "ABCN", "GRU_TEN": "BT", "TEN_FORN": "10", "GRU_TAR": "B3", "SIT_ATIV": "AT", "DAT_CON": "19/03/2009", "CAR_INST": 40.7, "LIV": 0, "ARE_LOC": "UB", "TIP_SIST": "RD_INTERLIG", "ENE_01": 5060.0, "ENE_02": 5340.0, "ENE_03": 5848.442, "ENE_04": 5120.0, "ENE_05": 5640.0, "ENE_06": 4200.0, "ENE_07": 3595.2, "ENE_08": 2574.2, "ENE_09": 4600.0, "ENE_10": 4700.0, "ENE_11": 2867.4, "ENE_12": 4513.66, "DIC_01": 0.0, "DIC_02": 0.0, "DIC_03": 0.0, "DIC_04": 0.0, "DIC_05": 0.0, "DIC_06": 0.0, "DIC_07": 0.0, "DIC_08": 0.0, "DIC_09": 0.0, "DIC_10": 1.4, "DIC_11": 0.0, "DIC_12": 0.0, "FIC_01": 0.0, "FIC_02": 0.0, "FIC_03": 0.0, "FIC_04": 0.0, "FIC_05": 0.0, "FIC_06": 0.0, "FIC_07": 0.0, "FIC_08": 0.0, "FIC_09": 0.0, "FIC_10": 2.0, "FIC_11": 0.0, "FIC_12": 0.0, "SEMRED": 0, "DESCR": " ", "COD_ID": "045c80a9cc8072a6525871e2f0ad037458f83223ff37ace55eb7102b203a462d", "__layer": "UCBT_tab", "DEM_CONT": null, "DEM_01": null, "DEM_02": null, "DEM_03": null, "DEM_04": null, "DEM_05": null, "DEM_06": null, "DEM_07": null, "DEM_08": null, "DEM_09": null, "DEM_10": null, "DEM_11": null, "DEM_12": null }, "geometry": null },
{ "type": "Feature", "properties": { "DIST": 390, "PAC": "32919648739062255L", "RAMAL": "354922722S1", "PN_CON": "55041082", "UNI_TR_MT": "14358553", "CTMT": "JKU0108", "UNI_TR_AT": "DJKU-EQ-TR3", "SUB": "DJKU", "CONJ": 15813, "MUN": "3550308", "CEG_GD": " ", "BRR": "AV PRES JUSCELINO KUBITSCHEK 360 VILA NOVA CONCEICAO", "CEP": "04543-000", "CLAS_SUB": "CO1", "CNAE": "6630-4/00", "TIP_CC": "COM-Tipo05", "FAS_CON": "ABCN", "GRU_TEN": "BT", "TEN_FORN": "10", "GRU_TAR": "B3", "SIT_ATIV": "AT", "DAT_CON": "21/05/2010", "CAR_INST": 8.9, "LIV": 0, "ARE_LOC": "UB", "TIP_SIST": "RD_INTERLIG", "ENE_01": 3200.0, "ENE_02": 3280.0, "ENE_03": 3739.524, "ENE_04": 3520.0, "ENE_05": 3680.0, "ENE_06": 2720.0, "ENE_07": 2352.0, "ENE_08": 1561.6, "ENE_09": 2400.0, "ENE_10": 2960.0, "ENE_11": 1510.4, "ENE_12": 3136.61, "DIC_01": 0.0, "DIC_02": 0.0, "DIC_03": 0.0, "DIC_04": 0.0, "DIC_05": 0.0, "DIC_06": 0.0, "DIC_07": 0.0, "DIC_08": 0.0, "DIC_09": 0.0, "DIC_10": 1.4, "DIC_11": 0.0, "DIC_12": 0.0, "FIC_01": 0.0, "FIC_02": 0.0, "FIC_03": 0.0, "FIC_04": 0.0, "FIC_05": 0.0, "FIC_06": 0.0, "FIC_07": 0.0, "FIC_08": 0.0, "FIC_09": 0.0, "FIC_10": 2.0, "FIC_11": 0.0, "FIC_12": 0.0, "SEMRED": 0, "DESCR": " ", "COD_ID": "f4ac867d0a298ab20ac0e95da32277e9781a751b8f1692b56b9985259090b3f1", "__layer": "UCBT_tab", "DEM_CONT": null, "DEM_01": null, "DEM_02": null, "DEM_03": null, "DEM_04": null, "DEM_05": null, "DEM_06": null, "DEM_07": null, "DEM_08": null, "DEM_09": null, "DEM_10": null, "DEM_11": null, "DEM_12": null }, "geometry": null },
{ "type": "Feature", "properties": { "DIST": 390, "PAC": "32810870738996000L", "RAMAL": "158108587S1", "PN_CON": "540379", "UNI_TR_MT": "14349040", "CTMT": "MOC0113", "UNI_TR_AT": "DMOC-EQ-TR2", "SUB": "DMOC", "CONJ": 15828, "MUN": "3550308", "CEG_GD": " ", "BRR": "AV PRES JUSCELINO KUBITSCHEK 1600 VILA NOVA CONCEICAO", "CEP": "04543-000", "CLAS_SUB": "CO1", "CNAE": "6630-4/00", "TIP_CC": "COM-Tipo04", "FAS_CON": "ABN", "GRU_TEN": "BT", "TEN_FORN": "10", "GRU_TAR": "B3", "SIT_ATIV": "AT", "DAT_CON": "29/05/2012", "CAR_INST": 7.4, "LIV": 0, "ARE_LOC": "UB", "TIP_SIST": "RD_INTERLIG", "ENE_01": 6605.0, "ENE_02": 8380.4, "ENE_03": 8149.112, "ENE_04": 7851.2, "ENE_05": 7963.4, "ENE_06": 6832.0, "ENE_07": 4156.66, "ENE_08": 905.97, "ENE_09": 6803.0, "ENE_10": 7390.4, "ENE_11": 4026.4, "ENE_12": 6796.69, "DIC_01": 0.0, "DIC_02": 0.0, "DIC_03": 0.0, "DIC_04": 0.0, "DIC_05": 0.0, "DIC_06": 0.0, "DIC_07": 0.0, "DIC_08": 0.0, "DIC_09": 0.0, "DIC_10": 0.0, "DIC_11": 0.0, "DIC_12": 0.0, "FIC_01": 0.0, "FIC_02": 0.0, "FIC_03": 0.0, "FIC_04": 0.0, "FIC_05": 0.0, "FIC_06": 0.0, "FIC_07": 0.0, "FIC_08": 0.0, "FIC_09": 0.0, "FIC_10": 0.0, "FIC_11": 0.0, "FIC_12": 0.0, "SEMRED": 0, "DESCR": " ", "COD_ID": "843fa4a50509b9fb73f2e9dd2c917b39594b60f94624ac60b0206ee35a115488", "__layer": "UCBT_tab", "DEM_CONT": null, "DEM_01": null, "DEM_02": null, "DEM_03": null, "DEM_04": null, "DEM_05": null, "DEM_06": null, "DEM_07": null, "DEM_08": null, "DEM_09": null, "DEM_10": null, "DEM_11": null, "DEM_12": null }, "geometry": null },
{ "type": "Feature", "properties": { "DIST": 390, "PAC": "32928929739064959L", "RAMAL": "357560717S1", "PN_CON": "357559881", "UNI_TR_MT": "357561106", "CTMT": "JKU0108", "UNI_TR_AT": "DJKU-EQ-TR3", "SUB": "DJKU", "CONJ": 15813, "MUN": "3550308", "CEG_GD": " ", "BRR": "AV PRES JUSCELINO KUBITSCHEK 180 VILA NOVA CONCEICAO", "CEP": "04543-000", "CLAS_SUB": "CO1", "CNAE": "8640-2/10", "TIP_CC": "COM-Tipo02", "FAS_CON": "ABCN", "GRU_TEN": "BT", "TEN_FORN": "10", "GRU_TAR": "B3", "SIT_ATIV": "AT", "DAT_CON": "14/12/2015", "CAR_INST": 115.4, "LIV": 0, "ARE_LOC": "UB", "TIP_SIST": "RD_INTERLIG", "ENE_01": 456.0, "ENE_02": 394.0, "ENE_03": 515.272, "ENE_04": 342.0, "ENE_05": 253.0, "ENE_06": 451.0, "ENE_07": 0.0, "ENE_08": 2660.82, "ENE_09": 2883.0, "ENE_10": 4150.0, "ENE_11": 1859.09, "ENE_12": 3573.63, "DIC_01": 0.0, "DIC_02": 0.0, "DIC_03": 0.0, "DIC_04": 0.0, "DIC_05": 0.0, "DIC_06": 0.0, "DIC_07": 0.0, "DIC_08": 0.0, "DIC_09": 19.79, "DIC_10": 1.32, "DIC_11": 0.0, "DIC_12": 0.0, "FIC_01": 0.0, "FIC_02": 0.0, "FIC_03": 0.0, "FIC_04": 0.0, "FIC_05": 0.0, "FIC_06": 0.0, "FIC_07": 0.0, "FIC_08": 0.0, "FIC_09": 1.0, "FIC_10": 2.0, "FIC_11": 0.0, "FIC_12": 0.0, "SEMRED": 0, "DESCR": " ", "COD_ID": "0d511b2309fe3fcdf682946cd2e547055a518b0fb8c71a5382aef364a015ddbe", "__layer": "UCBT_tab", "DEM_CONT": null, "DEM_01": null, "DEM_02": null, "DEM_03": null, "DEM_04": null, "DEM_05": null, "DEM_06": null, "DEM_07": null, "DEM_08": null, "DEM_09": null, "DEM_10": null, "DEM_11": null, "DEM_12": null }, "geometry": null },
{ "type": "Feature", "properties": { "DIST": 390, "PAC": "32928929739064959L", "RAMAL": "357560717S1", "PN_CON": "357559881", "UNI_TR_MT": "357561106", "CTMT": "JKU0108", "UNI_TR_AT": "DJKU-EQ-TR3", "SUB": "DJKU", "CONJ": 15813, "MUN": "3550308", "CEG_GD": " ", "BRR": "AV PRES JUSCELINO KUBITSCHEK 180 VILA NOVA CONCEICAO", "CEP": "04543-000", "CLAS_SUB": "CO1", "CNAE": "6462-0/00", "TIP_CC": "COM-Tipo04", "FAS_CON": "ABCN", "GRU_TEN": "BT", "TEN_FORN": "10", "GRU_TAR": "B3", "SIT_ATIV": "AT", "DAT_CON": "14/12/2015", "CAR_INST": 64.5, "LIV": 0, "ARE_LOC": "UB", "TIP_SIST": "RD_INTERLIG", "ENE_01": 4877.0, "ENE_02": 5596.0, "ENE_03": 5732.125, "ENE_04": 5675.0, "ENE_05": 6160.0, "ENE_06": 5099.0, "ENE_07": 3725.4, "ENE_08": 2472.94, "ENE_09": 4505.0, "ENE_10": 4435.0, "ENE_11": 2544.67, "ENE_12": 4526.09, "DIC_01": 0.0, "DIC_02": 0.0, "DIC_03": 0.0, "DIC_04": 0.0, "DIC_05": 0.0, "DIC_06": 0.0, "DIC_07": 0.0, "DIC_08": 0.0, "DIC_09": 19.79, "DIC_10": 1.32, "DIC_11": 0.0, "DIC_12": 0.0, "FIC_01": 0.0, "FIC_02": 0.0, "FIC_03": 0.0, "FIC_04": 0.0, "FIC_05": 0.0, "FIC_06": 0.0, "FIC_07": 0.0, "FIC_08": 0.0, "FIC_09": 1.0, "FIC_10": 2.0, "FIC_11": 0.0, "FIC_12": 0.0, "SEMRED": 0, "DESCR": " ", "COD_ID": "b7d5495bd30c9d837e286fd703d9cf6d2ec7d989bb114be5a4a9d2a669b89b82", "__layer": "UCBT_tab", "DEM_CONT": null, "DEM_01": null, "DEM_02": null, "DEM_03": null, "DEM_04": null, "DEM_05": null, "DEM_06": null, "DEM_07": null, "DEM_08": null, "DEM_09": null, "DEM_10": null, "DEM_11": null, "DEM_12": null }, "geometry": null },
{ "type": "Feature", "properties": { "DIST": 390, "PAC": "2358898946677659", "RAMAL": null, "PN_CON": "561449", "UNI_TR_MT": null, "CTMT": "ITA0110", "UNI_TR_AT": "DITA-EQ-TR2", "SUB": "DITA", "CONJ": 15835, "MUN": "3550308", "CEG_GD": " ", "BRR": "AV PRES JUSCELINO KUBITSCHEK 816 VILA NOVA CONCEICAO", "CEP": "04543-000", "CLAS_SUB": "CO9", "CNAE": "5611-2/01", "TIP_CC": "MT-Tipo04", "FAS_CON": "ABC", "GRU_TEN": "MT", "TEN_FORN": "49", "GRU_TAR": "A4", "SIT_ATIV": "AT", "DAT_CON": "23/11/1993", "CAR_INST": 1250.0, "LIV": 0, "ARE_LOC": "UB", "TIP_SIST": "RD_INTERLIG", "ENE_01": 33299.72, "ENE_02": 29340.17, "ENE_03": 18317.11, "ENE_04": 0.0, "ENE_05": 0.0, "ENE_06": 0.0, "ENE_07": 0.0, "ENE_08": 0.0, "ENE_09": 0.0, "ENE_10": 0.0, "ENE_11": 0.0, "ENE_12": 0.0, "DIC_01": 0.0, "DIC_02": 2.62, "DIC_03": 0.0, "DIC_04": 3.33, "DIC_05": 0.0, "DIC_06": 0.0, "DIC_07": 0.0, "DIC_08": 0.0, "DIC_09": 3.57, "DIC_10": 0.0, "DIC_11": 0.0, "DIC_12": 0.0, "FIC_01": 0.0, "FIC_02": 1.0, "FIC_03": 0.0, "FIC_04": 1.0, "FIC_05": 0.0, "FIC_06": 0.0, "FIC_07": 0.0, "FIC_08": 0.0, "FIC_09": 1.0, "FIC_10": 0.0, "FIC_11": 0.0, "FIC_12": 0.0, "SEMRED": 0, "DESCR": "NB STEAK JK COM DE ALIMENTOS", "COD_ID": "c611f8c02cb37c805c6d1f47ac85f06c3ac4a41539caf534bef049fad58d7335", "__layer": "UCMT_tab", "DEM_CONT": 157.5, "DEM_01": 120.2, "DEM_02": 94.75, "DEM_03": 99.79, "DEM_04": 0.0, "DEM_05": 0.0, "DEM_06": 0.0, "DEM_07": 0.0, "DEM_08": 0.0, "DEM_09": 0.0, "DEM_10": 0.0, "DEM_11": 0.0, "DEM_12": 0.0 }, "geometry": null },
{ "type": "Feature", "properties": { "DIST": 390, "PAC": "2358898946677659", "RAMAL": null, "PN_CON": "561449", "UNI_TR_MT": null, "CTMT": "ITA0110", "UNI_TR_AT": "DITA-EQ-TR2", "SUB": "DITA", "CONJ": 15835, "MUN": "3550308", "CEG_GD": " ", "BRR": "AV PRES JUSCELINO KUBITSCHEK 816 VILA NOVA CONCEICAO", "CEP": "04543-000", "CLAS_SUB": "CO9", "CNAE": "5611-2/01", "TIP_CC": "MT-Tipo05", "FAS_CON": "ABC", "GRU_TEN": "MT", "TEN_FORN": "49", "GRU_TAR": "A4", "SIT_ATIV": "DS", "DAT_CON": "23/11/1993", "CAR_INST": 65.99, "LIV": 1, "ARE_LOC": "UB", "TIP_SIST": "RD_INTERLIG", "ENE_01": 0.0, "ENE_02": 0.0, "ENE_03": 0.0, "ENE_04": 30362.86, "ENE_05": 26781.99, "ENE_06": 27066.26, "ENE_07": 24163.67, "ENE_08": 23753.13, "ENE_09": 25883.78, "ENE_10": 25811.77, "ENE_11": 24838.72, "ENE_12": 26773.15, "DIC_01": 0.0, "DIC_02": 2.62, "DIC_03": 0.0, "DIC_04": 3.33, "DIC_05": 0.0, "DIC_06": 0.0, "DIC_07": 0.0, "DIC_08": 0.0, "DIC_09": 3.57, "DIC_10": 0.0, "DIC_11": 0.0, "DIC_12": 0.0, "FIC_01": 0.0, "FIC_02": 1.0, "FIC_03": 0.0, "FIC_04": 1.0, "FIC_05": 0.0, "FIC_06": 0.0, "FIC_07": 0.0, "FIC_08": 0.0, "FIC_09": 1.0, "FIC_10": 0.0, "FIC_11": 0.0, "FIC_12": 0.0, "SEMRED": 0, "DESCR": "NB STEAK JK COM DE ALIMENTOS", "COD_ID": "d5d8008b6fec0607b64aaeaa15437c6ba707258a45adcede17a0b8300cae3ee3", "__layer": "UCMT_tab", "DEM_CONT": 65.99, "DEM_01": 0.0, "DEM_02": 0.0, "DEM_03": 0.0, "DEM_04": 112.64, "DEM_05": 94.75, "DEM_06": 95.51, "DEM_07": 86.69, "DEM_08": 85.43, "DEM_09": 87.19, "DEM_10": 100.3, "DEM_11": 95.26, "DEM_12": 108.11 }, "geometry": null },
{ "type": "Feature", "properties": { "DIST": 390, "PAC": "2359115046687000", "RAMAL": null, "PN_CON": "532219", "UNI_TR_MT": null, "CTMT": "MOC0113", "UNI_TR_AT": "DMOC-EQ-TR2", "SUB": "DMOC", "CONJ": 15828, "MUN": "3550308", "CEG_GD": " ", "BRR": "AV PRES JUSCELINO KUBITSCHEK 1830 VILA NOVA CONCEICAO", "CEP": "04543-000", "CLAS_SUB": "CO9", "CNAE": "8112-5/00", "TIP_CC": "MT-Tipo05", "FAS_CON": "ABC", "GRU_TEN": "MT", "TEN_FORN": "49", "GRU_TAR": "A4", "SIT_ATIV": "AT", "DAT_CON": "01/04/1987", "CAR_INST": 43335.0, "LIV": 1, "ARE_LOC": "UB", "TIP_SIST": "RD_INTERLIG", "ENE_01": 877894.61, "ENE_02": 853484.16, "ENE_03": 803488.17, "ENE_04": 883022.51, "ENE_05": 847276.41, "ENE_06": 838657.12, "ENE_07": 751704.89, "ENE_08": 739814.32, "ENE_09": 737103.73, "ENE_10": 763788.3, "ENE_11": 781981.91, "ENE_12": 738542.0, "DIC_01": 0.0, "DIC_02": 0.0, "DIC_03": 0.0, "DIC_04": 0.0, "DIC_05": 0.0, "DIC_06": 0.0, "DIC_07": 0.0, "DIC_08": 0.0, "DIC_09": 0.0, "DIC_10": 0.0, "DIC_11": 0.0, "DIC_12": 0.0, "FIC_01": 0.0, "FIC_02": 0.0, "FIC_03": 0.0, "FIC_04": 0.0, "FIC_05": 0.0, "FIC_06": 0.0, "FIC_07": 0.0, "FIC_08": 0.0, "FIC_09": 0.0, "FIC_10": 0.0, "FIC_11": 0.0, "FIC_12": 0.0, "SEMRED": 0, "DESCR": "CONDOMINIO EDIFICIO SAO LUIZ", "COD_ID": "6c93d81e23cc5f3eb858add6787109c9526dbecf0473e6be4b22634af7f67cca", "__layer": "UCMT_tab", "DEM_CONT": 2241.1, "DEM_01": 2617.44, "DEM_02": 2624.16, "DEM_03": 2483.04, "DEM_04": 2610.72, "DEM_05": 2439.36, "DEM_06": 2395.68, "DEM_07": 2170.56, "DEM_08": 1918.56, "DEM_09": 2059.68, "DEM_10": 2197.44, "DEM_11": 2180.64, "DEM_12": 2355.36 }, "geometry": null },
{ "type": "Feature", "properties": { "DIST": 390, "PAC": "2359124646685471", "RAMAL": null, "PN_CON": "537040", "UNI_TR_MT": null, "CTMT": "MOC0113", "UNI_TR_AT": "DMOC-EQ-TR2", "SUB": "DMOC", "CONJ": 15828, "MUN": "3550308", "CEG_GD": " ", "BRR": "AV PRES JUSCELINO KUBITSCHEK 1726 VILA NOVA CONCEICAO", "CEP": "04543-000", "CLAS_SUB": "CO9", "CNAE": "8112-5/00", "TIP_CC": "MT-Tipo02", "FAS_CON": "ABC", "GRU_TEN": "MT", "TEN_FORN": "49", "GRU_TAR": "A4", "SIT_ATIV": "AT", "DAT_CON": "22/03/2000", "CAR_INST": 1100.0, "LIV": 0, "ARE_LOC": "UB", "TIP_SIST": "RD_INTERLIG", "ENE_01": 93261.91, "ENE_02": 114311.05, "ENE_03": 70592.49, "ENE_04": 0.0, "ENE_05": 0.0, "ENE_06": 0.0, "ENE_07": 0.0, "ENE_08": 0.0, "ENE_09": 0.0, "ENE_10": 0.0, "ENE_11": 0.0, "ENE_12": 0.0, "DIC_01": 0.0, "DIC_02": 0.0, "DIC_03": 0.0, "DIC_04": 0.0, "DIC_05": 0.0, "DIC_06": 0.0, "DIC_07": 0.0, "DIC_08": 0.0, "DIC_09": 0.0, "DIC_10": 0.0, "DIC_11": 0.0, "DIC_12": 0.0, "FIC_01": 0.0, "FIC_02": 0.0, "FIC_03": 0.0, "FIC_04": 0.0, "FIC_05": 0.0, "FIC_06": 0.0, "FIC_07": 0.0, "FIC_08": 0.0, "FIC_09": 0.0, "FIC_10": 0.0, "FIC_11": 0.0, "FIC_12": 0.0, "SEMRED": 0, "DESCR": "CONDOMINIO EDIFICIO SPAZIO JK", "COD_ID": "b9748a91c55c1aa4c9cbb8e5975b79b21fe868d5bcfd767236d0d64e8add568e", "__layer": "UCMT_tab", "DEM_CONT": 333.8, "DEM_01": 453.88, "DEM_02": 473.76, "DEM_03": 463.68, "DEM_04": 0.0, "DEM_05": 0.0, "DEM_06": 0.0, "DEM_07": 0.0, "DEM_08": 0.0, "DEM_09": 0.0, "DEM_10": 0.0, "DEM_11": 0.0, "DEM_12": 0.0 }, "geometry": null },
{ "type": "Feature", "properties": { "DIST": 390, "PAC": "2359124646685471", "RAMAL": null, "PN_CON": "537040", "UNI_TR_MT": null, "CTMT": "MOC0113", "UNI_TR_AT": "DMOC-EQ-TR2", "SUB": "DMOC", "CONJ": 15828, "MUN": "3550308", "CEG_GD": " ", "BRR": "AV PRES JUSCELINO KUBITSCHEK 1726 VILA NOVA CONCEICAO", "CEP": "04543-000", "CLAS_SUB": "CO9", "CNAE": "8112-5/00", "TIP_CC": "MT-Tipo05", "FAS_CON": "ABC", "GRU_TEN": "MT", "TEN_FORN": "49", "GRU_TAR": "A4", "SIT_ATIV": "DS", "DAT_CON": "22/03/2000", "CAR_INST": 239.143, "LIV": 1, "ARE_LOC": "UB", "TIP_SIST": "RD_INTERLIG", "ENE_01": 0.0, "ENE_02": 0.0, "ENE_03": 0.0, "ENE_04": 93377.8, "ENE_05": 110033.03, "ENE_06": 103769.43, "ENE_07": 93005.21, "ENE_08": 91372.6, "ENE_09": 91391.28, "ENE_10": 94576.48, "ENE_11": 98590.39, "ENE_12": 86277.12, "DIC_01": 0.0, "DIC_02": 0.0, "DIC_03": 0.0, "DIC_04": 0.0, "DIC_05": 0.0, "DIC_06": 0.0, "DIC_07": 0.0, "DIC_08": 0.0, "DIC_09": 0.0, "DIC_10": 0.0, "DIC_11": 0.0, "DIC_12": 0.0, "FIC_01": 0.0, "FIC_02": 0.0, "FIC_03": 0.0, "FIC_04": 0.0, "FIC_05": 0.0, "FIC_06": 0.0, "FIC_07": 0.0, "FIC_08": 0.0, "FIC_09": 0.0, "FIC_10": 0.0, "FIC_11": 0.0, "FIC_12": 0.0, "SEMRED": 0, "DESCR": "CONDOMINIO EDIFICIO SPAZIO JK", "COD_ID": "e587f5ef8179e73a9d4c6fdce875d67b20e989d74e8c9dd4a84fd5953a8b797c", "__layer": "UCMT_tab", "DEM_CONT": 239.14, "DEM_01": 0.0, "DEM_02": 0.0, "DEM_03": 0.0, "DEM_04": 474.6, "DEM_05": 386.4, "DEM_06": 436.38, "DEM_07": 390.18, "DEM_08": 340.2, "DEM_09": 351.12, "DEM_10": 358.68, "DEM_11": 367.5, "DEM_12": 368.34 }, "geometry": null },
{ "type": "Feature", "properties": { "DIST": 390, "PAC": "2358695346675000", "RAMAL": null, "PN_CON": "569521", "UNI_TR_MT": null, "CTMT": "JKU0108", "UNI_TR_AT": "DJKU-EQ-TR3", "SUB": "DJKU", "CONJ": 15813, "MUN": "3550308", "CEG_GD": " ", "BRR": "AV PRES JUSCELINO KUBITSCHEK 510 VILA NOVA CONCEICAO", "CEP": "04543-000", "CLAS_SUB": "CO9", "CNAE": "5510-8/01", "TIP_CC": "MT-Tipo02", "FAS_CON": "ABC", "GRU_TEN": "MT", "TEN_FORN": "49", "GRU_TAR": "A4", "SIT_ATIV": "AT", "DAT_CON": "09/03/2000", "CAR_INST": 364.836, "LIV": 1, "ARE_LOC": "UB", "TIP_SIST": "RD_INTERLIG", "ENE_01": 164558.2, "ENE_02": 157830.35, "ENE_03": 149471.88, "ENE_04": 167866.15, "ENE_05": 141940.42, "ENE_06": 139043.27, "ENE_07": 114039.4, "ENE_08": 101590.2, "ENE_09": 110178.13, "ENE_10": 108134.81, "ENE_11": 84427.19, "ENE_12": 87094.99, "DIC_01": 0.0, "DIC_02": 0.0, "DIC_03": 0.0, "DIC_04": 0.0, "DIC_05": 0.0, "DIC_06": 0.0, "DIC_07": 0.0, "DIC_08": 0.0, "DIC_09": 0.0, "DIC_10": 1.4, "DIC_11": 0.0, "DIC_12": 0.0, "FIC_01": 0.0, "FIC_02": 0.0, "FIC_03": 0.0, "FIC_04": 0.0, "FIC_05": 0.0, "FIC_06": 0.0, "FIC_07": 0.0, "FIC_08": 0.0, "FIC_09": 0.0, "FIC_10": 2.0, "FIC_11": 0.0, "FIC_12": 0.0, "SEMRED": 0, "DESCR": "CONDOMINIO EDIFICIO JK FINANCIAL CENTER", "COD_ID": "aa338cea2dd4f14800fc98d9a03b43fef6e5ce0fcde3fcf5b3a233746931ec2f", "__layer": "UCMT_tab", "DEM_CONT": 364.84, "DEM_01": 677.04, "DEM_02": 656.88, "DEM_03": 629.16, "DEM_04": 824.88, "DEM_05": 694.68, "DEM_06": 593.88, "DEM_07": 529.2, "DEM_08": 394.8, "DEM_09": 442.68, "DEM_10": 512.4, "DEM_11": 466.2, "DEM_12": 519.96 }, "geometry": null },
{ "type": "Feature", "properties": { "DIST": 390, "PAC": "2358994346680893", "RAMAL": null, "PN_CON": "551285", "UNI_TR_MT": null, "CTMT": "ITA0111", "UNI_TR_AT": "DITA-EQ-TR3", "SUB": "DITA", "CONJ": 15835, "MUN": "3550308", "CEG_GD": " ", "BRR": "AV PRES JUSCELINO KUBITSCHEK 1300 VILA NOVA CONCEICAO", "CEP": "04543-000", "CLAS_SUB": "CO9", "CNAE": "6421-2/00", "TIP_CC": "MT-Tipo03", "FAS_CON": "ABC", "GRU_TEN": "MT", "TEN_FORN": "49", "GRU_TAR": "A4", "SIT_ATIV": "AT", "DAT_CON": "07/05/2001", "CAR_INST": 190.0, "LIV": 1, "ARE_LOC": "UB", "TIP_SIST": "RD_INTERLIG", "ENE_01": 23568.34, "ENE_02": 23006.22, "ENE_03": 21258.71, "ENE_04": 22520.67, "ENE_05": 18613.54, "ENE_06": 16448.1, "ENE_07": 13436.78, "ENE_08": 14700.82, "ENE_09": 16428.74, "ENE_10": 20293.09, "ENE_11": 18402.07, "ENE_12": 17896.28, "DIC_01": 0.0, "DIC_02": 3.2, "DIC_03": 0.0, "DIC_04": 0.0, "DIC_05": 0.0, "DIC_06": 0.0, "DIC_07": 0.1, "DIC_08": 0.0, "DIC_09": 0.0, "DIC_10": 0.0, "DIC_11": 0.0, "DIC_12": 0.0, "FIC_01": 0.0, "FIC_02": 1.0, "FIC_03": 0.0, "FIC_04": 0.0, "FIC_05": 0.0, "FIC_06": 0.0, "FIC_07": 1.0, "FIC_08": 0.0, "FIC_09": 0.0, "FIC_10": 0.0, "FIC_11": 0.0, "FIC_12": 0.0, "SEMRED": 0, "DESCR": "ITAU UNIBANCO S.A.", "COD_ID": "7563e59bfc15b6ab3704f21ee84a4c4ab2997d8fcaa4ac040804a14b997796cc", "__layer": "UCMT_tab", "DEM_CONT": 93.1, "DEM_01": 101.47, "DEM_02": 91.56, "DEM_03": 91.39, "DEM_04": 95.59, "DEM_05": 73.42, "DEM_06": 69.72, "DEM_07": 56.95, "DEM_08": 36.29, "DEM_09": 71.9, "DEM_10": 77.11, "DEM_11": 78.79, "DEM_12": 78.12 }, "geometry": null },
{ "type": "Feature", "properties": { "DIST": 390, "PAC": "2359072746682736", "RAMAL": null, "PN_CON": "545852", "UNI_TR_MT": null, "CTMT": "MOC0113", "UNI_TR_AT": "DMOC-EQ-TR2", "SUB": "DMOC", "CONJ": 15828, "MUN": "3550308", "CEG_GD": " ", "BRR": "AV PRES JUSCELINO KUBITSCHEK 1388 VILA NOVA CONCEICAO", "CEP": "04543-000", "CLAS_SUB": "CO9", "CNAE": "8112-5/00", "TIP_CC": "MT-Tipo02", "FAS_CON": "ABC", "GRU_TEN": "MT", "TEN_FORN": "49", "GRU_TAR": "A4", "SIT_ATIV": "AT", "DAT_CON": "28/04/2003", "CAR_INST": 850.0, "LIV": 1, "ARE_LOC": "UB", "TIP_SIST": "RD_INTERLIG", "ENE_01": 145196.14, "ENE_02": 138586.88, "ENE_03": 126216.52, "ENE_04": 143659.57, "ENE_05": 130974.89, "ENE_06": 127064.41, "ENE_07": 104195.55, "ENE_08": 97890.36, "ENE_09": 106669.83, "ENE_10": 121423.27, "ENE_11": 118850.88, "ENE_12": 113780.24, "DIC_01": 0.0, "DIC_02": 0.0, "DIC_03": 1.07, "DIC_04": 0.0, "DIC_05": 0.0, "DIC_06": 0.0, "DIC_07": 0.0, "DIC_08": 0.0, "DIC_09": 0.0, "DIC_10": 0.0, "DIC_11": 6.01, "DIC_12": 0.0, "FIC_01": 0.0, "FIC_02": 0.0, "FIC_03": 1.0, "FIC_04": 0.0, "FIC_05": 0.0, "FIC_06": 0.0, "FIC_07": 0.0, "FIC_08": 0.0, "FIC_09": 0.0, "FIC_10": 0.0, "FIC_11": 1.0, "FIC_12": 0.0, "SEMRED": 0, "DESCR": "CDM ED MARIA CECILIA LARA CAMPOS", "COD_ID": "b16c5b4c987ddde71de93b865dd32abe1aa08ad04f3228dbd856aefc10b6f10c", "__layer": "UCMT_tab", "DEM_CONT": 488.0, "DEM_01": 650.16, "DEM_02": 695.52, "DEM_03": 644.28, "DEM_04": 666.96, "DEM_05": 550.2, "DEM_06": 588.0, "DEM_07": 507.36, "DEM_08": 473.76, "DEM_09": 662.76, "DEM_10": 595.56, "DEM_11": 502.32, "DEM_12": 555.24 }, "geometry": null },
{ "type": "Feature", "properties": { "DIST": 390, "PAC": "2359053146683460", "RAMAL": null, "PN_CON": "369116546", "UNI_TR_MT": null, "CTMT": "MOC0113", "UNI_TR_AT": "DMOC-EQ-TR2", "SUB": "DMOC", "CONJ": 15828, "MUN": "3550308", "CEG_GD": " ", "BRR": "AV PRES JUSCELINO KUBITSCHEK 1514 VILA NOVA CONCEICAO", "CEP": "04543-000", "CLAS_SUB": "CO1", "CNAE": "5611-2/03", "TIP_CC": "MT-Tipo04", "FAS_CON": "ABC", "GRU_TEN": "MT", "TEN_FORN": "49", "GRU_TAR": "A4", "SIT_ATIV": "AT", "DAT_CON": "26/12/2018", "CAR_INST": 150.0, "LIV": 1, "ARE_LOC": "UB", "TIP_SIST": "RD_INTERLIG", "ENE_01": 37650.69, "ENE_02": 33394.78, "ENE_03": 35502.48, "ENE_04": 37976.46, "ENE_05": 32174.31, "ENE_06": 29165.86, "ENE_07": 22699.26, "ENE_08": 24045.48, "ENE_09": 28102.47, "ENE_10": 30562.78, "ENE_11": 29376.28, "ENE_12": 27206.37, "DIC_01": 0.0, "DIC_02": 0.0, "DIC_03": 0.0, "DIC_04": 0.0, "DIC_05": 0.0, "DIC_06": 0.0, "DIC_07": 0.0, "DIC_08": 0.0, "DIC_09": 0.0, "DIC_10": 0.0, "DIC_11": 6.01, "DIC_12": 0.0, "FIC_01": 0.0, "FIC_02": 0.0, "FIC_03": 0.0, "FIC_04": 0.0, "FIC_05": 0.0, "FIC_06": 0.0, "FIC_07": 0.0, "FIC_08": 0.0, "FIC_09": 0.0, "FIC_10": 0.0, "FIC_11": 1.0, "FIC_12": 0.0, "SEMRED": 0, "DESCR": "ZAMP S.A", "COD_ID": "3e08f543e2e2ad2406314378e1f8aafd8170a08a1b9c6642e9e905ad3afdc0d5", "__layer": "UCMT_tab", "DEM_CONT": 72.5, "DEM_01": 93.84, "DEM_02": 91.15, "DEM_03": 91.15, "DEM_04": 88.85, "DEM_05": 80.74, "DEM_06": 71.42, "DEM_07": 54.38, "DEM_08": 60.19, "DEM_09": 71.33, "DEM_10": 89.42, "DEM_11": 88.56, "DEM_12": 87.74 }, "geometry": null }
]
}
