{
"type": "FeatureCollection",
"name": "cep_03058000_matches",
"features": [
{ "type": "Feature", "properties": { "DIST": 390, "PAC": "33811896739608720L", "RAMAL": "421379829S1", "PN_CON": "809335", "UNI_TR_MT": "14432746", "CTMT": "TTI0114", "UNI_TR_AT": "DTTI-EQ-TR1", "SUB": "DTTI", "CONJ": 12986, "MUN": "3550308", "CEG_GD": " ", "BRR": "R CONS COTEGIPE 815 BELENZINHO", "CEP": "03058-000", "CLAS_SUB": "RE1", "CNAE": " ", "TIP_CC": "RES-Tipo01", "FAS_CON": "ABN", "GRU_TEN": "BT", "TEN_FORN": "10", "GRU_TAR": "B1", "SIT_ATIV": "AT", "DAT_CON": "01/12/1961", "CAR_INST": 12.0, "LIV": 0, "ARE_LOC": "UB", "TIP_SIST": "RD_INTERLIG", "ENE_01": 65.54, "ENE_02": 135.0, "ENE_03": 135.0, "ENE_04": 135.0, "ENE_05": 60.0, "ENE_06": 0.0, "ENE_07": 0.0, "ENE_08": 0.0, "ENE_09": 0.0, "ENE_10": 0.0, "ENE_11": 53.0, "ENE_12": 119.42, "DIC_01": 0.0, "DIC_02": 0.0, "DIC_03": 0.08, "DIC_04": 1.02, "DIC_05": 0.0, "DIC_06": 0.0, "DIC_07": 0.0, "DIC_08": 0.0, "DIC_09": 0.0, "DIC_10": 0.0, "DIC_11": 0.0, "DIC_12": 0.0, "FIC_01": 0.0, "FIC_02": 0.0, "FIC_03": 1.0, "FIC_04": 1.0, "FIC_05": 0.0, "FIC_06": 0.0, "FIC_07": 0.0, "FIC_08": 0.0, "FIC_09": 0.0, "FIC_10": 0.0, "FIC_11": 0.0, "FIC_12": 0.0, "SEMRED": 0, "DESCR": " ", "COD_ID": "bb0d8eb92ae160cf7ef1611762f4440017f85d592cea7334df2610627332e6b2", "__layer": "UCBT_tab" }, "geometry": null },
{ "type": "Feature", "properties": { "DIST": 390, "PAC": "33811876739608733L", "RAMAL": "421379823S1", "PN_CON": "809335", "UNI_TR_MT": "14432746", "CTMT": "TTI0114", "UNI_TR_AT": "DTTI-EQ-TR1", "SUB": "DTTI", "CONJ": 12986, "MUN": "3550308", "CEG_GD": " ", "BRR": "R CONS COTEGIPE 807 BELENZINHO", "CEP": "03058-000", "CLAS_SUB": "RE1", "CNAE": " ", "TIP_CC": "RES-Tipo04", "FAS_CON": "ABN", "GRU_TEN": "BT", "TEN_FORN": "10", "GRU_TAR": "B1", "SIT_ATIV": "AT", "DAT_CON": "01/04/1956", "CAR_INST": 6.5, "LIV": 0, "ARE_LOC": "UB", "TIP_SIST": "RD_INTERLIG", "ENE_01": 175.61, "ENE_02": 294.0, "ENE_03": 349.0, "ENE_04": 314.0, "ENE_05": 355.0, "ENE_06": 337.0, "ENE_07": 301.0, "ENE_08": 280.0, "ENE_09": 313.0, "ENE_10": 340.0, "ENE_11": 269.0, "ENE_12": 278.65, "DIC_01": 0.0, "DIC_02": 0.0, "DIC_03": 0.08, "DIC_04": 1.02, "DIC_05": 0.0, "DIC_06": 0.0, "DIC_07": 0.0, "DIC_08": 0.0, "DIC_09": 1.76, "DIC_10": 0.0, "DIC_11": 0.0, "DIC_12": 0.0, "FIC_01": 0.0, "FIC_02": 0.0, "FIC_03": 1.0, "FIC_04": 1.0, "FIC_05": 0.0, "FIC_06": 0.0, "FIC_07": 0.0, "FIC_08": 0.0, "FIC_09": 1.0, "FIC_10": 0.0, "FIC_11": 0.0, "FIC_12": 0.0, "SEMRED": 0, "DESCR": " ", "COD_ID": "9ed58b6859dfbb0ee509ed33f9f71b2ce5c40e31fccc87e32d720b4020206d34", "__layer": "UCBT_tab" }, "geometry": null },
{ "type": "Feature", "properties": { "DIST": 390, "PAC": "33811927739608695L", "RAMAL": "9714315S1", "PN_CON": "809335", "UNI_TR_MT": "14432746", "CTMT": "TTI0114", "UNI_TR_AT": "DTTI-EQ-TR1", "SUB": "DTTI", "CONJ": 12986, "MUN": "3550308", "CEG_GD": " ", "BRR": "R CONS COTEGIPE 799 BELENZINHO", "CEP": "03058-000", "CLAS_SUB": "RE1", "CNAE": " ", "TIP_CC": "RES-Tipo05", "FAS_CON": "ABN", "GRU_TEN": "BT", "TEN_FORN": "10", "GRU_TAR": "B1", "SIT_ATIV": "AT", "DAT_CON": "01/08/1985", "CAR_INST": 14.7, "LIV": 0, "ARE_LOC": "UB", "TIP_SIST": "RD_INTERLIG", "ENE_01": 99.56, "ENE_02": 203.0, "ENE_03": 30.0, "ENE_04": 30.0, "ENE_05": 30.0, "ENE_06": 30.0, "ENE_07": 30.0, "ENE_08": 30.0, "ENE_09": 30.0, "ENE_10": 30.0, "ENE_11": 30.0, "ENE_12": 29.12, "DIC_01": 0.0, "DIC_02": 0.0, "DIC_03": 0.08, "DIC_04": 1.02, "DIC_05": 0.0, "DIC_06": 0.0, "DIC_07": 0.0, "DIC_08": 0.0, "DIC_09": 1.76, "DIC_10": 0.0, "DIC_11": 0.0, "DIC_12": 0.0, "FIC_01": 0.0, "FIC_02": 0.0, "FIC_03": 1.0, "FIC_04": 1.0, "FIC_05": 0.0, "FIC_06": 0.0, "FIC_07": 0.0, "FIC_08": 0.0, "FIC_09": 1.0, "FIC_10": 0.0, "FIC_11": 0.0, "FIC_12": 0.0, "SEMRED": 0, "DESCR": " ", "COD_ID": "94e9ac0a9fe9848479ecba08706ae18e411c624340709163580eee40d8a13a96", "__layer": "UCBT_tab" }, "geometry": null },
{ "type": "Feature", "properties": { "DIST": 390, "PAC": "33811807739608761L", "RAMAL": "421379805S1", "PN_CON": "809335", "UNI_TR_MT": "14432746", "CTMT": "TTI0114", "UNI_TR_AT": "DTTI-EQ-TR1", "SUB": "DTTI", "CONJ": 12986, "MUN": "3550308", "CEG_GD": " ", "BRR": "R CONS COTEGIPE 787 BELENZINHO", "CEP": "03058-000", "CLAS_SUB": "RE1", "CNAE": " ", "TIP_CC": "RES-Tipo04", "FAS_CON": "ABN", "GRU_TEN": "BT", "TEN_FORN": "10", "GRU_TAR": "B1", "SIT_ATIV": "AT", "DAT_CON": "01/10/1970", "CAR_INST": 3.0, "LIV": 0, "ARE_LOC": "UB", "TIP_SIST": "RD_INTERLIG", "ENE_01": 203.63, "ENE_02": 397.0, "ENE_03": 30.0, "ENE_04": 770.0, "ENE_05": 321.0, "ENE_06": 283.0, "ENE_07": 259.0, "ENE_08": 261.0, "ENE_09": 333.0, "ENE_10": 248.0, "ENE_11": 242.0, "ENE_12": 255.35, "DIC_01": 0.0, "DIC_02": 0.0, "DIC_03": 0.08, "DIC_04": 1.02, "DIC_05": 0.0, "DIC_06": 0.0, "DIC_07": 0.0, "DIC_08": 0.0, "DIC_09": 1.76, "DIC_10": 0.0, "DIC_11": 0.0, "DIC_12": 0.0, "FIC_01": 0.0, "FIC_02": 0.0, "FIC_03": 1.0, "FIC_04": 1.0, "FIC_05": 0.0, "FIC_06": 0.0, "FIC_07": 0.0, "FIC_08": 0.0, "FIC_09": 1.0, "FIC_10": 0.0, "FIC_11": 0.0, "FIC_12": 0.0, "SEMRED": 0, "DESCR": " ", "COD_ID": "c030ae90673dc1ed717966c58338cefce51985e118f227feff55994ca21cd95c", "__layer": "UCBT_tab" }, "geometry": null },
{ "type": "Feature", "properties": { "DIST": 390, "PAC": "33809079739607930L", "RAMAL": "421617200S1", "PN_CON": "808527", "UNI_TR_MT": "14432746", "CTMT": "TTI0114", "UNI_TR_AT": "DTTI-EQ-TR1", "SUB": "DTTI", "CONJ": 12986, "MUN": "3550308", "CEG_GD": " ", "BRR": "R CONS COTEGIPE 779 BELENZINHO", "CEP": "03058-000", "CLAS_SUB": "RE1", "CNAE": " ", "TIP_CC": "RES-Tipo02", "FAS_CON": "ABN", "GRU_TEN": "BT", "TEN_FORN": "10", "GRU_TAR": "B1", "SIT_ATIV": "AT", "DAT_CON": "01/05/1954", "CAR_INST": 4.5, "LIV": 0, "ARE_LOC": "UB", "TIP_SIST": "RD_INTERLIG", "ENE_01": 101.06, "ENE_02": 221.0, "ENE_03": 214.0, "ENE_04": 242.0, "ENE_05": 221.0, "ENE_06": 214.0, "ENE_07": 314.0, "ENE_08": 228.0, "ENE_09": 222.0, "ENE_10": 212.0, "ENE_11": 218.0, "ENE_12": 214.57, "DIC_01": 0.0, "DIC_02": 0.0, "DIC_03": 0.08, "DIC_04": 1.02, "DIC_05": 0.0, "DIC_06": 0.0, "DIC_07": 0.0, "DIC_08": 0.0, "DIC_09": 1.76, "DIC_10": 0.0, "DIC_11": 0.0, "DIC_12": 0.0, "FIC_01": 0.0, "FIC_02": 0.0, "FIC_03": 1.0, "FIC_04": 1.0, "FIC_05": 0.0, "FIC_06": 0.0, "FIC_07": 0.0, "FIC_08": 0.0, "FIC_09": 1.0, "FIC_10": 0.0, "FIC_11": 0.0, "FIC_12": 0.0, "SEMRED": 0, "DESCR": " ", "COD_ID": "c6f7c20f7114a6e9618132fd3214486652ec689dcaae30f11f157c28d4119c13", "__layer": "UCBT_tab" }, "geometry": null },
{ "type": "Feature", "properties": { "DIST": 390, "PAC": "33808976739608033L", "RAMAL": "421617170S1", "PN_CON": "808527", "UNI_TR_MT": "14432746", "CTMT": "TTI0114", "UNI_TR_AT": "DTTI-EQ-TR1", "SUB": "DTTI", "CONJ": 12986, "MUN": "3550308", "CEG_GD": " ", "BRR": "R CONS COTEGIPE 771 BELENZINHO", "CEP": "03058-000", "CLAS_SUB": "RE1", "CNAE": " ", "TIP_CC": "COM-Tipo02", "FAS_CON": "ABN", "GRU_TEN": "BT", "TEN_FORN": "10", "GRU_TAR": "B1", "SIT_ATIV": "AT", "DAT_CON": "01/02/1955", "CAR_INST": 0.3, "LIV": 0, "ARE_LOC": "UB", "TIP_SIST": "RD_INTERLIG", "ENE_01": 15.01, "ENE_02": 2.0, "ENE_03": 1.0, "ENE_04": 30.0, "ENE_05": 4.0, "ENE_06": 30.0, "ENE_07": 1.0, "ENE_08": 30.0, "ENE_09": 30.0, "ENE_10": 37.0, "ENE_11": 42.0, "ENE_12": 29.12, "DIC_01": 0.0, "DIC_02": 0.0, "DIC_03": 0.08, "DIC_04": 1.02, "DIC_05": 0.0, "DIC_06": 0.0, "DIC_07": 0.0, "DIC_08": 0.0, "DIC_09": 1.76, "DIC_10": 0.0, "DIC_11": 0.0, "DIC_12": 0.0, "FIC_01": 0.0, "FIC_02": 0.0, "FIC_03": 1.0, "FIC_04": 1.0, "FIC_05": 0.0, "FIC_06": 0.0, "FIC_07": 0.0, "FIC_08": 0.0, "FIC_09": 1.0, "FIC_10": 0.0, "FIC_11": 0.0, "FIC_12": 0.0, "SEMRED": 0, "DESCR": " ", "COD_ID": "06d14598469db9654ee101fca98466a66764986f71e7943a8233c9062c6422e5", "__layer": "UCBT_tab" }, "geometry": null },
{ "type": "Feature", "properties": { "DIST": 390, "PAC": "33808859739608070L", "RAMAL": "421617139S1", "PN_CON": "808527", "UNI_TR_MT": "14432746", "CTMT": "TTI0114", "UNI_TR_AT": "DTTI-EQ-TR1", "SUB": "DTTI", "CONJ": 12986, "MUN": "3550308", "CEG_GD": " ", "BRR": "R CONS COTEGIPE 761 BELENZINHO", "CEP": "03058-000", "CLAS_SUB": "RE1", "CNAE": " ", "TIP_CC": "RES-Tipo02", "FAS_CON": "ABN", "GRU_TEN": "BT", "TEN_FORN": "10", "GRU_TAR": "B1", "SIT_ATIV": "AT", "DAT_CON": "01/04/1968", "CAR_INST": 6.4, "LIV": 0, "ARE_LOC": "UB", "TIP_SIST": "RD_INTERLIG", "ENE_01": 108.57, "ENE_02": 193.0, "ENE_03": 235.0, "ENE_04": 246.0, "ENE_05": 239.0, "ENE_06": 221.0, "ENE_07": 198.0, "ENE_08": 201.0, "ENE_09": 199.0, "ENE_10": 211.0, "ENE_11": 226.0, "ENE_12": 200.98, "DIC_01": 0.0, "DIC_02": 0.0, "DIC_03": 0.08, "DIC_04": 1.02, "DIC_05": 0.0, "DIC_06": 0.0, "DIC_07": 0.0, "DIC_08": 0.0, "DIC_09": 1.76, "DIC_10": 0.0, "DIC_11": 0.0, "DIC_12": 0.0, "FIC_01": 0.0, "FIC_02": 0.0, "FIC_03": 1.0, "FIC_04": 1.0, "FIC_05": 0.0, "FIC_06": 0.0, "FIC_07": 0.0, "FIC_08": 0.0, "FIC_09": 1.0, "FIC_10": 0.0, "FIC_11": 0.0, "FIC_12": 0.0, "SEMRED": 0, "DESCR": " ", "COD_ID": "486fc40766124d762781ff20745dd2f41101ae3eb06f279e0823fa832abe0be8", "__layer": "UCBT_tab" }, "geometry": null },
{ "type": "Feature", "properties": { "DIST": 390, "PAC": "33809090739607908L", "RAMAL": "421617206S1", "PN_CON": "808527", "UNI_TR_MT": "14432746", "CTMT": "TTI0114", "UNI_TR_AT": "DTTI-EQ-TR1", "SUB": "DTTI", "CONJ": 12986, "MUN": "3550308", "CEG_GD": " ", "BRR": "R CONS COTEGIPE 751 BELENZINHO", "CEP": "03058-000", "CLAS_SUB": "RE1", "CNAE": " ", "TIP_CC": "RES-Tipo03", "FAS_CON": "ABN", "GRU_TEN": "BT", "TEN_FORN": "10", "GRU_TAR": "B1", "SIT_ATIV": "AT", "DAT_CON": "01/05/1977", "CAR_INST": 6.0, "LIV": 0, "ARE_LOC": "UB", "TIP_SIST": "RD_INTERLIG", "ENE_01": 41.02, "ENE_02": 81.0, "ENE_03": 111.0, "ENE_04": 118.0, "ENE_05": 124.0, "ENE_06": 137.0, "ENE_07": 129.0, "ENE_08": 103.0, "ENE_09": 117.0, "ENE_10": 126.0, "ENE_11": 130.0, "ENE_12": 108.74, "DIC_01": 0.0, "DIC_02": 0.0, "DIC_03": 0.08, "DIC_04": 1.02, "DIC_05": 0.0, "DIC_06": 0.0, "DIC_07": 0.0, "DIC_08": 0.0, "DIC_09": 1.76, "DIC_10": 0.0, "DIC_11": 0.0, "DIC_12": 0.0, "FIC_01": 0.0, "FIC_02": 0.0, "FIC_03": 1.0, "FIC_04": 1.0, "FIC_05": 0.0, "FIC_06": 0.0, "FIC_07": 0.0, "FIC_08": 0.0, "FIC_09": 1.0, "FIC_10": 0.0, "FIC_11": 0.0, "FIC_12": 0.0, "SEMRED": 0, "DESCR": " ", "COD_ID": "7003a59b66157bb140a7605ae7af2b5306395c0abb338c4f0dcd283f8cd334dd", "__layer": "UCBT_tab" }, "geometry": null },
{ "type": "Feature", "properties": { "DIST": 390, "PAC": "33808931739608054L", "RAMAL": "421617157S1", "PN_CON": "808527", "UNI_TR_MT": "14432746", "CTMT": "TTI0114", "UNI_TR_AT": "DTTI-EQ-TR1", "SUB": "DTTI", "CONJ": 12986, "MUN": "3550308", "CEG_GD": " ", "BRR": "R CONS COTEGIPE 749 BELENZINHO", "CEP": "03058-000", "CLAS_SUB": "RE1", "CNAE": " ", "TIP_CC": "RES-Tipo05", "FAS_CON": "ABN", "GRU_TEN": "BT", "TEN_FORN": "10", "GRU_TAR": "B1", "SIT_ATIV": "AT", "DAT_CON": "01/12/1969", "CAR_INST": 9.5, "LIV": 0, "ARE_LOC": "UB", "TIP_SIST": "RD_INTERLIG", "ENE_01": 340.72, "ENE_02": 550.0, "ENE_03": 651.0, "ENE_04": 589.0, "ENE_05": 614.0, "ENE_06": 440.0, "ENE_07": 310.0, "ENE_08": 361.0, "ENE_09": 421.0, "ENE_10": 540.0, "ENE_11": 411.0, "ENE_12": 377.68, "DIC_01": 0.0, "DIC_02": 0.0, "DIC_03": 0.08, "DIC_04": 1.02, "DIC_05": 0.0, "DIC_06": 0.0, "DIC_07": 0.0, "DIC_08": 0.0, "DIC_09": 1.76, "DIC_10": 0.0, "DIC_11": 0.0, "DIC_12": 0.0, "FIC_01": 0.0, "FIC_02": 0.0, "FIC_03": 1.0, "FIC_04": 1.0, "FIC_05": 0.0, "FIC_06": 0.0, "FIC_07": 0.0, "FIC_08": 0.0, "FIC_09": 1.0, "FIC_10": 0.0, "FIC_11": 0.0, "FIC_12": 0.0, "SEMRED": 0, "DESCR": " ", "COD_ID": "f8dcec187b50e602e6c01bc34999c1bfd99f405dbe533892e39e40041ead27db", "__layer": "UCBT_tab" }, "geometry": null },
{ "type": "Feature", "properties": { "DIST": 390, "PAC": "33809027739607995L", "RAMAL": "9712353S1", "PN_CON": "808527", "UNI_TR_MT": "14432746", "CTMT": "TTI0114", "UNI_TR_AT": "DTTI-EQ-TR1", "SUB": "DTTI", "CONJ": 12986, "MUN": "3550308", "CEG_GD": " ", "BRR": "R CONS COTEGIPE 754 BELENZINHO", "CEP": "03058-000", "CLAS_SUB": "RE1", "CNAE": " ", "TIP_CC": "RES-Tipo02", "FAS_CON": "ABN", "GRU_TEN": "BT", "TEN_FORN": "10", "GRU_TAR": "B1", "SIT_ATIV": "AT", "DAT_CON": "01/08/1983", "CAR_INST": 12.0, "LIV": 0, "ARE_LOC": "UB", "TIP_SIST": "RD_INTERLIG", "ENE_01": 89.05, "ENE_02": 200.0, "ENE_03": 225.0, "ENE_04": 274.0, "ENE_05": 243.0, "ENE_06": 238.0, "ENE_07": 254.0, "ENE_08": 280.0, "ENE_09": 256.0, "ENE_10": 267.0, "ENE_11": 268.0, "ENE_12": 243.7, "DIC_01": 0.0, "DIC_02": 0.0, "DIC_03": 0.08, "DIC_04": 1.02, "DIC_05": 0.0, "DIC_06": 0.0, "DIC_07": 0.0, "DIC_08": 0.0, "DIC_09": 1.76, "DIC_10": 0.0, "DIC_11": 0.0, "DIC_12": 0.0, "FIC_01": 0.0, "FIC_02": 0.0, "FIC_03": 1.0, "FIC_04": 1.0, "FIC_05": 0.0, "FIC_06": 0.0, "FIC_07": 0.0, "FIC_08": 0.0, "FIC_09": 1.0, "FIC_10": 0.0, "FIC_11": 0.0, "FIC_12": 0.0, "SEMRED": 0, "DESCR": " ", "COD_ID": "c963294f0bdd06b6e3ec7dafe7dae36393f8d91909a4a75563b25389bcf65343", "__layer": "UCBT_tab" }, "geometry": null },
{ "type": "Feature", "properties": { "DIST": 390, "PAC": "33808907739608061L", "RAMAL": "421617151S1", "PN_CON": "808527", "UNI_TR_MT": "14432746", "CTMT": "TTI0114", "UNI_TR_AT": "DTTI-EQ-TR1", "SUB": "DTTI", "CONJ": 12986, "MUN": "3550308", "CEG_GD": " ", "BRR": "R CONS COTEGIPE 764 BELENZINHO", "CEP": "03058-000", "CLAS_SUB": "RE1", "CNAE": " ", "TIP_CC": "RES-Tipo05", "FAS_CON": "ABN", "GRU_TEN": "BT", "TEN_FORN": "10", "GRU_TAR": "B1", "SIT_ATIV": "AT", "DAT_CON": "01/06/1951", "CAR_INST": 12.0, "LIV": 0, "ARE_LOC": "UB", "TIP_SIST": "RD_INTERLIG", "ENE_01": 292.19, "ENE_02": 514.0, "ENE_03": 535.0, "ENE_04": 556.0, "ENE_05": 546.0, "ENE_06": 589.0, "ENE_07": 622.0, "ENE_08": 628.0, "ENE_09": 503.0, "ENE_10": 397.0, "ENE_11": 560.0, "ENE_12": 565.07, "DIC_01": 0.0, "DIC_02": 0.0, "DIC_03": 0.08, "DIC_04": 1.02, "DIC_05": 0.0, "DIC_06": 0.0, "DIC_07": 0.0, "DIC_08": 0.0, "DIC_09": 1.76, "DIC_10": 0.0, "DIC_11": 0.0, "DIC_12": 0.0, "FIC_01": 0.0, "FIC_02": 0.0, "FIC_03": 1.0, "FIC_04": 1.0, "FIC_05": 0.0, "FIC_06": 0.0, "FIC_07": 0.0, "FIC_08": 0.0, "FIC_09": 1.0, "FIC_10": 0.0, "FIC_11": 0.0, "FIC_12": 0.0, "SEMRED": 0, "DESCR": " ", "COD_ID": "736a7130671f5797bb865268271bb859fecda8fbd77cf5807bc1e026d764cd93", "__layer": "UCBT_tab" }, "geometry": null },
{ "type": "Feature", "properties": { "DIST": 390, "PAC": "33811783739608767L", "RAMAL": "421379799S1", "PN_CON": "809335", "UNI_TR_MT": "14432746", "CTMT": "TTI0114", "UNI_TR_AT": "DTTI-EQ-TR1", "SUB": "DTTI", "CONJ": 12986, "MUN": "3550308", "CEG_GD": " ", "BRR": "R CONS COTEGIPE 780 BELENZINHO", "CEP": "03058-000", "CLAS_SUB": "RE1", "CNAE": " ", "TIP_CC": "RES-Tipo02", "FAS_CON": "ABN", "GRU_TEN": "BT", "TEN_FORN": "10", "GRU_TAR": "B1", "SIT_ATIV": "AT", "DAT_CON": "01/05/1976", "CAR_INST": 6.0, "LIV": 0, "ARE_LOC": "UB", "TIP_SIST": "RD_INTERLIG", "ENE_01": 82.05, "ENE_02": 147.0, "ENE_03": 151.0, "ENE_04": 158.0, "ENE_05": 167.0, "ENE_06": 159.0, "ENE_07": 171.0, "ENE_08": 97.0, "ENE_09": 308.0, "ENE_10": 157.0, "ENE_11": 220.0, "ENE_12": 78.64, "DIC_01": 0.0, "DIC_02": 0.0, "DIC_03": 0.08, "DIC_04": 1.02, "DIC_05": 0.0, "DIC_06": 0.0, "DIC_07": 0.0, "DIC_08": 0.0, "DIC_09": 1.76, "DIC_10": 0.0, "DIC_11": 0.0, "DIC_12": 0.0, "FIC_01": 0.0, "FIC_02": 0.0, "FIC_03": 1.0, "FIC_04": 1.0, "FIC_05": 0.0, "FIC_06": 0.0, "FIC_07": 0.0, "FIC_08": 0.0, "FIC_09": 1.0, "FIC_10": 0.0, "FIC_11": 0.0, "FIC_12": 0.0, "SEMRED": 0, "DESCR": " ", "COD_ID": "df8605f4aa4e76c378b54f4484e3a5e04fb2e52c9b76a2c1bd3dd27af3337689", "__layer": "UCBT_tab" }, "geometry": null },
{ "type": "Feature", "properties": { "DIST": 390, "PAC": "33811854739608744L", "RAMAL": "421379817S1", "PN_CON": "809335", "UNI_TR_MT": "14432746", "CTMT": "TTI0114", "UNI_TR_AT": "DTTI-EQ-TR1", "SUB": "DTTI", "CONJ": 12986, "MUN": "3550308", "CEG_GD": " ", "BRR": "R CONS COTEGIPE 794 BELENZINHO", "CEP": "03058-000", "CLAS_SUB": "RE1", "CNAE": " ", "TIP_CC": "RES-Tipo05", "FAS_CON": "ABN", "GRU_TEN": "BT", "TEN_FORN": "10", "GRU_TAR": "B1", "SIT_ATIV": "AT", "DAT_CON": "01/01/1951", "CAR_INST": 0.3, "LIV": 0, "ARE_LOC": "UB", "TIP_SIST": "RD_INTERLIG", "ENE_01": 274.68, "ENE_02": 594.0, "ENE_03": 554.0, "ENE_04": 591.0, "ENE_05": 573.0, "ENE_06": 566.0, "ENE_07": 519.0, "ENE_08": 550.0, "ENE_09": 581.0, "ENE_10": 491.0, "ENE_11": 570.0, "ENE_12": 640.8, "DIC_01": 0.0, "DIC_02": 0.0, "DIC_03": 0.08, "DIC_04": 1.02, "DIC_05": 0.0, "DIC_06": 0.0, "DIC_07": 0.0, "DIC_08": 0.0, "DIC_09": 1.76, "DIC_10": 0.0, "DIC_11": 0.0, "DIC_12": 0.0, "FIC_01": 0.0, "FIC_02": 0.0, "FIC_03": 1.0, "FIC_04": 1.0, "FIC_05": 0.0, "FIC_06": 0.0, "FIC_07": 0.0, "FIC_08": 0.0, "FIC_09": 1.0, "FIC_10": 0.0, "FIC_11": 0.0, "FIC_12": 0.0, "SEMRED": 0, "DESCR": " ", "COD_ID": "3e3fffe4b3f8a1684849f8f3786df6656db30cc44a4be41559a3768e6eab785e", "__layer": "UCBT_tab" }, "geometry": null },
{ "type": "Feature", "properties": { "DIST": 390, "PAC": "33815318739609122L", "RAMAL": "421459644S1", "PN_CON": "810405", "UNI_TR_MT": "14432746", "CTMT": "TTI0114", "UNI_TR_AT": "DTTI-EQ-TR1", "SUB": "DTTI", "CONJ": 12986, "MUN": "3550308", "CEG_GD": " ", "BRR": "R CONS COTEGIPE 816 BELENZINHO", "CEP": "03058-000", "CLAS_SUB": "RE1", "CNAE": " ", "TIP_CC": "RES-Tipo03", "FAS_CON": "ABN", "GRU_TEN": "BT", "TEN_FORN": "10", "GRU_TAR": "B1", "SIT_ATIV": "AT", "DAT_CON": "01/04/1985", "CAR_INST": 3.0, "LIV": 0, "ARE_LOC": "UB", "TIP_SIST": "RD_INTERLIG", "ENE_01": 28.51, "ENE_02": 152.0, "ENE_03": 151.0, "ENE_04": 141.0, "ENE_05": 142.0, "ENE_06": 133.0, "ENE_07": 115.0, "ENE_08": 144.0, "ENE_09": 140.0, "ENE_10": 132.0, "ENE_11": 130.0, "ENE_12": 131.07, "DIC_01": 0.0, "DIC_02": 0.0, "DIC_03": 0.08, "DIC_04": 1.02, "DIC_05": 0.0, "DIC_06": 0.0, "DIC_07": 0.0, "DIC_08": 0.0, "DIC_09": 1.76, "DIC_10": 0.0, "DIC_11": 0.0, "DIC_12": 0.0, "FIC_01": 0.0, "FIC_02": 0.0, "FIC_03": 1.0, "FIC_04": 1.0, "FIC_05": 0.0, "FIC_06": 0.0, "FIC_07": 0.0, "FIC_08": 0.0, "FIC_09": 1.0, "FIC_10": 0.0, "FIC_11": 0.0, "FIC_12": 0.0, "SEMRED": 0, "DESCR": " ", "COD_ID": "4cc6d7304a3c632562d1897887764f8716cf0448216b9d1bfc24672a8e3016af", "__layer": "UCBT_tab" }, "geometry": null },
{ "type": "Feature", "properties": { "DIST": 390, "PAC": "33819562739611306L", "RAMAL": "421649661S1", "PN_CON": "811341", "UNI_TR_MT": "14433230", "CTMT": "TTI0114", "UNI_TR_AT": "DTTI-EQ-TR1", "SUB": "DTTI", "CONJ": 12986, "MUN": "3550308", "CEG_GD": " ", "BRR": "R CONS COTEGIPE 886 BELENZINHO", "CEP": "03058-000", "CLAS_SUB": "RE1", "CNAE": " ", "TIP_CC": "RES-Tipo02", "FAS_CON": "ABN", "GRU_TEN": "BT", "TEN_FORN": "10", "GRU_TAR": "B1", "SIT_ATIV": "AT", "DAT_CON": "01/05/1979", "CAR_INST": 0.5, "LIV": 0, "ARE_LOC": "UB", "TIP_SIST": "RD_INTERLIG", "ENE_01": 103.06, "ENE_02": 181.0, "ENE_03": 174.0, "ENE_04": 190.0, "ENE_05": 228.0, "ENE_06": 205.0, "ENE_07": 229.0, "ENE_08": 245.0, "ENE_09": 274.0, "ENE_10": 206.0, "ENE_11": 132.0, "ENE_12": 109.71, "DIC_01": 0.0, "DIC_02": 0.0, "DIC_03": 0.08, "DIC_04": 1.02, "DIC_05": 0.0, "DIC_06": 0.0, "DIC_07": 0.0, "DIC_08": 0.0, "DIC_09": 1.76, "DIC_10": 10.18, "DIC_11": 0.0, "DIC_12": 0.0, "FIC_01": 0.0, "FIC_02": 0.0, "FIC_03": 1.0, "FIC_04": 1.0, "FIC_05": 0.0, "FIC_06": 0.0, "FIC_07": 0.0, "FIC_08": 0.0, "FIC_09": 1.0, "FIC_10": 1.0, "FIC_11": 0.0, "FIC_12": 0.0, "SEMRED": 0, "DESCR": " ", "COD_ID": "5a5f17d95b4686aeac5a3490069b9f98811dc2753c98a83a065a0b839b15ec15", "__layer": "UCBT_tab" }, "geometry": null },
{ "type": "Feature", "properties": { "DIST": 390, "PAC": "33819785739611164L", "RAMAL": "421649679S1", "PN_CON": "811341", "UNI_TR_MT": "14433230", "CTMT": "TTI0114", "UNI_TR_AT": "DTTI-EQ-TR1", "SUB": "DTTI", "CONJ": 12986, "MUN": "3550308", "CEG_GD": " ", "BRR": "R CONS COTEGIPE 890 BELENZINHO", "CEP": "03058-000", "CLAS_SUB": "RE1", "CNAE": " ", "TIP_CC": "RES-Tipo01", "FAS_CON": "ABN", "GRU_TEN": "BT", "TEN_FORN": "10", "GRU_TAR": "B1", "SIT_ATIV": "AT", "DAT_CON": "01/04/1956", "CAR_INST": 0.3, "LIV": 0, "ARE_LOC": "UB", "TIP_SIST": "RD_INTERLIG", "ENE_01": 15.01, "ENE_02": 30.0, "ENE_03": 30.0, "ENE_04": 30.0, "ENE_05": 30.0, "ENE_06": 30.0, "ENE_07": 30.0, "ENE_08": 30.0, "ENE_09": 30.0, "ENE_10": 30.0, "ENE_11": 30.0, "ENE_12": 29.12, "DIC_01": 0.0, "DIC_02": 0.0, "DIC_03": 0.08, "DIC_04": 1.02, "DIC_05": 0.0, "DIC_06": 0.0, "DIC_07": 0.0, "DIC_08": 0.0, "DIC_09": 1.76, "DIC_10": 10.18, "DIC_11": 0.0, "DIC_12": 0.0, "FIC_01": 0.0, "FIC_02": 0.0, "FIC_03": 1.0, "FIC_04": 1.0, "FIC_05": 0.0, "FIC_06": 0.0, "FIC_07": 0.0, "FIC_08": 0.0, "FIC_09": 1.0, "FIC_10": 1.0, "FIC_11": 0.0, "FIC_12": 0.0, "SEMRED": 0, "DESCR": " ", "COD_ID": "5f33f9fc97a3060fda9f2fecd73b71f981490c972d5b9ed48ebef7808a41ea78", "__layer": "UCBT_tab" }, "geometry": null },
{ "type": "Feature", "properties": { "DIST": 390, "PAC": "33819480739611339L", "RAMAL": "421649655S1", "PN_CON": "811341", "UNI_TR_MT": "14433230", "CTMT": "TTI0114", "UNI_TR_AT": "DTTI-EQ-TR1", "SUB": "DTTI", "CONJ": 12986, "MUN": "3550308", "CEG_GD": " ", "BRR": "R CONS COTEGIPE 898 BELENZINHO", "CEP": "03058-000", "CLAS_SUB": "RE1", "CNAE": " ", "TIP_CC": "RES-Tipo01", "FAS_CON": "ABN", "GRU_TEN": "BT", "TEN_FORN": "10", "GRU_TAR": "B1", "SIT_ATIV": "AT", "DAT_CON": "01/01/1986", "CAR_INST": 13.4, "LIV": 0, "ARE_LOC": "UB", "TIP_SIST": "RD_INTERLIG", "ENE_01": 15.01, "ENE_02": 30.0, "ENE_03": 30.0, "ENE_04": 30.0, "ENE_05": 30.0, "ENE_06": 30.0, "ENE_07": 30.0, "ENE_08": 35.0, "ENE_09": 349.0, "ENE_10": 351.0, "ENE_11": 328.0, "ENE_12": 318.46, "DIC_01": 0.0, "DIC_02": 0.0, "DIC_03": 0.08, "DIC_04": 1.02, "DIC_05": 0.0, "DIC_06": 0.0, "DIC_07": 0.0, "DIC_08": 0.0, "DIC_09": 1.76, "DIC_10": 10.18, "DIC_11": 0.0, "DIC_12": 0.0, "FIC_01": 0.0, "FIC_02": 0.0, "FIC_03": 1.0, "FIC_04": 1.0, "FIC_05": 0.0, "FIC_06": 0.0, "FIC_07": 0.0, "FIC_08": 0.0, "FIC_09": 1.0, "FIC_10": 1.0, "FIC_11": 0.0, "FIC_12": 0.0, "SEMRED": 0, "DESCR": " ", "COD_ID": "8b97902eee2c4db16a0d8602c3b91b235284bd03f97ee582a18189c99d07b1ef", "__layer": "UCBT_tab" }, "geometry": null },
{ "type": "Feature", "properties": { "DIST": 390, "PAC": "33819222739611397L", "RAMAL": "421649637S1", "PN_CON": "811341", "UNI_TR_MT": "14433230", "CTMT": "TTI0114", "UNI_TR_AT": "DTTI-EQ-TR1", "SUB": "DTTI", "CONJ": 12986, "MUN": "3550308", "CEG_GD": " ", "BRR": "R CONS COTEGIPE 908 BELENZINHO", "CEP": "03058-000", "CLAS_SUB": "RE1", "CNAE": " ", "TIP_CC": "RES-Tipo03", "FAS_CON": "ABN", "GRU_TEN": "BT", "TEN_FORN": "10", "GRU_TAR": "B1", "SIT_ATIV": "AT", "DAT_CON": "01/06/1965", "CAR_INST": 3.0, "LIV": 0, "ARE_LOC": "UB", "TIP_SIST": "RD_INTERLIG", "ENE_01": 86.55, "ENE_02": 154.0, "ENE_03": 169.0, "ENE_04": 180.0, "ENE_05": 154.0, "ENE_06": 119.0, "ENE_07": 127.0, "ENE_08": 144.0, "ENE_09": 156.0, "ENE_10": 190.0, "ENE_11": 172.0, "ENE_12": 168.94, "DIC_01": 0.0, "DIC_02": 0.0, "DIC_03": 0.08, "DIC_04": 1.02, "DIC_05": 0.0, "DIC_06": 0.0, "DIC_07": 0.0, "DIC_08": 0.0, "DIC_09": 1.76, "DIC_10": 10.18, "DIC_11": 0.0, "DIC_12": 0.0, "FIC_01": 0.0, "FIC_02": 0.0, "FIC_03": 1.0, "FIC_04": 1.0, "FIC_05": 0.0, "FIC_06": 0.0, "FIC_07": 0.0, "FIC_08": 0.0, "FIC_09": 1.0, "FIC_10": 1.0, "FIC_11": 0.0, "FIC_12": 0.0, "SEMRED": 0, "DESCR": " ", "COD_ID": "28896996fe0d799fb3925c5b90b80ccb73559436948235bf39ade16c29150f78", "__layer": "UCBT_tab" }, "geometry": null },
{ "type": "Feature", "properties": { "DIST": 390, "PAC": "33824474739612045L", "RAMAL": "421379690S1", "PN_CON": "812662", "UNI_TR_MT": "14433230", "CTMT": "TTI0114", "UNI_TR_AT": "DTTI-EQ-TR1", "SUB": "DTTI", "CONJ": 12986, "MUN": "3550308", "CEG_GD": " ", "BRR": "R CONS COTEGIPE 932 BELENZINHO", "CEP": "03058-000", "CLAS_SUB": "RE1", "CNAE": " ", "TIP_CC": "RES-Tipo05", "FAS_CON": "ABN", "GRU_TEN": "BT", "TEN_FORN": "10", "GRU_TAR": "B1", "SIT_ATIV": "AT", "DAT_CON": "01/02/1958", "CAR_INST": 1.9, "LIV": 0, "ARE_LOC": "UB", "TIP_SIST": "RD_INTERLIG", "ENE_01": 167.61, "ENE_02": 313.0, "ENE_03": 342.0, "ENE_04": 339.0, "ENE_05": 330.0, "ENE_06": 355.0, "ENE_07": 383.0, "ENE_08": 318.0, "ENE_09": 377.0, "ENE_10": 316.0, "ENE_11": 351.0, "ENE_12": 331.08, "DIC_01": 0.0, "DIC_02": 0.0, "DIC_03": 0.08, "DIC_04": 1.02, "DIC_05": 0.0, "DIC_06": 0.0, "DIC_07": 0.0, "DIC_08": 0.0, "DIC_09": 1.76, "DIC_10": 10.18, "DIC_11": 0.0, "DIC_12": 0.0, "FIC_01": 0.0, "FIC_02": 0.0, "FIC_03": 1.0, "FIC_04": 1.0, "FIC_05": 0.0, "FIC_06": 0.0, "FIC_07": 0.0, "FIC_08": 0.0, "FIC_09": 1.0, "FIC_10": 1.0, "FIC_11": 0.0, "FIC_12": 0.0, "SEMRED": 0, "DESCR": " ", "COD_ID": "17df9a58c475c8d9eaaa366d1f5f075da7415524c48924030e25e4a9ef51ac6a", "__layer": "UCBT_tab" }, "geometry": null },
{ "type": "Feature", "properties": { "DIST": 390, "PAC": "33825811739612889L", "RAMAL": "421783783S1", "PN_CON": "812974", "UNI_TR_MT": "14433230", "CTMT": "TTI0114", "UNI_TR_AT": "DTTI-EQ-TR1", "SUB": "DTTI", "CONJ": 12986, "MUN": "3550308", "CEG_GD": " ", "BRR": "R CONS COTEGIPE 936 BELENZINHO", "CEP": "03058-000", "CLAS_SUB": "CO1", "CNAE": "8630-5/04", "TIP_CC": "COM-Tipo03", "FAS_CON": "ABN", "GRU_TEN": "BT", "TEN_FORN": "10", "GRU_TAR": "B3", "SIT_ATIV": "AT", "DAT_CON": "01/04/1968", "CAR_INST": 46.9, "LIV": 0, "ARE_LOC": "UB", "TIP_SIST": "RD_INTERLIG", "ENE_01": 840.0, "ENE_02": 1120.0, "ENE_03": 1217.519, "ENE_04": 1280.0, "ENE_05": 1080.0, "ENE_06": 960.0, "ENE_07": 840.0, "ENE_08": 366.0, "ENE_09": 840.0, "ENE_10": 1000.0, "ENE_11": 519.2, "ENE_12": 879.78, "DIC_01": 0.0, "DIC_02": 0.0, "DIC_03": 0.08, "DIC_04": 1.02, "DIC_05": 0.0, "DIC_06": 0.0, "DIC_07": 0.0, "DIC_08": 0.0, "DIC_09": 1.76, "DIC_10": 10.18, "DIC_11": 0.0, "DIC_12": 0.0, "FIC_01": 0.0, "FIC_02": 0.0, "FIC_03": 1.0, "FIC_04": 1.0, "FIC_05": 0.0, "FIC_06": 0.0, "FIC_07": 0.0, "FIC_08": 0.0, "FIC_09": 1.0, "FIC_10": 1.0, "FIC_11": 0.0, "FIC_12": 0.0, "SEMRED": 0, "DESCR": " ", "COD_ID": "323bad3748514bafb2fe6b83b75deb2e584d55e44419e89814761e02f45f024b", "__layer": "UCBT_tab" }, "geometry": null },
{ "type": "Feature", "properties": { "DIST": 390, "PAC": "33826383739612447L", "RAMAL": "460740666S1", "PN_CON": "812974", "UNI_TR_MT": "14433230", "CTMT": "TTI0114", "UNI_TR_AT": "DTTI-EQ-TR1", "SUB": "DTTI", "CONJ": 12986, "MUN": "3550308", "CEG_GD": " ", "BRR": "R CONS COTEGIPE 952 BELENZINHO", "CEP": "03058-000", "CLAS_SUB": "RE1", "CNAE": " ", "TIP_CC": "RES-Tipo05", "FAS_CON": "ABN", "GRU_TEN": "BT", "TEN_FORN": "10", "GRU_TAR": "B1", "SIT_ATIV": "AT", "DAT_CON": "01/12/1970", "CAR_INST": 6.2, "LIV": 0, "ARE_LOC": "UB", "TIP_SIST": "RD_INTERLIG", "ENE_01": 234.65, "ENE_02": 268.0, "ENE_03": 608.0, "ENE_04": 631.0, "ENE_05": 603.0, "ENE_06": 503.0, "ENE_07": 502.0, "ENE_08": 498.0, "ENE_09": 559.0, "ENE_10": 648.0, "ENE_11": 525.0, "ENE_12": 561.19, "DIC_01": 0.0, "DIC_02": 0.0, "DIC_03": 0.08, "DIC_04": 1.02, "DIC_05": 0.0, "DIC_06": 0.0, "DIC_07": 0.0, "DIC_08": 0.0, "DIC_09": 0.0, "DIC_10": 0.0, "DIC_11": 0.0, "DIC_12": 0.0, "FIC_01": 0.0, "FIC_02": 0.0, "FIC_03": 1.0, "FIC_04": 1.0, "FIC_05": 0.0, "FIC_06": 0.0, "FIC_07": 0.0, "FIC_08": 0.0, "FIC_09": 0.0, "FIC_10": 0.0, "FIC_11": 0.0, "FIC_12": 0.0, "SEMRED": 0, "DESCR": " ", "COD_ID": "0f73b1f198eda5005bef81abf5fbb7034399297f928e7c1b74f0406239fa042d", "__layer": "UCBT_tab" }, "geometry": null },
{ "type": "Feature", "properties": { "DIST": 390, "PAC": "33824608739612021L", "RAMAL": "421379702S1", "PN_CON": "812662", "UNI_TR_MT": "14433230", "CTMT": "TTI0114", "UNI_TR_AT": "DTTI-EQ-TR1", "SUB": "DTTI", "CONJ": 12986, "MUN": "3550308", "CEG_GD": " ", "BRR": "R CONS COTEGIPE 958 BELENZINHO", "CEP": "03058-000", "CLAS_SUB": "RE5", "CNAE": " ", "TIP_CC": "RES-Tipo03", "FAS_CON": "ABN", "GRU_TEN": "BT", "TEN_FORN": "10", "GRU_TAR": "B1BR", "SIT_ATIV": "AT", "DAT_CON": "01/10/1968", "CAR_INST": 6.2, "LIV": 0, "ARE_LOC": "UB", "TIP_SIST": "RD_INTERLIG", "ENE_01": 93.06, "ENE_02": 182.0, "ENE_03": 192.0, "ENE_04": 239.0, "ENE_05": 226.0, "ENE_06": 237.0, "ENE_07": 218.0, "ENE_08": 226.0, "ENE_09": 232.0, "ENE_10": 214.0, "ENE_11": 208.0, "ENE_12": 204.86, "DIC_01": 0.0, "DIC_02": 0.0, "DIC_03": 0.08, "DIC_04": 1.02, "DIC_05": 0.0, "DIC_06": 0.0, "DIC_07": 0.0, "DIC_08": 0.0, "DIC_09": 1.76, "DIC_10": 10.18, "DIC_11": 0.0, "DIC_12": 0.0, "FIC_01": 0.0, "FIC_02": 0.0, "FIC_03": 1.0, "FIC_04": 1.0, "FIC_05": 0.0, "FIC_06": 0.0, "FIC_07": 0.0, "FIC_08": 0.0, "FIC_09": 1.0, "FIC_10": 1.0, "FIC_11": 0.0, "FIC_12": 0.0, "SEMRED": 0, "DESCR": " ", "COD_ID": "4a070efbaca73fad3b60889cab3d3e1c1bf95e1a32d84742d2cbf02f756e6bd0", "__layer": "UCBT_tab" }, "geometry": null },
{ "type": "Feature", "properties": { "DIST": 390, "PAC": "33827951739611380L", "RAMAL": "9725586S1", "PN_CON": "813410", "UNI_TR_MT": "14433230", "CTMT": "TTI0114", "UNI_TR_AT": "DTTI-EQ-TR1", "SUB": "DTTI", "CONJ": 12986, "MUN": "3550308", "CEG_GD": " ", "BRR": "R CONS COTEGIPE 966 BELENZINHO", "CEP": "03058-000", "CLAS_SUB": "RE1", "CNAE": " ", "TIP_CC": "RES-Tipo03", "FAS_CON": "ABN", "GRU_TEN": "BT", "TEN_FORN": "10", "GRU_TAR": "B1", "SIT_ATIV": "AT", "DAT_CON": "01/05/1954", "CAR_INST": 17.6, "LIV": 0, "ARE_LOC": "UB", "TIP_SIST": "RD_INTERLIG", "ENE_01": 70.54, "ENE_02": 133.0, "ENE_03": 131.0, "ENE_04": 147.0, "ENE_05": 121.0, "ENE_06": 127.0, "ENE_07": 118.0, "ENE_08": 124.0, "ENE_09": 141.0, "ENE_10": 141.0, "ENE_11": 168.0, "ENE_12": 135.92, "DIC_01": 0.0, "DIC_02": 0.0, "DIC_03": 0.08, "DIC_04": 1.02, "DIC_05": 0.0, "DIC_06": 0.0, "DIC_07": 0.0, "DIC_08": 0.0, "DIC_09": 1.76, "DIC_10": 10.18, "DIC_11": 0.0, "DIC_12": 0.0, "FIC_01": 0.0, "FIC_02": 0.0, "FIC_03": 1.0, "FIC_04": 1.0, "FIC_05": 0.0, "FIC_06": 0.0, "FIC_07": 0.0, "FIC_08": 0.0, "FIC_09": 1.0, "FIC_10": 1.0, "FIC_11": 0.0, "FIC_12": 0.0, "SEMRED": 0, "DESCR": " ", "COD_ID": "a8261e23356d4442797af0bcded0b884b5c7540aefcd8a76248fb0a62ffd4e61", "__layer": "UCBT_tab" }, "geometry": null },
{ "type": "Feature", "properties": { "DIST": 390, "PAC": "33827423739613201L", "RAMAL": "421641943S1", "PN_CON": "813410", "UNI_TR_MT": "14433230", "CTMT": "TTI0114", "UNI_TR_AT": "DTTI-EQ-TR1", "SUB": "DTTI", "CONJ": 12986, "MUN": "3550308", "CEG_GD": " ", "BRR": "R CONS COTEGIPE 972 BELENZINHO", "CEP": "03058-000", "CLAS_SUB": "CO6", "CNAE": "5911-1/99", "TIP_CC": "COM-Tipo03", "FAS_CON": "ABCN", "GRU_TEN": "BT", "TEN_FORN": "10", "GRU_TAR": "B3", "SIT_ATIV": "AT", "DAT_CON": "01/01/1979", "CAR_INST": 8.0, "LIV": 0, "ARE_LOC": "UB", "TIP_SIST": "RD_INTERLIG", "ENE_01": 1353.0, "ENE_02": 1410.0, "ENE_03": 1641.477, "ENE_04": 1487.0, "ENE_05": 1327.0, "ENE_06": 1112.0, "ENE_07": 669.48, "ENE_08": 558.76, "ENE_09": 958.0, "ENE_10": 1083.0, "ENE_11": 378.19, "ENE_12": 796.58, "DIC_01": 0.0, "DIC_02": 0.0, "DIC_03": 0.08, "DIC_04": 1.02, "DIC_05": 0.0, "DIC_06": 0.0, "DIC_07": 0.0, "DIC_08": 0.0, "DIC_09": 1.76, "DIC_10": 10.18, "DIC_11": 0.0, "DIC_12": 0.0, "FIC_01": 0.0, "FIC_02": 0.0, "FIC_03": 1.0, "FIC_04": 1.0, "FIC_05": 0.0, "FIC_06": 0.0, "FIC_07": 0.0, "FIC_08": 0.0, "FIC_09": 1.0, "FIC_10": 1.0, "FIC_11": 0.0, "FIC_12": 0.0, "SEMRED": 0, "DESCR": " ", "COD_ID": "c64229aa5d20ebf9a8e8ee328b508170b390f31dbf2daa5c40d73bfebbd1ece1", "__layer": "UCBT_tab" }, "geometry": null },
{ "type": "Feature", "properties": { "DIST": 390, "PAC": "33826651739611288L", "RAMAL": "370205721S1", "PN_CON": "812974", "UNI_TR_MT": "14433230", "CTMT": "TTI0114", "UNI_TR_AT": "DTTI-EQ-TR1", "SUB": "DTTI", "CONJ": 12986, "MUN": "3550308", "CEG_GD": " ", "BRR": "R CONS COTEGIPE 951 BELENZINHO", "CEP": "03058-000", "CLAS_SUB": "RE1", "CNAE": " ", "TIP_CC": "RES-Tipo03", "FAS_CON": "ABN", "GRU_TEN": "BT", "TEN_FORN": "10", "GRU_TAR": "B1", "SIT_ATIV": "AT", "DAT_CON": "01/01/1956", "CAR_INST": 2.0, "LIV": 0, "ARE_LOC": "UB", "TIP_SIST": "RD_INTERLIG", "ENE_01": 68.04, "ENE_02": 132.0, "ENE_03": 139.0, "ENE_04": 127.0, "ENE_05": 135.0, "ENE_06": 112.0, "ENE_07": 90.0, "ENE_08": 123.0, "ENE_09": 123.0, "ENE_10": 99.0, "ENE_11": 100.0, "ENE_12": 116.51, "DIC_01": 0.0, "DIC_02": 0.0, "DIC_03": 0.08, "DIC_04": 1.02, "DIC_05": 0.0, "DIC_06": 0.0, "DIC_07": 0.0, "DIC_08": 0.0, "DIC_09": 1.76, "DIC_10": 10.18, "DIC_11": 0.0, "DIC_12": 0.0, "FIC_01": 0.0, "FIC_02": 0.0, "FIC_03": 1.0, "FIC_04": 1.0, "FIC_05": 0.0, "FIC_06": 0.0, "FIC_07": 0.0, "FIC_08": 0.0, "FIC_09": 1.0, "FIC_10": 1.0, "FIC_11": 0.0, "FIC_12": 0.0, "SEMRED": 0, "DESCR": " ", "COD_ID": "a5285580126d5809e85f15734e3b300a153f1f471caf4945f578f667ad7d5506", "__layer": "UCBT_tab" }, "geometry": null },
{ "type": "Feature", "properties": { "DIST": 390, "PAC": "33823140739612065L", "RAMAL": "421538025S1", "PN_CON": "812224", "UNI_TR_MT": "14433230", "CTMT": "TTI0114", "UNI_TR_AT": "DTTI-EQ-TR1", "SUB": "DTTI", "CONJ": 12986, "MUN": "3550308", "CEG_GD": " ", "BRR": "R CONS COTEGIPE 915 BELENZINHO", "CEP": "03058-000", "CLAS_SUB": "RE1", "CNAE": " ", "TIP_CC": "RES-Tipo01", "FAS_CON": "ABN", "GRU_TEN": "BT", "TEN_FORN": "10", "GRU_TAR": "B1", "SIT_ATIV": "AT", "DAT_CON": "01/12/1966", "CAR_INST": 6.0, "LIV": 0, "ARE_LOC": "UB", "TIP_SIST": "RD_INTERLIG", "ENE_01": 36.02, "ENE_02": 61.0, "ENE_03": 63.0, "ENE_04": 55.0, "ENE_05": 54.0, "ENE_06": 60.0, "ENE_07": 71.0, "ENE_08": 80.0, "ENE_09": 68.0, "ENE_10": 73.0, "ENE_11": 70.0, "ENE_12": 71.84, "DIC_01": 0.0, "DIC_02": 0.0, "DIC_03": 0.08, "DIC_04": 1.02, "DIC_05": 0.0, "DIC_06": 0.0, "DIC_07": 0.0, "DIC_08": 0.0, "DIC_09": 1.76, "DIC_10": 10.18, "DIC_11": 0.0, "DIC_12": 0.0, "FIC_01": 0.0, "FIC_02": 0.0, "FIC_03": 1.0, "FIC_04": 1.0, "FIC_05": 0.0, "FIC_06": 0.0, "FIC_07": 0.0, "FIC_08": 0.0, "FIC_09": 1.0, "FIC_10": 1.0, "FIC_11": 0.0, "FIC_12": 0.0, "SEMRED": 0, "DESCR": " ", "COD_ID": "f18eb73edcc6e20c7cbe5e6bebad76c8df4057dd6ca434c62a0bfe66e9b5a5b7", "__layer": "UCBT_tab" }, "geometry": null },
{ "type": "Feature", "properties": { "DIST": 390, "PAC": "33823140739612065L", "RAMAL": "421538025S1", "PN_CON": "812224", "UNI_TR_MT": "14433230", "CTMT": "TTI0114", "UNI_TR_AT": "DTTI-EQ-TR1", "SUB": "DTTI", "CONJ": 12986, "MUN": "3550308", "CEG_GD": " ", "BRR": "R CONS COTEGIPE 915 BELENZINHO", "CEP": "03058-000", "CLAS_SUB": "RE1", "CNAE": " ", "TIP_CC": "RES-Tipo01", "FAS_CON": "ABN", "GRU_TEN": "BT", "TEN_FORN": "10", "GRU_TAR": "B1", "SIT_ATIV": "AT", "DAT_CON": "01/09/1983", "CAR_INST": 3.0, "LIV": 0, "ARE_LOC": "UB", "TIP_SIST": "RD_INTERLIG", "ENE_01": 15.01, "ENE_02": 58.0, "ENE_03": 39.0, "ENE_04": 99.0, "ENE_05": 82.0, "ENE_06": 88.0, "ENE_07": 52.0, "ENE_08": 42.0, "ENE_09": 46.0, "ENE_10": 52.0, "ENE_11": 64.0, "ENE_12": 51.45, "DIC_01": 0.0, "DIC_02": 0.0, "DIC_03": 0.08, "DIC_04": 1.02, "DIC_05": 0.0, "DIC_06": 0.0, "DIC_07": 0.0, "DIC_08": 0.0, "DIC_09": 1.76, "DIC_10": 10.18, "DIC_11": 0.0, "DIC_12": 0.0, "FIC_01": 0.0, "FIC_02": 0.0, "FIC_03": 1.0, "FIC_04": 1.0, "FIC_05": 0.0, "FIC_06": 0.0, "FIC_07": 0.0, "FIC_08": 0.0, "FIC_09": 1.0, "FIC_10": 1.0, "FIC_11": 0.0, "FIC_12": 0.0, "SEMRED": 0, "DESCR": " ", "COD_ID": "769f993bc0a32cf618745cda8c99d883d830153d6a8a3c47aeb0a9a1c06121d3", "__layer": "UCBT_tab" }, "geometry": null },
{ "type": "Feature", "properties": { "DIST": 390, "PAC": "33822896739612166L", "RAMAL": "421538006S1", "PN_CON": "812224", "UNI_TR_MT": "14433230", "CTMT": "TTI0114", "UNI_TR_AT": "DTTI-EQ-TR1", "SUB": "DTTI", "CONJ": 12986, "MUN": "3550308", "CEG_GD": " ", "BRR": "R CONS COTEGIPE 907 BELENZINHO", "CEP": "03058-000", "CLAS_SUB": "RE1", "CNAE": " ", "TIP_CC": "RES-Tipo01", "FAS_CON": "ABN", "GRU_TEN": "BT", "TEN_FORN": "10", "GRU_TAR": "B1", "SIT_ATIV": "AT", "DAT_CON": "01/06/1967", "CAR_INST": 0.3, "LIV": 0, "ARE_LOC": "UB", "TIP_SIST": "RD_INTERLIG", "ENE_01": 15.01, "ENE_02": 30.0, "ENE_03": 30.0, "ENE_04": 30.0, "ENE_05": 30.0, "ENE_06": 30.0, "ENE_07": 30.0, "ENE_08": 30.0, "ENE_09": 30.0, "ENE_10": 30.0, "ENE_11": 30.0, "ENE_12": 25.24, "DIC_01": 0.0, "DIC_02": 0.0, "DIC_03": 0.08, "DIC_04": 1.02, "DIC_05": 0.0, "DIC_06": 0.0, "DIC_07": 0.0, "DIC_08": 0.0, "DIC_09": 1.76, "DIC_10": 10.18, "DIC_11": 0.0, "DIC_12": 0.0, "FIC_01": 0.0, "FIC_02": 0.0, "FIC_03": 1.0, "FIC_04": 1.0, "FIC_05": 0.0, "FIC_06": 0.0, "FIC_07": 0.0, "FIC_08": 0.0, "FIC_09": 1.0, "FIC_10": 1.0, "FIC_11": 0.0, "FIC_12": 0.0, "SEMRED": 0, "DESCR": " ", "COD_ID": "57e84530f4e41079d57c51a21062cebc85fe27962e481487a984ca40e97bfbfe", "__layer": "UCBT_tab" }, "geometry": null },
{ "type": "Feature", "properties": { "DIST": 390, "PAC": "33819396739611366L", "RAMAL": "421649649S1", "PN_CON": "811341", "UNI_TR_MT": "14433230", "CTMT": "TTI0114", "UNI_TR_AT": "DTTI-EQ-TR1", "SUB": "DTTI", "CONJ": 12986, "MUN": "3550308", "CEG_GD": " ", "BRR": "R CONS COTEGIPE 889 BELENZINHO", "CEP": "03058-000", "CLAS_SUB": "RE1", "CNAE": " ", "TIP_CC": "RES-Tipo02", "FAS_CON": "ABN", "GRU_TEN": "BT", "TEN_FORN": "10", "GRU_TAR": "B1", "SIT_ATIV": "AT", "DAT_CON": "01/10/1954", "CAR_INST": 0.3, "LIV": 0, "ARE_LOC": "UB", "TIP_SIST": "RD_INTERLIG", "ENE_01": 15.01, "ENE_02": 0.0, "ENE_03": 193.0, "ENE_04": 202.0, "ENE_05": 212.0, "ENE_06": 221.0, "ENE_07": 30.0, "ENE_08": 1465.0, "ENE_09": 0.0, "ENE_10": 0.0, "ENE_11": 0.0, "ENE_12": 18.44, "DIC_01": 0.0, "DIC_02": 0.0, "DIC_03": 0.08, "DIC_04": 1.02, "DIC_05": 0.0, "DIC_06": 0.0, "DIC_07": 0.0, "DIC_08": 0.0, "DIC_09": 0.0, "DIC_10": 0.0, "DIC_11": 0.0, "DIC_12": 0.0, "FIC_01": 0.0, "FIC_02": 0.0, "FIC_03": 1.0, "FIC_04": 1.0, "FIC_05": 0.0, "FIC_06": 0.0, "FIC_07": 0.0, "FIC_08": 0.0, "FIC_09": 0.0, "FIC_10": 0.0, "FIC_11": 0.0, "FIC_12": 0.0, "SEMRED": 0, "DESCR": " ", "COD_ID": "b54ed690d4673cfc91b909189e71dba9109770196cdc6d1787508f46441a5c65", "__layer": "UCBT_tab" }, "geometry": null },
{ "type": "Feature", "properties": { "DIST": 390, "PAC": "33819850739611104L", "RAMAL": "421649685S1", "PN_CON": "811341", "UNI_TR_MT": "14433230", "CTMT": "TTI0114", "UNI_TR_AT": "DTTI-EQ-TR1", "SUB": "DTTI", "CONJ": 12986, "MUN": "3550308", "CEG_GD": " ", "BRR": "R CONS COTEGIPE 875 BELENZINHO", "CEP": "03058-000", "CLAS_SUB": "CO9", "CNAE": "6399-2/00", "TIP_CC": "COM-Tipo02", "FAS_CON": "ABN", "GRU_TEN": "BT", "TEN_FORN": "10", "GRU_TAR": "B3", "SIT_ATIV": "AT", "DAT_CON": "01/05/1966", "CAR_INST": 0.3, "LIV": 0, "ARE_LOC": "UB", "TIP_SIST": "RD_INTERLIG", "ENE_01": 309.0, "ENE_02": 307.0, "ENE_03": 375.039, "ENE_04": 333.0, "ENE_05": 276.0, "ENE_06": 273.0, "ENE_07": 129.36, "ENE_08": 121.39, "ENE_09": 206.0, "ENE_10": 234.0, "ENE_11": 129.21, "ENE_12": 228.55, "DIC_01": 0.0, "DIC_02": 0.0, "DIC_03": 0.08, "DIC_04": 1.02, "DIC_05": 0.0, "DIC_06": 0.0, "DIC_07": 0.0, "DIC_08": 0.0, "DIC_09": 1.76, "DIC_10": 10.18, "DIC_11": 0.0, "DIC_12": 0.0, "FIC_01": 0.0, "FIC_02": 0.0, "FIC_03": 1.0, "FIC_04": 1.0, "FIC_05": 0.0, "FIC_06": 0.0, "FIC_07": 0.0, "FIC_08": 0.0, "FIC_09": 1.0, "FIC_10": 1.0, "FIC_11": 0.0, "FIC_12": 0.0, "SEMRED": 0, "DESCR": " ", "COD_ID": "5a8b8ef2db87236a5e4a69bd0818bea65bc01625dab2b87bd32697953ea7acbb", "__layer": "UCBT_tab" }, "geometry": null },
{ "type": "Feature", "properties": { "DIST": 390, "PAC": "33833514739615408L", "RAMAL": "421750694S1", "PN_CON": "815074", "UNI_TR_MT": "14433230", "CTMT": "TTI0114", "UNI_TR_AT": "DTTI-EQ-TR1", "SUB": "DTTI", "CONJ": 12986, "MUN": "3550308", "CEG_GD": " ", "BRR": "R CONS COTEGIPE 1009 BELENZINHO", "CEP": "03058-000", "CLAS_SUB": "RE1", "CNAE": " ", "TIP_CC": "RES-Tipo04", "FAS_CON": "ABN", "GRU_TEN": "BT", "TEN_FORN": "10", "GRU_TAR": "B1", "SIT_ATIV": "AT", "DAT_CON": "01/11/1977", "CAR_INST": 3.0, "LIV": 0, "ARE_LOC": "UB", "TIP_SIST": "RD_INTERLIG", "ENE_01": 162.1, "ENE_02": 330.0, "ENE_03": 316.0, "ENE_04": 317.0, "ENE_05": 319.0, "ENE_06": 321.0, "ENE_07": 323.0, "ENE_08": 316.0, "ENE_09": 308.0, "ENE_10": 286.0, "ENE_11": 330.0, "ENE_12": 354.38, "DIC_01": 0.0, "DIC_02": 0.0, "DIC_03": 0.08, "DIC_04": 1.02, "DIC_05": 0.0, "DIC_06": 0.0, "DIC_07": 0.0, "DIC_08": 0.0, "DIC_09": 1.76, "DIC_10": 10.18, "DIC_11": 0.0, "DIC_12": 0.0, "FIC_01": 0.0, "FIC_02": 0.0, "FIC_03": 1.0, "FIC_04": 1.0, "FIC_05": 0.0, "FIC_06": 0.0, "FIC_07": 0.0, "FIC_08": 0.0, "FIC_09": 1.0, "FIC_10": 1.0, "FIC_11": 0.0, "FIC_12": 0.0, "SEMRED": 0, "DESCR": " ", "COD_ID": "e23178c9fa6f7d437188f998f773e958ce9eb439bfdc16e90b7491ee0683db39", "__layer": "UCBT_tab" }, "geometry": null },
{ "type": "Feature", "properties": { "DIST": 390, "PAC": "33830527739613947L", "RAMAL": "421368578S1", "PN_CON": "814231", "UNI_TR_MT": "14433230", "CTMT": "TTI0114", "UNI_TR_AT": "DTTI-EQ-TR1", "SUB": "DTTI", "CONJ": 12986, "MUN": "3550308", "CEG_GD": " ", "BRR": "R CONS COTEGIPE 990 BELENZINHO", "CEP": "03058-000", "CLAS_SUB": "RE1", "CNAE": " ", "TIP_CC": "RES-Tipo02", "FAS_CON": "ABN", "GRU_TEN": "BT", "TEN_FORN": "10", "GRU_TAR": "B1", "SIT_ATIV": "AT", "DAT_CON": "01/01/1956", "CAR_INST": 14.5, "LIV": 0, "ARE_LOC": "UB", "TIP_SIST": "RD_INTERLIG", "ENE_01": 92.06, "ENE_02": 199.0, "ENE_03": 173.0, "ENE_04": 200.0, "ENE_05": 194.0, "ENE_06": 182.0, "ENE_07": 196.0, "ENE_08": 190.0, "ENE_09": 195.0, "ENE_10": 184.0, "ENE_11": 178.0, "ENE_12": 241.75, "DIC_01": 0.0, "DIC_02": 0.0, "DIC_03": 0.08, "DIC_04": 1.02, "DIC_05": 0.0, "DIC_06": 0.0, "DIC_07": 0.0, "DIC_08": 0.0, "DIC_09": 1.76, "DIC_10": 10.18, "DIC_11": 0.0, "DIC_12": 0.0, "FIC_01": 0.0, "FIC_02": 0.0, "FIC_03": 1.0, "FIC_04": 1.0, "FIC_05": 0.0, "FIC_06": 0.0, "FIC_07": 0.0, "FIC_08": 0.0, "FIC_09": 1.0, "FIC_10": 1.0, "FIC_11": 0.0, "FIC_12": 0.0, "SEMRED": 0, "DESCR": " ", "COD_ID": "28b8ecba2445698f9c0706cd21545c8b070f7d16c12f728d805154efbb83727e", "__layer": "UCBT_tab" }, "geometry": null },
{ "type": "Feature", "properties": { "DIST": 390, "PAC": "33832517739614537L", "RAMAL": "421410871S1", "PN_CON": "814793", "UNI_TR_MT": "14433230", "CTMT": "TTI0114", "UNI_TR_AT": "DTTI-EQ-TR1", "SUB": "DTTI", "CONJ": 12986, "MUN": "3550308", "CEG_GD": " ", "BRR": "R CONS COTEGIPE 1004 BELENZINHO", "CEP": "03058-000", "CLAS_SUB": "RE1", "CNAE": " ", "TIP_CC": "RES-Tipo05", "FAS_CON": "ABCN", "GRU_TEN": "BT", "TEN_FORN": "10", "GRU_TAR": "B1", "SIT_ATIV": "AT", "DAT_CON": "01/10/1978", "CAR_INST": 19.9, "LIV": 0, "ARE_LOC": "UB", "TIP_SIST": "RD_INTERLIG", "ENE_01": 456.14, "ENE_02": 785.2, "ENE_03": 863.6, "ENE_04": 896.4, "ENE_05": 822.4, "ENE_06": 723.57, "ENE_07": 658.43, "ENE_08": 578.4, "ENE_09": 741.8, "ENE_10": 791.8, "ENE_11": 684.0, "ENE_12": 859.26, "DIC_01": 0.0, "DIC_02": 0.0, "DIC_03": 0.08, "DIC_04": 1.02, "DIC_05": 0.0, "DIC_06": 0.0, "DIC_07": 0.0, "DIC_08": 0.0, "DIC_09": 1.76, "DIC_10": 10.18, "DIC_11": 0.0, "DIC_12": 0.0, "FIC_01": 0.0, "FIC_02": 0.0, "FIC_03": 1.0, "FIC_04": 1.0, "FIC_05": 0.0, "FIC_06": 0.0, "FIC_07": 0.0, "FIC_08": 0.0, "FIC_09": 1.0, "FIC_10": 1.0, "FIC_11": 0.0, "FIC_12": 0.0, "SEMRED": 0, "DESCR": " ", "COD_ID": "3254aff20577ca593ae12c02a7596b6ccb10f411818e0fbc30fcfe2e1170cc28", "__layer": "UCBT_tab" }, "geometry": null },
{ "type": "Feature", "properties": { "DIST": 390, "PAC": "33832609739614525L", "RAMAL": "421410878S1", "PN_CON": "814793", "UNI_TR_MT": "14433230", "CTMT": "TTI0114", "UNI_TR_AT": "DTTI-EQ-TR1", "SUB": "DTTI", "CONJ": 12986, "MUN": "3550308", "CEG_GD": " ", "BRR": "R CONS COTEGIPE 1032 BELENZINHO", "CEP": "03058-000", "CLAS_SUB": "RE1", "CNAE": " ", "TIP_CC": "RES-Tipo04", "FAS_CON": "ABN", "GRU_TEN": "BT", "TEN_FORN": "10", "GRU_TAR": "B1", "SIT_ATIV": "AT", "DAT_CON": "01/03/1950", "CAR_INST": 0.3, "LIV": 0, "ARE_LOC": "UB", "TIP_SIST": "RD_INTERLIG", "ENE_01": 121.08, "ENE_02": 223.0, "ENE_03": 240.0, "ENE_04": 287.0, "ENE_05": 251.0, "ENE_06": 305.0, "ENE_07": 255.0, "ENE_08": 300.0, "ENE_09": 300.0, "ENE_10": 268.0, "ENE_11": 308.0, "ENE_12": 259.23, "DIC_01": 0.0, "DIC_02": 0.0, "DIC_03": 0.08, "DIC_04": 1.02, "DIC_05": 0.0, "DIC_06": 0.0, "DIC_07": 0.0, "DIC_08": 0.0, "DIC_09": 1.76, "DIC_10": 10.18, "DIC_11": 0.0, "DIC_12": 0.0, "FIC_01": 0.0, "FIC_02": 0.0, "FIC_03": 1.0, "FIC_04": 1.0, "FIC_05": 0.0, "FIC_06": 0.0, "FIC_07": 0.0, "FIC_08": 0.0, "FIC_09": 1.0, "FIC_10": 1.0, "FIC_11": 0.0, "FIC_12": 0.0, "SEMRED": 0, "DESCR": " ", "COD_ID": "9f0b5c0cbd9dca7bd36e05473d3e94d08e8f39ba3ff1aa9ce6c1f3e01a041fa8", "__layer": "UCBT_tab" }, "geometry": null },
{ "type": "Feature", "properties": { "DIST": 390, "PAC": "33833104739612661L", "RAMAL": "9729438S1", "PN_CON": "814793", "UNI_TR_MT": "14433230", "CTMT": "TTI0114", "UNI_TR_AT": "DTTI-EQ-TR1", "SUB": "DTTI", "CONJ": 12986, "MUN": "3550308", "CEG_GD": " ", "BRR": "R CONS COTEGIPE 1036 BELENZINHO", "CEP": "03058-000", "CLAS_SUB": "RE1", "CNAE": " ", "TIP_CC": "RES-Tipo03", "FAS_CON": "ABN", "GRU_TEN": "BT", "TEN_FORN": "10", "GRU_TAR": "B1", "SIT_ATIV": "AT", "DAT_CON": "01/12/1970", "CAR_INST": 3.0, "LIV": 0, "ARE_LOC": "UB", "TIP_SIST": "RD_INTERLIG", "ENE_01": 89.05, "ENE_02": 170.0, "ENE_03": 173.0, "ENE_04": 170.0, "ENE_05": 175.0, "ENE_06": 197.0, "ENE_07": 196.0, "ENE_08": 198.0, "ENE_09": 197.0, "ENE_10": 172.0, "ENE_11": 192.0, "ENE_12": 172.82, "DIC_01": 0.0, "DIC_02": 0.0, "DIC_03": 0.08, "DIC_04": 1.02, "DIC_05": 0.0, "DIC_06": 0.0, "DIC_07": 0.0, "DIC_08": 0.0, "DIC_09": 1.76, "DIC_10": 10.18, "DIC_11": 0.0, "DIC_12": 0.0, "FIC_01": 0.0, "FIC_02": 0.0, "FIC_03": 1.0, "FIC_04": 1.0, "FIC_05": 0.0, "FIC_06": 0.0, "FIC_07": 0.0, "FIC_08": 0.0, "FIC_09": 1.0, "FIC_10": 1.0, "FIC_11": 0.0, "FIC_12": 0.0, "SEMRED": 0, "DESCR": " ", "COD_ID": "8b4ba35af7ffc6288e6bacad953d10b52fbae788c0cb8d3bc027fd2252e69ad8", "__layer": "UCBT_tab" }, "geometry": null },
{ "type": "Feature", "properties": { "DIST": 390, "PAC": "33834419739614835L", "RAMAL": "421357731S1", "PN_CON": "815324", "UNI_TR_MT": "14433230", "CTMT": "TTI0114", "UNI_TR_AT": "DTTI-EQ-TR1", "SUB": "DTTI", "CONJ": 12986, "MUN": "3550308", "CEG_GD": " ", "BRR": "R CONS COTEGIPE 1046 BELENZINHO", "CEP": "03058-000", "CLAS_SUB": "RE1", "CNAE": " ", "TIP_CC": "RES-Tipo02", "FAS_CON": "ABN", "GRU_TEN": "BT", "TEN_FORN": "10", "GRU_TAR": "B1", "SIT_ATIV": "AT", "DAT_CON": "01/02/1968", "CAR_INST": 3.0, "LIV": 0, "ARE_LOC": "UB", "TIP_SIST": "RD_INTERLIG", "ENE_01": 128.08, "ENE_02": 250.0, "ENE_03": 327.0, "ENE_04": 336.0, "ENE_05": 255.0, "ENE_06": 253.0, "ENE_07": 139.0, "ENE_08": 272.0, "ENE_09": 244.0, "ENE_10": 295.0, "ENE_11": 254.0, "ENE_12": 259.23, "DIC_01": 0.0, "DIC_02": 0.0, "DIC_03": 0.08, "DIC_04": 1.02, "DIC_05": 0.0, "DIC_06": 0.0, "DIC_07": 0.0, "DIC_08": 0.0, "DIC_09": 1.76, "DIC_10": 10.18, "DIC_11": 0.0, "DIC_12": 0.0, "FIC_01": 0.0, "FIC_02": 0.0, "FIC_03": 1.0, "FIC_04": 1.0, "FIC_05": 0.0, "FIC_06": 0.0, "FIC_07": 0.0, "FIC_08": 0.0, "FIC_09": 1.0, "FIC_10": 1.0, "FIC_11": 0.0, "FIC_12": 0.0, "SEMRED": 0, "DESCR": " ", "COD_ID": "9dff673f86d2b90cbfd8ecfb4800dce91b137bbc1e9617ecccfaa3a6d7cee154", "__layer": "UCBT_tab" }, "geometry": null },
{ "type": "Feature", "properties": { "DIST": 390, "PAC": "33788095739603061L", "RAMAL": "421441085S1", "PN_CON": "357579689", "UNI_TR_MT": "14427639", "CTMT": "TTI0114", "UNI_TR_AT": "DTTI-EQ-TR1", "SUB": "DTTI", "CONJ": 12986, "MUN": "3550308", "CEG_GD": " ", "BRR": "R CONS COTEGIPE 598 BELENZINHO", "CEP": "03058-000", "CLAS_SUB": "RE1", "CNAE": " ", "TIP_CC": "RES-Tipo03", "FAS_CON": "ABN", "GRU_TEN": "BT", "TEN_FORN": "10", "GRU_TAR": "B1", "SIT_ATIV": "AT", "DAT_CON": "01/02/1971", "CAR_INST": 4.8, "LIV": 0, "ARE_LOC": "UB", "TIP_SIST": "RD_INTERLIG", "ENE_01": 41.02, "ENE_02": 82.0, "ENE_03": 73.0, "ENE_04": 110.0, "ENE_05": 112.0, "ENE_06": 115.0, "ENE_07": 117.0, "ENE_08": 30.0, "ENE_09": 30.0, "ENE_10": 93.0, "ENE_11": 73.0, "ENE_12": 73.78, "DIC_01": 0.0, "DIC_02": 0.0, "DIC_03": 0.08, "DIC_04": 1.02, "DIC_05": 0.0, "DIC_06": 0.0, "DIC_07": 0.0, "DIC_08": 0.0, "DIC_09": 4.99, "DIC_10": 0.0, "DIC_11": 0.0, "DIC_12": 0.0, "FIC_01": 0.0, "FIC_02": 0.0, "FIC_03": 1.0, "FIC_04": 1.0, "FIC_05": 0.0, "FIC_06": 0.0, "FIC_07": 0.0, "FIC_08": 0.0, "FIC_09": 2.0, "FIC_10": 0.0, "FIC_11": 0.0, "FIC_12": 0.0, "SEMRED": 0, "DESCR": " ", "COD_ID": "f47648f7512ed7900a71b12d8583a411f96cebea08a5907a808e7c806e646ed5", "__layer": "UCBT_tab" }, "geometry": null },
{ "type": "Feature", "properties": { "DIST": 390, "PAC": "33795775739604806L", "RAMAL": "421783921S1", "PN_CON": "805034", "UNI_TR_MT": "14432141", "CTMT": "TTI0114", "UNI_TR_AT": "DTTI-EQ-TR1", "SUB": "DTTI", "CONJ": 12986, "MUN": "3550308", "CEG_GD": " ", "BRR": "R CONS COTEGIPE 644 BELENZINHO", "CEP": "03058-000", "CLAS_SUB": "RE1", "CNAE": " ", "TIP_CC": "RES-Tipo02", "FAS_CON": "BCN", "GRU_TEN": "BT", "TEN_FORN": "10", "GRU_TAR": "B1", "SIT_ATIV": "AT", "DAT_CON": "01/04/1964", "CAR_INST": 6.9, "LIV": 0, "ARE_LOC": "UB", "TIP_SIST": "RD_INTERLIG", "ENE_01": 153.6, "ENE_02": 230.0, "ENE_03": 212.0, "ENE_04": 232.0, "ENE_05": 248.0, "ENE_06": 222.0, "ENE_07": 225.0, "ENE_08": 232.0, "ENE_09": 178.0, "ENE_10": 248.0, "ENE_11": 100.0, "ENE_12": 143.69, "DIC_01": 0.0, "DIC_02": 0.0, "DIC_03": 0.08, "DIC_04": 0.47, "DIC_05": 0.0, "DIC_06": 0.0, "DIC_07": 0.0, "DIC_08": 0.0, "DIC_09": 4.99, "DIC_10": 0.0, "DIC_11": 0.0, "DIC_12": 0.0, "FIC_01": 0.0, "FIC_02": 0.0, "FIC_03": 1.0, "FIC_04": 1.0, "FIC_05": 0.0, "FIC_06": 0.0, "FIC_07": 0.0, "FIC_08": 0.0, "FIC_09": 2.0, "FIC_10": 0.0, "FIC_11": 0.0, "FIC_12": 0.0, "SEMRED": 0, "DESCR": " ", "COD_ID": "9f503b4f54b368722a4ec91b893ccd93f4bd2a74740929e0dc3c2d7479665226", "__layer": "UCBT_tab" }, "geometry": null },
{ "type": "Feature", "properties": { "DIST": 390, "PAC": "33795785739604794L", "RAMAL": "421783927S1", "PN_CON": "805034", "UNI_TR_MT": "14432141", "CTMT": "TTI0114", "UNI_TR_AT": "DTTI-EQ-TR1", "SUB": "DTTI", "CONJ": 12986, "MUN": "3550308", "CEG_GD": " ", "BRR": "R CONS COTEGIPE 646 BELENZINHO", "CEP": "03058-000", "CLAS_SUB": "RE1", "CNAE": " ", "TIP_CC": "RES-Tipo04", "FAS_CON": "ABN", "GRU_TEN": "BT", "TEN_FORN": "10", "GRU_TAR": "B1", "SIT_ATIV": "AT", "DAT_CON": "01/04/1952", "CAR_INST": 7.1, "LIV": 0, "ARE_LOC": "UB", "TIP_SIST": "RD_INTERLIG", "ENE_01": 113.57, "ENE_02": 235.0, "ENE_03": 281.0, "ENE_04": 280.0, "ENE_05": 331.0, "ENE_06": 303.0, "ENE_07": 286.0, "ENE_08": 155.0, "ENE_09": 283.0, "ENE_10": 255.0, "ENE_11": 264.0, "ENE_12": 259.23, "DIC_01": 0.0, "DIC_02": 0.0, "DIC_03": 0.08, "DIC_04": 1.02, "DIC_05": 0.0, "DIC_06": 0.0, "DIC_07": 0.0, "DIC_08": 0.0, "DIC_09": 4.99, "DIC_10": 0.0, "DIC_11": 0.0, "DIC_12": 0.0, "FIC_01": 0.0, "FIC_02": 0.0, "FIC_03": 1.0, "FIC_04": 1.0, "FIC_05": 0.0, "FIC_06": 0.0, "FIC_07": 0.0, "FIC_08": 0.0, "FIC_09": 2.0, "FIC_10": 0.0, "FIC_11": 0.0, "FIC_12": 0.0, "SEMRED": 0, "DESCR": " ", "COD_ID": "11c04719b8a06a0c89d37c2d056d4642a3c8fe9b39fb0b67b3b6e524291f3213", "__layer": "UCBT_tab" }, "geometry": null },
{ "type": "Feature", "properties": { "DIST": 390, "PAC": "33795497739604849L", "RAMAL": "421783891S1", "PN_CON": "805034", "UNI_TR_MT": "14432141", "CTMT": "TTI0114", "UNI_TR_AT": "DTTI-EQ-TR1", "SUB": "DTTI", "CONJ": 12986, "MUN": "3550308", "CEG_GD": " ", "BRR": "R CONS COTEGIPE 652 BELENZINHO", "CEP": "03058-000", "CLAS_SUB": "RE1", "CNAE": " ", "TIP_CC": "RES-Tipo04", "FAS_CON": "ABN", "GRU_TEN": "BT", "TEN_FORN": "10", "GRU_TAR": "B1", "SIT_ATIV": "AT", "DAT_CON": "01/04/1973", "CAR_INST": 3.0, "LIV": 0, "ARE_LOC": "UB", "TIP_SIST": "RD_INTERLIG", "ENE_01": 116.57, "ENE_02": 244.0, "ENE_03": 254.0, "ENE_04": 291.0, "ENE_05": 281.0, "ENE_06": 302.0, "ENE_07": 343.0, "ENE_08": 350.0, "ENE_09": 224.0, "ENE_10": 217.0, "ENE_11": 227.0, "ENE_12": 222.34, "DIC_01": 0.0, "DIC_02": 0.0, "DIC_03": 0.08, "DIC_04": 1.02, "DIC_05": 0.0, "DIC_06": 0.0, "DIC_07": 0.0, "DIC_08": 0.0, "DIC_09": 4.99, "DIC_10": 0.0, "DIC_11": 0.0, "DIC_12": 0.0, "FIC_01": 0.0, "FIC_02": 0.0, "FIC_03": 1.0, "FIC_04": 1.0, "FIC_05": 0.0, "FIC_06": 0.0, "FIC_07": 0.0, "FIC_08": 0.0, "FIC_09": 2.0, "FIC_10": 0.0, "FIC_11": 0.0, "FIC_12": 0.0, "SEMRED": 0, "DESCR": " ", "COD_ID": "0c5ec75b1d2b48ddd01bee4cca526436e59f7d6cd27b3af18d043d580ceb8a6b", "__layer": "UCBT_tab" }, "geometry": null },
{ "type": "Feature", "properties": { "DIST": 390, "PAC": "33797607739605361L", "RAMAL": "421608683S1", "PN_CON": "805513", "UNI_TR_MT": "14432343", "CTMT": "TTI0114", "UNI_TR_AT": "DTTI-EQ-TR1", "SUB": "DTTI", "CONJ": 12986, "MUN": "3550308", "CEG_GD": " ", "BRR": "R CONS COTEGIPE 660 BELENZINHO", "CEP": "03058-000", "CLAS_SUB": "CO1", "CNAE": "4753-9/00", "TIP_CC": "COM-Tipo03", "FAS_CON": "ABCN", "GRU_TEN": "BT", "TEN_FORN": "10", "GRU_TAR": "B3", "SIT_ATIV": "AT", "DAT_CON": "01/03/1979", "CAR_INST": 9.4, "LIV": 0, "ARE_LOC": "UB", "TIP_SIST": "RD_INTERLIG", "ENE_01": 1687.0, "ENE_02": 1627.0, "ENE_03": 1806.712, "ENE_04": 1663.0, "ENE_05": 1483.0, "ENE_06": 1366.0, "ENE_07": 977.76, "ENE_08": 663.68, "ENE_09": 1293.0, "ENE_10": 1612.0, "ENE_11": 1010.08, "ENE_12": 1674.45, "DIC_01": 0.0, "DIC_02": 0.0, "DIC_03": 0.08, "DIC_04": 1.02, "DIC_05": 5.35, "DIC_06": 0.0, "DIC_07": 0.0, "DIC_08": 0.0, "DIC_09": 4.99, "DIC_10": 0.0, "DIC_11": 0.0, "DIC_12": 0.0, "FIC_01": 0.0, "FIC_02": 0.0, "FIC_03": 1.0, "FIC_04": 1.0, "FIC_05": 2.0, "FIC_06": 0.0, "FIC_07": 0.0, "FIC_08": 0.0, "FIC_09": 2.0, "FIC_10": 0.0, "FIC_11": 0.0, "FIC_12": 0.0, "SEMRED": 0, "DESCR": " ", "COD_ID": "bccc3bf20be1cacfb0e43c54a4758ea981d019c0b02feab3420fe75383bc2374", "__layer": "UCBT_tab" }, "geometry": null },
{ "type": "Feature", "properties": { "DIST": 390, "PAC": "33800176739605933L", "RAMAL": "421513871S1", "PN_CON": "806172", "UNI_TR_MT": "14432141", "CTMT": "TTI0114", "UNI_TR_AT": "DTTI-EQ-TR1", "SUB": "DTTI", "CONJ": 12986, "MUN": "3550308", "CEG_GD": " ", "BRR": "R CONS COTEGIPE 670 BELENZINHO", "CEP": "03058-000", "CLAS_SUB": "RE1", "CNAE": " ", "TIP_CC": "RES-Tipo02", "FAS_CON": "ABCN", "GRU_TEN": "BT", "TEN_FORN": "10", "GRU_TAR": "B1", "SIT_ATIV": "AT", "DAT_CON": "01/07/1985", "CAR_INST": 12.0, "LIV": 0, "ARE_LOC": "UB", "TIP_SIST": "RD_INTERLIG", "ENE_01": 104.07, "ENE_02": 179.0, "ENE_03": 202.0, "ENE_04": 216.0, "ENE_05": 228.0, "ENE_06": 210.0, "ENE_07": 180.0, "ENE_08": 184.0, "ENE_09": 180.0, "ENE_10": 206.0, "ENE_11": 177.0, "ENE_12": 174.76, "DIC_01": 0.0, "DIC_02": 0.0, "DIC_03": 0.08, "DIC_04": 1.02, "DIC_05": 0.0, "DIC_06": 0.0, "DIC_07": 0.0, "DIC_08": 0.0, "DIC_09": 4.99, "DIC_10": 0.0, "DIC_11": 0.0, "DIC_12": 0.0, "FIC_01": 0.0, "FIC_02": 0.0, "FIC_03": 1.0, "FIC_04": 1.0, "FIC_05": 0.0, "FIC_06": 0.0, "FIC_07": 0.0, "FIC_08": 0.0, "FIC_09": 2.0, "FIC_10": 0.0, "FIC_11": 0.0, "FIC_12": 0.0, "SEMRED": 0, "DESCR": " ", "COD_ID": "5afbdf08a7f4e992776d4348406a360cd8252b0522a82fcb68e80ed136089945", "__layer": "UCBT_tab" }, "geometry": null },
{ "type": "Feature", "properties": { "DIST": 390, "PAC": "33800107739605961L", "RAMAL": "421513853S1", "PN_CON": "806172", "UNI_TR_MT": "14432141", "CTMT": "TTI0114", "UNI_TR_AT": "DTTI-EQ-TR1", "SUB": "DTTI", "CONJ": 12986, "MUN": "3550308", "CEG_GD": " ", "BRR": "R CONS COTEGIPE 678 BELENZINHO", "CEP": "03058-000", "CLAS_SUB": "RE1", "CNAE": " ", "TIP_CC": "RES-Tipo05", "FAS_CON": "ABN", "GRU_TEN": "BT", "TEN_FORN": "10", "GRU_TAR": "B1", "SIT_ATIV": "AT", "DAT_CON": "01/01/1980", "CAR_INST": 2.9, "LIV": 0, "ARE_LOC": "UB", "TIP_SIST": "RD_INTERLIG", "ENE_01": 134.75, "ENE_02": 308.2, "ENE_03": 349.4, "ENE_04": 329.4, "ENE_05": 361.2, "ENE_06": 353.4, "ENE_07": 310.5, "ENE_08": 382.1, "ENE_09": 366.4, "ENE_10": 395.6, "ENE_11": 383.8, "ENE_12": 352.63, "DIC_01": 0.0, "DIC_02": 0.0, "DIC_03": 0.08, "DIC_04": 1.02, "DIC_05": 0.0, "DIC_06": 0.0, "DIC_07": 0.0, "DIC_08": 0.0, "DIC_09": 4.99, "DIC_10": 0.0, "DIC_11": 0.0, "DIC_12": 0.0, "FIC_01": 0.0, "FIC_02": 0.0, "FIC_03": 1.0, "FIC_04": 1.0, "FIC_05": 0.0, "FIC_06": 0.0, "FIC_07": 0.0, "FIC_08": 0.0, "FIC_09": 2.0, "FIC_10": 0.0, "FIC_11": 0.0, "FIC_12": 0.0, "SEMRED": 0, "DESCR": " ", "COD_ID": "eb17b4526e1d4c7f9c5eefbb84d753ebd7a85aaee571be7696a6ddd3607466b9", "__layer": "UCBT_tab" }, "geometry": null },
{ "type": "Feature", "properties": { "DIST": 390, "PAC": "33800196739605920L", "RAMAL": "421513878S1", "PN_CON": "806172", "UNI_TR_MT": "14432141", "CTMT": "TTI0114", "UNI_TR_AT": "DTTI-EQ-TR1", "SUB": "DTTI", "CONJ": 12986, "MUN": "3550308", "CEG_GD": " ", "BRR": "R CONS COTEGIPE 686 BELENZINHO", "CEP": "03058-000", "CLAS_SUB": "RE1", "CNAE": " ", "TIP_CC": "RES-Tipo04", "FAS_CON": "ABN", "GRU_TEN": "BT", "TEN_FORN": "10", "GRU_TAR": "B1", "SIT_ATIV": "AT", "DAT_CON": "01/02/1952", "CAR_INST": 3.0, "LIV": 0, "ARE_LOC": "UB", "TIP_SIST": "RD_INTERLIG", "ENE_01": 127.58, "ENE_02": 251.0, "ENE_03": 228.0, "ENE_04": 250.0, "ENE_05": 232.0, "ENE_06": 250.0, "ENE_07": 247.0, "ENE_08": 251.0, "ENE_09": 246.0, "ENE_10": 259.0, "ENE_11": 225.0, "ENE_12": 210.68, "DIC_01": 0.0, "DIC_02": 0.0, "DIC_03": 0.08, "DIC_04": 1.02, "DIC_05": 0.0, "DIC_06": 0.0, "DIC_07": 0.0, "DIC_08": 0.0, "DIC_09": 4.99, "DIC_10": 0.0, "DIC_11": 0.0, "DIC_12": 0.0, "FIC_01": 0.0, "FIC_02": 0.0, "FIC_03": 1.0, "FIC_04": 1.0, "FIC_05": 0.0, "FIC_06": 0.0, "FIC_07": 0.0, "FIC_08": 0.0, "FIC_09": 2.0, "FIC_10": 0.0, "FIC_11": 0.0, "FIC_12": 0.0, "SEMRED": 0, "DESCR": " ", "COD_ID": "798de5e2008fa26da57341a3eea201bd2b819f6992503e0024d35100e4669430", "__layer": "UCBT_tab" }, "geometry": null },
{ "type": "Feature", "properties": { "DIST": 390, "PAC": "33803759739606670L", "RAMAL": "421521419S1", "PN_CON": "807149", "UNI_TR_MT": "14432600", "CTMT": "TTI0114", "UNI_TR_AT": "DTTI-EQ-TR1", "SUB": "DTTI", "CONJ": 12986, "MUN": "3550308", "CEG_GD": " ", "BRR": "R CONS COTEGIPE 688 BELENZINHO", "CEP": "03058-000", "CLAS_SUB": "RE1", "CNAE": " ", "TIP_CC": "RES-Tipo02", "FAS_CON": "ABN", "GRU_TEN": "BT", "TEN_FORN": "10", "GRU_TAR": "B1", "SIT_ATIV": "AT", "DAT_CON": "01/05/1959", "CAR_INST": 3.0, "LIV": 0, "ARE_LOC": "UB", "TIP_SIST": "RD_INTERLIG", "ENE_01": 72.04, "ENE_02": 137.0, "ENE_03": 149.0, "ENE_04": 142.0, "ENE_05": 154.0, "ENE_06": 143.0, "ENE_07": 116.0, "ENE_08": 133.0, "ENE_09": 142.0, "ENE_10": 165.0, "ENE_11": 143.0, "ENE_12": 167.96, "DIC_01": 0.0, "DIC_02": 0.0, "DIC_03": 0.08, "DIC_04": 1.02, "DIC_05": 0.0, "DIC_06": 0.0, "DIC_07": 0.0, "DIC_08": 0.0, "DIC_09": 1.76, "DIC_10": 0.0, "DIC_11": 0.0, "DIC_12": 0.0, "FIC_01": 0.0, "FIC_02": 0.0, "FIC_03": 1.0, "FIC_04": 1.0, "FIC_05": 0.0, "FIC_06": 0.0, "FIC_07": 0.0, "FIC_08": 0.0, "FIC_09": 1.0, "FIC_10": 0.0, "FIC_11": 0.0, "FIC_12": 0.0, "SEMRED": 0, "DESCR": " ", "COD_ID": "04fa77d7fa0beb50bd47ee98e3921d78318f8feaa2121a4ae5e5dd5e2bb4d53b", "__layer": "UCBT_tab" }, "geometry": null },
{ "type": "Feature", "properties": { "DIST": 390, "PAC": "33803854739606644L", "RAMAL": "421521443S1", "PN_CON": "807149", "UNI_TR_MT": "14432600", "CTMT": "TTI0114", "UNI_TR_AT": "DTTI-EQ-TR1", "SUB": "DTTI", "CONJ": 12986, "MUN": "3550308", "CEG_GD": " ", "BRR": "R CONS COTEGIPE 694 BELENZINHO", "CEP": "03058-000", "CLAS_SUB": "RE1", "CNAE": " ", "TIP_CC": "RES-Tipo02", "FAS_CON": "ABN", "GRU_TEN": "BT", "TEN_FORN": "10", "GRU_TAR": "B1", "SIT_ATIV": "AT", "DAT_CON": "01/08/1983", "CAR_INST": 3.0, "LIV": 0, "ARE_LOC": "UB", "TIP_SIST": "RD_INTERLIG", "ENE_01": 83.55, "ENE_02": 168.0, "ENE_03": 124.0, "ENE_04": 166.0, "ENE_05": 167.0, "ENE_06": 155.0, "ENE_07": 157.0, "ENE_08": 163.0, "ENE_09": 163.0, "ENE_10": 139.0, "ENE_11": 160.0, "ENE_12": 153.4, "DIC_01": 0.0, "DIC_02": 0.0, "DIC_03": 0.08, "DIC_04": 1.02, "DIC_05": 0.0, "DIC_06": 0.0, "DIC_07": 0.0, "DIC_08": 0.0, "DIC_09": 1.76, "DIC_10": 0.0, "DIC_11": 0.0, "DIC_12": 0.0, "FIC_01": 0.0, "FIC_02": 0.0, "FIC_03": 1.0, "FIC_04": 1.0, "FIC_05": 0.0, "FIC_06": 0.0, "FIC_07": 0.0, "FIC_08": 0.0, "FIC_09": 1.0, "FIC_10": 0.0, "FIC_11": 0.0, "FIC_12": 0.0, "SEMRED": 0, "DESCR": " ", "COD_ID": "144c5d448485e1a9c7172137d2c7958a7947af38bca96c365fe18c454b118fa1", "__layer": "UCBT_tab" }, "geometry": null },
{ "type": "Feature", "properties": { "DIST": 390, "PAC": "33803807739606661L", "RAMAL": "421521431S1", "PN_CON": "807149", "UNI_TR_MT": "14432600", "CTMT": "TTI0114", "UNI_TR_AT": "DTTI-EQ-TR1", "SUB": "DTTI", "CONJ": 12986, "MUN": "3550308", "CEG_GD": " ", "BRR": "R CONS COTEGIPE 699 BELENZINHO", "CEP": "03058-000", "CLAS_SUB": "CO1", "CNAE": "6911-7/01", "TIP_CC": "COM-Tipo02", "FAS_CON": "ABN", "GRU_TEN": "BT", "TEN_FORN": "10", "GRU_TAR": "B3", "SIT_ATIV": "AT", "DAT_CON": "01/05/1976", "CAR_INST": 2.0, "LIV": 0, "ARE_LOC": "UB", "TIP_SIST": "RD_INTERLIG", "ENE_01": 380.0, "ENE_02": 372.0, "ENE_03": 525.055, "ENE_04": 403.0, "ENE_05": 428.0, "ENE_06": 318.0, "ENE_07": 164.64, "ENE_08": 122.0, "ENE_09": 190.0, "ENE_10": 356.0, "ENE_11": 174.64, "ENE_12": 304.09, "DIC_01": 0.0, "DIC_02": 0.0, "DIC_03": 0.08, "DIC_04": 1.02, "DIC_05": 0.0, "DIC_06": 0.0, "DIC_07": 0.0, "DIC_08": 0.0, "DIC_09": 1.76, "DIC_10": 0.0, "DIC_11": 0.0, "DIC_12": 0.0, "FIC_01": 0.0, "FIC_02": 0.0, "FIC_03": 1.0, "FIC_04": 1.0, "FIC_05": 0.0, "FIC_06": 0.0, "FIC_07": 0.0, "FIC_08": 0.0, "FIC_09": 1.0, "FIC_10": 0.0, "FIC_11": 0.0, "FIC_12": 0.0, "SEMRED": 0, "DESCR": " ", "COD_ID": "e9c9d196fe53d21cfd3389fd49059dbd29968717f9b076001311ce9bd6e531be", "__layer": "UCBT_tab" }, "geometry": null },
{ "type": "Feature", "properties": { "DIST": 390, "PAC": "33800059739605970L", "RAMAL": "421513841S1", "PN_CON": "806172", "UNI_TR_MT": "14432141", "CTMT": "TTI0114", "UNI_TR_AT": "DTTI-EQ-TR1", "SUB": "DTTI", "CONJ": 12986, "MUN": "3550308", "CEG_GD": " ", "BRR": "R CONS COTEGIPE 685 BELENZINHO", "CEP": "03058-000", "CLAS_SUB": "CO1", "CNAE": "9602-5/01", "TIP_CC": "COM-Tipo03", "FAS_CON": "ABN", "GRU_TEN": "BT", "TEN_FORN": "10", "GRU_TAR": "B3", "SIT_ATIV": "AT", "DAT_CON": "01/03/1989", "CAR_INST": 3.0, "LIV": 0, "ARE_LOC": "UB", "TIP_SIST": "RD_INTERLIG", "ENE_01": 1453.0, "ENE_02": 1391.0, "ENE_03": 4602.659, "ENE_04": 30.0, "ENE_05": 58.0, "ENE_06": 911.0, "ENE_07": 137.76, "ENE_08": 96.99, "ENE_09": 190.0, "ENE_10": 469.0, "ENE_11": 683.22, "ENE_12": 1596.03, "DIC_01": 0.0, "DIC_02": 0.0, "DIC_03": 0.08, "DIC_04": 1.02, "DIC_05": 0.0, "DIC_06": 0.0, "DIC_07": 0.0, "DIC_08": 0.0, "DIC_09": 4.99, "DIC_10": 0.0, "DIC_11": 0.0, "DIC_12": 0.0, "FIC_01": 0.0, "FIC_02": 0.0, "FIC_03": 1.0, "FIC_04": 1.0, "FIC_05": 0.0, "FIC_06": 0.0, "FIC_07": 0.0, "FIC_08": 0.0, "FIC_09": 2.0, "FIC_10": 0.0, "FIC_11": 0.0, "FIC_12": 0.0, "SEMRED": 0, "DESCR": " ", "COD_ID": "c26b16a969f0155aaaa207df7b65b760fc6747669c409a4ef835cac57157660e", "__layer": "UCBT_tab" }, "geometry": null },
{ "type": "Feature", "properties": { "DIST": 390, "PAC": "33800083739605967L", "RAMAL": "421513847S1", "PN_CON": "806172", "UNI_TR_MT": "14432141", "CTMT": "TTI0114", "UNI_TR_AT": "DTTI-EQ-TR1", "SUB": "DTTI", "CONJ": 12986, "MUN": "3550308", "CEG_GD": " ", "BRR": "R CONS COTEGIPE 677 BELENZINHO", "CEP": "03058-000", "CLAS_SUB": "RE1", "CNAE": " ", "TIP_CC": "RES-Tipo02", "FAS_CON": "ABN", "GRU_TEN": "BT", "TEN_FORN": "10", "GRU_TAR": "B1", "SIT_ATIV": "AT", "DAT_CON": "01/04/1968", "CAR_INST": 1.5, "LIV": 0, "ARE_LOC": "UB", "TIP_SIST": "RD_INTERLIG", "ENE_01": 74.04, "ENE_02": 135.0, "ENE_03": 146.0, "ENE_04": 126.0, "ENE_05": 142.0, "ENE_06": 141.0, "ENE_07": 61.0, "ENE_08": 133.0, "ENE_09": 133.0, "ENE_10": 30.0, "ENE_11": 64.0, "ENE_12": 75.73, "DIC_01": 0.0, "DIC_02": 0.0, "DIC_03": 0.08, "DIC_04": 1.02, "DIC_05": 0.0, "DIC_06": 0.0, "DIC_07": 0.0, "DIC_08": 0.0, "DIC_09": 4.99, "DIC_10": 0.0, "DIC_11": 0.0, "DIC_12": 0.0, "FIC_01": 0.0, "FIC_02": 0.0, "FIC_03": 1.0, "FIC_04": 1.0, "FIC_05": 0.0, "FIC_06": 0.0, "FIC_07": 0.0, "FIC_08": 0.0, "FIC_09": 2.0, "FIC_10": 0.0, "FIC_11": 0.0, "FIC_12": 0.0, "SEMRED": 0, "DESCR": " ", "COD_ID": "225a76ca36b148b467eac257190738bde6f2bd83d497becc79ffb6ee2eec4585", "__layer": "UCBT_tab" }, "geometry": null },
{ "type": "Feature", "properties": { "DIST": 390, "PAC": "33800154739605944L", "RAMAL": "421513865S1", "PN_CON": "806172", "UNI_TR_MT": "14432141", "CTMT": "TTI0114", "UNI_TR_AT": "DTTI-EQ-TR1", "SUB": "DTTI", "CONJ": 12986, "MUN": "3550308", "CEG_GD": " ", "BRR": "R CONS COTEGIPE 667 BELENZINHO", "CEP": "03058-000", "CLAS_SUB": "RE1", "CNAE": " ", "TIP_CC": "RES-Tipo05", "FAS_CON": "ABN", "GRU_TEN": "BT", "TEN_FORN": "10", "GRU_TAR": "B1", "SIT_ATIV": "AT", "DAT_CON": "01/04/1985", "CAR_INST": 5.1, "LIV": 0, "ARE_LOC": "UB", "TIP_SIST": "RD_INTERLIG", "ENE_01": 0.0, "ENE_02": 0.0, "ENE_03": 0.0, "ENE_04": 0.0, "ENE_05": 0.0, "ENE_06": 14.0, "ENE_07": 6.0, "ENE_08": 264.0, "ENE_09": 287.0, "ENE_10": 414.0, "ENE_11": 359.0, "ENE_12": 340.79, "DIC_01": 0.0, "DIC_02": 0.0, "DIC_03": 0.0, "DIC_04": 0.0, "DIC_05": 0.0, "DIC_06": 0.0, "DIC_07": 0.0, "DIC_08": 0.0, "DIC_09": 4.99, "DIC_10": 0.0, "DIC_11": 0.0, "DIC_12": 0.0, "FIC_01": 0.0, "FIC_02": 0.0, "FIC_03": 0.0, "FIC_04": 0.0, "FIC_05": 0.0, "FIC_06": 0.0, "FIC_07": 0.0, "FIC_08": 0.0, "FIC_09": 2.0, "FIC_10": 0.0, "FIC_11": 0.0, "FIC_12": 0.0, "SEMRED": 0, "DESCR": " ", "COD_ID": "83fcd2dbe660850e8ebcc4383e938557f1d7188bd5c0e8ca2a241a60e8ba354f", "__layer": "UCBT_tab" }, "geometry": null },
{ "type": "Feature", "properties": { "DIST": 390, "PAC": "33797659739605447L", "RAMAL": "9703458S1", "PN_CON": "805513", "UNI_TR_MT": "14432343", "CTMT": "TTI0114", "UNI_TR_AT": "DTTI-EQ-TR1", "SUB": "DTTI", "CONJ": 12986, "MUN": "3550308", "CEG_GD": " ", "BRR": "R CONS COTEGIPE 659 BELENZINHO", "CEP": "03058-000", "CLAS_SUB": "CO9", "CNAE": "4618-4/99", "TIP_CC": "COM-Tipo02", "FAS_CON": "ABN", "GRU_TEN": "BT", "TEN_FORN": "10", "GRU_TAR": "B3", "SIT_ATIV": "AT", "DAT_CON": "01/05/1958", "CAR_INST": 1.7, "LIV": 0, "ARE_LOC": "UB", "TIP_SIST": "RD_INTERLIG", "ENE_01": 30.0, "ENE_02": 294.0, "ENE_03": 32.612, "ENE_04": 279.0, "ENE_05": 263.0, "ENE_06": 278.0, "ENE_07": 25.2, "ENE_08": 155.55, "ENE_09": 244.0, "ENE_10": 30.0, "ENE_11": 17.7, "ENE_12": 168.3, "DIC_01": 0.0, "DIC_02": 0.0, "DIC_03": 0.08, "DIC_04": 1.02, "DIC_05": 0.0, "DIC_06": 0.0, "DIC_07": 0.0, "DIC_08": 0.0, "DIC_09": 4.99, "DIC_10": 0.0, "DIC_11": 0.0, "DIC_12": 0.0, "FIC_01": 0.0, "FIC_02": 0.0, "FIC_03": 1.0, "FIC_04": 1.0, "FIC_05": 0.0, "FIC_06": 0.0, "FIC_07": 0.0, "FIC_08": 0.0, "FIC_09": 2.0, "FIC_10": 0.0, "FIC_11": 0.0, "FIC_12": 0.0, "SEMRED": 0, "DESCR": " ", "COD_ID": "cd99d774e2295a4bda2b6c6e7270b2389e984d14ad4503964fbd3cb347412673", "__layer": "UCBT_tab" }, "geometry": null },
{ "type": "Feature", "properties": { "DIST": 390, "PAC": "33797583739605367L", "RAMAL": "421608677S1", "PN_CON": "805513", "UNI_TR_MT": "14432343", "CTMT": "TTI0114", "UNI_TR_AT": "DTTI-EQ-TR1", "SUB": "DTTI", "CONJ": 12986, "MUN": "3550308", "CEG_GD": " ", "BRR": "R CONS COTEGIPE 657 BELENZINHO", "CEP": "03058-000", "CLAS_SUB": "RE1", "CNAE": " ", "TIP_CC": "RES-Tipo04", "FAS_CON": "ABN", "GRU_TEN": "BT", "TEN_FORN": "10", "GRU_TAR": "B1", "SIT_ATIV": "AT", "DAT_CON": "01/05/1977", "CAR_INST": 3.0, "LIV": 0, "ARE_LOC": "UB", "TIP_SIST": "RD_INTERLIG", "ENE_01": 125.08, "ENE_02": 273.0, "ENE_03": 97.0, "ENE_04": 158.0, "ENE_05": 180.0, "ENE_06": 203.0, "ENE_07": 270.0, "ENE_08": 300.0, "ENE_09": 289.0, "ENE_10": 343.0, "ENE_11": 315.0, "ENE_12": 338.85, "DIC_01": 0.0, "DIC_02": 0.0, "DIC_03": 0.08, "DIC_04": 1.02, "DIC_05": 0.0, "DIC_06": 0.0, "DIC_07": 0.0, "DIC_08": 0.0, "DIC_09": 4.99, "DIC_10": 0.0, "DIC_11": 0.0, "DIC_12": 0.0, "FIC_01": 0.0, "FIC_02": 0.0, "FIC_03": 1.0, "FIC_04": 1.0, "FIC_05": 0.0, "FIC_06": 0.0, "FIC_07": 0.0, "FIC_08": 0.0, "FIC_09": 2.0, "FIC_10": 0.0, "FIC_11": 0.0, "FIC_12": 0.0, "SEMRED": 0, "DESCR": " ", "COD_ID": "df7ebaa7996b5bf6e30c0af3ac550f2d0f2550987246de984f8ea87fcfdc2019", "__layer": "UCBT_tab" }, "geometry": null },
{ "type": "Feature", "properties": { "DIST": 390, "PAC": "33795494739604825L", "RAMAL": "421783915S1", "PN_CON": "805034", "UNI_TR_MT": "14432141", "CTMT": "TTI0114", "UNI_TR_AT": "DTTI-EQ-TR1", "SUB": "DTTI", "CONJ": 12986, "MUN": "3550308", "CEG_GD": " ", "BRR": "R CONS COTEGIPE 643 BELENZINHO", "CEP": "03058-000", "CLAS_SUB": "RE1", "CNAE": " ", "TIP_CC": "RES-Tipo01", "FAS_CON": "ABN", "GRU_TEN": "BT", "TEN_FORN": "10", "GRU_TAR": "B1", "SIT_ATIV": "AT", "DAT_CON": "01/06/1958", "CAR_INST": 6.0, "LIV": 0, "ARE_LOC": "UB", "TIP_SIST": "RD_INTERLIG", "ENE_01": 15.01, "ENE_02": 30.0, "ENE_03": 30.0, "ENE_04": 30.0, "ENE_05": 35.0, "ENE_06": 30.0, "ENE_07": 30.0, "ENE_08": 30.0, "ENE_09": 30.0, "ENE_10": 30.0, "ENE_11": 30.0, "ENE_12": 29.12, "DIC_01": 0.0, "DIC_02": 0.0, "DIC_03": 0.08, "DIC_04": 1.02, "DIC_05": 0.0, "DIC_06": 0.0, "DIC_07": 0.0, "DIC_08": 0.0, "DIC_09": 4.99, "DIC_10": 0.0, "DIC_11": 0.0, "DIC_12": 0.0, "FIC_01": 0.0, "FIC_02": 0.0, "FIC_03": 1.0, "FIC_04": 1.0, "FIC_05": 0.0, "FIC_06": 0.0, "FIC_07": 0.0, "FIC_08": 0.0, "FIC_09": 2.0, "FIC_10": 0.0, "FIC_11": 0.0, "FIC_12": 0.0, "SEMRED": 0, "DESCR": " ", "COD_ID": "f61053b31887cd65a6e2ab007f0edd5ce9757e5d69e68b3d721935e36c9c6aa8", "__layer": "UCBT_tab" }, "geometry": null },
{ "type": "Feature", "properties": { "DIST": 390, "PAC": "33795537739604823L", "RAMAL": "421783909S1", "PN_CON": "805034", "UNI_TR_MT": "14432141", "CTMT": "TTI0114", "UNI_TR_AT": "DTTI-EQ-TR1", "SUB": "DTTI", "CONJ": 12986, "MUN": "3550308", "CEG_GD": " ", "BRR": "R CONS COTEGIPE 639 BELENZINHO", "CEP": "03058-000", "CLAS_SUB": "RE1", "CNAE": " ", "TIP_CC": "RES-Tipo04", "FAS_CON": "ABN", "GRU_TEN": "BT", "TEN_FORN": "10", "GRU_TAR": "B1", "SIT_ATIV": "AT", "DAT_CON": "01/03/1962", "CAR_INST": 0.3, "LIV": 0, "ARE_LOC": "UB", "TIP_SIST": "RD_INTERLIG", "ENE_01": 188.62, "ENE_02": 342.0, "ENE_03": 348.0, "ENE_04": 352.0, "ENE_05": 376.0, "ENE_06": 362.0, "ENE_07": 330.0, "ENE_08": 390.0, "ENE_09": 350.0, "ENE_10": 362.0, "ENE_11": 324.0, "ENE_12": 315.54, "DIC_01": 0.0, "DIC_02": 0.0, "DIC_03": 0.08, "DIC_04": 1.02, "DIC_05": 0.0, "DIC_06": 0.0, "DIC_07": 0.0, "DIC_08": 0.0, "DIC_09": 4.99, "DIC_10": 0.0, "DIC_11": 0.0, "DIC_12": 0.0, "FIC_01": 0.0, "FIC_02": 0.0, "FIC_03": 1.0, "FIC_04": 1.0, "FIC_05": 0.0, "FIC_06": 0.0, "FIC_07": 0.0, "FIC_08": 0.0, "FIC_09": 2.0, "FIC_10": 0.0, "FIC_11": 0.0, "FIC_12": 0.0, "SEMRED": 0, "DESCR": " ", "COD_ID": "2041d907cbfb1dc973616d23009b9b7e03c3a0cee949b883355a46f6785c946e", "__layer": "UCBT_tab" }, "geometry": null },
{ "type": "Feature", "properties": { "DIST": 390, "PAC": "33795682739604866L", "RAMAL": "421783875S1", "PN_CON": "805034", "UNI_TR_MT": "14432141", "CTMT": "TTI0114", "UNI_TR_AT": "DTTI-EQ-TR1", "SUB": "DTTI", "CONJ": 12986, "MUN": "3550308", "CEG_GD": " ", "BRR": "R CONS COTEGIPE 631 BELENZINHO", "CEP": "03058-000", "CLAS_SUB": "RE1", "CNAE": " ", "TIP_CC": "RES-Tipo01", "FAS_CON": "ABN", "GRU_TEN": "BT", "TEN_FORN": "10", "GRU_TAR": "B1", "SIT_ATIV": "AT", "DAT_CON": "01/03/1958", "CAR_INST": 3.6, "LIV": 0, "ARE_LOC": "UB", "TIP_SIST": "RD_INTERLIG", "ENE_01": 14.0, "ENE_02": 25.0, "ENE_03": 34.0, "ENE_04": 32.0, "ENE_05": 36.0, "ENE_06": 32.0, "ENE_07": 29.0, "ENE_08": 30.0, "ENE_09": 30.0, "ENE_10": 29.0, "ENE_11": 30.0, "ENE_12": 29.12, "DIC_01": 0.0, "DIC_02": 0.0, "DIC_03": 0.08, "DIC_04": 1.02, "DIC_05": 0.0, "DIC_06": 0.0, "DIC_07": 0.0, "DIC_08": 0.0, "DIC_09": 4.99, "DIC_10": 0.0, "DIC_11": 0.0, "DIC_12": 0.0, "FIC_01": 0.0, "FIC_02": 0.0, "FIC_03": 1.0, "FIC_04": 1.0, "FIC_05": 0.0, "FIC_06": 0.0, "FIC_07": 0.0, "FIC_08": 0.0, "FIC_09": 2.0, "FIC_10": 0.0, "FIC_11": 0.0, "FIC_12": 0.0, "SEMRED": 0, "DESCR": " ", "COD_ID": "a1397796016c1e5097f0ef7fe2d8a0f47501d35bc2870ed80ca7e3a105614141", "__layer": "UCBT_tab" }, "geometry": null },
{ "type": "Feature", "properties": { "DIST": 390, "PAC": "33793944739604344L", "RAMAL": "421736484S1", "PN_CON": "458185131", "UNI_TR_MT": "14432141", "CTMT": "TTI0114", "UNI_TR_AT": "DTTI-EQ-TR1", "SUB": "DTTI", "CONJ": 12986, "MUN": "3550308", "CEG_GD": " ", "BRR": "R CONS COTEGIPE 615 BELENZINHO", "CEP": "03058-000", "CLAS_SUB": "RE1", "CNAE": " ", "TIP_CC": "RES-Tipo05", "FAS_CON": "ABN", "GRU_TEN": "BT", "TEN_FORN": "10", "GRU_TAR": "B1", "SIT_ATIV": "AT", "DAT_CON": "01/03/1973", "CAR_INST": 4.5, "LIV": 0, "ARE_LOC": "UB", "TIP_SIST": "RD_INTERLIG", "ENE_01": 172.11, "ENE_02": 307.0, "ENE_03": 328.0, "ENE_04": 356.0, "ENE_05": 349.0, "ENE_06": 339.0, "ENE_07": 329.0, "ENE_08": 378.0, "ENE_09": 331.0, "ENE_10": 210.0, "ENE_11": 197.0, "ENE_12": 170.88, "DIC_01": 0.0, "DIC_02": 0.0, "DIC_03": 0.08, "DIC_04": 1.02, "DIC_05": 0.0, "DIC_06": 0.0, "DIC_07": 0.0, "DIC_08": 0.0, "DIC_09": 4.99, "DIC_10": 0.0, "DIC_11": 0.0, "DIC_12": 0.0, "FIC_01": 0.0, "FIC_02": 0.0, "FIC_03": 1.0, "FIC_04": 1.0, "FIC_05": 0.0, "FIC_06": 0.0, "FIC_07": 0.0, "FIC_08": 0.0, "FIC_09": 2.0, "FIC_10": 0.0, "FIC_11": 0.0, "FIC_12": 0.0, "SEMRED": 0, "DESCR": " ", "COD_ID": "02e5e3051e0e34398c41fca2171d82eb51fcee6abefa45a9cadf0b065e6b3187", "__layer": "UCBT_tab" }, "geometry": null },
{ "type": "Feature", "properties": { "DIST": 390, "PAC": "33791922739604154L", "RAMAL": "421410865S1", "PN_CON": "804026", "UNI_TR_MT": "14432141", "CTMT": "TTI0114", "UNI_TR_AT": "DTTI-EQ-TR1", "SUB": "DTTI", "CONJ": 12986, "MUN": "3550308", "CEG_GD": " ", "BRR": "R CONS COTEGIPE 607 BELENZINHO", "CEP": "03058-000", "CLAS_SUB": "RE1", "CNAE": " ", "TIP_CC": "RES-Tipo05", "FAS_CON": "ABN", "GRU_TEN": "BT", "TEN_FORN": "10", "GRU_TAR": "B1", "SIT_ATIV": "AT", "DAT_CON": "01/04/1969", "CAR_INST": 3.0, "LIV": 0, "ARE_LOC": "UB", "TIP_SIST": "RD_INTERLIG", "ENE_01": 530.85, "ENE_02": 996.0, "ENE_03": 1265.0, "ENE_04": 1159.0, "ENE_05": 1105.0, "ENE_06": 859.0, "ENE_07": 672.0, "ENE_08": 685.0, "ENE_09": 644.0, "ENE_10": 943.0, "ENE_11": 787.0, "ENE_12": 845.67, "DIC_01": 0.0, "DIC_02": 0.0, "DIC_03": 0.08, "DIC_04": 1.02, "DIC_05": 0.0, "DIC_06": 0.0, "DIC_07": 0.0, "DIC_08": 0.0, "DIC_09": 4.99, "DIC_10": 0.0, "DIC_11": 0.0, "DIC_12": 0.0, "FIC_01": 0.0, "FIC_02": 0.0, "FIC_03": 1.0, "FIC_04": 1.0, "FIC_05": 0.0, "FIC_06": 0.0, "FIC_07": 0.0, "FIC_08": 0.0, "FIC_09": 2.0, "FIC_10": 0.0, "FIC_11": 0.0, "FIC_12": 0.0, "SEMRED": 0, "DESCR": " ", "COD_ID": "236008e006ff323e88da9a18a7b8c8d0db7402e250ce4054d956c284b7626c8a", "__layer": "UCBT_tab" }, "geometry": null },
{ "type": "Feature", "properties": { "DIST": 390, "PAC": "33791919739603982L", "RAMAL": "9699221S1", "PN_CON": "804026", "UNI_TR_MT": "14432141", "CTMT": "TTI0114", "UNI_TR_AT": "DTTI-EQ-TR1", "SUB": "DTTI", "CONJ": 12986, "MUN": "3550308", "CEG_GD": " ", "BRR": "R CONS COTEGIPE 605 BELENZINHO", "CEP": "03058-000", "CLAS_SUB": "RE1", "CNAE": " ", "TIP_CC": "RES-Tipo01", "FAS_CON": "ABN", "GRU_TEN": "BT", "TEN_FORN": "10", "GRU_TAR": "B1", "SIT_ATIV": "AT", "DAT_CON": "01/09/1961", "CAR_INST": 7.0, "LIV": 0, "ARE_LOC": "UB", "TIP_SIST": "RD_INTERLIG", "ENE_01": 31.02, "ENE_02": 60.0, "ENE_03": 57.0, "ENE_04": 58.0, "ENE_05": 70.0, "ENE_06": 59.0, "ENE_07": 53.0, "ENE_08": 56.0, "ENE_09": 32.0, "ENE_10": 55.0, "ENE_11": 53.0, "ENE_12": 50.48, "DIC_01": 0.0, "DIC_02": 0.0, "DIC_03": 0.08, "DIC_04": 1.02, "DIC_05": 0.0, "DIC_06": 0.0, "DIC_07": 0.0, "DIC_08": 0.0, "DIC_09": 4.99, "DIC_10": 0.0, "DIC_11": 0.0, "DIC_12": 0.0, "FIC_01": 0.0, "FIC_02": 0.0, "FIC_03": 1.0, "FIC_04": 1.0, "FIC_05": 0.0, "FIC_06": 0.0, "FIC_07": 0.0, "FIC_08": 0.0, "FIC_09": 2.0, "FIC_10": 0.0, "FIC_11": 0.0, "FIC_12": 0.0, "SEMRED": 0, "DESCR": " ", "COD_ID": "eaacb2e38b22d9a2f7374aca11a6a1e13a3d6ef7acc85f551056eeb56d02eb28", "__layer": "UCBT_tab" }, "geometry": null },
{ "type": "Feature", "properties": { "DIST": 390, "PAC": "33787998739603535L", "RAMAL": "421441091S1", "PN_CON": "357579689", "UNI_TR_MT": "14427639", "CTMT": "TTI0114", "UNI_TR_AT": "DTTI-EQ-TR1", "SUB": "DTTI", "CONJ": 12986, "MUN": "3550308", "CEG_GD": " ", "BRR": "R CONS COTEGIPE 549 BELENZINHO", "CEP": "03058-000", "CLAS_SUB": "RE1", "CNAE": " ", "TIP_CC": "RES-Tipo02", "FAS_CON": "ABN", "GRU_TEN": "BT", "TEN_FORN": "10", "GRU_TAR": "B1", "SIT_ATIV": "AT", "DAT_CON": "01/08/1968", "CAR_INST": 3.0, "LIV": 0, "ARE_LOC": "UB", "TIP_SIST": "RD_INTERLIG", "ENE_01": 211.14, "ENE_02": 218.0, "ENE_03": 30.0, "ENE_04": 30.0, "ENE_05": 30.0, "ENE_06": 171.0, "ENE_07": 171.0, "ENE_08": 194.0, "ENE_09": 30.0, "ENE_10": 30.0, "ENE_11": 30.0, "ENE_12": 29.12, "DIC_01": 0.0, "DIC_02": 0.0, "DIC_03": 0.08, "DIC_04": 1.02, "DIC_05": 0.0, "DIC_06": 0.0, "DIC_07": 0.0, "DIC_08": 0.0, "DIC_09": 4.99, "DIC_10": 0.0, "DIC_11": 0.0, "DIC_12": 0.0, "FIC_01": 0.0, "FIC_02": 0.0, "FIC_03": 1.0, "FIC_04": 1.0, "FIC_05": 0.0, "FIC_06": 0.0, "FIC_07": 0.0, "FIC_08": 0.0, "FIC_09": 2.0, "FIC_10": 0.0, "FIC_11": 0.0, "FIC_12": 0.0, "SEMRED": 0, "DESCR": " ", "COD_ID": "9e31efb29419e573ddc62410e18926ae7578f3ea603ca8bfc946eee3ffce4c75", "__layer": "UCBT_tab" }, "geometry": null },
{ "type": "Feature", "properties": { "DIST": 390, "PAC": "33788030739603018L", "RAMAL": "421441079S1", "PN_CON": "357579689", "UNI_TR_MT": "14427639", "CTMT": "TTI0114", "UNI_TR_AT": "DTTI-EQ-TR1", "SUB": "DTTI", "CONJ": 12986, "MUN": "3550308", "CEG_GD": " ", "BRR": "R CONS COTEGIPE 547 BELENZINHO", "CEP": "03058-000", "CLAS_SUB": "CO9", "CNAE": "5611-2/01", "TIP_CC": "COM-Tipo02", "FAS_CON": "ABN", "GRU_TEN": "BT", "TEN_FORN": "10", "GRU_TAR": "B3", "SIT_ATIV": "AT", "DAT_CON": "01/07/1971", "CAR_INST": 4.0, "LIV": 0, "ARE_LOC": "UB", "TIP_SIST": "RD_INTERLIG", "ENE_01": 384.0, "ENE_02": 400.0, "ENE_03": 445.699, "ENE_04": 387.0, "ENE_05": 445.0, "ENE_06": 405.0, "ENE_07": 309.12, "ENE_08": 239.73, "ENE_09": 368.0, "ENE_10": 413.0, "ENE_11": 230.69, "ENE_12": 364.34, "DIC_01": 0.0, "DIC_02": 0.0, "DIC_03": 0.08, "DIC_04": 1.02, "DIC_05": 0.0, "DIC_06": 0.0, "DIC_07": 0.0, "DIC_08": 0.0, "DIC_09": 4.99, "DIC_10": 0.0, "DIC_11": 0.0, "DIC_12": 0.0, "FIC_01": 0.0, "FIC_02": 0.0, "FIC_03": 1.0, "FIC_04": 1.0, "FIC_05": 0.0, "FIC_06": 0.0, "FIC_07": 0.0, "FIC_08": 0.0, "FIC_09": 2.0, "FIC_10": 0.0, "FIC_11": 0.0, "FIC_12": 0.0, "SEMRED": 0, "DESCR": " ", "COD_ID": "2633c1e539082348511442f5e6382df2a11952b2b220deca7544ffff9ad9e0c5", "__layer": "UCBT_tab" }, "geometry": null },
{ "type": "Feature", "properties": { "DIST": 390, "PAC": "33784803739602481L", "RAMAL": "421538116S1", "PN_CON": "802102", "UNI_TR_MT": "14427639", "CTMT": "TTI0114", "UNI_TR_AT": "DTTI-EQ-TR1", "SUB": "DTTI", "CONJ": 12986, "MUN": "3550308", "CEG_GD": " ", "BRR": "R CONS COTEGIPE 543 BELENZINHO", "CEP": "03058-000", "CLAS_SUB": "RE1", "CNAE": " ", "TIP_CC": "RES-Tipo05", "FAS_CON": "ABN", "GRU_TEN": "BT", "TEN_FORN": "10", "GRU_TAR": "B1", "SIT_ATIV": "AT", "DAT_CON": "01/12/1966", "CAR_INST": 10.3, "LIV": 0, "ARE_LOC": "UB", "TIP_SIST": "RD_INTERLIG", "ENE_01": 284.19, "ENE_02": 556.0, "ENE_03": 544.0, "ENE_04": 540.0, "ENE_05": 547.0, "ENE_06": 481.0, "ENE_07": 482.0, "ENE_08": 254.0, "ENE_09": 370.0, "ENE_10": 545.0, "ENE_11": 441.0, "ENE_12": 419.43, "DIC_01": 0.0, "DIC_02": 0.0, "DIC_03": 0.08, "DIC_04": 1.02, "DIC_05": 0.0, "DIC_06": 0.0, "DIC_07": 0.0, "DIC_08": 0.0, "DIC_09": 4.99, "DIC_10": 0.0, "DIC_11": 0.0, "DIC_12": 0.0, "FIC_01": 0.0, "FIC_02": 0.0, "FIC_03": 1.0, "FIC_04": 1.0, "FIC_05": 0.0, "FIC_06": 0.0, "FIC_07": 0.0, "FIC_08": 0.0, "FIC_09": 2.0, "FIC_10": 0.0, "FIC_11": 0.0, "FIC_12": 0.0, "SEMRED": 0, "DESCR": " ", "COD_ID": "5cbcb8c30bc37b22421edcfbd65c643e0a046c6ec94a16e6902a68fe9f5e4b6a", "__layer": "UCBT_tab" }, "geometry": null },
{ "type": "Feature", "properties": { "DIST": 390, "PAC": "33784852739602447L", "RAMAL": "421538128S1", "PN_CON": "802102", "UNI_TR_MT": "14427639", "CTMT": "TTI0114", "UNI_TR_AT": "DTTI-EQ-TR1", "SUB": "DTTI", "CONJ": 12986, "MUN": "3550308", "CEG_GD": " ", "BRR": "R CONS COTEGIPE 529 BELENZINHO", "CEP": "03058-000", "CLAS_SUB": "CO1", "CNAE": "8630-5/99", "TIP_CC": "COM-Tipo05", "FAS_CON": "ABN", "GRU_TEN": "BT", "TEN_FORN": "10", "GRU_TAR": "B3", "SIT_ATIV": "AT", "DAT_CON": "01/12/1982", "CAR_INST": 7.5, "LIV": 0, "ARE_LOC": "UB", "TIP_SIST": "RD_INTERLIG", "ENE_01": 2377.0, "ENE_02": 2494.0, "ENE_03": 2961.181, "ENE_04": 2597.0, "ENE_05": 2670.0, "ENE_06": 2174.0, "ENE_07": 1566.6, "ENE_08": 1218.78, "ENE_09": 2001.0, "ENE_10": 2413.0, "ENE_11": 1164.07, "ENE_12": 1898.22, "DIC_01": 0.0, "DIC_02": 0.0, "DIC_03": 0.08, "DIC_04": 1.02, "DIC_05": 0.0, "DIC_06": 0.0, "DIC_07": 0.0, "DIC_08": 0.0, "DIC_09": 4.99, "DIC_10": 0.0, "DIC_11": 0.0, "DIC_12": 0.0, "FIC_01": 0.0, "FIC_02": 0.0, "FIC_03": 1.0, "FIC_04": 1.0, "FIC_05": 0.0, "FIC_06": 0.0, "FIC_07": 0.0, "FIC_08": 0.0, "FIC_09": 2.0, "FIC_10": 0.0, "FIC_11": 0.0, "FIC_12": 0.0, "SEMRED": 0, "DESCR": " ", "COD_ID": "9bf9dccebb544ba7e5ff966dc8fa8b111c95ab1f0fd84ad0eb492c0f33a5f253", "__layer": "UCBT_tab" }, "geometry": null },
{ "type": "Feature", "properties": { "DIST": 390, "PAC": "33784814739602123L", "RAMAL": "421538140S1", "PN_CON": "802102", "UNI_TR_MT": "14427639", "CTMT": "TTI0114", "UNI_TR_AT": "DTTI-EQ-TR1", "SUB": "DTTI", "CONJ": 12986, "MUN": "3550308", "CEG_GD": " ", "BRR": "R CONS COTEGIPE 515 BELENZINHO", "CEP": "03058-000", "CLAS_SUB": "RE1", "CNAE": " ", "TIP_CC": "RES-Tipo05", "FAS_CON": "ABN", "GRU_TEN": "BT", "TEN_FORN": "10", "GRU_TAR": "B1", "SIT_ATIV": "AT", "DAT_CON": "01/07/1987", "CAR_INST": 4.0, "LIV": 0, "ARE_LOC": "UB", "TIP_SIST": "RD_INTERLIG", "ENE_01": 225.15, "ENE_02": 413.0, "ENE_03": 483.0, "ENE_04": 454.0, "ENE_05": 438.0, "ENE_06": 392.0, "ENE_07": 350.0, "ENE_08": 426.0, "ENE_09": 394.0, "ENE_10": 435.0, "ENE_11": 413.0, "ENE_12": 391.28, "DIC_01": 0.0, "DIC_02": 0.0, "DIC_03": 0.08, "DIC_04": 1.02, "DIC_05": 0.0, "DIC_06": 0.0, "DIC_07": 0.0, "DIC_08": 0.0, "DIC_09": 4.99, "DIC_10": 0.0, "DIC_11": 0.0, "DIC_12": 0.0, "FIC_01": 0.0, "FIC_02": 0.0, "FIC_03": 1.0, "FIC_04": 1.0, "FIC_05": 0.0, "FIC_06": 0.0, "FIC_07": 0.0, "FIC_08": 0.0, "FIC_09": 2.0, "FIC_10": 0.0, "FIC_11": 0.0, "FIC_12": 0.0, "SEMRED": 0, "DESCR": " ", "COD_ID": "1b1d6d597d50cbcc3d0b4a3fd12cc5a4c438659ac37d0962e99eff8bf08be41c", "__layer": "UCBT_tab" }, "geometry": null },
{ "type": "Feature", "properties": { "DIST": 390, "PAC": "33784664739602525L", "RAMAL": "421538086S1", "PN_CON": "802102", "UNI_TR_MT": "14427639", "CTMT": "TTI0114", "UNI_TR_AT": "DTTI-EQ-TR1", "SUB": "DTTI", "CONJ": 12986, "MUN": "3550308", "CEG_GD": " ", "BRR": "R CONS COTEGIPE 509 BELENZINHO", "CEP": "03058-000", "CLAS_SUB": "RE1", "CNAE": " ", "TIP_CC": "RES-Tipo05", "FAS_CON": "ABN", "GRU_TEN": "BT", "TEN_FORN": "10", "GRU_TAR": "B1", "SIT_ATIV": "AT", "DAT_CON": "01/10/1953", "CAR_INST": 8.6, "LIV": 0, "ARE_LOC": "UB", "TIP_SIST": "RD_INTERLIG", "ENE_01": 180.12, "ENE_02": 305.0, "ENE_03": 391.0, "ENE_04": 343.0, "ENE_05": 0.0, "ENE_06": 22.0, "ENE_07": 30.0, "ENE_08": 30.0, "ENE_09": 14.0, "ENE_10": 46.0, "ENE_11": 152.0, "ENE_12": 131.07, "DIC_01": 0.0, "DIC_02": 0.0, "DIC_03": 0.08, "DIC_04": 0.0, "DIC_05": 0.0, "DIC_06": 0.0, "DIC_07": 0.0, "DIC_08": 0.0, "DIC_09": 4.99, "DIC_10": 0.0, "DIC_11": 0.0, "DIC_12": 0.0, "FIC_01": 0.0, "FIC_02": 0.0, "FIC_03": 1.0, "FIC_04": 0.0, "FIC_05": 0.0, "FIC_06": 0.0, "FIC_07": 0.0, "FIC_08": 0.0, "FIC_09": 2.0, "FIC_10": 0.0, "FIC_11": 0.0, "FIC_12": 0.0, "SEMRED": 0, "DESCR": " ", "COD_ID": "84779562c9f91d9c04dfe9c6debea4da313405b5204764d9f878b9b526b18a59", "__layer": "UCBT_tab" }, "geometry": null },
{ "type": "Feature", "properties": { "DIST": 390, "PAC": "33784464739602420L", "RAMAL": "421538134S1", "PN_CON": "802102", "UNI_TR_MT": "14427639", "CTMT": "TTI0114", "UNI_TR_AT": "DTTI-EQ-TR1", "SUB": "DTTI", "CONJ": 12986, "MUN": "3550308", "CEG_GD": " ", "BRR": "R CONS COTEGIPE 505 BELENZINHO", "CEP": "03058-000", "CLAS_SUB": "RE1", "CNAE": " ", "TIP_CC": "RES-Tipo01", "FAS_CON": "AN", "GRU_TEN": "BT", "TEN_FORN": "10", "GRU_TAR": "B1", "SIT_ATIV": "AT", "DAT_CON": "01/04/1987", "CAR_INST": 0.5, "LIV": 0, "ARE_LOC": "UB", "TIP_SIST": "RD_INTERLIG", "ENE_01": 18.01, "ENE_02": 37.0, "ENE_03": 42.0, "ENE_04": 35.0, "ENE_05": 33.0, "ENE_06": 30.0, "ENE_07": 38.0, "ENE_08": 34.0, "ENE_09": 27.0, "ENE_10": 31.0, "ENE_11": 42.0, "ENE_12": 29.12, "DIC_01": 0.0, "DIC_02": 0.0, "DIC_03": 0.08, "DIC_04": 1.02, "DIC_05": 0.0, "DIC_06": 0.0, "DIC_07": 0.0, "DIC_08": 0.0, "DIC_09": 4.99, "DIC_10": 0.0, "DIC_11": 0.0, "DIC_12": 0.0, "FIC_01": 0.0, "FIC_02": 0.0, "FIC_03": 1.0, "FIC_04": 1.0, "FIC_05": 0.0, "FIC_06": 0.0, "FIC_07": 0.0, "FIC_08": 0.0, "FIC_09": 2.0, "FIC_10": 0.0, "FIC_11": 0.0, "FIC_12": 0.0, "SEMRED": 0, "DESCR": " ", "COD_ID": "5f63ed1dff0b84ad00ffcc98057019d955cb015fe39e0bb99997f8a69adcdaa2", "__layer": "UCBT_tab" }, "geometry": null },
{ "type": "Feature", "properties": { "DIST": 390, "PAC": "33781333739601243L", "RAMAL": "9689874S1", "PN_CON": "801160", "UNI_TR_MT": "14427639", "CTMT": "TTI0114", "UNI_TR_AT": "DTTI-EQ-TR1", "SUB": "DTTI", "CONJ": 12986, "MUN": "3550308", "CEG_GD": " ", "BRR": "R CONS COTEGIPE 497 BELENZINHO", "CEP": "03058-000", "CLAS_SUB": "RE1", "CNAE": " ", "TIP_CC": "RES-Tipo04", "FAS_CON": "ABN", "GRU_TEN": "BT", "TEN_FORN": "10", "GRU_TAR": "B1", "SIT_ATIV": "AT", "DAT_CON": "01/10/1984", "CAR_INST": 3.0, "LIV": 0, "ARE_LOC": "UB", "TIP_SIST": "RD_INTERLIG", "ENE_01": 141.59, "ENE_02": 244.0, "ENE_03": 223.0, "ENE_04": 247.0, "ENE_05": 263.0, "ENE_06": 274.0, "ENE_07": 237.0, "ENE_08": 241.0, "ENE_09": 208.0, "ENE_10": 281.0, "ENE_11": 255.0, "ENE_12": 241.75, "DIC_01": 0.0, "DIC_02": 0.0, "DIC_03": 0.08, "DIC_04": 1.02, "DIC_05": 0.0, "DIC_06": 0.0, "DIC_07": 0.0, "DIC_08": 0.0, "DIC_09": 4.99, "DIC_10": 0.0, "DIC_11": 0.0, "DIC_12": 0.0, "FIC_01": 0.0, "FIC_02": 0.0, "FIC_03": 1.0, "FIC_04": 1.0, "FIC_05": 0.0, "FIC_06": 0.0, "FIC_07": 0.0, "FIC_08": 0.0, "FIC_09": 2.0, "FIC_10": 0.0, "FIC_11": 0.0, "FIC_12": 0.0, "SEMRED": 0, "DESCR": " ", "COD_ID": "5597a274325563de956e1c49cfc223a4c66699ad5300eefbfa3cc7519af0b2b2", "__layer": "UCBT_tab" }, "geometry": null },
{ "type": "Feature", "properties": { "DIST": 390, "PAC": "33781294739601551L", "RAMAL": "421410840S1", "PN_CON": "801160", "UNI_TR_MT": "14427639", "CTMT": "TTI0114", "UNI_TR_AT": "DTTI-EQ-TR1", "SUB": "DTTI", "CONJ": 12986, "MUN": "3550308", "CEG_GD": " ", "BRR": "R CONS COTEGIPE 491 BELENZINHO", "CEP": "03058-000", "CLAS_SUB": "CO1", "CNAE": "9491-0/00", "TIP_CC": "COM-Tipo02", "FAS_CON": "ABN", "GRU_TEN": "BT", "TEN_FORN": "10", "GRU_TAR": "B3", "SIT_ATIV": "AT", "DAT_CON": "01/07/1979", "CAR_INST": 3.0, "LIV": 0, "ARE_LOC": "UB", "TIP_SIST": "RD_INTERLIG", "ENE_01": 30.0, "ENE_02": 30.0, "ENE_03": 32.612, "ENE_04": 30.0, "ENE_05": 30.0, "ENE_06": 30.0, "ENE_07": 10.92, "ENE_08": 34.16, "ENE_09": 54.0, "ENE_10": 62.0, "ENE_11": 31.86, "ENE_12": 48.77, "DIC_01": 0.0, "DIC_02": 0.0, "DIC_03": 0.08, "DIC_04": 1.02, "DIC_05": 0.0, "DIC_06": 0.0, "DIC_07": 0.0, "DIC_08": 0.0, "DIC_09": 4.99, "DIC_10": 0.0, "DIC_11": 0.0, "DIC_12": 0.0, "FIC_01": 0.0, "FIC_02": 0.0, "FIC_03": 1.0, "FIC_04": 1.0, "FIC_05": 0.0, "FIC_06": 0.0, "FIC_07": 0.0, "FIC_08": 0.0, "FIC_09": 2.0, "FIC_10": 0.0, "FIC_11": 0.0, "FIC_12": 0.0, "SEMRED": 0, "DESCR": " ", "COD_ID": "ff06e28d3911917e8f226b4d1dc2b8e4dca6352689f52f09758a0ec8d9431f57", "__layer": "UCBT_tab" }, "geometry": null },
{ "type": "Feature", "properties": { "DIST": 390, "PAC": "33777434739600788L", "RAMAL": "9685937S1", "PN_CON": "799945", "UNI_TR_MT": "14427639", "CTMT": "TTI0114", "UNI_TR_AT": "DTTI-EQ-TR1", "SUB": "DTTI", "CONJ": 12986, "MUN": "3550308", "CEG_GD": " ", "BRR": "R CONS COTEGIPE 448 BELENZINHO", "CEP": "03058-000", "CLAS_SUB": "CO1", "CNAE": "7740-3/00", "TIP_CC": "COM-Tipo01", "FAS_CON": "ABCN", "GRU_TEN": "BT", "TEN_FORN": "10", "GRU_TAR": "B3", "SIT_ATIV": "AT", "DAT_CON": "01/09/1986", "CAR_INST": 7.6, "LIV": 0, "ARE_LOC": "UB", "TIP_SIST": "RD_INTERLIG", "ENE_01": 0.0, "ENE_02": 6.0, "ENE_03": 0.0, "ENE_04": 100.0, "ENE_05": 0.0, "ENE_06": 0.0, "ENE_07": 0.0, "ENE_08": 71.98, "ENE_09": 0.0, "ENE_10": 0.0, "ENE_11": 28744.8, "ENE_12": 8606.55, "DIC_01": 0.0, "DIC_02": 0.0, "DIC_03": 0.0, "DIC_04": 1.02, "DIC_05": 0.0, "DIC_06": 0.0, "DIC_07": 0.0, "DIC_08": 0.0, "DIC_09": 0.0, "DIC_10": 0.0, "DIC_11": 0.0, "DIC_12": 0.0, "FIC_01": 0.0, "FIC_02": 0.0, "FIC_03": 0.0, "FIC_04": 1.0, "FIC_05": 0.0, "FIC_06": 0.0, "FIC_07": 0.0, "FIC_08": 0.0, "FIC_09": 0.0, "FIC_10": 0.0, "FIC_11": 0.0, "FIC_12": 0.0, "SEMRED": 0, "DESCR": " ", "COD_ID": "cff27a52a99a9a11bad78969c8cacce312d58def11fcdb6fdd40db2abc06ff9f", "__layer": "UCBT_tab" }, "geometry": null },
{ "type": "Feature", "properties": { "DIST": 390, "PAC": "33781308739601545L", "RAMAL": "421410846S1", "PN_CON": "801160", "UNI_TR_MT": "14427639", "CTMT": "TTI0114", "UNI_TR_AT": "DTTI-EQ-TR1", "SUB": "DTTI", "CONJ": 12986, "MUN": "3550308", "CEG_GD": " ", "BRR": "R CONS COTEGIPE 488 BELENZINHO", "CEP": "03058-000", "CLAS_SUB": "RE1", "CNAE": " ", "TIP_CC": "RES-Tipo03", "FAS_CON": "ABN", "GRU_TEN": "BT", "TEN_FORN": "10", "GRU_TAR": "B1", "SIT_ATIV": "AT", "DAT_CON": "01/03/1976", "CAR_INST": 5.4, "LIV": 0, "ARE_LOC": "UB", "TIP_SIST": "RD_INTERLIG", "ENE_01": 96.06, "ENE_02": 180.0, "ENE_03": 194.0, "ENE_04": 219.0, "ENE_05": 220.0, "ENE_06": 207.0, "ENE_07": 155.0, "ENE_08": 170.0, "ENE_09": 180.0, "ENE_10": 229.0, "ENE_11": 210.0, "ENE_12": 197.09, "DIC_01": 0.0, "DIC_02": 0.0, "DIC_03": 0.08, "DIC_04": 1.02, "DIC_05": 0.0, "DIC_06": 0.0, "DIC_07": 0.0, "DIC_08": 0.0, "DIC_09": 4.99, "DIC_10": 0.0, "DIC_11": 0.0, "DIC_12": 0.0, "FIC_01": 0.0, "FIC_02": 0.0, "FIC_03": 1.0, "FIC_04": 1.0, "FIC_05": 0.0, "FIC_06": 0.0, "FIC_07": 0.0, "FIC_08": 0.0, "FIC_09": 2.0, "FIC_10": 0.0, "FIC_11": 0.0, "FIC_12": 0.0, "SEMRED": 0, "DESCR": " ", "COD_ID": "e1d1ce96ae9dfe459f967840065d67d3d65871105f84a3a347c75ebdcf267499", "__layer": "UCBT_tab" }, "geometry": null },
{ "type": "Feature", "properties": { "DIST": 390, "PAC": "33781279739601556L", "RAMAL": "421410834S1", "PN_CON": "801160", "UNI_TR_MT": "14427639", "CTMT": "TTI0114", "UNI_TR_AT": "DTTI-EQ-TR1", "SUB": "DTTI", "CONJ": 12986, "MUN": "3550308", "CEG_GD": " ", "BRR": "R CONS COTEGIPE 490 BELENZINHO", "CEP": "03058-000", "CLAS_SUB": "CO9", "CNAE": "8640-2/02", "TIP_CC": "COM-Tipo02", "FAS_CON": "ABN", "GRU_TEN": "BT", "TEN_FORN": "10", "GRU_TAR": "B3", "SIT_ATIV": "AT", "DAT_CON": "01/07/1967", "CAR_INST": 16.9, "LIV": 0, "ARE_LOC": "UB", "TIP_SIST": "RD_INTERLIG", "ENE_01": 30.0, "ENE_02": 30.0, "ENE_03": 32.612, "ENE_04": 30.0, "ENE_05": 30.0, "ENE_06": 30.0, "ENE_07": 25.2, "ENE_08": 18.3, "ENE_09": 30.0, "ENE_10": 30.0, "ENE_11": 17.7, "ENE_12": 28.68, "DIC_01": 0.0, "DIC_02": 0.0, "DIC_03": 0.08, "DIC_04": 1.02, "DIC_05": 0.0, "DIC_06": 0.0, "DIC_07": 0.0, "DIC_08": 0.0, "DIC_09": 4.99, "DIC_10": 0.0, "DIC_11": 0.0, "DIC_12": 0.0, "FIC_01": 0.0, "FIC_02": 0.0, "FIC_03": 1.0, "FIC_04": 1.0, "FIC_05": 0.0, "FIC_06": 0.0, "FIC_07": 0.0, "FIC_08": 0.0, "FIC_09": 2.0, "FIC_10": 0.0, "FIC_11": 0.0, "FIC_12": 0.0, "SEMRED": 0, "DESCR": " ", "COD_ID": "e19e0171a61e9a1589b230a620de25ccfcb4943c0c3993afc6d5dd23518a608d", "__layer": "UCBT_tab" }, "geometry": null },
{ "type": "Feature", "properties": { "DIST": 390, "PAC": "33784750739602506L", "RAMAL": "421538104S1", "PN_CON": "802102", "UNI_TR_MT": "14427639", "CTMT": "TTI0114", "UNI_TR_AT": "DTTI-EQ-TR1", "SUB": "DTTI", "CONJ": 12986, "MUN": "3550308", "CEG_GD": " ", "BRR": "R CONS COTEGIPE 532 BELENZINHO", "CEP": "03058-000", "CLAS_SUB": "RE1", "CNAE": " ", "TIP_CC": "RES-Tipo05", "FAS_CON": "ABN", "GRU_TEN": "BT", "TEN_FORN": "10", "GRU_TAR": "B1", "SIT_ATIV": "AT", "DAT_CON": "01/05/1954", "CAR_INST": 4.5, "LIV": 0, "ARE_LOC": "UB", "TIP_SIST": "RD_INTERLIG", "ENE_01": 173.11, "ENE_02": 322.0, "ENE_03": 392.0, "ENE_04": 347.0, "ENE_05": 371.0, "ENE_06": 352.0, "ENE_07": 344.0, "ENE_08": 373.0, "ENE_09": 342.0, "ENE_10": 363.0, "ENE_11": 321.0, "ENE_12": 333.02, "DIC_01": 0.0, "DIC_02": 0.0, "DIC_03": 0.08, "DIC_04": 1.02, "DIC_05": 0.0, "DIC_06": 0.0, "DIC_07": 0.0, "DIC_08": 0.0, "DIC_09": 4.99, "DIC_10": 0.0, "DIC_11": 0.0, "DIC_12": 0.0, "FIC_01": 0.0, "FIC_02": 0.0, "FIC_03": 1.0, "FIC_04": 1.0, "FIC_05": 0.0, "FIC_06": 0.0, "FIC_07": 0.0, "FIC_08": 0.0, "FIC_09": 2.0, "FIC_10": 0.0, "FIC_11": 0.0, "FIC_12": 0.0, "SEMRED": 0, "DESCR": " ", "COD_ID": "69cc48be389b692cc8cca97f7e5c8270fd592385821225d13235b2719cc84aa5", "__layer": "UCBT_tab" }, "geometry": null },
{ "type": "Feature", "properties": { "DIST": 390, "PAC": "33784777739601881L", "RAMAL": "9692903S1", "PN_CON": "802102", "UNI_TR_MT": "14427639", "CTMT": "TTI0114", "UNI_TR_AT": "DTTI-EQ-TR1", "SUB": "DTTI", "CONJ": 12986, "MUN": "3550308", "CEG_GD": " ", "BRR": "R CONS COTEGIPE 534 BELENZINHO", "CEP": "03058-000", "CLAS_SUB": "RE1", "CNAE": " ", "TIP_CC": "RES-Tipo01", "FAS_CON": "ABN", "GRU_TEN": "BT", "TEN_FORN": "10", "GRU_TAR": "B1", "SIT_ATIV": "AT", "DAT_CON": "01/03/1983", "CAR_INST": 4.0, "LIV": 0, "ARE_LOC": "UB", "TIP_SIST": "RD_INTERLIG", "ENE_01": 18.01, "ENE_02": 23.0, "ENE_03": 47.0, "ENE_04": 46.0, "ENE_05": 37.0, "ENE_06": 32.0, "ENE_07": 20.0, "ENE_08": 30.0, "ENE_09": 30.0, "ENE_10": 40.0, "ENE_11": 23.0, "ENE_12": 28.15, "DIC_01": 0.0, "DIC_02": 0.0, "DIC_03": 0.08, "DIC_04": 1.02, "DIC_05": 0.0, "DIC_06": 0.0, "DIC_07": 0.0, "DIC_08": 0.0, "DIC_09": 4.99, "DIC_10": 0.0, "DIC_11": 0.0, "DIC_12": 0.0, "FIC_01": 0.0, "FIC_02": 0.0, "FIC_03": 1.0, "FIC_04": 1.0, "FIC_05": 0.0, "FIC_06": 0.0, "FIC_07": 0.0, "FIC_08": 0.0, "FIC_09": 2.0, "FIC_10": 0.0, "FIC_11": 0.0, "FIC_12": 0.0, "SEMRED": 0, "DESCR": " ", "COD_ID": "e45d73b2ec5062403c7b31c63eb09f84cec5312fa48adc65e2ceaa815d9c53d5", "__layer": "UCBT_tab" }, "geometry": null },
{ "type": "Feature", "properties": { "DIST": 390, "PAC": "33787841739603584L", "RAMAL": "421441073S1", "PN_CON": "357579689", "UNI_TR_MT": "14427639", "CTMT": "TTI0114", "UNI_TR_AT": "DTTI-EQ-TR1", "SUB": "DTTI", "CONJ": 12986, "MUN": "3550308", "CEG_GD": " ", "BRR": "R CONS COTEGIPE 554 BELENZINHO", "CEP": "03058-000", "CLAS_SUB": "RE1", "CNAE": " ", "TIP_CC": "RES-Tipo02", "FAS_CON": "ABN", "GRU_TEN": "BT", "TEN_FORN": "10", "GRU_TAR": "B1", "SIT_ATIV": "AT", "DAT_CON": "01/05/1977", "CAR_INST": 4.0, "LIV": 0, "ARE_LOC": "UB", "TIP_SIST": "RD_INTERLIG", "ENE_01": 79.55, "ENE_02": 30.0, "ENE_03": 146.0, "ENE_04": 30.0, "ENE_05": 126.0, "ENE_06": 30.0, "ENE_07": 30.0, "ENE_08": 45.0, "ENE_09": 67.0, "ENE_10": 71.0, "ENE_11": 95.0, "ENE_12": 162.14, "DIC_01": 0.0, "DIC_02": 0.0, "DIC_03": 0.08, "DIC_04": 1.02, "DIC_05": 0.0, "DIC_06": 0.0, "DIC_07": 0.0, "DIC_08": 0.0, "DIC_09": 4.99, "DIC_10": 0.0, "DIC_11": 0.0, "DIC_12": 0.0, "FIC_01": 0.0, "FIC_02": 0.0, "FIC_03": 1.0, "FIC_04": 1.0, "FIC_05": 0.0, "FIC_06": 0.0, "FIC_07": 0.0, "FIC_08": 0.0, "FIC_09": 2.0, "FIC_10": 0.0, "FIC_11": 0.0, "FIC_12": 0.0, "SEMRED": 0, "DESCR": " ", "COD_ID": "045395eeeb82752be7a9df6d755e02760a90b1e5bc86df6cc5ea696dd71a27d3", "__layer": "UCBT_tab" }, "geometry": null },
{ "type": "Feature", "properties": { "DIST": 390, "PAC": "33792184739601987L", "RAMAL": "102342071S1", "PN_CON": "804084", "UNI_TR_MT": "14432232", "CTMT": "TTI0114", "UNI_TR_AT": "DTTI-EQ-TR1", "SUB": "DTTI", "CONJ": 12986, "MUN": "3550308", "CEG_GD": " ", "BRR": "R CONS COTEGIPE 572 BELENZINHO", "CEP": "03058-000", "CLAS_SUB": "RE1", "CNAE": " ", "TIP_CC": "RES-Tipo02", "FAS_CON": "ABN", "GRU_TEN": "BT", "TEN_FORN": "10", "GRU_TAR": "B1", "SIT_ATIV": "AT", "DAT_CON": "01/12/1953", "CAR_INST": 8.0, "LIV": 0, "ARE_LOC": "UB", "TIP_SIST": "RD_INTERLIG", "ENE_01": 129.08, "ENE_02": 170.0, "ENE_03": 185.0, "ENE_04": 221.0, "ENE_05": 174.0, "ENE_06": 173.0, "ENE_07": 160.0, "ENE_08": 197.0, "ENE_09": 66.0, "ENE_10": 134.0, "ENE_11": 94.0, "ENE_12": 79.61, "DIC_01": 0.0, "DIC_02": 0.0, "DIC_03": 0.8, "DIC_04": 0.13, "DIC_05": 0.0, "DIC_06": 0.0, "DIC_07": 0.0, "DIC_08": 0.0, "DIC_09": 0.0, "DIC_10": 0.0, "DIC_11": 0.0, "DIC_12": 0.0, "FIC_01": 0.0, "FIC_02": 0.0, "FIC_03": 1.0, "FIC_04": 1.0, "FIC_05": 0.0, "FIC_06": 0.0, "FIC_07": 0.0, "FIC_08": 0.0, "FIC_09": 0.0, "FIC_10": 0.0, "FIC_11": 0.0, "FIC_12": 0.0, "SEMRED": 0, "DESCR": " ", "COD_ID": "b9c9aac50cb18e4892a20884d95c5672680938b73e19264dc5670b747c6de24d", "__layer": "UCBT_tab" }, "geometry": null },
{ "type": "Feature", "properties": { "DIST": 390, "PAC": "33763334739599287L", "RAMAL": "9671154S1", "PN_CON": "795721", "UNI_TR_MT": "14426519", "CTMT": "TTI0115", "UNI_TR_AT": "DTTI-EQ-TR2", "SUB": "DTTI", "CONJ": 12986, "MUN": "3550308", "CEG_GD": " ", "BRR": "R CONS COTEGIPE 305 BELENZINHO", "CEP": "03058-000", "CLAS_SUB": "CO9", "CNAE": "8640-2/02", "TIP_CC": "COM-Tipo02", "FAS_CON": "ABN", "GRU_TEN": "BT", "TEN_FORN": "10", "GRU_TAR": "B3", "SIT_ATIV": "AT", "DAT_CON": "01/03/1958", "CAR_INST": 3.0, "LIV": 0, "ARE_LOC": "UB", "TIP_SIST": "RD_INTERLIG", "ENE_01": 555.0, "ENE_02": 671.0, "ENE_03": 888.137, "ENE_04": 621.0, "ENE_05": 524.0, "ENE_06": 473.0, "ENE_07": 199.08, "ENE_08": 151.89, "ENE_09": 292.0, "ENE_10": 751.0, "ENE_11": 306.21, "ENE_12": 473.36, "DIC_01": 3.76, "DIC_02": 0.16, "DIC_03": 0.0, "DIC_04": 0.0, "DIC_05": 0.0, "DIC_06": 0.0, "DIC_07": 0.0, "DIC_08": 0.0, "DIC_09": 0.0, "DIC_10": 0.0, "DIC_11": 0.0, "DIC_12": 0.23, "FIC_01": 1.0, "FIC_02": 2.0, "FIC_03": 0.0, "FIC_04": 0.0, "FIC_05": 0.0, "FIC_06": 0.0, "FIC_07": 0.0, "FIC_08": 0.0, "FIC_09": 0.0, "FIC_10": 0.0, "FIC_11": 0.0, "FIC_12": 1.0, "SEMRED": 0, "DESCR": " ", "COD_ID": "c7bd13c9e44e8cbf08ba7cd24f68229cbd81ea690c9ff0dc74b7ed4cb352e355", "__layer": "UCBT_tab" }, "geometry": null },
{ "type": "Feature", "properties": { "DIST": 390, "PAC": "33763159739599369L", "RAMAL": "421468290S1", "PN_CON": "795721", "UNI_TR_MT": "14426519", "CTMT": "TTI0115", "UNI_TR_AT": "DTTI-EQ-TR2", "SUB": "DTTI", "CONJ": 12986, "MUN": "3550308", "CEG_GD": " ", "BRR": "R CONS COTEGIPE 301 BELENZINHO", "CEP": "03058-000", "CLAS_SUB": "CO9", "CNAE": "8640-2/02", "TIP_CC": "COM-Tipo02", "FAS_CON": "ABN", "GRU_TEN": "BT", "TEN_FORN": "10", "GRU_TAR": "B3", "SIT_ATIV": "AT", "DAT_CON": "01/05/1980", "CAR_INST": 7.5, "LIV": 0, "ARE_LOC": "UB", "TIP_SIST": "RD_INTERLIG", "ENE_01": 785.0, "ENE_02": 691.0, "ENE_03": 810.955, "ENE_04": 678.0, "ENE_05": 667.0, "ENE_06": 584.0, "ENE_07": 269.64, "ENE_08": 249.49, "ENE_09": 427.0, "ENE_10": 679.0, "ENE_11": 711.54, "ENE_12": 384.42, "DIC_01": 3.76, "DIC_02": 0.16, "DIC_03": 0.0, "DIC_04": 0.0, "DIC_05": 0.0, "DIC_06": 0.0, "DIC_07": 0.0, "DIC_08": 0.0, "DIC_09": 0.0, "DIC_10": 0.0, "DIC_11": 0.0, "DIC_12": 0.23, "FIC_01": 1.0, "FIC_02": 2.0, "FIC_03": 0.0, "FIC_04": 0.0, "FIC_05": 0.0, "FIC_06": 0.0, "FIC_07": 0.0, "FIC_08": 0.0, "FIC_09": 0.0, "FIC_10": 0.0, "FIC_11": 0.0, "FIC_12": 1.0, "SEMRED": 0, "DESCR": " ", "COD_ID": "a7d30c9162d94c45fa63766de1bbe52ac3c289111b896be823a90ee7c46bc823", "__layer": "UCBT_tab" }, "geometry": null },
{ "type": "Feature", "properties": { "DIST": 390, "PAC": "33755783739598466L", "RAMAL": "421487272S1", "PN_CON": "793567", "UNI_TR_MT": "14426519", "CTMT": "TTI0115", "UNI_TR_AT": "DTTI-EQ-TR2", "SUB": "DTTI", "CONJ": 12986, "MUN": "3550308", "CEG_GD": " ", "BRR": "R CONS COTEGIPE 245 BELENZINHO", "CEP": "03058-000", "CLAS_SUB": "CO1", "CNAE": "6920-6/01", "TIP_CC": "COM-Tipo03", "FAS_CON": "ABN", "GRU_TEN": "BT", "TEN_FORN": "10", "GRU_TAR": "B3", "SIT_ATIV": "AT", "DAT_CON": "01/01/1980", "CAR_INST": 3.1, "LIV": 0, "ARE_LOC": "UB", "TIP_SIST": "RD_INTERLIG", "ENE_01": 877.0, "ENE_02": 966.0, "ENE_03": 1193.604, "ENE_04": 1000.0, "ENE_05": 579.0, "ENE_06": 458.0, "ENE_07": 307.44, "ENE_08": 203.13, "ENE_09": 391.0, "ENE_10": 568.0, "ENE_11": 267.27, "ENE_12": 359.56, "DIC_01": 3.76, "DIC_02": 0.16, "DIC_03": 0.0, "DIC_04": 0.0, "DIC_05": 0.0, "DIC_06": 0.0, "DIC_07": 0.0, "DIC_08": 0.0, "DIC_09": 0.0, "DIC_10": 0.0, "DIC_11": 0.0, "DIC_12": 0.23, "FIC_01": 1.0, "FIC_02": 2.0, "FIC_03": 0.0, "FIC_04": 0.0, "FIC_05": 0.0, "FIC_06": 0.0, "FIC_07": 0.0, "FIC_08": 0.0, "FIC_09": 0.0, "FIC_10": 0.0, "FIC_11": 0.0, "FIC_12": 1.0, "SEMRED": 0, "DESCR": " ", "COD_ID": "6e314d7d8ca669b076c476941edb7face6557bc5322c5e4b39ed1dd5715fd1a6", "__layer": "UCBT_tab" }, "geometry": null },
{ "type": "Feature", "properties": { "DIST": 390, "PAC": "33755831739598453L", "RAMAL": "421487285S1", "PN_CON": "793567", "UNI_TR_MT": "14426519", "CTMT": "TTI0115", "UNI_TR_AT": "DTTI-EQ-TR2", "SUB": "DTTI", "CONJ": 12986, "MUN": "3550308", "CEG_GD": " ", "BRR": "R CONS COTEGIPE 233 BELENZINHO", "CEP": "03058-000", "CLAS_SUB": "RE2", "CNAE": " ", "TIP_CC": "COM-Tipo02", "FAS_CON": "ABN", "GRU_TEN": "BT", "TEN_FORN": "10", "GRU_TAR": "B1BR", "SIT_ATIV": "AT", "DAT_CON": "01/04/1979", "CAR_INST": 0.5, "LIV": 0, "ARE_LOC": "UB", "TIP_SIST": "RD_INTERLIG", "ENE_01": 0.0, "ENE_02": 0.0, "ENE_03": 272.0, "ENE_04": 283.0, "ENE_05": 298.0, "ENE_06": 271.0, "ENE_07": 232.0, "ENE_08": 262.0, "ENE_09": 262.0, "ENE_10": 272.0, "ENE_11": 271.0, "ENE_12": 275.74, "DIC_01": 0.0, "DIC_02": 0.0, "DIC_03": 0.0, "DIC_04": 0.0, "DIC_05": 0.0, "DIC_06": 0.0, "DIC_07": 0.0, "DIC_08": 0.0, "DIC_09": 0.0, "DIC_10": 0.0, "DIC_11": 0.0, "DIC_12": 0.23, "FIC_01": 0.0, "FIC_02": 0.0, "FIC_03": 0.0, "FIC_04": 0.0, "FIC_05": 0.0, "FIC_06": 0.0, "FIC_07": 0.0, "FIC_08": 0.0, "FIC_09": 0.0, "FIC_10": 0.0, "FIC_11": 0.0, "FIC_12": 1.0, "SEMRED": 0, "DESCR": " ", "COD_ID": "1c45fc5cb27f6df84ee764caad4c3112818b5e2928323832b79f8343141cb3ad", "__layer": "UCBT_tab" }, "geometry": null },
{ "type": "Feature", "properties": { "DIST": 390, "PAC": "33753588739598232L", "RAMAL": "366414174S1", "PN_CON": "792896", "UNI_TR_MT": "14426519", "CTMT": "TTI0115", "UNI_TR_AT": "DTTI-EQ-TR2", "SUB": "DTTI", "CONJ": 12986, "MUN": "3550308", "CEG_GD": " ", "BRR": "R CONS COTEGIPE 209 BELENZINHO", "CEP": "03058-000", "CLAS_SUB": "RE1", "CNAE": " ", "TIP_CC": "RES-Tipo05", "FAS_CON": "ABN", "GRU_TEN": "BT", "TEN_FORN": "10", "GRU_TAR": "B1", "SIT_ATIV": "AT", "DAT_CON": "01/02/1966", "CAR_INST": 1.8, "LIV": 0, "ARE_LOC": "UB", "TIP_SIST": "RD_INTERLIG", "ENE_01": 223.15, "ENE_02": 443.0, "ENE_03": 573.0, "ENE_04": 525.0, "ENE_05": 486.0, "ENE_06": 338.0, "ENE_07": 427.0, "ENE_08": 139.0, "ENE_09": 330.0, "ENE_10": 454.0, "ENE_11": 359.0, "ENE_12": 359.24, "DIC_01": 3.76, "DIC_02": 0.16, "DIC_03": 0.0, "DIC_04": 0.0, "DIC_05": 0.0, "DIC_06": 0.0, "DIC_07": 0.0, "DIC_08": 0.0, "DIC_09": 0.0, "DIC_10": 0.0, "DIC_11": 0.0, "DIC_12": 0.23, "FIC_01": 1.0, "FIC_02": 2.0, "FIC_03": 0.0, "FIC_04": 0.0, "FIC_05": 0.0, "FIC_06": 0.0, "FIC_07": 0.0, "FIC_08": 0.0, "FIC_09": 0.0, "FIC_10": 0.0, "FIC_11": 0.0, "FIC_12": 1.0, "SEMRED": 0, "DESCR": " ", "COD_ID": "0131f6b6c79233ba93099e17633cde4078813e2dbe33a0239ddb06bfa58b7331", "__layer": "UCBT_tab" }, "geometry": null },
{ "type": "Feature", "properties": { "DIST": 390, "PAC": "33753507739598260L", "RAMAL": "421599943S1", "PN_CON": "792896", "UNI_TR_MT": "14426519", "CTMT": "TTI0115", "UNI_TR_AT": "DTTI-EQ-TR2", "SUB": "DTTI", "CONJ": 12986, "MUN": "3550308", "CEG_GD": " ", "BRR": "R CONS COTEGIPE 203 BELENZINHO", "CEP": "03058-000", "CLAS_SUB": "RE1", "CNAE": " ", "TIP_CC": "RES-Tipo05", "FAS_CON": "ABN", "GRU_TEN": "BT", "TEN_FORN": "10", "GRU_TAR": "B1", "SIT_ATIV": "AT", "DAT_CON": "01/03/1950", "CAR_INST": 3.2, "LIV": 0, "ARE_LOC": "UB", "TIP_SIST": "RD_INTERLIG", "ENE_01": 0.0, "ENE_02": 267.0, "ENE_03": 204.0, "ENE_04": 227.0, "ENE_05": 233.0, "ENE_06": 349.0, "ENE_07": 256.0, "ENE_08": 390.0, "ENE_09": 355.0, "ENE_10": 345.0, "ENE_11": 279.0, "ENE_12": 282.53, "DIC_01": 0.0, "DIC_02": 0.16, "DIC_03": 0.0, "DIC_04": 0.0, "DIC_05": 0.0, "DIC_06": 0.0, "DIC_07": 0.0, "DIC_08": 0.0, "DIC_09": 0.0, "DIC_10": 0.0, "DIC_11": 0.0, "DIC_12": 0.23, "FIC_01": 0.0, "FIC_02": 2.0, "FIC_03": 0.0, "FIC_04": 0.0, "FIC_05": 0.0, "FIC_06": 0.0, "FIC_07": 0.0, "FIC_08": 0.0, "FIC_09": 0.0, "FIC_10": 0.0, "FIC_11": 0.0, "FIC_12": 1.0, "SEMRED": 0, "DESCR": " ", "COD_ID": "c46af008da9e0ece0234838964f2b9fcb35ff210f706ddd9852f4c07f6ab051c", "__layer": "UCBT_tab" }, "geometry": null },
{ "type": "Feature", "properties": { "DIST": 390, "PAC": "33751313739598068L", "RAMAL": "9660026S1", "PN_CON": "792224", "UNI_TR_MT": "14426519", "CTMT": "TTI0115", "UNI_TR_AT": "DTTI-EQ-TR2", "SUB": "DTTI", "CONJ": 12986, "MUN": "3550308", "CEG_GD": " ", "BRR": "R CONS COTEGIPE 195 BELENZINHO", "CEP": "03058-000", "CLAS_SUB": "RE1", "CNAE": " ", "TIP_CC": "RES-Tipo04", "FAS_CON": "ABN", "GRU_TEN": "BT", "TEN_FORN": "10", "GRU_TAR": "B1", "SIT_ATIV": "AT", "DAT_CON": "01/06/1961", "CAR_INST": 19.5, "LIV": 0, "ARE_LOC": "UB", "TIP_SIST": "RD_INTERLIG", "ENE_01": 203.13, "ENE_02": 157.0, "ENE_03": 267.0, "ENE_04": 259.0, "ENE_05": 296.0, "ENE_06": 257.0, "ENE_07": 270.0, "ENE_08": 262.0, "ENE_09": 280.0, "ENE_10": 285.0, "ENE_11": 274.0, "ENE_12": 210.68, "DIC_01": 3.76, "DIC_02": 0.16, "DIC_03": 0.0, "DIC_04": 0.0, "DIC_05": 0.0, "DIC_06": 0.0, "DIC_07": 0.0, "DIC_08": 0.0, "DIC_09": 0.0, "DIC_10": 0.0, "DIC_11": 0.0, "DIC_12": 0.23, "FIC_01": 1.0, "FIC_02": 2.0, "FIC_03": 0.0, "FIC_04": 0.0, "FIC_05": 0.0, "FIC_06": 0.0, "FIC_07": 0.0, "FIC_08": 0.0, "FIC_09": 0.0, "FIC_10": 0.0, "FIC_11": 0.0, "FIC_12": 1.0, "SEMRED": 0, "DESCR": " ", "COD_ID": "b2e38a2117c7f29856b9dacb2ba7c8b827cbaee9d8c1ff96f2cd79590578d166", "__layer": "UCBT_tab" }, "geometry": null },
{ "type": "Feature", "properties": { "DIST": 390, "PAC": "33750521739598068L", "RAMAL": "9659750S1", "PN_CON": "792224", "UNI_TR_MT": "14426186", "CTMT": "TTI0115", "UNI_TR_AT": "DTTI-EQ-TR2", "SUB": "DTTI", "CONJ": 12986, "MUN": "3550308", "CEG_GD": " ", "BRR": "R CONS COTEGIPE 181 BELENZINHO", "CEP": "03058-000", "CLAS_SUB": "RE1", "CNAE": " ", "TIP_CC": "RES-Tipo03", "FAS_CON": "ABN", "GRU_TEN": "BT", "TEN_FORN": "10", "GRU_TAR": "B1", "SIT_ATIV": "AT", "DAT_CON": "01/02/1987", "CAR_INST": 2.4, "LIV": 0, "ARE_LOC": "UB", "TIP_SIST": "RD_INTERLIG", "ENE_01": 60.54, "ENE_02": 118.0, "ENE_03": 87.0, "ENE_04": 94.0, "ENE_05": 107.0, "ENE_06": 93.0, "ENE_07": 83.0, "ENE_08": 109.0, "ENE_09": 102.0, "ENE_10": 116.0, "ENE_11": 101.0, "ENE_12": 91.26, "DIC_01": 7.58, "DIC_02": 0.16, "DIC_03": 0.0, "DIC_04": 0.0, "DIC_05": 0.0, "DIC_06": 0.0, "DIC_07": 0.0, "DIC_08": 0.0, "DIC_09": 0.0, "DIC_10": 0.0, "DIC_11": 0.0, "DIC_12": 0.23, "FIC_01": 2.0, "FIC_02": 2.0, "FIC_03": 0.0, "FIC_04": 0.0, "FIC_05": 0.0, "FIC_06": 0.0, "FIC_07": 0.0, "FIC_08": 0.0, "FIC_09": 0.0, "FIC_10": 0.0, "FIC_11": 0.0, "FIC_12": 1.0, "SEMRED": 0, "DESCR": " ", "COD_ID": "535b6d314c7571dd1584bab0668f41d92294cbf1989ffe93452efb64a280ae07", "__layer": "UCBT_tab" }, "geometry": null },
{ "type": "Feature", "properties": { "DIST": 390, "PAC": "33750897739598171L", "RAMAL": "421441217S1", "PN_CON": "792224", "UNI_TR_MT": "14426186", "CTMT": "TTI0115", "UNI_TR_AT": "DTTI-EQ-TR2", "SUB": "DTTI", "CONJ": 12986, "MUN": "3550308", "CEG_GD": " ", "BRR": "R CONS COTEGIPE 179 BELENZINHO", "CEP": "03058-000", "CLAS_SUB": "RE1", "CNAE": " ", "TIP_CC": "COM-Tipo05", "FAS_CON": "ABN", "GRU_TEN": "BT", "TEN_FORN": "10", "GRU_TAR": "B1", "SIT_ATIV": "AT", "DAT_CON": "01/02/1987", "CAR_INST": 12.0, "LIV": 0, "ARE_LOC": "UB", "TIP_SIST": "RD_INTERLIG", "ENE_01": 675.45, "ENE_02": 1260.0, "ENE_03": 1430.0, "ENE_04": 1440.0, "ENE_05": 1380.0, "ENE_06": 1220.0, "ENE_07": 1170.0, "ENE_08": 2180.0, "ENE_09": 100.0, "ENE_10": 380.0, "ENE_11": 0.0, "ENE_12": 56.31, "DIC_01": 7.58, "DIC_02": 0.16, "DIC_03": 0.0, "DIC_04": 0.0, "DIC_05": 0.0, "DIC_06": 0.0, "DIC_07": 0.0, "DIC_08": 0.0, "DIC_09": 0.0, "DIC_10": 0.0, "DIC_11": 0.0, "DIC_12": 0.23, "FIC_01": 2.0, "FIC_02": 2.0, "FIC_03": 0.0, "FIC_04": 0.0, "FIC_05": 0.0, "FIC_06": 0.0, "FIC_07": 0.0, "FIC_08": 0.0, "FIC_09": 0.0, "FIC_10": 0.0, "FIC_11": 0.0, "FIC_12": 1.0, "SEMRED": 0, "DESCR": " ", "COD_ID": "775950f532b2e20c6ecdce1420b367efb07659d33968585dfc66f061817b08f2", "__layer": "UCBT_tab" }, "geometry": null },
{ "type": "Feature", "properties": { "DIST": 390, "PAC": "33748683739597666L", "RAMAL": "421757279S1", "PN_CON": "791473", "UNI_TR_MT": "14426186", "CTMT": "TTI0115", "UNI_TR_AT": "DTTI-EQ-TR2", "SUB": "DTTI", "CONJ": 12986, "MUN": "3550308", "CEG_GD": " ", "BRR": "R CONS COTEGIPE 169 BELENZINHO", "CEP": "03058-000", "CLAS_SUB": "RE1", "CNAE": " ", "TIP_CC": "RES-Tipo05", "FAS_CON": "ABN", "GRU_TEN": "BT", "TEN_FORN": "10", "GRU_TAR": "B1", "SIT_ATIV": "DS", "DAT_CON": "01/10/1976", "CAR_INST": 7.2, "LIV": 0, "ARE_LOC": "UB", "TIP_SIST": "RD_INTERLIG", "ENE_01": 936.63, "ENE_02": 1561.0, "ENE_03": 1520.0, "ENE_04": 1508.0, "ENE_05": 30.0, "ENE_06": 0.0, "ENE_07": 0.0, "ENE_08": 0.0, "ENE_09": 0.0, "ENE_10": 0.0, "ENE_11": 0.0, "ENE_12": 0.0, "DIC_01": 7.58, "DIC_02": 0.16, "DIC_03": 0.0, "DIC_04": 0.0, "DIC_05": 0.0, "DIC_06": 0.0, "DIC_07": 0.0, "DIC_08": 0.0, "DIC_09": 0.0, "DIC_10": 0.0, "DIC_11": 0.0, "DIC_12": 0.0, "FIC_01": 2.0, "FIC_02": 2.0, "FIC_03": 0.0, "FIC_04": 0.0, "FIC_05": 0.0, "FIC_06": 0.0, "FIC_07": 0.0, "FIC_08": 0.0, "FIC_09": 0.0, "FIC_10": 0.0, "FIC_11": 0.0, "FIC_12": 0.0, "SEMRED": 0, "DESCR": " ", "COD_ID": "c68502b9e861e78bb3b779525f93fc2a37a029f98f16bc05b277de2852681481", "__layer": "UCBT_tab" }, "geometry": null },
{ "type": "Feature", "properties": { "DIST": 390, "PAC": "33748659739597669L", "RAMAL": "421757273S1", "PN_CON": "791473", "UNI_TR_MT": "14426186", "CTMT": "TTI0115", "UNI_TR_AT": "DTTI-EQ-TR2", "SUB": "DTTI", "CONJ": 12986, "MUN": "3550308", "CEG_GD": " ", "BRR": "R CONS COTEGIPE 165 BELENZINHO", "CEP": "03058-000", "CLAS_SUB": "RE2", "CNAE": " ", "TIP_CC": "RES-Tipo04", "FAS_CON": "ABN", "GRU_TEN": "BT", "TEN_FORN": "10", "GRU_TAR": "B1BR", "SIT_ATIV": "AT", "DAT_CON": "01/05/1976", "CAR_INST": 8.9, "LIV": 0, "ARE_LOC": "UB", "TIP_SIST": "RD_INTERLIG", "ENE_01": 146.59, "ENE_02": 221.0, "ENE_03": 212.0, "ENE_04": 130.0, "ENE_05": 257.0, "ENE_06": 266.0, "ENE_07": 135.0, "ENE_08": 184.0, "ENE_09": 145.0, "ENE_10": 221.0, "ENE_11": 186.0, "ENE_12": 251.46, "DIC_01": 7.58, "DIC_02": 0.16, "DIC_03": 0.0, "DIC_04": 0.0, "DIC_05": 0.0, "DIC_06": 0.0, "DIC_07": 0.0, "DIC_08": 0.0, "DIC_09": 0.0, "DIC_10": 0.0, "DIC_11": 0.0, "DIC_12": 0.23, "FIC_01": 2.0, "FIC_02": 2.0, "FIC_03": 0.0, "FIC_04": 0.0, "FIC_05": 0.0, "FIC_06": 0.0, "FIC_07": 0.0, "FIC_08": 0.0, "FIC_09": 0.0, "FIC_10": 0.0, "FIC_11": 0.0, "FIC_12": 1.0, "SEMRED": 0, "DESCR": " ", "COD_ID": "4c056f6146ab0140121b6a73a8c7d0d76baa434b34eacf41aafc3de37220d6cf", "__layer": "UCBT_tab" }, "geometry": null },
{ "type": "Feature", "properties": { "DIST": 390, "PAC": "33748827739597594L", "RAMAL": "9657521S1", "PN_CON": "791473", "UNI_TR_MT": "14426186", "CTMT": "TTI0115", "UNI_TR_AT": "DTTI-EQ-TR2", "SUB": "DTTI", "CONJ": 12986, "MUN": "3550308", "CEG_GD": " ", "BRR": "R CONS COTEGIPE 163 BELENZINHO", "CEP": "03058-000", "CLAS_SUB": "RE2", "CNAE": " ", "TIP_CC": "RES-Tipo02", "FAS_CON": "ABN", "GRU_TEN": "BT", "TEN_FORN": "10", "GRU_TAR": "B1BR", "SIT_ATIV": "AT", "DAT_CON": "01/01/1956", "CAR_INST": 12.0, "LIV": 0, "ARE_LOC": "UB", "TIP_SIST": "RD_INTERLIG", "ENE_01": 55.03, "ENE_02": 98.0, "ENE_03": 98.0, "ENE_04": 98.0, "ENE_05": 30.0, "ENE_06": 88.0, "ENE_07": 88.0, "ENE_08": 30.0, "ENE_09": 30.0, "ENE_10": 133.0, "ENE_11": 195.0, "ENE_12": 184.47, "DIC_01": 7.58, "DIC_02": 0.16, "DIC_03": 0.0, "DIC_04": 0.0, "DIC_05": 0.0, "DIC_06": 0.0, "DIC_07": 0.0, "DIC_08": 0.0, "DIC_09": 0.0, "DIC_10": 0.0, "DIC_11": 0.0, "DIC_12": 0.23, "FIC_01": 2.0, "FIC_02": 2.0, "FIC_03": 0.0, "FIC_04": 0.0, "FIC_05": 0.0, "FIC_06": 0.0, "FIC_07": 0.0, "FIC_08": 0.0, "FIC_09": 0.0, "FIC_10": 0.0, "FIC_11": 0.0, "FIC_12": 1.0, "SEMRED": 0, "DESCR": " ", "COD_ID": "f1380acda760c90533c4c41e18a3c9d5fa4ce664f40c7fcbf036723896c6a4e0", "__layer": "UCBT_tab" }, "geometry": null },
{ "type": "Feature", "properties": { "DIST": 390, "PAC": "33746658739597555L", "RAMAL": "421326365S1", "PN_CON": "790929", "UNI_TR_MT": "14426186", "CTMT": "TTI0115", "UNI_TR_AT": "DTTI-EQ-TR2", "SUB": "DTTI", "CONJ": 12986, "MUN": "3550308", "CEG_GD": " ", "BRR": "R CONS COTEGIPE 137 BELENZINHO", "CEP": "03058-000", "CLAS_SUB": "RE1", "CNAE": " ", "TIP_CC": "RES-Tipo04", "FAS_CON": "ABN", "GRU_TEN": "BT", "TEN_FORN": "10", "GRU_TAR": "B1", "SIT_ATIV": "AT", "DAT_CON": "01/10/1972", "CAR_INST": 2.9, "LIV": 0, "ARE_LOC": "UB", "TIP_SIST": "RD_INTERLIG", "ENE_01": 190.62, "ENE_02": 342.0, "ENE_03": 392.0, "ENE_04": 398.0, "ENE_05": 442.0, "ENE_06": 394.0, "ENE_07": 356.0, "ENE_08": 367.0, "ENE_09": 334.0, "ENE_10": 433.0, "ENE_11": 377.0, "ENE_12": 357.29, "DIC_01": 7.58, "DIC_02": 0.16, "DIC_03": 0.0, "DIC_04": 0.0, "DIC_05": 0.0, "DIC_06": 0.0, "DIC_07": 0.0, "DIC_08": 0.0, "DIC_09": 0.0, "DIC_10": 0.0, "DIC_11": 0.0, "DIC_12": 0.23, "FIC_01": 2.0, "FIC_02": 2.0, "FIC_03": 0.0, "FIC_04": 0.0, "FIC_05": 0.0, "FIC_06": 0.0, "FIC_07": 0.0, "FIC_08": 0.0, "FIC_09": 0.0, "FIC_10": 0.0, "FIC_11": 0.0, "FIC_12": 1.0, "SEMRED": 0, "DESCR": " ", "COD_ID": "cba1b5c1f697ea52d370c2d5c90c7c2e44c43229778847074950375a40e75faf", "__layer": "UCBT_tab" }, "geometry": null },
{ "type": "Feature", "properties": { "DIST": 390, "PAC": "33746730739597539L", "RAMAL": "421326383S1", "PN_CON": "790929", "UNI_TR_MT": "14426186", "CTMT": "TTI0115", "UNI_TR_AT": "DTTI-EQ-TR2", "SUB": "DTTI", "CONJ": 12986, "MUN": "3550308", "CEG_GD": " ", "BRR": "R CONS COTEGIPE 131 BELENZINHO", "CEP": "03058-000", "CLAS_SUB": "RE1", "CNAE": " ", "TIP_CC": "RES-Tipo01", "FAS_CON": "ABN", "GRU_TEN": "BT", "TEN_FORN": "10", "GRU_TAR": "B1", "SIT_ATIV": "AT", "DAT_CON": "01/06/1954", "CAR_INST": 10.5, "LIV": 0, "ARE_LOC": "UB", "TIP_SIST": "RD_INTERLIG", "ENE_01": 34.52, "ENE_02": 59.0, "ENE_03": 62.0, "ENE_04": 65.0, "ENE_05": 80.0, "ENE_06": 86.0, "ENE_07": 75.0, "ENE_08": 84.0, "ENE_09": 57.0, "ENE_10": 107.0, "ENE_11": 77.0, "ENE_12": 75.73, "DIC_01": 7.58, "DIC_02": 0.16, "DIC_03": 0.0, "DIC_04": 0.0, "DIC_05": 0.0, "DIC_06": 0.0, "DIC_07": 0.0, "DIC_08": 0.0, "DIC_09": 0.0, "DIC_10": 0.0, "DIC_11": 0.0, "DIC_12": 0.23, "FIC_01": 2.0, "FIC_02": 2.0, "FIC_03": 0.0, "FIC_04": 0.0, "FIC_05": 0.0, "FIC_06": 0.0, "FIC_07": 0.0, "FIC_08": 0.0, "FIC_09": 0.0, "FIC_10": 0.0, "FIC_11": 0.0, "FIC_12": 1.0, "SEMRED": 0, "DESCR": " ", "COD_ID": "b3d5a018a16881bc403174c1b5d2ee422c0423f8438e4629eee47cda84886eab", "__layer": "UCBT_tab" }, "geometry": null },
{ "type": "Feature", "properties": { "DIST": 390, "PAC": "33746682739597552L", "RAMAL": "421326371S1", "PN_CON": "790929", "UNI_TR_MT": "14426186", "CTMT": "TTI0115", "UNI_TR_AT": "DTTI-EQ-TR2", "SUB": "DTTI", "CONJ": 12986, "MUN": "3550308", "CEG_GD": " ", "BRR": "R CONS COTEGIPE 127 BELENZINHO", "CEP": "03058-000", "CLAS_SUB": "RE1", "CNAE": " ", "TIP_CC": "RES-Tipo02", "FAS_CON": "ABN", "GRU_TEN": "BT", "TEN_FORN": "10", "GRU_TAR": "B1", "SIT_ATIV": "AT", "DAT_CON": "01/05/1954", "CAR_INST": 10.5, "LIV": 0, "ARE_LOC": "UB", "TIP_SIST": "RD_INTERLIG", "ENE_01": 81.55, "ENE_02": 161.0, "ENE_03": 143.0, "ENE_04": 99.0, "ENE_05": 150.0, "ENE_06": 130.0, "ENE_07": 118.0, "ENE_08": 116.0, "ENE_09": 98.0, "ENE_10": 112.0, "ENE_11": 97.0, "ENE_12": 97.09, "DIC_01": 7.58, "DIC_02": 0.16, "DIC_03": 0.0, "DIC_04": 0.0, "DIC_05": 0.0, "DIC_06": 0.0, "DIC_07": 0.0, "DIC_08": 0.0, "DIC_09": 0.0, "DIC_10": 0.0, "DIC_11": 0.0, "DIC_12": 0.23, "FIC_01": 2.0, "FIC_02": 2.0, "FIC_03": 0.0, "FIC_04": 0.0, "FIC_05": 0.0, "FIC_06": 0.0, "FIC_07": 0.0, "FIC_08": 0.0, "FIC_09": 0.0, "FIC_10": 0.0, "FIC_11": 0.0, "FIC_12": 1.0, "SEMRED": 0, "DESCR": " ", "COD_ID": "c750d9d8320b9c40efdad54e29d5386904e4643135c36c17e084b368d1865229", "__layer": "UCBT_tab" }, "geometry": null },
{ "type": "Feature", "properties": { "DIST": 390, "PAC": "33744731739597253L", "RAMAL": "421693419S1", "PN_CON": "790302", "UNI_TR_MT": "14426186", "CTMT": "TTI0115", "UNI_TR_AT": "DTTI-EQ-TR2", "SUB": "DTTI", "CONJ": 12986, "MUN": "3550308", "CEG_GD": " ", "BRR": "R CONS COTEGIPE 125 BELENZINHO", "CEP": "03058-000", "CLAS_SUB": "RE1", "CNAE": " ", "TIP_CC": "RES-Tipo04", "FAS_CON": "ABN", "GRU_TEN": "BT", "TEN_FORN": "10", "GRU_TAR": "B1", "SIT_ATIV": "AT", "DAT_CON": "01/03/1969", "CAR_INST": 5.6, "LIV": 0, "ARE_LOC": "UB", "TIP_SIST": "RD_INTERLIG", "ENE_01": 122.08, "ENE_02": 220.0, "ENE_03": 302.0, "ENE_04": 292.0, "ENE_05": 287.0, "ENE_06": 248.0, "ENE_07": 0.0, "ENE_08": 0.0, "ENE_09": 0.0, "ENE_10": 30.0, "ENE_11": 18.0, "ENE_12": 16.5, "DIC_01": 7.58, "DIC_02": 0.16, "DIC_03": 0.0, "DIC_04": 0.0, "DIC_05": 0.0, "DIC_06": 0.0, "DIC_07": 0.0, "DIC_08": 0.0, "DIC_09": 0.0, "DIC_10": 0.0, "DIC_11": 0.0, "DIC_12": 0.23, "FIC_01": 2.0, "FIC_02": 2.0, "FIC_03": 0.0, "FIC_04": 0.0, "FIC_05": 0.0, "FIC_06": 0.0, "FIC_07": 0.0, "FIC_08": 0.0, "FIC_09": 0.0, "FIC_10": 0.0, "FIC_11": 0.0, "FIC_12": 1.0, "SEMRED": 0, "DESCR": " ", "COD_ID": "41b01085b4da6771bd064937a3286ab1683bcdd26f8d0e9570487e173ef8444b", "__layer": "UCBT_tab" }, "geometry": null },
{ "type": "Feature", "properties": { "DIST": 390, "PAC": "33744827739597194L", "RAMAL": "9654000S1", "PN_CON": "790302", "UNI_TR_MT": "14426186", "CTMT": "TTI0115", "UNI_TR_AT": "DTTI-EQ-TR2", "SUB": "DTTI", "CONJ": 12986, "MUN": "3550308", "CEG_GD": " ", "BRR": "R CONS COTEGIPE 121 BELENZINHO", "CEP": "03058-000", "CLAS_SUB": "RE1", "CNAE": " ", "TIP_CC": "RES-Tipo02", "FAS_CON": "ABN", "GRU_TEN": "BT", "TEN_FORN": "10", "GRU_TAR": "B1", "SIT_ATIV": "AT", "DAT_CON": "01/09/1979", "CAR_INST": 6.4, "LIV": 0, "ARE_LOC": "UB", "TIP_SIST": "RD_INTERLIG", "ENE_01": 72.54, "ENE_02": 87.0, "ENE_03": 118.0, "ENE_04": 117.0, "ENE_05": 120.0, "ENE_06": 121.0, "ENE_07": 118.0, "ENE_08": 135.0, "ENE_09": 118.0, "ENE_10": 126.0, "ENE_11": 112.0, "ENE_12": 108.74, "DIC_01": 7.58, "DIC_02": 0.16, "DIC_03": 0.0, "DIC_04": 0.0, "DIC_05": 0.0, "DIC_06": 0.0, "DIC_07": 0.0, "DIC_08": 0.0, "DIC_09": 0.0, "DIC_10": 0.0, "DIC_11": 0.0, "DIC_12": 0.23, "FIC_01": 2.0, "FIC_02": 2.0, "FIC_03": 0.0, "FIC_04": 0.0, "FIC_05": 0.0, "FIC_06": 0.0, "FIC_07": 0.0, "FIC_08": 0.0, "FIC_09": 0.0, "FIC_10": 0.0, "FIC_11": 0.0, "FIC_12": 1.0, "SEMRED": 0, "DESCR": " ", "COD_ID": "f1db379e98f6a77f4459daa551d861ca49fea365f45ace399b56d99bbc154e7f", "__layer": "UCBT_tab" }, "geometry": null },
{ "type": "Feature", "properties": { "DIST": 390, "PAC": "33744754739597243L", "RAMAL": "421693425S1", "PN_CON": "790302", "UNI_TR_MT": "14426186", "CTMT": "TTI0115", "UNI_TR_AT": "DTTI-EQ-TR2", "SUB": "DTTI", "CONJ": 12986, "MUN": "3550308", "CEG_GD": " ", "BRR": "R CONS COTEGIPE 117 BELENZINHO", "CEP": "03058-000", "CLAS_SUB": "RE1", "CNAE": " ", "TIP_CC": "RES-Tipo03", "FAS_CON": "ABN", "GRU_TEN": "BT", "TEN_FORN": "10", "GRU_TAR": "B1", "SIT_ATIV": "AT", "DAT_CON": "01/07/1952", "CAR_INST": 7.9, "LIV": 0, "ARE_LOC": "UB", "TIP_SIST": "RD_INTERLIG", "ENE_01": 66.54, "ENE_02": 131.0, "ENE_03": 130.0, "ENE_04": 106.0, "ENE_05": 175.0, "ENE_06": 158.0, "ENE_07": 146.0, "ENE_08": 148.0, "ENE_09": 152.0, "ENE_10": 152.0, "ENE_11": 139.0, "ENE_12": 146.6, "DIC_01": 7.58, "DIC_02": 0.16, "DIC_03": 0.0, "DIC_04": 0.0, "DIC_05": 0.0, "DIC_06": 0.0, "DIC_07": 0.0, "DIC_08": 0.0, "DIC_09": 0.0, "DIC_10": 0.0, "DIC_11": 0.0, "DIC_12": 0.23, "FIC_01": 2.0, "FIC_02": 2.0, "FIC_03": 0.0, "FIC_04": 0.0, "FIC_05": 0.0, "FIC_06": 0.0, "FIC_07": 0.0, "FIC_08": 0.0, "FIC_09": 0.0, "FIC_10": 0.0, "FIC_11": 0.0, "FIC_12": 1.0, "SEMRED": 0, "DESCR": " ", "COD_ID": "8d79e3a06785747e7971d7d4a334980409b61b62df40d4b612211fc9a78f836e", "__layer": "UCBT_tab" }, "geometry": null },
{ "type": "Feature", "properties": { "DIST": 390, "PAC": "33743451739597081L", "RAMAL": "421421418S1", "PN_CON": "789997", "UNI_TR_MT": "14426186", "CTMT": "TTI0115", "UNI_TR_AT": "DTTI-EQ-TR2", "SUB": "DTTI", "CONJ": 12986, "MUN": "3550308", "CEG_GD": " ", "BRR": "R CONS COTEGIPE 101 BELENZINHO", "CEP": "03058-000", "CLAS_SUB": "CO1", "CNAE": "6810-2/02", "TIP_CC": "COM-Tipo02", "FAS_CON": "ABN", "GRU_TEN": "BT", "TEN_FORN": "10", "GRU_TAR": "B3", "SIT_ATIV": "AT", "DAT_CON": "01/05/1957", "CAR_INST": 2.8, "LIV": 0, "ARE_LOC": "UB", "TIP_SIST": "RD_INTERLIG", "ENE_01": 30.0, "ENE_02": 3.0, "ENE_03": 3.261, "ENE_04": 4.0, "ENE_05": 6.0, "ENE_06": 5.0, "ENE_07": 25.2, "ENE_08": 3.05, "ENE_09": 6.0, "ENE_10": 30.0, "ENE_11": 2.36, "ENE_12": 3.82, "DIC_01": 7.58, "DIC_02": 0.16, "DIC_03": 0.0, "DIC_04": 0.0, "DIC_05": 0.0, "DIC_06": 0.0, "DIC_07": 0.0, "DIC_08": 0.0, "DIC_09": 0.0, "DIC_10": 0.0, "DIC_11": 0.0, "DIC_12": 0.23, "FIC_01": 2.0, "FIC_02": 2.0, "FIC_03": 0.0, "FIC_04": 0.0, "FIC_05": 0.0, "FIC_06": 0.0, "FIC_07": 0.0, "FIC_08": 0.0, "FIC_09": 0.0, "FIC_10": 0.0, "FIC_11": 0.0, "FIC_12": 1.0, "SEMRED": 0, "DESCR": " ", "COD_ID": "c5519f8c4a7dd93e98c3ac8a933c3d6f5afc0ff6b71cf6d09e861e89fa45dbad", "__layer": "UCBT_tab" }, "geometry": null },
{ "type": "Feature", "properties": { "DIST": 390, "PAC": "33743451739597081L", "RAMAL": "421421418S1", "PN_CON": "789997", "UNI_TR_MT": "14426186", "CTMT": "TTI0115", "UNI_TR_AT": "DTTI-EQ-TR2", "SUB": "DTTI", "CONJ": 12986, "MUN": "3550308", "CEG_GD": " ", "BRR": "R CONS COTEGIPE 101 BELENZINHO", "CEP": "03058-000", "CLAS_SUB": "RE1", "CNAE": " ", "TIP_CC": "RES-Tipo01", "FAS_CON": "ABN", "GRU_TEN": "BT", "TEN_FORN": "10", "GRU_TAR": "B1", "SIT_ATIV": "AT", "DAT_CON": "01/01/1957", "CAR_INST": 4.4, "LIV": 0, "ARE_LOC": "UB", "TIP_SIST": "RD_INTERLIG", "ENE_01": 0.0, "ENE_02": 0.0, "ENE_03": 0.0, "ENE_04": 185.0, "ENE_05": 209.0, "ENE_06": 298.0, "ENE_07": 55.0, "ENE_08": 140.0, "ENE_09": 95.0, "ENE_10": 103.0, "ENE_11": 148.0, "ENE_12": 152.43, "DIC_01": 0.0, "DIC_02": 0.0, "DIC_03": 0.0, "DIC_04": 0.0, "DIC_05": 0.0, "DIC_06": 0.0, "DIC_07": 0.0, "DIC_08": 0.0, "DIC_09": 0.0, "DIC_10": 0.0, "DIC_11": 0.0, "DIC_12": 0.23, "FIC_01": 0.0, "FIC_02": 0.0, "FIC_03": 0.0, "FIC_04": 0.0, "FIC_05": 0.0, "FIC_06": 0.0, "FIC_07": 0.0, "FIC_08": 0.0, "FIC_09": 0.0, "FIC_10": 0.0, "FIC_11": 0.0, "FIC_12": 1.0, "SEMRED": 0, "DESCR": " ", "COD_ID": "fcfcc9fceb43af349e75afbfca3273340b434deeeb5574f50a0f0154c74bafed", "__layer": "UCBT_tab" }, "geometry": null },
{ "type": "Feature", "properties": { "DIST": 390, "PAC": "33743451739597081L", "RAMAL": "421421418S1", "PN_CON": "789997", "UNI_TR_MT": "14426186", "CTMT": "TTI0115", "UNI_TR_AT": "DTTI-EQ-TR2", "SUB": "DTTI", "CONJ": 12986, "MUN": "3550308", "CEG_GD": " ", "BRR": "R CONS COTEGIPE 101 BELENZINHO", "CEP": "03058-000", "CLAS_SUB": "RE1", "CNAE": " ", "TIP_CC": "RES-Tipo01", "FAS_CON": "ABCN", "GRU_TEN": "BT", "TEN_FORN": "10", "GRU_TAR": "B1", "SIT_ATIV": "AT", "DAT_CON": "01/07/1981", "CAR_INST": 4.9, "LIV": 0, "ARE_LOC": "UB", "TIP_SIST": "RD_INTERLIG", "ENE_01": 0.0, "ENE_02": 0.0, "ENE_03": 0.0, "ENE_04": 0.0, "ENE_05": 173.0, "ENE_06": 168.0, "ENE_07": 112.0, "ENE_08": 124.0, "ENE_09": 161.0, "ENE_10": 230.0, "ENE_11": 158.0, "ENE_12": 205.83, "DIC_01": 0.0, "DIC_02": 0.0, "DIC_03": 0.0, "DIC_04": 0.0, "DIC_05": 0.0, "DIC_06": 0.0, "DIC_07": 0.0, "DIC_08": 0.0, "DIC_09": 0.0, "DIC_10": 0.0, "DIC_11": 0.0, "DIC_12": 0.23, "FIC_01": 0.0, "FIC_02": 0.0, "FIC_03": 0.0, "FIC_04": 0.0, "FIC_05": 0.0, "FIC_06": 0.0, "FIC_07": 0.0, "FIC_08": 0.0, "FIC_09": 0.0, "FIC_10": 0.0, "FIC_11": 0.0, "FIC_12": 1.0, "SEMRED": 0, "DESCR": " ", "COD_ID": "e6775626c6f9db654dc2e97f56d4af521639f8d9271dd2fa1d7878284b84a8bf", "__layer": "UCBT_tab" }, "geometry": null },
{ "type": "Feature", "properties": { "DIST": 390, "PAC": "33743451739597081L", "RAMAL": "421421418S1", "PN_CON": "789997", "UNI_TR_MT": "14426186", "CTMT": "TTI0115", "UNI_TR_AT": "DTTI-EQ-TR2", "SUB": "DTTI", "CONJ": 12986, "MUN": "3550308", "CEG_GD": " ", "BRR": "R CONS COTEGIPE 101 BELENZINHO", "CEP": "03058-000", "CLAS_SUB": "RE1", "CNAE": " ", "TIP_CC": "RES-Tipo04", "FAS_CON": "ABN", "GRU_TEN": "BT", "TEN_FORN": "10", "GRU_TAR": "B1", "SIT_ATIV": "AT", "DAT_CON": "01/02/1957", "CAR_INST": 2.9, "LIV": 0, "ARE_LOC": "UB", "TIP_SIST": "RD_INTERLIG", "ENE_01": 139.09, "ENE_02": 243.0, "ENE_03": 247.0, "ENE_04": 246.0, "ENE_05": 261.0, "ENE_06": 267.0, "ENE_07": 249.0, "ENE_08": 246.0, "ENE_09": 259.0, "ENE_10": 259.0, "ENE_11": 246.0, "ENE_12": 226.22, "DIC_01": 7.58, "DIC_02": 0.16, "DIC_03": 0.0, "DIC_04": 0.0, "DIC_05": 0.0, "DIC_06": 0.0, "DIC_07": 0.0, "DIC_08": 0.0, "DIC_09": 0.0, "DIC_10": 0.0, "DIC_11": 0.0, "DIC_12": 0.23, "FIC_01": 2.0, "FIC_02": 2.0, "FIC_03": 0.0, "FIC_04": 0.0, "FIC_05": 0.0, "FIC_06": 0.0, "FIC_07": 0.0, "FIC_08": 0.0, "FIC_09": 0.0, "FIC_10": 0.0, "FIC_11": 0.0, "FIC_12": 1.0, "SEMRED": 0, "DESCR": " ", "COD_ID": "a1dba9096f134e629d2ae71b7c09ca099776a40e3e223d2d85f660c3f89c0adb", "__layer": "UCBT_tab" }, "geometry": null },
{ "type": "Feature", "properties": { "DIST": 390, "PAC": "33743451739597081L", "RAMAL": "421421418S1", "PN_CON": "789997", "UNI_TR_MT": "14426186", "CTMT": "TTI0115", "UNI_TR_AT": "DTTI-EQ-TR2", "SUB": "DTTI", "CONJ": 12986, "MUN": "3550308", "CEG_GD": " ", "BRR": "R CONS COTEGIPE 101 BELENZINHO", "CEP": "03058-000", "CLAS_SUB": "RE1", "CNAE": " ", "TIP_CC": "RES-Tipo01", "FAS_CON": "ABN", "GRU_TEN": "BT", "TEN_FORN": "10", "GRU_TAR": "B1", "SIT_ATIV": "AT", "DAT_CON": "01/05/1957", "CAR_INST": 5.4, "LIV": 0, "ARE_LOC": "UB", "TIP_SIST": "RD_INTERLIG", "ENE_01": 0.0, "ENE_02": 0.0, "ENE_03": 0.0, "ENE_04": 0.0, "ENE_05": 0.0, "ENE_06": 8.0, "ENE_07": 18.0, "ENE_08": 19.0, "ENE_09": 19.0, "ENE_10": 30.0, "ENE_11": 30.0, "ENE_12": 17.47, "DIC_01": 0.0, "DIC_02": 0.0, "DIC_03": 0.0, "DIC_04": 0.0, "DIC_05": 0.0, "DIC_06": 0.0, "DIC_07": 0.0, "DIC_08": 0.0, "DIC_09": 0.0, "DIC_10": 0.0, "DIC_11": 0.0, "DIC_12": 0.23, "FIC_01": 0.0, "FIC_02": 0.0, "FIC_03": 0.0, "FIC_04": 0.0, "FIC_05": 0.0, "FIC_06": 0.0, "FIC_07": 0.0, "FIC_08": 0.0, "FIC_09": 0.0, "FIC_10": 0.0, "FIC_11": 0.0, "FIC_12": 1.0, "SEMRED": 0, "DESCR": " ", "COD_ID": "ce2b07a243a23a3a9f4bb2a3ee28eaf25a9a4c84b02036542bd7f71767a18efe", "__layer": "UCBT_tab" }, "geometry": null },
{ "type": "Feature", "properties": { "DIST": 390, "PAC": "33743451739597081L", "RAMAL": "421421418S1", "PN_CON": "789997", "UNI_TR_MT": "14426186", "CTMT": "TTI0115", "UNI_TR_AT": "DTTI-EQ-TR2", "SUB": "DTTI", "CONJ": 12986, "MUN": "3550308", "CEG_GD": " ", "BRR": "R CONS COTEGIPE 101 BELENZINHO", "CEP": "03058-000", "CLAS_SUB": "RE1", "CNAE": " ", "TIP_CC": "RES-Tipo01", "FAS_CON": "ABN", "GRU_TEN": "BT", "TEN_FORN": "10", "GRU_TAR": "B1", "SIT_ATIV": "AT", "DAT_CON": "01/09/1970", "CAR_INST": 9.4, "LIV": 0, "ARE_LOC": "UB", "TIP_SIST": "RD_INTERLIG", "ENE_01": 0.0, "ENE_02": 0.0, "ENE_03": 0.0, "ENE_04": 0.0, "ENE_05": 111.0, "ENE_06": 82.0, "ENE_07": 48.0, "ENE_08": 43.0, "ENE_09": 45.0, "ENE_10": 62.0, "ENE_11": 55.0, "ENE_12": 44.66, "DIC_01": 0.0, "DIC_02": 0.0, "DIC_03": 0.0, "DIC_04": 0.0, "DIC_05": 0.0, "DIC_06": 0.0, "DIC_07": 0.0, "DIC_08": 0.0, "DIC_09": 0.0, "DIC_10": 0.0, "DIC_11": 0.0, "DIC_12": 0.23, "FIC_01": 0.0, "FIC_02": 0.0, "FIC_03": 0.0, "FIC_04": 0.0, "FIC_05": 0.0, "FIC_06": 0.0, "FIC_07": 0.0, "FIC_08": 0.0, "FIC_09": 0.0, "FIC_10": 0.0, "FIC_11": 0.0, "FIC_12": 1.0, "SEMRED": 0, "DESCR": " ", "COD_ID": "90bb27e33ffd20ef4b18be95ab02b4e035a7da02bdca273fa4bbb17e10b4097b", "__layer": "UCBT_tab" }, "geometry": null },
{ "type": "Feature", "properties": { "DIST": 390, "PAC": "33743451739597081L", "RAMAL": "421421418S1", "PN_CON": "789997", "UNI_TR_MT": "14426186", "CTMT": "TTI0115", "UNI_TR_AT": "DTTI-EQ-TR2", "SUB": "DTTI", "CONJ": 12986, "MUN": "3550308", "CEG_GD": " ", "BRR": "R CONS COTEGIPE 101 BELENZINHO", "CEP": "03058-000", "CLAS_SUB": "RE1", "CNAE": " ", "TIP_CC": "RES-Tipo01", "FAS_CON": "ABN", "GRU_TEN": "BT", "TEN_FORN": "10", "GRU_TAR": "B1", "SIT_ATIV": "AT", "DAT_CON": "01/03/1957", "CAR_INST": 3.0, "LIV": 0, "ARE_LOC": "UB", "TIP_SIST": "RD_INTERLIG", "ENE_01": 15.01, "ENE_02": 30.0, "ENE_03": 31.0, "ENE_04": 80.0, "ENE_05": 122.0, "ENE_06": 135.0, "ENE_07": 157.0, "ENE_08": 182.0, "ENE_09": 174.0, "ENE_10": 180.0, "ENE_11": 171.0, "ENE_12": 158.26, "DIC_01": 7.58, "DIC_02": 0.16, "DIC_03": 0.0, "DIC_04": 0.0, "DIC_05": 0.0, "DIC_06": 0.0, "DIC_07": 0.0, "DIC_08": 0.0, "DIC_09": 0.0, "DIC_10": 0.0, "DIC_11": 0.0, "DIC_12": 0.23, "FIC_01": 2.0, "FIC_02": 2.0, "FIC_03": 0.0, "FIC_04": 0.0, "FIC_05": 0.0, "FIC_06": 0.0, "FIC_07": 0.0, "FIC_08": 0.0, "FIC_09": 0.0, "FIC_10": 0.0, "FIC_11": 0.0, "FIC_12": 1.0, "SEMRED": 0, "DESCR": " ", "COD_ID": "ff48df4b2ac5f46efc70e7c9564c0446119fd1395c5f4e88343470f96b1fffc2", "__layer": "UCBT_tab" }, "geometry": null },
{ "type": "Feature", "properties": { "DIST": 390, "PAC": "33744776739597232L", "RAMAL": "421693431S1", "PN_CON": "790302", "UNI_TR_MT": "14426186", "CTMT": "TTI0115", "UNI_TR_AT": "DTTI-EQ-TR2", "SUB": "DTTI", "CONJ": 12986, "MUN": "3550308", "CEG_GD": " ", "BRR": "R CONS COTEGIPE 101 BELENZINHO", "CEP": "03058-000", "CLAS_SUB": "RE1", "CNAE": " ", "TIP_CC": "RES-Tipo02", "FAS_CON": "ABN", "GRU_TEN": "BT", "TEN_FORN": "10", "GRU_TAR": "B1", "SIT_ATIV": "AT", "DAT_CON": "01/05/1957", "CAR_INST": 12.1, "LIV": 0, "ARE_LOC": "UB", "TIP_SIST": "RD_INTERLIG", "ENE_01": 98.56, "ENE_02": 194.0, "ENE_03": 124.0, "ENE_04": 166.0, "ENE_05": 181.0, "ENE_06": 163.0, "ENE_07": 147.0, "ENE_08": 185.0, "ENE_09": 106.0, "ENE_10": 47.0, "ENE_11": 63.0, "ENE_12": 77.67, "DIC_01": 7.58, "DIC_02": 0.16, "DIC_03": 0.0, "DIC_04": 0.0, "DIC_05": 0.0, "DIC_06": 0.0, "DIC_07": 0.0, "DIC_08": 0.0, "DIC_09": 0.0, "DIC_10": 0.0, "DIC_11": 0.0, "DIC_12": 0.23, "FIC_01": 2.0, "FIC_02": 2.0, "FIC_03": 0.0, "FIC_04": 0.0, "FIC_05": 0.0, "FIC_06": 0.0, "FIC_07": 0.0, "FIC_08": 0.0, "FIC_09": 0.0, "FIC_10": 0.0, "FIC_11": 0.0, "FIC_12": 1.0, "SEMRED": 0, "DESCR": " ", "COD_ID": "92ae12b0a163d3798f6a0ad4f5fad8d1e91f8d584a4783efb57838f74f090d96", "__layer": "UCBT_tab" }, "geometry": null },
{ "type": "Feature", "properties": { "DIST": 390, "PAC": "33744776739597232L", "RAMAL": "421693431S1", "PN_CON": "790302", "UNI_TR_MT": "14426186", "CTMT": "TTI0115", "UNI_TR_AT": "DTTI-EQ-TR2", "SUB": "DTTI", "CONJ": 12986, "MUN": "3550308", "CEG_GD": " ", "BRR": "R CONS COTEGIPE 101 BELENZINHO", "CEP": "03058-000", "CLAS_SUB": "RE1", "CNAE": " ", "TIP_CC": "RES-Tipo01", "FAS_CON": "ABN", "GRU_TEN": "BT", "TEN_FORN": "10", "GRU_TAR": "B1", "SIT_ATIV": "AT", "DAT_CON": "01/07/1957", "CAR_INST": 5.0, "LIV": 0, "ARE_LOC": "UB", "TIP_SIST": "RD_INTERLIG", "ENE_01": 39.52, "ENE_02": 92.0, "ENE_03": 141.0, "ENE_04": 49.0, "ENE_05": 117.0, "ENE_06": 107.0, "ENE_07": 111.0, "ENE_08": 117.0, "ENE_09": 118.0, "ENE_10": 141.0, "ENE_11": 118.0, "ENE_12": 115.53, "DIC_01": 7.58, "DIC_02": 0.16, "DIC_03": 0.0, "DIC_04": 0.0, "DIC_05": 0.0, "DIC_06": 0.0, "DIC_07": 0.0, "DIC_08": 0.0, "DIC_09": 0.0, "DIC_10": 0.0, "DIC_11": 0.0, "DIC_12": 0.23, "FIC_01": 2.0, "FIC_02": 2.0, "FIC_03": 0.0, "FIC_04": 0.0, "FIC_05": 0.0, "FIC_06": 0.0, "FIC_07": 0.0, "FIC_08": 0.0, "FIC_09": 0.0, "FIC_10": 0.0, "FIC_11": 0.0, "FIC_12": 1.0, "SEMRED": 0, "DESCR": " ", "COD_ID": "b146066bde9ca86b731f4c65509fbc56fda7d50801350f1936bde89a3ae6588f", "__layer": "UCBT_tab" }, "geometry": null },
{ "type": "Feature", "properties": { "DIST": 390, "PAC": "33743451739597081L", "RAMAL": "421421418S1", "PN_CON": "789997", "UNI_TR_MT": "14426186", "CTMT": "TTI0115", "UNI_TR_AT": "DTTI-EQ-TR2", "SUB": "DTTI", "CONJ": 12986, "MUN": "3550308", "CEG_GD": " ", "BRR": "R CONS COTEGIPE 101 BELENZINHO", "CEP": "03058-000", "CLAS_SUB": "RE1", "CNAE": " ", "TIP_CC": "RES-Tipo01", "FAS_CON": "ABN", "GRU_TEN": "BT", "TEN_FORN": "10", "GRU_TAR": "B1", "SIT_ATIV": "AT", "DAT_CON": "01/03/1957", "CAR_INST": 4.7, "LIV": 0, "ARE_LOC": "UB", "TIP_SIST": "RD_INTERLIG", "ENE_01": 0.0, "ENE_02": 0.0, "ENE_03": 0.0, "ENE_04": 0.0, "ENE_05": 0.0, "ENE_06": 0.0, "ENE_07": 60.0, "ENE_08": 87.0, "ENE_09": 97.0, "ENE_10": 116.0, "ENE_11": 113.0, "ENE_12": 113.59, "DIC_01": 0.0, "DIC_02": 0.0, "DIC_03": 0.0, "DIC_04": 0.0, "DIC_05": 0.0, "DIC_06": 0.0, "DIC_07": 0.0, "DIC_08": 0.0, "DIC_09": 0.0, "DIC_10": 0.0, "DIC_11": 0.0, "DIC_12": 0.23, "FIC_01": 0.0, "FIC_02": 0.0, "FIC_03": 0.0, "FIC_04": 0.0, "FIC_05": 0.0, "FIC_06": 0.0, "FIC_07": 0.0, "FIC_08": 0.0, "FIC_09": 0.0, "FIC_10": 0.0, "FIC_11": 0.0, "FIC_12": 1.0, "SEMRED": 0, "DESCR": " ", "COD_ID": "a48540ba9e57ac1ca0468e073bc101e1b1af0a824b60a4f76277ac0bf174efa8", "__layer": "UCBT_tab" }, "geometry": null },
{ "type": "Feature", "properties": { "DIST": 390, "PAC": "33740559739596769L", "RAMAL": "421642030S1", "PN_CON": "789185", "UNI_TR_MT": "14426186", "CTMT": "TTI0115", "UNI_TR_AT": "DTTI-EQ-TR2", "SUB": "DTTI", "CONJ": 12986, "MUN": "3550308", "CEG_GD": " ", "BRR": "R CONS COTEGIPE 91 BELENZINHO", "CEP": "03058-000", "CLAS_SUB": "CO9", "CNAE": "5211-7/99", "TIP_CC": "COM-Tipo02", "FAS_CON": "ABCN", "GRU_TEN": "BT", "TEN_FORN": "10", "GRU_TAR": "B3", "SIT_ATIV": "AT", "DAT_CON": "01/10/1984", "CAR_INST": 12.0, "LIV": 0, "ARE_LOC": "UB", "TIP_SIST": "RD_INTERLIG", "ENE_01": 100.0, "ENE_02": 120.0, "ENE_03": 130.449, "ENE_04": 120.0, "ENE_05": 120.0, "ENE_06": 120.0, "ENE_07": 100.8, "ENE_08": 73.2, "ENE_09": 120.0, "ENE_10": 120.0, "ENE_11": 70.8, "ENE_12": 114.75, "DIC_01": 7.58, "DIC_02": 0.16, "DIC_03": 0.0, "DIC_04": 0.0, "DIC_05": 0.0, "DIC_06": 0.0, "DIC_07": 0.0, "DIC_08": 0.0, "DIC_09": 0.0, "DIC_10": 0.0, "DIC_11": 0.0, "DIC_12": 0.23, "FIC_01": 2.0, "FIC_02": 2.0, "FIC_03": 0.0, "FIC_04": 0.0, "FIC_05": 0.0, "FIC_06": 0.0, "FIC_07": 0.0, "FIC_08": 0.0, "FIC_09": 0.0, "FIC_10": 0.0, "FIC_11": 0.0, "FIC_12": 1.0, "SEMRED": 0, "DESCR": " ", "COD_ID": "da170c8d1dfb2811735497562293764fa8caa7c8d84572a4d0a182b729f26ffd", "__layer": "UCBT_tab" }, "geometry": null },
{ "type": "Feature", "properties": { "DIST": 390, "PAC": "33740607739596760L", "RAMAL": "421642043S1", "PN_CON": "789185", "UNI_TR_MT": "14426186", "CTMT": "TTI0115", "UNI_TR_AT": "DTTI-EQ-TR2", "SUB": "DTTI", "CONJ": 12986, "MUN": "3550308", "CEG_GD": " ", "BRR": "R CONS COTEGIPE 73 BELENZINHO", "CEP": "03058-000", "CLAS_SUB": "RE1", "CNAE": " ", "TIP_CC": "RES-Tipo04", "FAS_CON": "ABN", "GRU_TEN": "BT", "TEN_FORN": "10", "GRU_TAR": "B1", "SIT_ATIV": "AT", "DAT_CON": "01/01/1975", "CAR_INST": 200.0, "LIV": 0, "ARE_LOC": "UB", "TIP_SIST": "RD_INTERLIG", "ENE_01": 172.11, "ENE_02": 313.0, "ENE_03": 291.0, "ENE_04": 287.0, "ENE_05": 282.0, "ENE_06": 239.0, "ENE_07": 236.0, "ENE_08": 246.0, "ENE_09": 202.0, "ENE_10": 264.0, "ENE_11": 283.0, "ENE_12": 185.44, "DIC_01": 7.58, "DIC_02": 0.16, "DIC_03": 0.0, "DIC_04": 0.0, "DIC_05": 0.0, "DIC_06": 0.0, "DIC_07": 0.0, "DIC_08": 0.0, "DIC_09": 0.0, "DIC_10": 0.0, "DIC_11": 0.0, "DIC_12": 0.23, "FIC_01": 2.0, "FIC_02": 2.0, "FIC_03": 0.0, "FIC_04": 0.0, "FIC_05": 0.0, "FIC_06": 0.0, "FIC_07": 0.0, "FIC_08": 0.0, "FIC_09": 0.0, "FIC_10": 0.0, "FIC_11": 0.0, "FIC_12": 1.0, "SEMRED": 0, "DESCR": " ", "COD_ID": "0e2db52b18154570f660a81c385f09a44502219fab527ff8e37a6bd984977e94", "__layer": "UCBT_tab" }, "geometry": null },
{ "type": "Feature", "properties": { "DIST": 390, "PAC": "33744816739597204L", "RAMAL": "421693443S1", "PN_CON": "790302", "UNI_TR_MT": "14426186", "CTMT": "TTI0115", "UNI_TR_AT": "DTTI-EQ-TR2", "SUB": "DTTI", "CONJ": 12986, "MUN": "3550308", "CEG_GD": " ", "BRR": "R CONS COTEGIPE 65 BELENZINHO", "CEP": "03058-000", "CLAS_SUB": "RE1", "CNAE": " ", "TIP_CC": "RES-Tipo01", "FAS_CON": "ABN", "GRU_TEN": "BT", "TEN_FORN": "10", "GRU_TAR": "B1", "SIT_ATIV": "AT", "DAT_CON": "01/11/1982", "CAR_INST": 6.4, "LIV": 0, "ARE_LOC": "UB", "TIP_SIST": "RD_INTERLIG", "ENE_01": 15.01, "ENE_02": 24.0, "ENE_03": 24.0, "ENE_04": 23.0, "ENE_05": 30.0, "ENE_06": 12.0, "ENE_07": 30.0, "ENE_08": 30.0, "ENE_09": 30.0, "ENE_10": 4.0, "ENE_11": 23.0, "ENE_12": 29.12, "DIC_01": 7.58, "DIC_02": 0.16, "DIC_03": 0.0, "DIC_04": 0.0, "DIC_05": 0.0, "DIC_06": 0.0, "DIC_07": 0.0, "DIC_08": 0.0, "DIC_09": 0.0, "DIC_10": 0.0, "DIC_11": 0.0, "DIC_12": 0.23, "FIC_01": 2.0, "FIC_02": 2.0, "FIC_03": 0.0, "FIC_04": 0.0, "FIC_05": 0.0, "FIC_06": 0.0, "FIC_07": 0.0, "FIC_08": 0.0, "FIC_09": 0.0, "FIC_10": 0.0, "FIC_11": 0.0, "FIC_12": 1.0, "SEMRED": 0, "DESCR": " ", "COD_ID": "70d8b0a69a07557c5fe040b6d309a20d873919ecc8fe03c962486e2e01370f6d", "__layer": "UCBT_tab" }, "geometry": null },
{ "type": "Feature", "properties": { "DIST": 390, "PAC": "33737043739595977L", "RAMAL": "421459818S1", "PN_CON": "788175", "UNI_TR_MT": "14426186", "CTMT": "TTI0115", "UNI_TR_AT": "DTTI-EQ-TR2", "SUB": "DTTI", "CONJ": 12986, "MUN": "3550308", "CEG_GD": " ", "BRR": "R CONS COTEGIPE 37 BELENZINHO", "CEP": "03058-000", "CLAS_SUB": "RE1", "CNAE": " ", "TIP_CC": "RES-Tipo03", "FAS_CON": "ABN", "GRU_TEN": "BT", "TEN_FORN": "10", "GRU_TAR": "B1", "SIT_ATIV": "AT", "DAT_CON": "01/01/1979", "CAR_INST": 3.0, "LIV": 0, "ARE_LOC": "UB", "TIP_SIST": "RD_INTERLIG", "ENE_01": 83.55, "ENE_02": 162.0, "ENE_03": 168.0, "ENE_04": 187.0, "ENE_05": 251.0, "ENE_06": 187.0, "ENE_07": 163.0, "ENE_08": 237.0, "ENE_09": 173.0, "ENE_10": 296.0, "ENE_11": 252.0, "ENE_12": 205.83, "DIC_01": 7.58, "DIC_02": 0.16, "DIC_03": 0.0, "DIC_04": 0.0, "DIC_05": 0.0, "DIC_06": 0.0, "DIC_07": 0.0, "DIC_08": 0.0, "DIC_09": 0.0, "DIC_10": 0.0, "DIC_11": 0.0, "DIC_12": 0.23, "FIC_01": 2.0, "FIC_02": 2.0, "FIC_03": 0.0, "FIC_04": 0.0, "FIC_05": 0.0, "FIC_06": 0.0, "FIC_07": 0.0, "FIC_08": 0.0, "FIC_09": 0.0, "FIC_10": 0.0, "FIC_11": 0.0, "FIC_12": 1.0, "SEMRED": 0, "DESCR": " ", "COD_ID": "56c542798ac61c6a940d5a19de7da8413d8389a0943ce8a461bac06d31f9f7ff", "__layer": "UCBT_tab" }, "geometry": null },
{ "type": "Feature", "properties": { "DIST": 390, "PAC": "33735135739595916L", "RAMAL": "9645848S1", "PN_CON": "787701", "UNI_TR_MT": "14426186", "CTMT": "TTI0115", "UNI_TR_AT": "DTTI-EQ-TR2", "SUB": "DTTI", "CONJ": 12986, "MUN": "3550308", "CEG_GD": " ", "BRR": "R CONS COTEGIPE 16 BELENZINHO", "CEP": "03058-000", "CLAS_SUB": "RE1", "CNAE": " ", "TIP_CC": "RES-Tipo01", "FAS_CON": "ABN", "GRU_TEN": "BT", "TEN_FORN": "10", "GRU_TAR": "B1", "SIT_ATIV": "AT", "DAT_CON": "01/02/1983", "CAR_INST": 7.0, "LIV": 0, "ARE_LOC": "UB", "TIP_SIST": "RD_INTERLIG", "ENE_01": 9.5, "ENE_02": 22.0, "ENE_03": 31.0, "ENE_04": 30.0, "ENE_05": 30.0, "ENE_06": 28.0, "ENE_07": 24.0, "ENE_08": 27.0, "ENE_09": 28.0, "ENE_10": 31.0, "ENE_11": 30.0, "ENE_12": 26.21, "DIC_01": 7.58, "DIC_02": 0.16, "DIC_03": 0.0, "DIC_04": 0.0, "DIC_05": 0.0, "DIC_06": 0.0, "DIC_07": 0.0, "DIC_08": 0.0, "DIC_09": 0.0, "DIC_10": 0.0, "DIC_11": 0.0, "DIC_12": 0.23, "FIC_01": 2.0, "FIC_02": 2.0, "FIC_03": 0.0, "FIC_04": 0.0, "FIC_05": 0.0, "FIC_06": 0.0, "FIC_07": 0.0, "FIC_08": 0.0, "FIC_09": 0.0, "FIC_10": 0.0, "FIC_11": 0.0, "FIC_12": 1.0, "SEMRED": 0, "DESCR": " ", "COD_ID": "850502d10bb8a72fee4c57eb99e5ae0ad76f2f12344df08eb19fcb10653c758e", "__layer": "UCBT_tab" }, "geometry": null },
{ "type": "Feature", "properties": { "DIST": 390, "PAC": "33737063739595964L", "RAMAL": "421459824S1", "PN_CON": "788175", "UNI_TR_MT": "14426186", "CTMT": "TTI0115", "UNI_TR_AT": "DTTI-EQ-TR2", "SUB": "DTTI", "CONJ": 12986, "MUN": "3550308", "CEG_GD": " ", "BRR": "R CONS COTEGIPE 38 BELENZINHO", "CEP": "03058-000", "CLAS_SUB": "RE1", "CNAE": " ", "TIP_CC": "RES-Tipo03", "FAS_CON": "ABN", "GRU_TEN": "BT", "TEN_FORN": "10", "GRU_TAR": "B1", "SIT_ATIV": "AT", "DAT_CON": "01/09/1981", "CAR_INST": 6.1, "LIV": 0, "ARE_LOC": "UB", "TIP_SIST": "RD_INTERLIG", "ENE_01": 15.01, "ENE_02": 193.0, "ENE_03": 101.0, "ENE_04": 108.0, "ENE_05": 116.0, "ENE_06": 95.0, "ENE_07": 107.0, "ENE_08": 117.0, "ENE_09": 106.0, "ENE_10": 119.0, "ENE_11": 117.0, "ENE_12": 119.42, "DIC_01": 7.58, "DIC_02": 0.16, "DIC_03": 0.0, "DIC_04": 0.0, "DIC_05": 0.0, "DIC_06": 0.0, "DIC_07": 0.0, "DIC_08": 0.0, "DIC_09": 0.0, "DIC_10": 0.0, "DIC_11": 0.0, "DIC_12": 0.23, "FIC_01": 2.0, "FIC_02": 2.0, "FIC_03": 0.0, "FIC_04": 0.0, "FIC_05": 0.0, "FIC_06": 0.0, "FIC_07": 0.0, "FIC_08": 0.0, "FIC_09": 0.0, "FIC_10": 0.0, "FIC_11": 0.0, "FIC_12": 1.0, "SEMRED": 0, "DESCR": " ", "COD_ID": "b2b9336af6e869fe19e8aaba28abbef6811d1148cc2a3095b1aabd2f7a3fb67e", "__layer": "UCBT_tab" }, "geometry": null },
{ "type": "Feature", "properties": { "DIST": 390, "PAC": "33737021739595988L", "RAMAL": "421459812S1", "PN_CON": "788175", "UNI_TR_MT": "14426186", "CTMT": "TTI0115", "UNI_TR_AT": "DTTI-EQ-TR2", "SUB": "DTTI", "CONJ": 12986, "MUN": "3550308", "CEG_GD": " ", "BRR": "R CONS COTEGIPE 48 BELENZINHO", "CEP": "03058-000", "CLAS_SUB": "RE1", "CNAE": " ", "TIP_CC": "RES-Tipo01", "FAS_CON": "ABN", "GRU_TEN": "BT", "TEN_FORN": "10", "GRU_TAR": "B1", "SIT_ATIV": "AT", "DAT_CON": "01/01/1980", "CAR_INST": 10.5, "LIV": 0, "ARE_LOC": "UB", "TIP_SIST": "RD_INTERLIG", "ENE_01": 30.52, "ENE_02": 57.0, "ENE_03": 50.0, "ENE_04": 55.0, "ENE_05": 181.0, "ENE_06": 64.0, "ENE_07": 62.0, "ENE_08": 76.0, "ENE_09": 90.0, "ENE_10": 88.0, "ENE_11": 102.0, "ENE_12": 141.75, "DIC_01": 7.58, "DIC_02": 0.16, "DIC_03": 0.0, "DIC_04": 0.0, "DIC_05": 0.0, "DIC_06": 0.0, "DIC_07": 0.0, "DIC_08": 0.0, "DIC_09": 0.0, "DIC_10": 0.0, "DIC_11": 0.0, "DIC_12": 0.23, "FIC_01": 2.0, "FIC_02": 2.0, "FIC_03": 0.0, "FIC_04": 0.0, "FIC_05": 0.0, "FIC_06": 0.0, "FIC_07": 0.0, "FIC_08": 0.0, "FIC_09": 0.0, "FIC_10": 0.0, "FIC_11": 0.0, "FIC_12": 1.0, "SEMRED": 0, "DESCR": " ", "COD_ID": "e3a387c902d0930ec44561607454b5b1ff6419ae5f09d896abdb6b79cb9e0402", "__layer": "UCBT_tab" }, "geometry": null },
{ "type": "Feature", "properties": { "DIST": 390, "PAC": "33737021739595988L", "RAMAL": "421459812S1", "PN_CON": "788175", "UNI_TR_MT": "14426186", "CTMT": "TTI0115", "UNI_TR_AT": "DTTI-EQ-TR2", "SUB": "DTTI", "CONJ": 12986, "MUN": "3550308", "CEG_GD": " ", "BRR": "R CONS COTEGIPE 48 BELENZINHO", "CEP": "03058-000", "CLAS_SUB": "RE1", "CNAE": " ", "TIP_CC": "RES-Tipo03", "FAS_CON": "ABN", "GRU_TEN": "BT", "TEN_FORN": "10", "GRU_TAR": "B1", "SIT_ATIV": "AT", "DAT_CON": "01/10/1968", "CAR_INST": 5.6, "LIV": 0, "ARE_LOC": "UB", "TIP_SIST": "RD_INTERLIG", "ENE_01": 0.0, "ENE_02": 0.0, "ENE_03": 0.0, "ENE_04": 0.0, "ENE_05": 31.0, "ENE_06": 152.0, "ENE_07": 177.0, "ENE_08": 174.0, "ENE_09": 159.0, "ENE_10": 183.0, "ENE_11": 174.0, "ENE_12": 165.05, "DIC_01": 0.0, "DIC_02": 0.0, "DIC_03": 0.0, "DIC_04": 0.0, "DIC_05": 0.0, "DIC_06": 0.0, "DIC_07": 0.0, "DIC_08": 0.0, "DIC_09": 0.0, "DIC_10": 0.0, "DIC_11": 0.0, "DIC_12": 0.23, "FIC_01": 0.0, "FIC_02": 0.0, "FIC_03": 0.0, "FIC_04": 0.0, "FIC_05": 0.0, "FIC_06": 0.0, "FIC_07": 0.0, "FIC_08": 0.0, "FIC_09": 0.0, "FIC_10": 0.0, "FIC_11": 0.0, "FIC_12": 1.0, "SEMRED": 0, "DESCR": " ", "COD_ID": "54d5379a2251bff710296f20723c3a577e0a899c50fb8182aabf5494a740697b", "__layer": "UCBT_tab" }, "geometry": null },
{ "type": "Feature", "properties": { "DIST": 390, "PAC": "33736941739596263L", "RAMAL": "421459806S1", "PN_CON": "788175", "UNI_TR_MT": "14426186", "CTMT": "TTI0115", "UNI_TR_AT": "DTTI-EQ-TR2", "SUB": "DTTI", "CONJ": 12986, "MUN": "3550308", "CEG_GD": " ", "BRR": "R CONS COTEGIPE 56 BELENZINHO", "CEP": "03058-000", "CLAS_SUB": "RE1", "CNAE": " ", "TIP_CC": "RES-Tipo05", "FAS_CON": "ABN", "GRU_TEN": "BT", "TEN_FORN": "10", "GRU_TAR": "B1", "SIT_ATIV": "AT", "DAT_CON": "01/12/1974", "CAR_INST": 3.0, "LIV": 0, "ARE_LOC": "UB", "TIP_SIST": "RD_INTERLIG", "ENE_01": 0.0, "ENE_02": 0.0, "ENE_03": 0.0, "ENE_04": 30.0, "ENE_05": 214.0, "ENE_06": 192.0, "ENE_07": 242.0, "ENE_08": 332.0, "ENE_09": 414.0, "ENE_10": 468.0, "ENE_11": 451.0, "ENE_12": 411.67, "DIC_01": 0.0, "DIC_02": 0.0, "DIC_03": 0.0, "DIC_04": 0.0, "DIC_05": 0.0, "DIC_06": 0.0, "DIC_07": 0.0, "DIC_08": 0.0, "DIC_09": 0.0, "DIC_10": 0.0, "DIC_11": 0.0, "DIC_12": 0.23, "FIC_01": 0.0, "FIC_02": 0.0, "FIC_03": 0.0, "FIC_04": 0.0, "FIC_05": 0.0, "FIC_06": 0.0, "FIC_07": 0.0, "FIC_08": 0.0, "FIC_09": 0.0, "FIC_10": 0.0, "FIC_11": 0.0, "FIC_12": 1.0, "SEMRED": 0, "DESCR": " ", "COD_ID": "ba230ae0f8fa73a091d54ecd61e1451072d5345fb973f48772e54f1def4bf51d", "__layer": "UCBT_tab" }, "geometry": null },
{ "type": "Feature", "properties": { "DIST": 390, "PAC": "33740696739596719L", "RAMAL": "421642067S1", "PN_CON": "789185", "UNI_TR_MT": "14426186", "CTMT": "TTI0115", "UNI_TR_AT": "DTTI-EQ-TR2", "SUB": "DTTI", "CONJ": 12986, "MUN": "3550308", "CEG_GD": " ", "BRR": "R CONS COTEGIPE 64 BELENZINHO", "CEP": "03058-000", "CLAS_SUB": "RE1", "CNAE": " ", "TIP_CC": "RES-Tipo05", "FAS_CON": "ABN", "GRU_TEN": "BT", "TEN_FORN": "10", "GRU_TAR": "B1", "SIT_ATIV": "AT", "DAT_CON": "01/09/1957", "CAR_INST": 19.5, "LIV": 0, "ARE_LOC": "UB", "TIP_SIST": "RD_INTERLIG", "ENE_01": 315.21, "ENE_02": 593.0, "ENE_03": 534.0, "ENE_04": 384.0, "ENE_05": 458.0, "ENE_06": 426.0, "ENE_07": 415.0, "ENE_08": 420.0, "ENE_09": 473.0, "ENE_10": 522.0, "ENE_11": 499.0, "ENE_12": 493.22, "DIC_01": 7.58, "DIC_02": 0.16, "DIC_03": 0.0, "DIC_04": 0.0, "DIC_05": 0.0, "DIC_06": 0.0, "DIC_07": 0.0, "DIC_08": 0.0, "DIC_09": 0.0, "DIC_10": 0.0, "DIC_11": 0.0, "DIC_12": 0.23, "FIC_01": 2.0, "FIC_02": 2.0, "FIC_03": 0.0, "FIC_04": 0.0, "FIC_05": 0.0, "FIC_06": 0.0, "FIC_07": 0.0, "FIC_08": 0.0, "FIC_09": 0.0, "FIC_10": 0.0, "FIC_11": 0.0, "FIC_12": 1.0, "SEMRED": 0, "DESCR": " ", "COD_ID": "dc3a7c66caaab0fc91f5f4899a0a09ab29415d528902d7fff1e7fced42a34209", "__layer": "UCBT_tab" }, "geometry": null },
{ "type": "Feature", "properties": { "DIST": 390, "PAC": "33740631739596753L", "RAMAL": "421642049S1", "PN_CON": "789185", "UNI_TR_MT": "14426186", "CTMT": "TTI0115", "UNI_TR_AT": "DTTI-EQ-TR2", "SUB": "DTTI", "CONJ": 12986, "MUN": "3550308", "CEG_GD": " ", "BRR": "R CONS COTEGIPE 74 BELENZINHO", "CEP": "03058-000", "CLAS_SUB": "RE1", "CNAE": " ", "TIP_CC": "RES-Tipo02", "FAS_CON": "ABN", "GRU_TEN": "BT", "TEN_FORN": "10", "GRU_TAR": "B1", "SIT_ATIV": "AT", "DAT_CON": "01/08/1967", "CAR_INST": 0.3, "LIV": 0, "ARE_LOC": "UB", "TIP_SIST": "RD_INTERLIG", "ENE_01": 78.55, "ENE_02": 131.0, "ENE_03": 131.0, "ENE_04": 134.0, "ENE_05": 133.0, "ENE_06": 181.0, "ENE_07": 129.0, "ENE_08": 266.0, "ENE_09": 169.0, "ENE_10": 197.0, "ENE_11": 183.0, "ENE_12": 197.09, "DIC_01": 7.58, "DIC_02": 0.16, "DIC_03": 0.0, "DIC_04": 0.0, "DIC_05": 0.0, "DIC_06": 0.0, "DIC_07": 0.0, "DIC_08": 0.0, "DIC_09": 0.0, "DIC_10": 0.0, "DIC_11": 0.0, "DIC_12": 0.23, "FIC_01": 2.0, "FIC_02": 2.0, "FIC_03": 0.0, "FIC_04": 0.0, "FIC_05": 0.0, "FIC_06": 0.0, "FIC_07": 0.0, "FIC_08": 0.0, "FIC_09": 0.0, "FIC_10": 0.0, "FIC_11": 0.0, "FIC_12": 1.0, "SEMRED": 0, "DESCR": " ", "COD_ID": "583b2a1d5d18ece56970e8b744db5a8c068cc6308e9ebea050a7d4316f03df8d", "__layer": "UCBT_tab" }, "geometry": null },
{ "type": "Feature", "properties": { "DIST": 390, "PAC": "33740751739596669L", "RAMAL": "421642079S1", "PN_CON": "789185", "UNI_TR_MT": "14426186", "CTMT": "TTI0115", "UNI_TR_AT": "DTTI-EQ-TR2", "SUB": "DTTI", "CONJ": 12986, "MUN": "3550308", "CEG_GD": " ", "BRR": "R CONS COTEGIPE 88 BELENZINHO", "CEP": "03058-000", "CLAS_SUB": "RE1", "CNAE": " ", "TIP_CC": "RES-Tipo01", "FAS_CON": "ABN", "GRU_TEN": "BT", "TEN_FORN": "10", "GRU_TAR": "B1", "SIT_ATIV": "AT", "DAT_CON": "01/06/1962", "CAR_INST": 2.3, "LIV": 0, "ARE_LOC": "UB", "TIP_SIST": "RD_INTERLIG", "ENE_01": 46.53, "ENE_02": 69.0, "ENE_03": 103.0, "ENE_04": 99.0, "ENE_05": 114.0, "ENE_06": 81.0, "ENE_07": 82.0, "ENE_08": 132.0, "ENE_09": 111.0, "ENE_10": 78.0, "ENE_11": 93.0, "ENE_12": 92.23, "DIC_01": 7.58, "DIC_02": 0.16, "DIC_03": 0.0, "DIC_04": 0.0, "DIC_05": 0.0, "DIC_06": 0.0, "DIC_07": 0.0, "DIC_08": 0.0, "DIC_09": 0.0, "DIC_10": 0.0, "DIC_11": 0.0, "DIC_12": 0.23, "FIC_01": 2.0, "FIC_02": 2.0, "FIC_03": 0.0, "FIC_04": 0.0, "FIC_05": 0.0, "FIC_06": 0.0, "FIC_07": 0.0, "FIC_08": 0.0, "FIC_09": 0.0, "FIC_10": 0.0, "FIC_11": 0.0, "FIC_12": 1.0, "SEMRED": 0, "DESCR": " ", "COD_ID": "1619c5247afc2fac83c9af1d30eb401602202f83f1267d9383666cd628f49291", "__layer": "UCBT_tab" }, "geometry": null },
{ "type": "Feature", "properties": { "DIST": 390, "PAC": "33740727739596694L", "RAMAL": "9650317S1", "PN_CON": "789185", "UNI_TR_MT": "14426186", "CTMT": "TTI0115", "UNI_TR_AT": "DTTI-EQ-TR2", "SUB": "DTTI", "CONJ": 12986, "MUN": "3550308", "CEG_GD": " ", "BRR": "R CONS COTEGIPE 90 BELENZINHO", "CEP": "03058-000", "CLAS_SUB": "RE1", "CNAE": " ", "TIP_CC": "RES-Tipo01", "FAS_CON": "ABN", "GRU_TEN": "BT", "TEN_FORN": "10", "GRU_TAR": "B1", "SIT_ATIV": "AT", "DAT_CON": "01/02/1978", "CAR_INST": 9.2, "LIV": 0, "ARE_LOC": "UB", "TIP_SIST": "RD_INTERLIG", "ENE_01": 30.02, "ENE_02": 28.0, "ENE_03": 30.0, "ENE_04": 34.0, "ENE_05": 40.0, "ENE_06": 54.0, "ENE_07": 48.0, "ENE_08": 56.0, "ENE_09": 54.0, "ENE_10": 85.0, "ENE_11": 96.0, "ENE_12": 94.17, "DIC_01": 7.58, "DIC_02": 0.16, "DIC_03": 0.0, "DIC_04": 0.0, "DIC_05": 0.0, "DIC_06": 0.0, "DIC_07": 0.0, "DIC_08": 0.0, "DIC_09": 0.0, "DIC_10": 0.0, "DIC_11": 0.0, "DIC_12": 0.23, "FIC_01": 2.0, "FIC_02": 2.0, "FIC_03": 0.0, "FIC_04": 0.0, "FIC_05": 0.0, "FIC_06": 0.0, "FIC_07": 0.0, "FIC_08": 0.0, "FIC_09": 0.0, "FIC_10": 0.0, "FIC_11": 0.0, "FIC_12": 1.0, "SEMRED": 0, "DESCR": " ", "COD_ID": "7e5c034d6721c67762f4c8ef12a93c3e6d452294c213faf364b5c89fbb184e65", "__layer": "UCBT_tab" }, "geometry": null },
{ "type": "Feature", "properties": { "DIST": 390, "PAC": "33743311739597038L", "RAMAL": "9653037S1", "PN_CON": "789997", "UNI_TR_MT": "14426186", "CTMT": "TTI0115", "UNI_TR_AT": "DTTI-EQ-TR2", "SUB": "DTTI", "CONJ": 12986, "MUN": "3550308", "CEG_GD": " ", "BRR": "R CONS COTEGIPE 100 BELENZINHO", "CEP": "03058-000", "CLAS_SUB": "RE1", "CNAE": " ", "TIP_CC": "RES-Tipo01", "FAS_CON": "ABN", "GRU_TEN": "BT", "TEN_FORN": "10", "GRU_TAR": "B1", "SIT_ATIV": "AT", "DAT_CON": "01/05/1974", "CAR_INST": 2.3, "LIV": 0, "ARE_LOC": "UB", "TIP_SIST": "RD_INTERLIG", "ENE_01": 23.51, "ENE_02": 45.0, "ENE_03": 49.0, "ENE_04": 35.0, "ENE_05": 49.0, "ENE_06": 0.0, "ENE_07": 124.0, "ENE_08": 70.0, "ENE_09": 71.0, "ENE_10": 31.0, "ENE_11": 46.0, "ENE_12": 42.72, "DIC_01": 7.58, "DIC_02": 0.16, "DIC_03": 0.0, "DIC_04": 0.0, "DIC_05": 0.0, "DIC_06": 0.0, "DIC_07": 0.0, "DIC_08": 0.0, "DIC_09": 0.0, "DIC_10": 0.0, "DIC_11": 0.0, "DIC_12": 0.23, "FIC_01": 2.0, "FIC_02": 2.0, "FIC_03": 0.0, "FIC_04": 0.0, "FIC_05": 0.0, "FIC_06": 0.0, "FIC_07": 0.0, "FIC_08": 0.0, "FIC_09": 0.0, "FIC_10": 0.0, "FIC_11": 0.0, "FIC_12": 1.0, "SEMRED": 0, "DESCR": " ", "COD_ID": "1aabbbb70e86d0758b6c9d6f41837e9c7e34f20758f65dec103f3cdc0d791c8b", "__layer": "UCBT_tab" }, "geometry": null },
{ "type": "Feature", "properties": { "DIST": 390, "PAC": "33743311739597038L", "RAMAL": "9653037S1", "PN_CON": "789997", "UNI_TR_MT": "14426186", "CTMT": "TTI0115", "UNI_TR_AT": "DTTI-EQ-TR2", "SUB": "DTTI", "CONJ": 12986, "MUN": "3550308", "CEG_GD": " ", "BRR": "R CONS COTEGIPE 100 BELENZINHO", "CEP": "03058-000", "CLAS_SUB": "RE1", "CNAE": " ", "TIP_CC": "RES-Tipo02", "FAS_CON": "ABN", "GRU_TEN": "BT", "TEN_FORN": "10", "GRU_TAR": "B1", "SIT_ATIV": "AT", "DAT_CON": "01/10/1979", "CAR_INST": 6.1, "LIV": 0, "ARE_LOC": "UB", "TIP_SIST": "RD_INTERLIG", "ENE_01": 89.56, "ENE_02": 173.0, "ENE_03": 185.0, "ENE_04": 163.0, "ENE_05": 213.0, "ENE_06": 163.0, "ENE_07": 146.0, "ENE_08": 155.0, "ENE_09": 183.0, "ENE_10": 180.0, "ENE_11": 161.0, "ENE_12": 139.81, "DIC_01": 7.58, "DIC_02": 0.16, "DIC_03": 0.0, "DIC_04": 0.0, "DIC_05": 0.0, "DIC_06": 0.0, "DIC_07": 0.0, "DIC_08": 0.0, "DIC_09": 0.0, "DIC_10": 0.0, "DIC_11": 0.0, "DIC_12": 0.23, "FIC_01": 2.0, "FIC_02": 2.0, "FIC_03": 0.0, "FIC_04": 0.0, "FIC_05": 0.0, "FIC_06": 0.0, "FIC_07": 0.0, "FIC_08": 0.0, "FIC_09": 0.0, "FIC_10": 0.0, "FIC_11": 0.0, "FIC_12": 1.0, "SEMRED": 0, "DESCR": " ", "COD_ID": "46bc86884ab3a6f5aa190dc0e68c64051e6299ac568745e21bd2f8e632caec92", "__layer": "UCBT_tab" }, "geometry": null },
{ "type": "Feature", "properties": { "DIST": 390, "PAC": "33743311739597038L", "RAMAL": "9653037S1", "PN_CON": "789997", "UNI_TR_MT": "14426186", "CTMT": "TTI0115", "UNI_TR_AT": "DTTI-EQ-TR2", "SUB": "DTTI", "CONJ": 12986, "MUN": "3550308", "CEG_GD": " ", "BRR": "R CONS COTEGIPE 100 BELENZINHO", "CEP": "03058-000", "CLAS_SUB": "RE1", "CNAE": " ", "TIP_CC": "RES-Tipo01", "FAS_CON": "ABN", "GRU_TEN": "BT", "TEN_FORN": "10", "GRU_TAR": "B1", "SIT_ATIV": "AT", "DAT_CON": "01/10/1979", "CAR_INST": 3.0, "LIV": 0, "ARE_LOC": "UB", "TIP_SIST": "RD_INTERLIG", "ENE_01": 29.01, "ENE_02": 48.0, "ENE_03": 53.0, "ENE_04": 49.0, "ENE_05": 54.0, "ENE_06": 51.0, "ENE_07": 36.0, "ENE_08": 43.0, "ENE_09": 43.0, "ENE_10": 49.0, "ENE_11": 46.0, "ENE_12": 40.77, "DIC_01": 7.58, "DIC_02": 0.16, "DIC_03": 0.0, "DIC_04": 0.0, "DIC_05": 0.0, "DIC_06": 0.0, "DIC_07": 0.0, "DIC_08": 0.0, "DIC_09": 0.0, "DIC_10": 0.0, "DIC_11": 0.0, "DIC_12": 0.23, "FIC_01": 2.0, "FIC_02": 2.0, "FIC_03": 0.0, "FIC_04": 0.0, "FIC_05": 0.0, "FIC_06": 0.0, "FIC_07": 0.0, "FIC_08": 0.0, "FIC_09": 0.0, "FIC_10": 0.0, "FIC_11": 0.0, "FIC_12": 1.0, "SEMRED": 0, "DESCR": " ", "COD_ID": "92dde051fa4c33639f92d4da2b00726508f528d2161f493f6a6a047ba530b363", "__layer": "UCBT_tab" }, "geometry": null },
{ "type": "Feature", "properties": { "DIST": 390, "PAC": "33743501739597070L", "RAMAL": "421421439S1", "PN_CON": "789997", "UNI_TR_MT": "14426186", "CTMT": "TTI0115", "UNI_TR_AT": "DTTI-EQ-TR2", "SUB": "DTTI", "CONJ": 12986, "MUN": "3550308", "CEG_GD": " ", "BRR": "R CONS COTEGIPE 106 BELENZINHO", "CEP": "03058-000", "CLAS_SUB": "RE1", "CNAE": " ", "TIP_CC": "RES-Tipo02", "FAS_CON": "ABCN", "GRU_TEN": "BT", "TEN_FORN": "10", "GRU_TAR": "B1", "SIT_ATIV": "AT", "DAT_CON": "01/03/1985", "CAR_INST": 12.0, "LIV": 0, "ARE_LOC": "UB", "TIP_SIST": "RD_INTERLIG", "ENE_01": 85.55, "ENE_02": 175.0, "ENE_03": 183.0, "ENE_04": 188.0, "ENE_05": 183.0, "ENE_06": 153.0, "ENE_07": 173.0, "ENE_08": 127.0, "ENE_09": 141.0, "ENE_10": 174.0, "ENE_11": 145.0, "ENE_12": 154.37, "DIC_01": 7.58, "DIC_02": 0.16, "DIC_03": 0.0, "DIC_04": 0.0, "DIC_05": 0.0, "DIC_06": 0.0, "DIC_07": 0.0, "DIC_08": 0.0, "DIC_09": 0.0, "DIC_10": 0.0, "DIC_11": 0.0, "DIC_12": 0.23, "FIC_01": 2.0, "FIC_02": 2.0, "FIC_03": 0.0, "FIC_04": 0.0, "FIC_05": 0.0, "FIC_06": 0.0, "FIC_07": 0.0, "FIC_08": 0.0, "FIC_09": 0.0, "FIC_10": 0.0, "FIC_11": 0.0, "FIC_12": 1.0, "SEMRED": 0, "DESCR": " ", "COD_ID": "f0f5f08f2febfe41f562b62acf3283b5d37539ce47e0a8a1402a75be068e3ec8", "__layer": "UCBT_tab" }, "geometry": null },
{ "type": "Feature", "properties": { "DIST": 390, "PAC": "33744796739597219L", "RAMAL": "421693437S1", "PN_CON": "790302", "UNI_TR_MT": "14426186", "CTMT": "TTI0115", "UNI_TR_AT": "DTTI-EQ-TR2", "SUB": "DTTI", "CONJ": 12986, "MUN": "3550308", "CEG_GD": " ", "BRR": "R CONS COTEGIPE 114 BELENZINHO", "CEP": "03058-000", "CLAS_SUB": "RE1", "CNAE": " ", "TIP_CC": "RES-Tipo01", "FAS_CON": "ABN", "GRU_TEN": "BT", "TEN_FORN": "10", "GRU_TAR": "B1", "SIT_ATIV": "AT", "DAT_CON": "01/03/1957", "CAR_INST": 10.0, "LIV": 0, "ARE_LOC": "UB", "TIP_SIST": "RD_INTERLIG", "ENE_01": 0.0, "ENE_02": 0.0, "ENE_03": 0.0, "ENE_04": 0.0, "ENE_05": 0.0, "ENE_06": 30.0, "ENE_07": 304.0, "ENE_08": 297.0, "ENE_09": 210.0, "ENE_10": 210.0, "ENE_11": 1150.0, "ENE_12": 369.92, "DIC_01": 0.0, "DIC_02": 0.0, "DIC_03": 0.0, "DIC_04": 0.0, "DIC_05": 0.0, "DIC_06": 0.0, "DIC_07": 0.0, "DIC_08": 0.0, "DIC_09": 0.0, "DIC_10": 0.0, "DIC_11": 0.0, "DIC_12": 0.23, "FIC_01": 0.0, "FIC_02": 0.0, "FIC_03": 0.0, "FIC_04": 0.0, "FIC_05": 0.0, "FIC_06": 0.0, "FIC_07": 0.0, "FIC_08": 0.0, "FIC_09": 0.0, "FIC_10": 0.0, "FIC_11": 0.0, "FIC_12": 1.0, "SEMRED": 0, "DESCR": " ", "COD_ID": "30d013db2c4cf885fe51772357dd69feb6bf10d22792e0f1423fb168cc5f99df", "__layer": "UCBT_tab" }, "geometry": null },
{ "type": "Feature", "properties": { "DIST": 390, "PAC": "33744659739597269L", "RAMAL": "421693400S1", "PN_CON": "790302", "UNI_TR_MT": "14426186", "CTMT": "TTI0115", "UNI_TR_AT": "DTTI-EQ-TR2", "SUB": "DTTI", "CONJ": 12986, "MUN": "3550308", "CEG_GD": " ", "BRR": "R CONS COTEGIPE 122 BELENZINHO", "CEP": "03058-000", "CLAS_SUB": "RE2", "CNAE": " ", "TIP_CC": "RES-Tipo05", "FAS_CON": "ABN", "GRU_TEN": "BT", "TEN_FORN": "10", "GRU_TAR": "B1BR", "SIT_ATIV": "AT", "DAT_CON": "01/05/1977", "CAR_INST": 0.3, "LIV": 0, "ARE_LOC": "UB", "TIP_SIST": "RD_INTERLIG", "ENE_01": 335.22, "ENE_02": 181.0, "ENE_03": 497.0, "ENE_04": 490.0, "ENE_05": 389.0, "ENE_06": 518.0, "ENE_07": 455.0, "ENE_08": 434.0, "ENE_09": 447.0, "ENE_10": 525.0, "ENE_11": 507.0, "ENE_12": 510.7, "DIC_01": 7.58, "DIC_02": 0.16, "DIC_03": 0.0, "DIC_04": 0.0, "DIC_05": 0.0, "DIC_06": 0.0, "DIC_07": 0.0, "DIC_08": 0.0, "DIC_09": 0.0, "DIC_10": 0.0, "DIC_11": 0.0, "DIC_12": 0.23, "FIC_01": 2.0, "FIC_02": 2.0, "FIC_03": 0.0, "FIC_04": 0.0, "FIC_05": 0.0, "FIC_06": 0.0, "FIC_07": 0.0, "FIC_08": 0.0, "FIC_09": 0.0, "FIC_10": 0.0, "FIC_11": 0.0, "FIC_12": 1.0, "SEMRED": 0, "DESCR": " ", "COD_ID": "5fdcb3a8829f3c49119ea98f6a732b05fe838c597d5a771099e2d7aa353e5e74", "__layer": "UCBT_tab" }, "geometry": null },
{ "type": "Feature", "properties": { "DIST": 390, "PAC": "33747331739597053L", "RAMAL": "421441154S1", "PN_CON": "791067", "UNI_TR_MT": "14426186", "CTMT": "TTI0115", "UNI_TR_AT": "DTTI-EQ-TR2", "SUB": "DTTI", "CONJ": 12986, "MUN": "3550308", "CEG_GD": " ", "BRR": "R CONS COTEGIPE 172 BELENZINHO", "CEP": "03058-000", "CLAS_SUB": "CO1", "CNAE": "4771-7/01", "TIP_CC": "COM-Tipo02", "FAS_CON": "ABN", "GRU_TEN": "BT", "TEN_FORN": "10", "GRU_TAR": "B3", "SIT_ATIV": "AT", "DAT_CON": "01/03/1983", "CAR_INST": 4.2, "LIV": 0, "ARE_LOC": "UB", "TIP_SIST": "RD_INTERLIG", "ENE_01": 167.0, "ENE_02": 154.0, "ENE_03": 172.844, "ENE_04": 161.0, "ENE_05": 183.0, "ENE_06": 175.0, "ENE_07": 134.4, "ENE_08": 100.65, "ENE_09": 153.0, "ENE_10": 159.0, "ENE_11": 86.14, "ENE_12": 249.59, "DIC_01": 7.58, "DIC_02": 0.16, "DIC_03": 0.0, "DIC_04": 0.0, "DIC_05": 0.0, "DIC_06": 0.0, "DIC_07": 0.0, "DIC_08": 0.0, "DIC_09": 0.0, "DIC_10": 0.0, "DIC_11": 0.0, "DIC_12": 0.23, "FIC_01": 2.0, "FIC_02": 2.0, "FIC_03": 0.0, "FIC_04": 0.0, "FIC_05": 0.0, "FIC_06": 0.0, "FIC_07": 0.0, "FIC_08": 0.0, "FIC_09": 0.0, "FIC_10": 0.0, "FIC_11": 0.0, "FIC_12": 1.0, "SEMRED": 0, "DESCR": " ", "COD_ID": "0ebba6c905de89070df7e0fdd30135c2dcde8c7dcc7dfc5b3428fdb721808373", "__layer": "UCBT_tab" }, "geometry": null },
{ "type": "Feature", "properties": { "DIST": 390, "PAC": "33747307739597060L", "RAMAL": "421441148S1", "PN_CON": "791067", "UNI_TR_MT": "14426186", "CTMT": "TTI0115", "UNI_TR_AT": "DTTI-EQ-TR2", "SUB": "DTTI", "CONJ": 12986, "MUN": "3550308", "CEG_GD": " ", "BRR": "R CONS COTEGIPE 168 BELENZINHO", "CEP": "03058-000", "CLAS_SUB": "RE1", "CNAE": " ", "TIP_CC": "RES-Tipo01", "FAS_CON": "ABN", "GRU_TEN": "BT", "TEN_FORN": "10", "GRU_TAR": "B1", "SIT_ATIV": "AT", "DAT_CON": "01/06/1975", "CAR_INST": 5.6, "LIV": 0, "ARE_LOC": "UB", "TIP_SIST": "RD_INTERLIG", "ENE_01": 0.0, "ENE_02": 0.0, "ENE_03": 0.0, "ENE_04": 0.0, "ENE_05": 55.0, "ENE_06": 55.0, "ENE_07": 160.0, "ENE_08": 121.0, "ENE_09": 120.0, "ENE_10": 139.0, "ENE_11": 111.0, "ENE_12": 106.8, "DIC_01": 0.0, "DIC_02": 0.0, "DIC_03": 0.0, "DIC_04": 0.0, "DIC_05": 0.0, "DIC_06": 0.0, "DIC_07": 0.0, "DIC_08": 0.0, "DIC_09": 0.0, "DIC_10": 0.0, "DIC_11": 0.0, "DIC_12": 0.23, "FIC_01": 0.0, "FIC_02": 0.0, "FIC_03": 0.0, "FIC_04": 0.0, "FIC_05": 0.0, "FIC_06": 0.0, "FIC_07": 0.0, "FIC_08": 0.0, "FIC_09": 0.0, "FIC_10": 0.0, "FIC_11": 0.0, "FIC_12": 1.0, "SEMRED": 0, "DESCR": " ", "COD_ID": "9a419f404dbbc4acfddf2657c18f0845d449a9638e9fa1954e6d16394a2c966b", "__layer": "UCBT_tab" }, "geometry": null },
{ "type": "Feature", "properties": { "DIST": 390, "PAC": "33747354739597043L", "RAMAL": "421441161S1", "PN_CON": "791067", "UNI_TR_MT": "14426186", "CTMT": "TTI0115", "UNI_TR_AT": "DTTI-EQ-TR2", "SUB": "DTTI", "CONJ": 12986, "MUN": "3550308", "CEG_GD": " ", "BRR": "R CONS COTEGIPE 174 BELENZINHO", "CEP": "03058-000", "CLAS_SUB": "RE1", "CNAE": " ", "TIP_CC": "RES-Tipo04", "FAS_CON": "ABN", "GRU_TEN": "BT", "TEN_FORN": "10", "GRU_TAR": "B1", "SIT_ATIV": "AT", "DAT_CON": "01/08/1979", "CAR_INST": 3.0, "LIV": 0, "ARE_LOC": "UB", "TIP_SIST": "RD_INTERLIG", "ENE_01": 126.58, "ENE_02": 199.0, "ENE_03": 230.0, "ENE_04": 205.0, "ENE_05": 226.0, "ENE_06": 194.0, "ENE_07": 204.0, "ENE_08": 209.0, "ENE_09": 208.0, "ENE_10": 225.0, "ENE_11": 215.0, "ENE_12": 194.18, "DIC_01": 7.58, "DIC_02": 0.16, "DIC_03": 0.0, "DIC_04": 0.0, "DIC_05": 0.0, "DIC_06": 0.0, "DIC_07": 0.0, "DIC_08": 0.0, "DIC_09": 0.0, "DIC_10": 0.0, "DIC_11": 0.0, "DIC_12": 0.23, "FIC_01": 2.0, "FIC_02": 2.0, "FIC_03": 0.0, "FIC_04": 0.0, "FIC_05": 0.0, "FIC_06": 0.0, "FIC_07": 0.0, "FIC_08": 0.0, "FIC_09": 0.0, "FIC_10": 0.0, "FIC_11": 0.0, "FIC_12": 1.0, "SEMRED": 0, "DESCR": " ", "COD_ID": "ec9ab076a04cf19e15bb5f195cfb1affc1b129216e8d14bfa8e6901cd1f16403", "__layer": "UCBT_tab" }, "geometry": null },
{ "type": "Feature", "properties": { "DIST": 390, "PAC": "33747331739597053L", "RAMAL": "421441154S1", "PN_CON": "791067", "UNI_TR_MT": "14426186", "CTMT": "TTI0115", "UNI_TR_AT": "DTTI-EQ-TR2", "SUB": "DTTI", "CONJ": 12986, "MUN": "3550308", "CEG_GD": " ", "BRR": "R CONS COTEGIPE 172 BELENZINHO", "CEP": "03058-000", "CLAS_SUB": "RE1", "CNAE": " ", "TIP_CC": "RES-Tipo03", "FAS_CON": "ABN", "GRU_TEN": "BT", "TEN_FORN": "10", "GRU_TAR": "B1", "SIT_ATIV": "AT", "DAT_CON": "01/09/1982", "CAR_INST": 2.9, "LIV": 0, "ARE_LOC": "UB", "TIP_SIST": "RD_INTERLIG", "ENE_01": 56.03, "ENE_02": 104.0, "ENE_03": 112.0, "ENE_04": 115.0, "ENE_05": 113.0, "ENE_06": 99.0, "ENE_07": 130.0, "ENE_08": 134.0, "ENE_09": 104.0, "ENE_10": 120.0, "ENE_11": 131.0, "ENE_12": 74.76, "DIC_01": 7.58, "DIC_02": 0.16, "DIC_03": 0.0, "DIC_04": 0.0, "DIC_05": 0.0, "DIC_06": 0.0, "DIC_07": 0.0, "DIC_08": 0.0, "DIC_09": 0.0, "DIC_10": 0.0, "DIC_11": 0.0, "DIC_12": 0.23, "FIC_01": 2.0, "FIC_02": 2.0, "FIC_03": 0.0, "FIC_04": 0.0, "FIC_05": 0.0, "FIC_06": 0.0, "FIC_07": 0.0, "FIC_08": 0.0, "FIC_09": 0.0, "FIC_10": 0.0, "FIC_11": 0.0, "FIC_12": 1.0, "SEMRED": 0, "DESCR": " ", "COD_ID": "cc6f21a5814d661c5dcadf62685c0c856d9a99fd9360e7bd409dbf8016c1332f", "__layer": "UCBT_tab" }, "geometry": null },
{ "type": "Feature", "properties": { "DIST": 390, "PAC": "33747331739597053L", "RAMAL": "421441154S1", "PN_CON": "791067", "UNI_TR_MT": "14426186", "CTMT": "TTI0115", "UNI_TR_AT": "DTTI-EQ-TR2", "SUB": "DTTI", "CONJ": 12986, "MUN": "3550308", "CEG_GD": " ", "BRR": "R CONS COTEGIPE 172 BELENZINHO", "CEP": "03058-000", "CLAS_SUB": "RE1", "CNAE": " ", "TIP_CC": "RES-Tipo04", "FAS_CON": "ABCN", "GRU_TEN": "BT", "TEN_FORN": "10", "GRU_TAR": "B1", "SIT_ATIV": "AT", "DAT_CON": "01/07/1982", "CAR_INST": 10.5, "LIV": 0, "ARE_LOC": "UB", "TIP_SIST": "RD_INTERLIG", "ENE_01": 136.09, "ENE_02": 249.0, "ENE_03": 263.0, "ENE_04": 244.0, "ENE_05": 284.0, "ENE_06": 315.0, "ENE_07": 279.0, "ENE_08": 307.0, "ENE_09": 297.0, "ENE_10": 316.0, "ENE_11": 291.0, "ENE_12": 269.91, "DIC_01": 7.58, "DIC_02": 0.16, "DIC_03": 0.0, "DIC_04": 0.0, "DIC_05": 0.0, "DIC_06": 0.0, "DIC_07": 0.0, "DIC_08": 0.0, "DIC_09": 0.0, "DIC_10": 0.0, "DIC_11": 0.0, "DIC_12": 0.23, "FIC_01": 2.0, "FIC_02": 2.0, "FIC_03": 0.0, "FIC_04": 0.0, "FIC_05": 0.0, "FIC_06": 0.0, "FIC_07": 0.0, "FIC_08": 0.0, "FIC_09": 0.0, "FIC_10": 0.0, "FIC_11": 0.0, "FIC_12": 1.0, "SEMRED": 0, "DESCR": " ", "COD_ID": "6c6b169f8e56448fc62287d7bddf5a8161ae36cd5943931ab9cb04cc6a0c9c7d", "__layer": "UCBT_tab" }, "geometry": null },
{ "type": "Feature", "properties": { "DIST": 390, "PAC": "33747331739597053L", "RAMAL": "421441154S1", "PN_CON": "791067", "UNI_TR_MT": "14426186", "CTMT": "TTI0115", "UNI_TR_AT": "DTTI-EQ-TR2", "SUB": "DTTI", "CONJ": 12986, "MUN": "3550308", "CEG_GD": " ", "BRR": "R CONS COTEGIPE 172 BELENZINHO", "CEP": "03058-000", "CLAS_SUB": "RE1", "CNAE": " ", "TIP_CC": "RES-Tipo02", "FAS_CON": "ABN", "GRU_TEN": "BT", "TEN_FORN": "10", "GRU_TAR": "B1", "SIT_ATIV": "AT", "DAT_CON": "01/10/1982", "CAR_INST": 6.0, "LIV": 0, "ARE_LOC": "UB", "TIP_SIST": "RD_INTERLIG", "ENE_01": 115.07, "ENE_02": 200.0, "ENE_03": 154.0, "ENE_04": 174.0, "ENE_05": 150.0, "ENE_06": 193.0, "ENE_07": 144.0, "ENE_08": 230.0, "ENE_09": 132.0, "ENE_10": 184.0, "ENE_11": 164.0, "ENE_12": 163.11, "DIC_01": 7.58, "DIC_02": 0.16, "DIC_03": 0.0, "DIC_04": 0.0, "DIC_05": 0.0, "DIC_06": 0.0, "DIC_07": 0.0, "DIC_08": 0.0, "DIC_09": 0.0, "DIC_10": 0.0, "DIC_11": 0.0, "DIC_12": 0.23, "FIC_01": 2.0, "FIC_02": 2.0, "FIC_03": 0.0, "FIC_04": 0.0, "FIC_05": 0.0, "FIC_06": 0.0, "FIC_07": 0.0, "FIC_08": 0.0, "FIC_09": 0.0, "FIC_10": 0.0, "FIC_11": 0.0, "FIC_12": 1.0, "SEMRED": 0, "DESCR": " ", "COD_ID": "a6377914f1c38a433ae50a5a81f81005fce7bb271c93a6689a5f817da97e3b7a", "__layer": "UCBT_tab" }, "geometry": null },
{ "type": "Feature", "properties": { "DIST": 390, "PAC": "33747331739597053L", "RAMAL": "421441154S1", "PN_CON": "791067", "UNI_TR_MT": "14426186", "CTMT": "TTI0115", "UNI_TR_AT": "DTTI-EQ-TR2", "SUB": "DTTI", "CONJ": 12986, "MUN": "3550308", "CEG_GD": " ", "BRR": "R CONS COTEGIPE 172 BELENZINHO", "CEP": "03058-000", "CLAS_SUB": "RE1", "CNAE": " ", "TIP_CC": "RES-Tipo02", "FAS_CON": "ABN", "GRU_TEN": "BT", "TEN_FORN": "10", "GRU_TAR": "B1", "SIT_ATIV": "AT", "DAT_CON": "01/07/1982", "CAR_INST": 3.0, "LIV": 0, "ARE_LOC": "UB", "TIP_SIST": "RD_INTERLIG", "ENE_01": 67.04, "ENE_02": 124.0, "ENE_03": 130.0, "ENE_04": 119.0, "ENE_05": 142.0, "ENE_06": 153.0, "ENE_07": 125.0, "ENE_08": 143.0, "ENE_09": 140.0, "ENE_10": 152.0, "ENE_11": 135.0, "ENE_12": 128.16, "DIC_01": 7.58, "DIC_02": 0.16, "DIC_03": 0.0, "DIC_04": 0.0, "DIC_05": 0.0, "DIC_06": 0.0, "DIC_07": 0.0, "DIC_08": 0.0, "DIC_09": 0.0, "DIC_10": 0.0, "DIC_11": 0.0, "DIC_12": 0.23, "FIC_01": 2.0, "FIC_02": 2.0, "FIC_03": 0.0, "FIC_04": 0.0, "FIC_05": 0.0, "FIC_06": 0.0, "FIC_07": 0.0, "FIC_08": 0.0, "FIC_09": 0.0, "FIC_10": 0.0, "FIC_11": 0.0, "FIC_12": 1.0, "SEMRED": 0, "DESCR": " ", "COD_ID": "bebac804b0a98f10cef37a7954aa97ff25c81300f327b1b8b7776c0943aad04e", "__layer": "UCBT_tab" }, "geometry": null },
{ "type": "Feature", "properties": { "DIST": 390, "PAC": "33747331739597053L", "RAMAL": "421441154S1", "PN_CON": "791067", "UNI_TR_MT": "14426186", "CTMT": "TTI0115", "UNI_TR_AT": "DTTI-EQ-TR2", "SUB": "DTTI", "CONJ": 12986, "MUN": "3550308", "CEG_GD": " ", "BRR": "R CONS COTEGIPE 172 BELENZINHO", "CEP": "03058-000", "CLAS_SUB": "RE5", "CNAE": " ", "TIP_CC": "RES-Tipo03", "FAS_CON": "ABN", "GRU_TEN": "BT", "TEN_FORN": "10", "GRU_TAR": "B1BR", "SIT_ATIV": "AT", "DAT_CON": "01/08/1982", "CAR_INST": 5.2, "LIV": 0, "ARE_LOC": "UB", "TIP_SIST": "RD_INTERLIG", "ENE_01": 70.04, "ENE_02": 141.0, "ENE_03": 157.0, "ENE_04": 141.0, "ENE_05": 154.0, "ENE_06": 138.0, "ENE_07": 82.0, "ENE_08": 145.0, "ENE_09": 138.0, "ENE_10": 157.0, "ENE_11": 142.0, "ENE_12": 124.27, "DIC_01": 7.58, "DIC_02": 0.16, "DIC_03": 0.0, "DIC_04": 0.0, "DIC_05": 0.0, "DIC_06": 0.0, "DIC_07": 0.0, "DIC_08": 0.0, "DIC_09": 0.0, "DIC_10": 0.0, "DIC_11": 0.0, "DIC_12": 0.23, "FIC_01": 2.0, "FIC_02": 2.0, "FIC_03": 0.0, "FIC_04": 0.0, "FIC_05": 0.0, "FIC_06": 0.0, "FIC_07": 0.0, "FIC_08": 0.0, "FIC_09": 0.0, "FIC_10": 0.0, "FIC_11": 0.0, "FIC_12": 1.0, "SEMRED": 0, "DESCR": " ", "COD_ID": "435e7fc1c17af1ae652b7657bfe535b6cf14cd1ec2005c026ab1f674cb2c65c2", "__layer": "UCBT_tab" }, "geometry": null },
{ "type": "Feature", "properties": { "DIST": 390, "PAC": "33744866739597149L", "RAMAL": "421693455S1", "PN_CON": "790302", "UNI_TR_MT": "14426186", "CTMT": "TTI0115", "UNI_TR_AT": "DTTI-EQ-TR2", "SUB": "DTTI", "CONJ": 12986, "MUN": "3550308", "CEG_GD": " ", "BRR": "R CONS COTEGIPE 172 BELENZINHO", "CEP": "03058-000", "CLAS_SUB": "RE1", "CNAE": " ", "TIP_CC": "RES-Tipo03", "FAS_CON": "ABN", "GRU_TEN": "BT", "TEN_FORN": "10", "GRU_TAR": "B1", "SIT_ATIV": "AT", "DAT_CON": "01/09/1982", "CAR_INST": 7.6, "LIV": 0, "ARE_LOC": "UB", "TIP_SIST": "RD_INTERLIG", "ENE_01": 64.54, "ENE_02": 115.0, "ENE_03": 123.0, "ENE_04": 114.0, "ENE_05": 125.0, "ENE_06": 117.0, "ENE_07": 108.0, "ENE_08": 121.0, "ENE_09": 114.0, "ENE_10": 131.0, "ENE_11": 116.0, "ENE_12": 108.74, "DIC_01": 7.58, "DIC_02": 0.16, "DIC_03": 0.0, "DIC_04": 0.0, "DIC_05": 0.0, "DIC_06": 0.0, "DIC_07": 0.0, "DIC_08": 0.0, "DIC_09": 0.0, "DIC_10": 0.0, "DIC_11": 0.0, "DIC_12": 0.23, "FIC_01": 2.0, "FIC_02": 2.0, "FIC_03": 0.0, "FIC_04": 0.0, "FIC_05": 0.0, "FIC_06": 0.0, "FIC_07": 0.0, "FIC_08": 0.0, "FIC_09": 0.0, "FIC_10": 0.0, "FIC_11": 0.0, "FIC_12": 1.0, "SEMRED": 0, "DESCR": " ", "COD_ID": "64209f6092462e70f40451c01162b04c3f1b2206e1b00830cf3bce406e4cac16", "__layer": "UCBT_tab" }, "geometry": null },
{ "type": "Feature", "properties": { "DIST": 390, "PAC": "33747331739597053L", "RAMAL": "421441154S1", "PN_CON": "791067", "UNI_TR_MT": "14426186", "CTMT": "TTI0115", "UNI_TR_AT": "DTTI-EQ-TR2", "SUB": "DTTI", "CONJ": 12986, "MUN": "3550308", "CEG_GD": " ", "BRR": "R CONS COTEGIPE 172 BELENZINHO", "CEP": "03058-000", "CLAS_SUB": "RE1", "CNAE": " ", "TIP_CC": "RES-Tipo02", "FAS_CON": "ABN", "GRU_TEN": "BT", "TEN_FORN": "10", "GRU_TAR": "B1", "SIT_ATIV": "AT", "DAT_CON": "01/09/1982", "CAR_INST": 8.5, "LIV": 0, "ARE_LOC": "UB", "TIP_SIST": "RD_INTERLIG", "ENE_01": 65.04, "ENE_02": 125.0, "ENE_03": 76.0, "ENE_04": 0.0, "ENE_05": 0.0, "ENE_06": 187.0, "ENE_07": 178.0, "ENE_08": 227.0, "ENE_09": 234.0, "ENE_10": 231.0, "ENE_11": 231.0, "ENE_12": 201.95, "DIC_01": 7.58, "DIC_02": 0.16, "DIC_03": 0.0, "DIC_04": 0.0, "DIC_05": 0.0, "DIC_06": 0.0, "DIC_07": 0.0, "DIC_08": 0.0, "DIC_09": 0.0, "DIC_10": 0.0, "DIC_11": 0.0, "DIC_12": 0.23, "FIC_01": 2.0, "FIC_02": 2.0, "FIC_03": 0.0, "FIC_04": 0.0, "FIC_05": 0.0, "FIC_06": 0.0, "FIC_07": 0.0, "FIC_08": 0.0, "FIC_09": 0.0, "FIC_10": 0.0, "FIC_11": 0.0, "FIC_12": 1.0, "SEMRED": 0, "DESCR": " ", "COD_ID": "ea7c9224425d9b46c79560eb15b220409348b2da994af4e15303246f9c64c1e1", "__layer": "UCBT_tab" }, "geometry": null },
{ "type": "Feature", "properties": { "DIST": 390, "PAC": "33747331739597053L", "RAMAL": "421441154S1", "PN_CON": "791067", "UNI_TR_MT": "14426186", "CTMT": "TTI0115", "UNI_TR_AT": "DTTI-EQ-TR2", "SUB": "DTTI", "CONJ": 12986, "MUN": "3550308", "CEG_GD": " ", "BRR": "R CONS COTEGIPE 172 BELENZINHO", "CEP": "03058-000", "CLAS_SUB": "RE2", "CNAE": " ", "TIP_CC": "RES-Tipo03", "FAS_CON": "ABN", "GRU_TEN": "BT", "TEN_FORN": "10", "GRU_TAR": "B1BR", "SIT_ATIV": "AT", "DAT_CON": "01/09/1982", "CAR_INST": 9.3, "LIV": 0, "ARE_LOC": "UB", "TIP_SIST": "RD_INTERLIG", "ENE_01": 58.03, "ENE_02": 105.0, "ENE_03": 0.0, "ENE_04": 0.0, "ENE_05": 0.0, "ENE_06": 0.0, "ENE_07": 0.0, "ENE_08": 79.0, "ENE_09": 46.0, "ENE_10": 66.0, "ENE_11": 87.0, "ENE_12": 72.81, "DIC_01": 7.58, "DIC_02": 0.16, "DIC_03": 0.0, "DIC_04": 0.0, "DIC_05": 0.0, "DIC_06": 0.0, "DIC_07": 0.0, "DIC_08": 0.0, "DIC_09": 0.0, "DIC_10": 0.0, "DIC_11": 0.0, "DIC_12": 0.23, "FIC_01": 2.0, "FIC_02": 2.0, "FIC_03": 0.0, "FIC_04": 0.0, "FIC_05": 0.0, "FIC_06": 0.0, "FIC_07": 0.0, "FIC_08": 0.0, "FIC_09": 0.0, "FIC_10": 0.0, "FIC_11": 0.0, "FIC_12": 1.0, "SEMRED": 0, "DESCR": " ", "COD_ID": "0acb55a9f4793d40bfbe6cf5299c39b907c036ab314103f6cdeaf5893430f82d", "__layer": "UCBT_tab" }, "geometry": null },
{ "type": "Feature", "properties": { "DIST": 390, "PAC": "33747331739597053L", "RAMAL": "421441154S1", "PN_CON": "791067", "UNI_TR_MT": "14426186", "CTMT": "TTI0115", "UNI_TR_AT": "DTTI-EQ-TR2", "SUB": "DTTI", "CONJ": 12986, "MUN": "3550308", "CEG_GD": " ", "BRR": "R CONS COTEGIPE 172 BELENZINHO", "CEP": "03058-000", "CLAS_SUB": "CO1", "CNAE": "4755-5/02", "TIP_CC": "RES-Tipo02", "FAS_CON": "ABN", "GRU_TEN": "BT", "TEN_FORN": "10", "GRU_TAR": "B3", "SIT_ATIV": "AT", "DAT_CON": "01/09/1982", "CAR_INST": 7.0, "LIV": 0, "ARE_LOC": "UB", "TIP_SIST": "RD_INTERLIG", "ENE_01": 164.0, "ENE_02": 135.0, "ENE_03": 0.0, "ENE_04": 0.0, "ENE_05": 165.0, "ENE_06": 192.0, "ENE_07": 190.68, "ENE_08": 105.53, "ENE_09": 279.0, "ENE_10": 249.0, "ENE_11": 135.11, "ENE_12": 201.77, "DIC_01": 7.58, "DIC_02": 0.16, "DIC_03": 0.0, "DIC_04": 0.0, "DIC_05": 0.0, "DIC_06": 0.0, "DIC_07": 0.0, "DIC_08": 0.0, "DIC_09": 0.0, "DIC_10": 0.0, "DIC_11": 0.0, "DIC_12": 0.23, "FIC_01": 2.0, "FIC_02": 2.0, "FIC_03": 0.0, "FIC_04": 0.0, "FIC_05": 0.0, "FIC_06": 0.0, "FIC_07": 0.0, "FIC_08": 0.0, "FIC_09": 0.0, "FIC_10": 0.0, "FIC_11": 0.0, "FIC_12": 1.0, "SEMRED": 0, "DESCR": " ", "COD_ID": "247342c37d64065a5205555f2c87c42a5f379cc660c542955cf35b7229b2a365", "__layer": "UCBT_tab" }, "geometry": null },
{ "type": "Feature", "properties": { "DIST": 390, "PAC": "33747331739597053L", "RAMAL": "421441154S1", "PN_CON": "791067", "UNI_TR_MT": "14426186", "CTMT": "TTI0115", "UNI_TR_AT": "DTTI-EQ-TR2", "SUB": "DTTI", "CONJ": 12986, "MUN": "3550308", "CEG_GD": " ", "BRR": "R CONS COTEGIPE 172 BELENZINHO", "CEP": "03058-000", "CLAS_SUB": "RE1", "CNAE": " ", "TIP_CC": "RES-Tipo03", "FAS_CON": "ABN", "GRU_TEN": "BT", "TEN_FORN": "10", "GRU_TAR": "B1", "SIT_ATIV": "AT", "DAT_CON": "01/01/1980", "CAR_INST": 3.0, "LIV": 0, "ARE_LOC": "UB", "TIP_SIST": "RD_INTERLIG", "ENE_01": 15.01, "ENE_02": 107.0, "ENE_03": 110.0, "ENE_04": 0.0, "ENE_05": 17.0, "ENE_06": 117.0, "ENE_07": 129.0, "ENE_08": 119.0, "ENE_09": 38.0, "ENE_10": 211.0, "ENE_11": 124.0, "ENE_12": 110.68, "DIC_01": 7.58, "DIC_02": 0.16, "DIC_03": 0.0, "DIC_04": 0.0, "DIC_05": 0.0, "DIC_06": 0.0, "DIC_07": 0.0, "DIC_08": 0.0, "DIC_09": 0.0, "DIC_10": 0.0, "DIC_11": 0.0, "DIC_12": 0.23, "FIC_01": 2.0, "FIC_02": 2.0, "FIC_03": 0.0, "FIC_04": 0.0, "FIC_05": 0.0, "FIC_06": 0.0, "FIC_07": 0.0, "FIC_08": 0.0, "FIC_09": 0.0, "FIC_10": 0.0, "FIC_11": 0.0, "FIC_12": 1.0, "SEMRED": 0, "DESCR": " ", "COD_ID": "5198a05e149bd3c01121bc7c5543f4aa871e5c691950ea5856a033163f70f04c", "__layer": "UCBT_tab" }, "geometry": null },
{ "type": "Feature", "properties": { "DIST": 390, "PAC": "33841122739614928L", "RAMAL": "9735616S1", "PN_CON": "817146", "UNI_TR_MT": "14433831", "CTMT": "TTI0103", "UNI_TR_AT": "DTTI-EQ-TR1", "SUB": "DTTI", "CONJ": 12986, "MUN": "3550308", "CEG_GD": " ", "BRR": "R CONS COTEGIPE 1100 BELENZINHO", "CEP": "03058-000", "CLAS_SUB": "RE1", "CNAE": " ", "TIP_CC": "RES-Tipo02", "FAS_CON": "ABN", "GRU_TEN": "BT", "TEN_FORN": "10", "GRU_TAR": "B1", "SIT_ATIV": "AT", "DAT_CON": "01/04/1954", "CAR_INST": 0.3, "LIV": 0, "ARE_LOC": "UB", "TIP_SIST": "RD_INTERLIG", "ENE_01": 130.08, "ENE_02": 181.0, "ENE_03": 199.0, "ENE_04": 233.0, "ENE_05": 225.0, "ENE_06": 0.0, "ENE_07": 215.0, "ENE_08": 29.0, "ENE_09": 30.0, "ENE_10": 30.0, "ENE_11": 86.0, "ENE_12": 29.12, "DIC_01": 0.0, "DIC_02": 0.0, "DIC_03": 0.0, "DIC_04": 0.0, "DIC_05": 0.0, "DIC_06": 0.0, "DIC_07": 0.0, "DIC_08": 0.0, "DIC_09": 0.0, "DIC_10": 2.07, "DIC_11": 0.0, "DIC_12": 0.0, "FIC_01": 0.0, "FIC_02": 0.0, "FIC_03": 0.0, "FIC_04": 0.0, "FIC_05": 0.0, "FIC_06": 0.0, "FIC_07": 0.0, "FIC_08": 0.0, "FIC_09": 0.0, "FIC_10": 1.0, "FIC_11": 0.0, "FIC_12": 0.0, "SEMRED": 0, "DESCR": " ", "COD_ID": "5022644d81b74de0c5276a284ea96e3660f958587653458b946599bb6b0c4eef", "__layer": "UCBT_tab" }, "geometry": null },
{ "type": "Feature", "properties": { "DIST": 390, "PAC": "33839800739614611L", "RAMAL": "9735620S1", "PN_CON": "817146", "UNI_TR_MT": "14433831", "CTMT": "TTI0103", "UNI_TR_AT": "DTTI-EQ-TR1", "SUB": "DTTI", "CONJ": 12986, "MUN": "3550308", "CEG_GD": " ", "BRR": "R CONS COTEGIPE 1086 BELENZINHO", "CEP": "03058-000", "CLAS_SUB": "RE1", "CNAE": " ", "TIP_CC": "RES-Tipo03", "FAS_CON": "ABN", "GRU_TEN": "BT", "TEN_FORN": "10", "GRU_TAR": "B1", "SIT_ATIV": "AT", "DAT_CON": "01/10/1955", "CAR_INST": 0.3, "LIV": 0, "ARE_LOC": "UB", "TIP_SIST": "RD_INTERLIG", "ENE_01": 87.55, "ENE_02": 185.0, "ENE_03": 183.0, "ENE_04": 190.0, "ENE_05": 172.0, "ENE_06": 128.0, "ENE_07": 146.0, "ENE_08": 105.0, "ENE_09": 142.0, "ENE_10": 126.0, "ENE_11": 83.0, "ENE_12": 19.41, "DIC_01": 0.0, "DIC_02": 0.0, "DIC_03": 0.0, "DIC_04": 0.0, "DIC_05": 0.0, "DIC_06": 0.0, "DIC_07": 0.0, "DIC_08": 0.0, "DIC_09": 0.0, "DIC_10": 2.07, "DIC_11": 0.0, "DIC_12": 0.0, "FIC_01": 0.0, "FIC_02": 0.0, "FIC_03": 0.0, "FIC_04": 0.0, "FIC_05": 0.0, "FIC_06": 0.0, "FIC_07": 0.0, "FIC_08": 0.0, "FIC_09": 0.0, "FIC_10": 1.0, "FIC_11": 0.0, "FIC_12": 0.0, "SEMRED": 0, "DESCR": " ", "COD_ID": "2c291b4d3314cab87f3036951f08350ffb08de481b310f7c73f445009aa19236", "__layer": "UCBT_tab" }, "geometry": null },
{ "type": "Feature", "properties": { "DIST": 390, "PAC": "33837494739616335L", "RAMAL": "9732650S1", "PN_CON": "816038", "UNI_TR_MT": "14433585", "CTMT": "TTI0111", "UNI_TR_AT": "DTTI-EQ-TR2", "SUB": "DTTI", "CONJ": 12986, "MUN": "3550308", "CEG_GD": " ", "BRR": "R CONS COTEGIPE 1067 BELENZINHO", "CEP": "03058-000", "CLAS_SUB": "IN", "CNAE": "1811-3/01", "TIP_CC": "IND-Tipo05", "FAS_CON": "ABCN", "GRU_TEN": "BT", "TEN_FORN": "10", "GRU_TAR": "B3", "SIT_ATIV": "AT", "DAT_CON": "01/05/1977", "CAR_INST": 2.6, "LIV": 0, "ARE_LOC": "UB", "TIP_SIST": "RD_INTERLIG", "ENE_01": 335.0, "ENE_02": 358.0, "ENE_03": 393.0, "ENE_04": 395.0, "ENE_05": 274.0, "ENE_06": 545.0, "ENE_07": 492.0, "ENE_08": 478.0, "ENE_09": 349.0, "ENE_10": 352.0, "ENE_11": 727.0, "ENE_12": 400.8, "DIC_01": 0.0, "DIC_02": 0.0, "DIC_03": 0.0, "DIC_04": 0.0, "DIC_05": 0.11, "DIC_06": 0.0, "DIC_07": 3.05, "DIC_08": 0.0, "DIC_09": 0.0, "DIC_10": 0.0, "DIC_11": 0.0, "DIC_12": 2.99, "FIC_01": 0.0, "FIC_02": 0.0, "FIC_03": 0.0, "FIC_04": 0.0, "FIC_05": 1.0, "FIC_06": 0.0, "FIC_07": 1.0, "FIC_08": 0.0, "FIC_09": 0.0, "FIC_10": 0.0, "FIC_11": 0.0, "FIC_12": 1.0, "SEMRED": 0, "DESCR": " ", "COD_ID": "1fd94cd0d9c563e27b4e42b5c43579d5145fe50ce406e52e65585c4b0aff2823", "__layer": "UCBT_tab" }, "geometry": null },
{ "type": "Feature", "properties": { "DIST": 390, "PAC": "33837567739616079L", "RAMAL": "9733287S1", "PN_CON": "816275", "UNI_TR_MT": "14433831", "CTMT": "TTI0103", "UNI_TR_AT": "DTTI-EQ-TR1", "SUB": "DTTI", "CONJ": 12986, "MUN": "3550308", "CEG_GD": " ", "BRR": "R CONS COTEGIPE 1071 BELENZINHO", "CEP": "03058-000", "CLAS_SUB": "RE1", "CNAE": " ", "TIP_CC": "RES-Tipo04", "FAS_CON": "ABN", "GRU_TEN": "BT", "TEN_FORN": "10", "GRU_TAR": "B1", "SIT_ATIV": "AT", "DAT_CON": "01/07/1954", "CAR_INST": 3.0, "LIV": 0, "ARE_LOC": "UB", "TIP_SIST": "RD_INTERLIG", "ENE_01": 149.1, "ENE_02": 267.0, "ENE_03": 296.0, "ENE_04": 278.0, "ENE_05": 286.0, "ENE_06": 264.0, "ENE_07": 285.0, "ENE_08": 273.0, "ENE_09": 271.0, "ENE_10": 273.0, "ENE_11": 342.0, "ENE_12": 234.96, "DIC_01": 0.0, "DIC_02": 0.0, "DIC_03": 0.0, "DIC_04": 0.0, "DIC_05": 0.0, "DIC_06": 0.0, "DIC_07": 0.0, "DIC_08": 0.0, "DIC_09": 0.0, "DIC_10": 2.07, "DIC_11": 0.0, "DIC_12": 0.0, "FIC_01": 0.0, "FIC_02": 0.0, "FIC_03": 0.0, "FIC_04": 0.0, "FIC_05": 0.0, "FIC_06": 0.0, "FIC_07": 0.0, "FIC_08": 0.0, "FIC_09": 0.0, "FIC_10": 1.0, "FIC_11": 0.0, "FIC_12": 0.0, "SEMRED": 0, "DESCR": " ", "COD_ID": "ed796634c954cc70a94114490e66c2239cc9b8e9dbc10b68d6c9cc6f13d86685", "__layer": "UCBT_tab" }, "geometry": null },
{ "type": "Feature", "properties": { "DIST": 390, "PAC": "33838386739616289L", "RAMAL": "9733288S1", "PN_CON": "816275", "UNI_TR_MT": "14433831", "CTMT": "TTI0103", "UNI_TR_AT": "DTTI-EQ-TR1", "SUB": "DTTI", "CONJ": 12986, "MUN": "3550308", "CEG_GD": " ", "BRR": "R CONS COTEGIPE 1079 BELENZINHO", "CEP": "03058-000", "CLAS_SUB": "RE1", "CNAE": " ", "TIP_CC": "RES-Tipo02", "FAS_CON": "ABN", "GRU_TEN": "BT", "TEN_FORN": "10", "GRU_TAR": "B1", "SIT_ATIV": "AT", "DAT_CON": "01/12/1985", "CAR_INST": 5.5, "LIV": 0, "ARE_LOC": "UB", "TIP_SIST": "RD_INTERLIG", "ENE_01": 74.55, "ENE_02": 148.0, "ENE_03": 160.0, "ENE_04": 149.0, "ENE_05": 143.0, "ENE_06": 142.0, "ENE_07": 153.0, "ENE_08": 140.0, "ENE_09": 153.0, "ENE_10": 178.0, "ENE_11": 171.0, "ENE_12": 142.72, "DIC_01": 0.0, "DIC_02": 0.0, "DIC_03": 0.0, "DIC_04": 0.0, "DIC_05": 0.0, "DIC_06": 0.0, "DIC_07": 0.0, "DIC_08": 0.0, "DIC_09": 0.0, "DIC_10": 2.07, "DIC_11": 0.0, "DIC_12": 0.0, "FIC_01": 0.0, "FIC_02": 0.0, "FIC_03": 0.0, "FIC_04": 0.0, "FIC_05": 0.0, "FIC_06": 0.0, "FIC_07": 0.0, "FIC_08": 0.0, "FIC_09": 0.0, "FIC_10": 1.0, "FIC_11": 0.0, "FIC_12": 0.0, "SEMRED": 0, "DESCR": " ", "COD_ID": "ae5e5ad5930da9cc58e2ed2d0f5ba267feb66afade663fabe39f6694291539dc", "__layer": "UCBT_tab" }, "geometry": null },
{ "type": "Feature", "properties": { "DIST": 390, "PAC": "33839294739616470L", "RAMAL": "9735613S1", "PN_CON": "817146", "UNI_TR_MT": "14433831", "CTMT": "TTI0103", "UNI_TR_AT": "DTTI-EQ-TR1", "SUB": "DTTI", "CONJ": 12986, "MUN": "3550308", "CEG_GD": " ", "BRR": "R CONS COTEGIPE 1089 BELENZINHO", "CEP": "03058-000", "CLAS_SUB": "RE1", "CNAE": " ", "TIP_CC": "RES-Tipo05", "FAS_CON": "ABN", "GRU_TEN": "BT", "TEN_FORN": "10", "GRU_TAR": "B1", "SIT_ATIV": "AT", "DAT_CON": "01/12/1970", "CAR_INST": 2.8, "LIV": 0, "ARE_LOC": "UB", "TIP_SIST": "RD_INTERLIG", "ENE_01": 227.65, "ENE_02": 427.0, "ENE_03": 485.0, "ENE_04": 516.0, "ENE_05": 462.0, "ENE_06": 444.0, "ENE_07": 423.0, "ENE_08": 301.0, "ENE_09": 397.0, "ENE_10": 410.0, "ENE_11": 421.0, "ENE_12": 375.74, "DIC_01": 0.0, "DIC_02": 0.0, "DIC_03": 0.0, "DIC_04": 0.0, "DIC_05": 0.0, "DIC_06": 0.0, "DIC_07": 1.68, "DIC_08": 0.0, "DIC_09": 0.0, "DIC_10": 2.07, "DIC_11": 0.0, "DIC_12": 0.0, "FIC_01": 0.0, "FIC_02": 0.0, "FIC_03": 0.0, "FIC_04": 0.0, "FIC_05": 0.0, "FIC_06": 0.0, "FIC_07": 1.0, "FIC_08": 0.0, "FIC_09": 0.0, "FIC_10": 1.0, "FIC_11": 0.0, "FIC_12": 0.0, "SEMRED": 0, "DESCR": " ", "COD_ID": "ceb9db3b14ca81934764e1c2cfea4701142978579a3f89fd8ab757be0410a9da", "__layer": "UCBT_tab" }, "geometry": null },
{ "type": "Feature", "properties": { "DIST": 390, "PAC": "33839761739616567L", "RAMAL": "9735617S1", "PN_CON": "817146", "UNI_TR_MT": "14433831", "CTMT": "TTI0103", "UNI_TR_AT": "DTTI-EQ-TR1", "SUB": "DTTI", "CONJ": 12986, "MUN": "3550308", "CEG_GD": " ", "BRR": "R CONS COTEGIPE 1095 BELENZINHO", "CEP": "03058-000", "CLAS_SUB": "RE1", "CNAE": " ", "TIP_CC": "RES-Tipo04", "FAS_CON": "ABN", "GRU_TEN": "BT", "TEN_FORN": "10", "GRU_TAR": "B1", "SIT_ATIV": "AT", "DAT_CON": "01/12/1959", "CAR_INST": 3.0, "LIV": 0, "ARE_LOC": "UB", "TIP_SIST": "RD_INTERLIG", "ENE_01": 170.11, "ENE_02": 88.0, "ENE_03": 317.0, "ENE_04": 320.0, "ENE_05": 219.0, "ENE_06": 312.0, "ENE_07": 191.0, "ENE_08": 254.0, "ENE_09": 260.0, "ENE_10": 276.0, "ENE_11": 296.0, "ENE_12": 238.84, "DIC_01": 0.0, "DIC_02": 0.0, "DIC_03": 0.0, "DIC_04": 0.0, "DIC_05": 0.0, "DIC_06": 0.0, "DIC_07": 0.0, "DIC_08": 0.0, "DIC_09": 0.0, "DIC_10": 2.07, "DIC_11": 0.0, "DIC_12": 0.0, "FIC_01": 0.0, "FIC_02": 0.0, "FIC_03": 0.0, "FIC_04": 0.0, "FIC_05": 0.0, "FIC_06": 0.0, "FIC_07": 0.0, "FIC_08": 0.0, "FIC_09": 0.0, "FIC_10": 1.0, "FIC_11": 0.0, "FIC_12": 0.0, "SEMRED": 0, "DESCR": " ", "COD_ID": "9edff1a07c390cb9712a6b276d66a2fa9a663ca9d0af380163aa244ef293a5f4", "__layer": "UCBT_tab" }, "geometry": null },
{ "type": "Feature", "properties": { "DIST": 390, "PAC": "33840659739616791L", "RAMAL": "9735621S1", "PN_CON": "817146", "UNI_TR_MT": "14433831", "CTMT": "TTI0103", "UNI_TR_AT": "DTTI-EQ-TR1", "SUB": "DTTI", "CONJ": 12986, "MUN": "3550308", "CEG_GD": " ", "BRR": "R CONS COTEGIPE 1109 BELENZINHO", "CEP": "03058-000", "CLAS_SUB": "RE1", "CNAE": " ", "TIP_CC": "RES-Tipo05", "FAS_CON": "ABN", "GRU_TEN": "BT", "TEN_FORN": "10", "GRU_TAR": "B1", "SIT_ATIV": "AT", "DAT_CON": "01/01/1958", "CAR_INST": 7.5, "LIV": 0, "ARE_LOC": "UB", "TIP_SIST": "RD_INTERLIG", "ENE_01": 578.88, "ENE_02": 1105.0, "ENE_03": 1117.0, "ENE_04": 1302.0, "ENE_05": 1286.0, "ENE_06": 1066.0, "ENE_07": 978.0, "ENE_08": 910.0, "ENE_09": 1121.0, "ENE_10": 1170.0, "ENE_11": 1133.0, "ENE_12": 1052.47, "DIC_01": 0.0, "DIC_02": 0.0, "DIC_03": 0.0, "DIC_04": 0.0, "DIC_05": 0.0, "DIC_06": 0.0, "DIC_07": 0.0, "DIC_08": 0.0, "DIC_09": 0.0, "DIC_10": 2.07, "DIC_11": 0.0, "DIC_12": 0.0, "FIC_01": 0.0, "FIC_02": 0.0, "FIC_03": 0.0, "FIC_04": 0.0, "FIC_05": 0.0, "FIC_06": 0.0, "FIC_07": 0.0, "FIC_08": 0.0, "FIC_09": 0.0, "FIC_10": 1.0, "FIC_11": 0.0, "FIC_12": 0.0, "SEMRED": 0, "DESCR": " ", "COD_ID": "1f7f5ae8e31e8f168eaf6490b3f4b4413b97f2c27504217bf80623d4cd2ad830", "__layer": "UCBT_tab" }, "geometry": null },
{ "type": "Feature", "properties": { "DIST": 390, "PAC": "33842549739617254L", "RAMAL": "9737151S1", "PN_CON": "817687", "UNI_TR_MT": "14433831", "CTMT": "TTI0103", "UNI_TR_AT": "DTTI-EQ-TR1", "SUB": "DTTI", "CONJ": 12986, "MUN": "3550308", "CEG_GD": " ", "BRR": "R CONS COTEGIPE 1133 BELENZINHO", "CEP": "03058-000", "CLAS_SUB": "RE1", "CNAE": " ", "TIP_CC": "RES-Tipo01", "FAS_CON": "ABN", "GRU_TEN": "BT", "TEN_FORN": "10", "GRU_TAR": "B1", "SIT_ATIV": "AT", "DAT_CON": "01/04/1970", "CAR_INST": 6.0, "LIV": 0, "ARE_LOC": "UB", "TIP_SIST": "RD_INTERLIG", "ENE_01": 19.01, "ENE_02": 35.0, "ENE_03": 34.0, "ENE_04": 28.0, "ENE_05": 20.0, "ENE_06": 19.0, "ENE_07": 34.0, "ENE_08": 35.0, "ENE_09": 30.0, "ENE_10": 33.0, "ENE_11": 13.0, "ENE_12": 32.04, "DIC_01": 0.0, "DIC_02": 0.0, "DIC_03": 0.0, "DIC_04": 0.0, "DIC_05": 0.0, "DIC_06": 0.0, "DIC_07": 0.0, "DIC_08": 0.0, "DIC_09": 0.0, "DIC_10": 2.07, "DIC_11": 0.0, "DIC_12": 0.0, "FIC_01": 0.0, "FIC_02": 0.0, "FIC_03": 0.0, "FIC_04": 0.0, "FIC_05": 0.0, "FIC_06": 0.0, "FIC_07": 0.0, "FIC_08": 0.0, "FIC_09": 0.0, "FIC_10": 1.0, "FIC_11": 0.0, "FIC_12": 0.0, "SEMRED": 0, "DESCR": " ", "COD_ID": "d3e622bf48278cf13fbaa0ead8e6e90ef35f469f31c7b7fd1c31b4ad932fcf77", "__layer": "UCBT_tab" }, "geometry": null },
{ "type": "Feature", "properties": { "DIST": 390, "PAC": "33824962739610724L", "RAMAL": "9723579S1", "PN_CON": "812662", "UNI_TR_MT": "14433230", "CTMT": "TTI0114", "UNI_TR_AT": "DTTI-EQ-TR1", "SUB": "DTTI", "CONJ": 12986, "MUN": "3550308", "CEG_GD": " ", "BRR": "R CONS COTEGIPE 893 BELENZINHO", "CEP": "03058-000", "CLAS_SUB": "RE1", "CNAE": " ", "TIP_CC": "RES-Tipo04", "FAS_CON": "ABN", "GRU_TEN": "BT", "TEN_FORN": "10", "GRU_TAR": "B1", "SIT_ATIV": "AT", "DAT_CON": "11/01/1991", "CAR_INST": 9.6, "LIV": 0, "ARE_LOC": "UB", "TIP_SIST": "RD_INTERLIG", "ENE_01": 477.32, "ENE_02": 866.0, "ENE_03": 882.0, "ENE_04": 878.0, "ENE_05": 910.0, "ENE_06": 546.0, "ENE_07": 674.0, "ENE_08": 523.0, "ENE_09": 582.0, "ENE_10": 946.0, "ENE_11": 833.0, "ENE_12": 1140.83, "DIC_01": 0.0, "DIC_02": 0.0, "DIC_03": 0.08, "DIC_04": 1.02, "DIC_05": 0.0, "DIC_06": 0.0, "DIC_07": 0.0, "DIC_08": 0.0, "DIC_09": 1.76, "DIC_10": 10.18, "DIC_11": 0.0, "DIC_12": 0.0, "FIC_01": 0.0, "FIC_02": 0.0, "FIC_03": 1.0, "FIC_04": 1.0, "FIC_05": 0.0, "FIC_06": 0.0, "FIC_07": 0.0, "FIC_08": 0.0, "FIC_09": 1.0, "FIC_10": 1.0, "FIC_11": 0.0, "FIC_12": 0.0, "SEMRED": 0, "DESCR": " ", "COD_ID": "115f0d06e4a835955592d3ca0de98a3a658f0fd8844eb797654fa062bab43f40", "__layer": "UCBT_tab" }, "geometry": null },
{ "type": "Feature", "properties": { "DIST": 390, "PAC": "33812017739608785L", "RAMAL": "9714379S1", "PN_CON": "809335", "UNI_TR_MT": "14432825", "CTMT": "TTI0114", "UNI_TR_AT": "DTTI-EQ-TR1", "SUB": "DTTI", "CONJ": 12986, "MUN": "3550308", "CEG_GD": " ", "BRR": "R CONS COTEGIPE 790 BELENZINHO", "CEP": "03058-000", "CLAS_SUB": "CO6", "CNAE": "8112-5/00", "TIP_CC": "COM-Tipo03", "FAS_CON": "ABCN", "GRU_TEN": "BT", "TEN_FORN": "10", "GRU_TAR": "B3", "SIT_ATIV": "AT", "DAT_CON": "29/10/1996", "CAR_INST": 49.9, "LIV": 0, "ARE_LOC": "UB", "TIP_SIST": "RD_INTERLIG", "ENE_01": 1024.0, "ENE_02": 988.0, "ENE_03": 1265.351, "ENE_04": 1246.4, "ENE_05": 1176.8, "ENE_06": 1248.8, "ENE_07": 1023.46, "ENE_08": 945.26, "ENE_09": 1639.2, "ENE_10": 1062.4, "ENE_11": 662.69, "ENE_12": 964.7, "DIC_01": 0.0, "DIC_02": 0.0, "DIC_03": 0.08, "DIC_04": 1.02, "DIC_05": 0.0, "DIC_06": 0.0, "DIC_07": 0.0, "DIC_08": 0.0, "DIC_09": 1.76, "DIC_10": 0.0, "DIC_11": 0.0, "DIC_12": 0.0, "FIC_01": 0.0, "FIC_02": 0.0, "FIC_03": 1.0, "FIC_04": 1.0, "FIC_05": 0.0, "FIC_06": 0.0, "FIC_07": 0.0, "FIC_08": 0.0, "FIC_09": 1.0, "FIC_10": 0.0, "FIC_11": 0.0, "FIC_12": 0.0, "SEMRED": 0, "DESCR": " ", "COD_ID": "32802132fadd95e1c4cbd3f0f5e45899ab6869c4bb0f150a715c6d0c022bc78b", "__layer": "UCBT_tab" }, "geometry": null },
{ "type": "Feature", "properties": { "DIST": 390, "PAC": "33812017739608785L", "RAMAL": "9714379S1", "PN_CON": "809335", "UNI_TR_MT": "14432825", "CTMT": "TTI0114", "UNI_TR_AT": "DTTI-EQ-TR1", "SUB": "DTTI", "CONJ": 12986, "MUN": "3550308", "CEG_GD": " ", "BRR": "R CONS COTEGIPE 790 BELENZINHO", "CEP": "03058-000", "CLAS_SUB": "RE1", "CNAE": " ", "TIP_CC": "RES-Tipo04", "FAS_CON": "ABN", "GRU_TEN": "BT", "TEN_FORN": "10", "GRU_TAR": "B1", "SIT_ATIV": "AT", "DAT_CON": "03/12/1996", "CAR_INST": 19.2, "LIV": 0, "ARE_LOC": "UB", "TIP_SIST": "RD_INTERLIG", "ENE_01": 126.58, "ENE_02": 246.0, "ENE_03": 247.0, "ENE_04": 258.0, "ENE_05": 242.0, "ENE_06": 238.0, "ENE_07": 243.0, "ENE_08": 274.0, "ENE_09": 227.0, "ENE_10": 219.0, "ENE_11": 237.0, "ENE_12": 219.42, "DIC_01": 0.0, "DIC_02": 0.0, "DIC_03": 0.08, "DIC_04": 1.02, "DIC_05": 0.0, "DIC_06": 0.0, "DIC_07": 0.0, "DIC_08": 0.0, "DIC_09": 1.76, "DIC_10": 0.0, "DIC_11": 0.0, "DIC_12": 0.0, "FIC_01": 0.0, "FIC_02": 0.0, "FIC_03": 1.0, "FIC_04": 1.0, "FIC_05": 0.0, "FIC_06": 0.0, "FIC_07": 0.0, "FIC_08": 0.0, "FIC_09": 1.0, "FIC_10": 0.0, "FIC_11": 0.0, "FIC_12": 0.0, "SEMRED": 0, "DESCR": " ", "COD_ID": "a6bfbc4a8c681d6684bad3267a5510d877b7b9b94f2c4b0616a28056cfffb19b", "__layer": "UCBT_tab" }, "geometry": null },
{ "type": "Feature", "properties": { "DIST": 390, "PAC": "33812017739608785L", "RAMAL": "9714379S1", "PN_CON": "809335", "UNI_TR_MT": "14432825", "CTMT": "TTI0114", "UNI_TR_AT": "DTTI-EQ-TR1", "SUB": "DTTI", "CONJ": 12986, "MUN": "3550308", "CEG_GD": " ", "BRR": "R CONS COTEGIPE 790 BELENZINHO", "CEP": "03058-000", "CLAS_SUB": "RE1", "CNAE": " ", "TIP_CC": "RES-Tipo03", "FAS_CON": "ABCN", "GRU_TEN": "BT", "TEN_FORN": "10", "GRU_TAR": "B1", "SIT_ATIV": "AT", "DAT_CON": "03/12/1996", "CAR_INST": 19.2, "LIV": 0, "ARE_LOC": "UB", "TIP_SIST": "RD_INTERLIG", "ENE_01": 70.04, "ENE_02": 120.0, "ENE_03": 130.0, "ENE_04": 130.0, "ENE_05": 140.0, "ENE_06": 120.0, "ENE_07": 130.0, "ENE_08": 80.0, "ENE_09": 140.0, "ENE_10": 120.0, "ENE_11": 110.0, "ENE_12": 97.09, "DIC_01": 0.0, "DIC_02": 0.0, "DIC_03": 0.08, "DIC_04": 1.02, "DIC_05": 0.0, "DIC_06": 0.0, "DIC_07": 0.0, "DIC_08": 0.0, "DIC_09": 1.76, "DIC_10": 0.0, "DIC_11": 0.0, "DIC_12": 0.0, "FIC_01": 0.0, "FIC_02": 0.0, "FIC_03": 1.0, "FIC_04": 1.0, "FIC_05": 0.0, "FIC_06": 0.0, "FIC_07": 0.0, "FIC_08": 0.0, "FIC_09": 1.0, "FIC_10": 0.0, "FIC_11": 0.0, "FIC_12": 0.0, "SEMRED": 0, "DESCR": " ", "COD_ID": "656140b855382bc3168bfe871664665458379797f657d0275dc7ad53fbbc9c74", "__layer": "UCBT_tab" }, "geometry": null },
{ "type": "Feature", "properties": { "DIST": 390, "PAC": "33812017739608785L", "RAMAL": "9714379S1", "PN_CON": "809335", "UNI_TR_MT": "14432825", "CTMT": "TTI0114", "UNI_TR_AT": "DTTI-EQ-TR1", "SUB": "DTTI", "CONJ": 12986, "MUN": "3550308", "CEG_GD": " ", "BRR": "R CONS COTEGIPE 790 BELENZINHO", "CEP": "03058-000", "CLAS_SUB": "RE1", "CNAE": " ", "TIP_CC": "RES-Tipo01", "FAS_CON": "ABN", "GRU_TEN": "BT", "TEN_FORN": "10", "GRU_TAR": "B1", "SIT_ATIV": "AT", "DAT_CON": "18/11/1996", "CAR_INST": 19.2, "LIV": 0, "ARE_LOC": "UB", "TIP_SIST": "RD_INTERLIG", "ENE_01": 16.51, "ENE_02": 33.0, "ENE_03": 50.0, "ENE_04": 32.0, "ENE_05": 50.0, "ENE_06": 42.0, "ENE_07": 33.0, "ENE_08": 36.0, "ENE_09": 50.0, "ENE_10": 41.0, "ENE_11": 37.0, "ENE_12": 24.27, "DIC_01": 0.0, "DIC_02": 0.0, "DIC_03": 0.08, "DIC_04": 1.02, "DIC_05": 0.0, "DIC_06": 0.0, "DIC_07": 0.0, "DIC_08": 0.0, "DIC_09": 1.76, "DIC_10": 0.0, "DIC_11": 0.0, "DIC_12": 0.0, "FIC_01": 0.0, "FIC_02": 0.0, "FIC_03": 1.0, "FIC_04": 1.0, "FIC_05": 0.0, "FIC_06": 0.0, "FIC_07": 0.0, "FIC_08": 0.0, "FIC_09": 1.0, "FIC_10": 0.0, "FIC_11": 0.0, "FIC_12": 0.0, "SEMRED": 0, "DESCR": " ", "COD_ID": "a7f125ecbc47ff04e69dd855b6ff79a3b8cae40dbf03fc6b4662db4cda7eb6e5", "__layer": "UCBT_tab" }, "geometry": null },
{ "type": "Feature", "properties": { "DIST": 390, "PAC": "33812017739608785L", "RAMAL": "9714379S1", "PN_CON": "809335", "UNI_TR_MT": "14432825", "CTMT": "TTI0114", "UNI_TR_AT": "DTTI-EQ-TR1", "SUB": "DTTI", "CONJ": 12986, "MUN": "3550308", "CEG_GD": " ", "BRR": "R CONS COTEGIPE 790 BELENZINHO", "CEP": "03058-000", "CLAS_SUB": "RE1", "CNAE": " ", "TIP_CC": "RES-Tipo03", "FAS_CON": "ABN", "GRU_TEN": "BT", "TEN_FORN": "10", "GRU_TAR": "B1", "SIT_ATIV": "AT", "DAT_CON": "18/11/1996", "CAR_INST": 19.2, "LIV": 0, "ARE_LOC": "UB", "TIP_SIST": "RD_INTERLIG", "ENE_01": 73.54, "ENE_02": 152.0, "ENE_03": 170.0, "ENE_04": 166.0, "ENE_05": 161.0, "ENE_06": 160.0, "ENE_07": 158.0, "ENE_08": 166.0, "ENE_09": 175.0, "ENE_10": 184.0, "ENE_11": 168.0, "ENE_12": 156.31, "DIC_01": 0.0, "DIC_02": 0.0, "DIC_03": 0.08, "DIC_04": 1.02, "DIC_05": 0.0, "DIC_06": 0.0, "DIC_07": 0.0, "DIC_08": 0.0, "DIC_09": 1.76, "DIC_10": 0.0, "DIC_11": 0.0, "DIC_12": 0.0, "FIC_01": 0.0, "FIC_02": 0.0, "FIC_03": 1.0, "FIC_04": 1.0, "FIC_05": 0.0, "FIC_06": 0.0, "FIC_07": 0.0, "FIC_08": 0.0, "FIC_09": 1.0, "FIC_10": 0.0, "FIC_11": 0.0, "FIC_12": 0.0, "SEMRED": 0, "DESCR": " ", "COD_ID": "3608308f1332141ec1497dbb28cd093e06c344f43e4f0b3359528bbff293381e", "__layer": "UCBT_tab" }, "geometry": null },
{ "type": "Feature", "properties": { "DIST": 390, "PAC": "33812017739608785L", "RAMAL": "9714379S1", "PN_CON": "809335", "UNI_TR_MT": "14432825", "CTMT": "TTI0114", "UNI_TR_AT": "DTTI-EQ-TR1", "SUB": "DTTI", "CONJ": 12986, "MUN": "3550308", "CEG_GD": " ", "BRR": "R CONS COTEGIPE 790 BELENZINHO", "CEP": "03058-000", "CLAS_SUB": "RE1", "CNAE": " ", "TIP_CC": "RES-Tipo04", "FAS_CON": "ABN", "GRU_TEN": "BT", "TEN_FORN": "10", "GRU_TAR": "B1", "SIT_ATIV": "AT", "DAT_CON": "18/11/1996", "CAR_INST": 19.2, "LIV": 0, "ARE_LOC": "UB", "TIP_SIST": "RD_INTERLIG", "ENE_01": 146.09, "ENE_02": 253.0, "ENE_03": 226.0, "ENE_04": 272.0, "ENE_05": 277.0, "ENE_06": 259.0, "ENE_07": 230.0, "ENE_08": 187.0, "ENE_09": 204.0, "ENE_10": 208.0, "ENE_11": 202.0, "ENE_12": 205.83, "DIC_01": 0.0, "DIC_02": 0.0, "DIC_03": 0.08, "DIC_04": 1.02, "DIC_05": 0.0, "DIC_06": 0.0, "DIC_07": 0.0, "DIC_08": 0.0, "DIC_09": 1.76, "DIC_10": 0.0, "DIC_11": 0.0, "DIC_12": 0.0, "FIC_01": 0.0, "FIC_02": 0.0, "FIC_03": 1.0, "FIC_04": 1.0, "FIC_05": 0.0, "FIC_06": 0.0, "FIC_07": 0.0, "FIC_08": 0.0, "FIC_09": 1.0, "FIC_10": 0.0, "FIC_11": 0.0, "FIC_12": 0.0, "SEMRED": 0, "DESCR": " ", "COD_ID": "a0d2a7a3e0354f502a3032cca54c6b38dae9ba5ba0c88a45b841de302ad0ac3d", "__layer": "UCBT_tab" }, "geometry": null },
{ "type": "Feature", "properties": { "DIST": 390, "PAC": "33812017739608785L", "RAMAL": "9714379S1", "PN_CON": "809335", "UNI_TR_MT": "14432825", "CTMT": "TTI0114", "UNI_TR_AT": "DTTI-EQ-TR1", "SUB": "DTTI", "CONJ": 12986, "MUN": "3550308", "CEG_GD": " ", "BRR": "R CONS COTEGIPE 790 BELENZINHO", "CEP": "03058-000", "CLAS_SUB": "RE1", "CNAE": " ", "TIP_CC": "RES-Tipo01", "FAS_CON": "ABN", "GRU_TEN": "BT", "TEN_FORN": "10", "GRU_TAR": "B1", "SIT_ATIV": "AT", "DAT_CON": "18/11/1996", "CAR_INST": 19.2, "LIV": 0, "ARE_LOC": "UB", "TIP_SIST": "RD_INTERLIG", "ENE_01": 26.51, "ENE_02": 49.0, "ENE_03": 56.0, "ENE_04": 51.0, "ENE_05": 48.0, "ENE_06": 53.0, "ENE_07": 36.0, "ENE_08": 50.0, "ENE_09": 50.0, "ENE_10": 46.0, "ENE_11": 50.0, "ENE_12": 40.77, "DIC_01": 0.0, "DIC_02": 0.0, "DIC_03": 0.08, "DIC_04": 1.02, "DIC_05": 0.0, "DIC_06": 0.0, "DIC_07": 0.0, "DIC_08": 0.0, "DIC_09": 1.76, "DIC_10": 0.0, "DIC_11": 0.0, "DIC_12": 0.0, "FIC_01": 0.0, "FIC_02": 0.0, "FIC_03": 1.0, "FIC_04": 1.0, "FIC_05": 0.0, "FIC_06": 0.0, "FIC_07": 0.0, "FIC_08": 0.0, "FIC_09": 1.0, "FIC_10": 0.0, "FIC_11": 0.0, "FIC_12": 0.0, "SEMRED": 0, "DESCR": " ", "COD_ID": "407d66bcf8521135b3f3cc0a5e89ebee5cfcd9b8dd05e58a55cda1328b9076aa", "__layer": "UCBT_tab" }, "geometry": null },
{ "type": "Feature", "properties": { "DIST": 390, "PAC": "33812017739608785L", "RAMAL": "9714379S1", "PN_CON": "809335", "UNI_TR_MT": "14432825", "CTMT": "TTI0114", "UNI_TR_AT": "DTTI-EQ-TR1", "SUB": "DTTI", "CONJ": 12986, "MUN": "3550308", "CEG_GD": " ", "BRR": "R CONS COTEGIPE 790 BELENZINHO", "CEP": "03058-000", "CLAS_SUB": "RE1", "CNAE": " ", "TIP_CC": "RES-Tipo02", "FAS_CON": "ABN", "GRU_TEN": "BT", "TEN_FORN": "10", "GRU_TAR": "B1", "SIT_ATIV": "AT", "DAT_CON": "09/12/1996", "CAR_INST": 19.2, "LIV": 0, "ARE_LOC": "UB", "TIP_SIST": "RD_INTERLIG", "ENE_01": 85.55, "ENE_02": 181.0, "ENE_03": 194.0, "ENE_04": 217.0, "ENE_05": 247.0, "ENE_06": 251.0, "ENE_07": 224.0, "ENE_08": 205.0, "ENE_09": 194.0, "ENE_10": 207.0, "ENE_11": 203.0, "ENE_12": 213.6, "DIC_01": 0.0, "DIC_02": 0.0, "DIC_03": 0.08, "DIC_04": 1.02, "DIC_05": 0.0, "DIC_06": 0.0, "DIC_07": 0.0, "DIC_08": 0.0, "DIC_09": 1.76, "DIC_10": 0.0, "DIC_11": 0.0, "DIC_12": 0.0, "FIC_01": 0.0, "FIC_02": 0.0, "FIC_03": 1.0, "FIC_04": 1.0, "FIC_05": 0.0, "FIC_06": 0.0, "FIC_07": 0.0, "FIC_08": 0.0, "FIC_09": 1.0, "FIC_10": 0.0, "FIC_11": 0.0, "FIC_12": 0.0, "SEMRED": 0, "DESCR": " ", "COD_ID": "1910954a85c8d7bde5e7d6cab29704e4eefae641e4d4259a533bf691b6c0152d", "__layer": "UCBT_tab" }, "geometry": null },
{ "type": "Feature", "properties": { "DIST": 390, "PAC": "33812017739608785L", "RAMAL": "9714379S1", "PN_CON": "809335", "UNI_TR_MT": "14432825", "CTMT": "TTI0114", "UNI_TR_AT": "DTTI-EQ-TR1", "SUB": "DTTI", "CONJ": 12986, "MUN": "3550308", "CEG_GD": " ", "BRR": "R CONS COTEGIPE 790 BELENZINHO", "CEP": "03058-000", "CLAS_SUB": "RE1", "CNAE": " ", "TIP_CC": "RES-Tipo02", "FAS_CON": "ABCN", "GRU_TEN": "BT", "TEN_FORN": "10", "GRU_TAR": "B1", "SIT_ATIV": "AT", "DAT_CON": "09/12/1996", "CAR_INST": 19.2, "LIV": 0, "ARE_LOC": "UB", "TIP_SIST": "RD_INTERLIG", "ENE_01": 101.56, "ENE_02": 136.0, "ENE_03": 141.0, "ENE_04": 173.0, "ENE_05": 135.0, "ENE_06": 148.0, "ENE_07": 140.0, "ENE_08": 131.0, "ENE_09": 150.0, "ENE_10": 130.0, "ENE_11": 190.0, "ENE_12": 200.0, "DIC_01": 0.0, "DIC_02": 0.0, "DIC_03": 0.08, "DIC_04": 1.02, "DIC_05": 0.0, "DIC_06": 0.0, "DIC_07": 0.0, "DIC_08": 0.0, "DIC_09": 1.76, "DIC_10": 0.0, "DIC_11": 0.0, "DIC_12": 0.0, "FIC_01": 0.0, "FIC_02": 0.0, "FIC_03": 1.0, "FIC_04": 1.0, "FIC_05": 0.0, "FIC_06": 0.0, "FIC_07": 0.0, "FIC_08": 0.0, "FIC_09": 1.0, "FIC_10": 0.0, "FIC_11": 0.0, "FIC_12": 0.0, "SEMRED": 0, "DESCR": " ", "COD_ID": "48419705399354a1ba238d9abb3e7670bea18db3144e7b96eee4e3c974979438", "__layer": "UCBT_tab" }, "geometry": null },
{ "type": "Feature", "properties": { "DIST": 390, "PAC": "33812017739608785L", "RAMAL": "9714379S1", "PN_CON": "809335", "UNI_TR_MT": "14432825", "CTMT": "TTI0114", "UNI_TR_AT": "DTTI-EQ-TR1", "SUB": "DTTI", "CONJ": 12986, "MUN": "3550308", "CEG_GD": " ", "BRR": "R CONS COTEGIPE 790 BELENZINHO", "CEP": "03058-000", "CLAS_SUB": "RE1", "CNAE": " ", "TIP_CC": "RES-Tipo05", "FAS_CON": "ABCN", "GRU_TEN": "BT", "TEN_FORN": "10", "GRU_TAR": "B1", "SIT_ATIV": "AT", "DAT_CON": "09/12/1996", "CAR_INST": 19.2, "LIV": 0, "ARE_LOC": "UB", "TIP_SIST": "RD_INTERLIG", "ENE_01": 334.22, "ENE_02": 612.0, "ENE_03": 866.0, "ENE_04": 381.0, "ENE_05": 194.0, "ENE_06": 622.0, "ENE_07": 532.0, "ENE_08": 516.0, "ENE_09": 540.0, "ENE_10": 562.0, "ENE_11": 492.0, "ENE_12": 522.35, "DIC_01": 0.0, "DIC_02": 0.0, "DIC_03": 0.08, "DIC_04": 1.02, "DIC_05": 0.0, "DIC_06": 0.0, "DIC_07": 0.0, "DIC_08": 0.0, "DIC_09": 1.76, "DIC_10": 0.0, "DIC_11": 0.0, "DIC_12": 0.0, "FIC_01": 0.0, "FIC_02": 0.0, "FIC_03": 1.0, "FIC_04": 1.0, "FIC_05": 0.0, "FIC_06": 0.0, "FIC_07": 0.0, "FIC_08": 0.0, "FIC_09": 1.0, "FIC_10": 0.0, "FIC_11": 0.0, "FIC_12": 0.0, "SEMRED": 0, "DESCR": " ", "COD_ID": "9f9d9ce73d674b24b306c3eec2602482c152c9a4758e3362f028c0d25b655dc9", "__layer": "UCBT_tab" }, "geometry": null },
{ "type": "Feature", "properties": { "DIST": 390, "PAC": "33812017739608785L", "RAMAL": "9714379S1", "PN_CON": "809335", "UNI_TR_MT": "14432825", "CTMT": "TTI0114", "UNI_TR_AT": "DTTI-EQ-TR1", "SUB": "DTTI", "CONJ": 12986, "MUN": "3550308", "CEG_GD": " ", "BRR": "R CONS COTEGIPE 790 BELENZINHO", "CEP": "03058-000", "CLAS_SUB": "RE1", "CNAE": " ", "TIP_CC": "RES-Tipo02", "FAS_CON": "CAN", "GRU_TEN": "BT", "TEN_FORN": "10", "GRU_TAR": "B1", "SIT_ATIV": "AT", "DAT_CON": "17/02/1997", "CAR_INST": 19.2, "LIV": 0, "ARE_LOC": "UB", "TIP_SIST": "RD_INTERLIG", "ENE_01": 81.05, "ENE_02": 155.0, "ENE_03": 162.0, "ENE_04": 159.0, "ENE_05": 137.0, "ENE_06": 144.0, "ENE_07": 152.0, "ENE_08": 144.0, "ENE_09": 132.0, "ENE_10": 162.0, "ENE_11": 155.0, "ENE_12": 149.52, "DIC_01": 0.0, "DIC_02": 0.0, "DIC_03": 0.08, "DIC_04": 1.02, "DIC_05": 0.0, "DIC_06": 0.0, "DIC_07": 0.0, "DIC_08": 0.0, "DIC_09": 1.76, "DIC_10": 0.0, "DIC_11": 0.0, "DIC_12": 0.0, "FIC_01": 0.0, "FIC_02": 0.0, "FIC_03": 1.0, "FIC_04": 1.0, "FIC_05": 0.0, "FIC_06": 0.0, "FIC_07": 0.0, "FIC_08": 0.0, "FIC_09": 1.0, "FIC_10": 0.0, "FIC_11": 0.0, "FIC_12": 0.0, "SEMRED": 0, "DESCR": " ", "COD_ID": "f53c8efaf5e68f7970b60e3f375c481fe55da15a4e7a58727ed9261199d17ae5", "__layer": "UCBT_tab" }, "geometry": null },
{ "type": "Feature", "properties": { "DIST": 390, "PAC": "33812017739608785L", "RAMAL": "9714379S1", "PN_CON": "809335", "UNI_TR_MT": "14432825", "CTMT": "TTI0114", "UNI_TR_AT": "DTTI-EQ-TR1", "SUB": "DTTI", "CONJ": 12986, "MUN": "3550308", "CEG_GD": " ", "BRR": "R CONS COTEGIPE 790 BELENZINHO", "CEP": "03058-000", "CLAS_SUB": "RE1", "CNAE": " ", "TIP_CC": "RES-Tipo03", "FAS_CON": "ABN", "GRU_TEN": "BT", "TEN_FORN": "10", "GRU_TAR": "B1", "SIT_ATIV": "AT", "DAT_CON": "03/07/1997", "CAR_INST": 11.2, "LIV": 0, "ARE_LOC": "UB", "TIP_SIST": "RD_INTERLIG", "ENE_01": 78.55, "ENE_02": 198.0, "ENE_03": 205.0, "ENE_04": 204.0, "ENE_05": 198.0, "ENE_06": 158.0, "ENE_07": 190.0, "ENE_08": 179.0, "ENE_09": 191.0, "ENE_10": 198.0, "ENE_11": 173.0, "ENE_12": 173.79, "DIC_01": 0.0, "DIC_02": 0.0, "DIC_03": 0.08, "DIC_04": 1.02, "DIC_05": 0.0, "DIC_06": 0.0, "DIC_07": 0.0, "DIC_08": 0.0, "DIC_09": 1.76, "DIC_10": 0.0, "DIC_11": 0.0, "DIC_12": 0.0, "FIC_01": 0.0, "FIC_02": 0.0, "FIC_03": 1.0, "FIC_04": 1.0, "FIC_05": 0.0, "FIC_06": 0.0, "FIC_07": 0.0, "FIC_08": 0.0, "FIC_09": 1.0, "FIC_10": 0.0, "FIC_11": 0.0, "FIC_12": 0.0, "SEMRED": 0, "DESCR": " ", "COD_ID": "d5db249fd0bacc651215073b94fb835c7202d2be6346722ab6a9401e1b84eea5", "__layer": "UCBT_tab" }, "geometry": null },
{ "type": "Feature", "properties": { "DIST": 390, "PAC": "33812017739608785L", "RAMAL": "9714379S1", "PN_CON": "809335", "UNI_TR_MT": "14432825", "CTMT": "TTI0114", "UNI_TR_AT": "DTTI-EQ-TR1", "SUB": "DTTI", "CONJ": 12986, "MUN": "3550308", "CEG_GD": " ", "BRR": "R CONS COTEGIPE 790 BELENZINHO", "CEP": "03058-000", "CLAS_SUB": "RE1", "CNAE": " ", "TIP_CC": "RES-Tipo02", "FAS_CON": "ABN", "GRU_TEN": "BT", "TEN_FORN": "10", "GRU_TAR": "B1", "SIT_ATIV": "AT", "DAT_CON": "24/06/1998", "CAR_INST": 19.2, "LIV": 0, "ARE_LOC": "UB", "TIP_SIST": "RD_INTERLIG", "ENE_01": 92.06, "ENE_02": 69.0, "ENE_03": 279.0, "ENE_04": 169.0, "ENE_05": 177.0, "ENE_06": 180.0, "ENE_07": 162.0, "ENE_08": 173.0, "ENE_09": 186.0, "ENE_10": 185.0, "ENE_11": 180.0, "ENE_12": 105.83, "DIC_01": 0.0, "DIC_02": 0.0, "DIC_03": 0.08, "DIC_04": 1.02, "DIC_05": 0.0, "DIC_06": 0.0, "DIC_07": 0.0, "DIC_08": 0.0, "DIC_09": 1.76, "DIC_10": 0.0, "DIC_11": 0.0, "DIC_12": 0.0, "FIC_01": 0.0, "FIC_02": 0.0, "FIC_03": 1.0, "FIC_04": 1.0, "FIC_05": 0.0, "FIC_06": 0.0, "FIC_07": 0.0, "FIC_08": 0.0, "FIC_09": 1.0, "FIC_10": 0.0, "FIC_11": 0.0, "FIC_12": 0.0, "SEMRED": 0, "DESCR": " ", "COD_ID": "2820fb011bbcfcff44d84d6c4f5a4138c862321deb9a0f70570439defa950519", "__layer": "UCBT_tab" }, "geometry": null },
{ "type": "Feature", "properties": { "DIST": 390, "PAC": "33815382739609111L", "RAMAL": "421459656S1", "PN_CON": "810405", "UNI_TR_MT": "14432746", "CTMT": "TTI0114", "UNI_TR_AT": "DTTI-EQ-TR1", "SUB": "DTTI", "CONJ": 12986, "MUN": "3550308", "CEG_GD": " ", "BRR": "R CONS COTEGIPE 811 BELENZINHO", "CEP": "03058-000", "CLAS_SUB": "RE1", "CNAE": " ", "TIP_CC": "RES-Tipo02", "FAS_CON": "ABN", "GRU_TEN": "BT", "TEN_FORN": "10", "GRU_TAR": "B1", "SIT_ATIV": "AT", "DAT_CON": "25/09/1999", "CAR_INST": 5.8, "LIV": 0, "ARE_LOC": "UB", "TIP_SIST": "RD_INTERLIG", "ENE_01": 63.04, "ENE_02": 153.0, "ENE_03": 160.0, "ENE_04": 137.0, "ENE_05": 125.0, "ENE_06": 105.0, "ENE_07": 112.0, "ENE_08": 110.0, "ENE_09": 122.0, "ENE_10": 117.0, "ENE_11": 109.0, "ENE_12": 107.77, "DIC_01": 0.0, "DIC_02": 0.0, "DIC_03": 0.08, "DIC_04": 1.02, "DIC_05": 0.0, "DIC_06": 0.0, "DIC_07": 0.0, "DIC_08": 0.0, "DIC_09": 1.76, "DIC_10": 0.0, "DIC_11": 0.0, "DIC_12": 0.0, "FIC_01": 0.0, "FIC_02": 0.0, "FIC_03": 1.0, "FIC_04": 1.0, "FIC_05": 0.0, "FIC_06": 0.0, "FIC_07": 0.0, "FIC_08": 0.0, "FIC_09": 1.0, "FIC_10": 0.0, "FIC_11": 0.0, "FIC_12": 0.0, "SEMRED": 0, "DESCR": " ", "COD_ID": "1188d32cbb28b98b46b02eea3f10127a2e1b5f9edba48968d4f30f8f4a93ba62", "__layer": "UCBT_tab" }, "geometry": null },
{ "type": "Feature", "properties": { "DIST": 390, "PAC": "33736917739596270L", "RAMAL": "421459800S1", "PN_CON": "788175", "UNI_TR_MT": "14426186", "CTMT": "TTI0115", "UNI_TR_AT": "DTTI-EQ-TR2", "SUB": "DTTI", "CONJ": 12986, "MUN": "3550308", "CEG_GD": " ", "BRR": "R CONS COTEGIPE 31 BELENZINHO", "CEP": "03058-000", "CLAS_SUB": "RE1", "CNAE": " ", "TIP_CC": "RES-Tipo05", "FAS_CON": "ABN", "GRU_TEN": "BT", "TEN_FORN": "10", "GRU_TAR": "B1", "SIT_ATIV": "AT", "DAT_CON": "18/07/2001", "CAR_INST": 8.4, "LIV": 0, "ARE_LOC": "UB", "TIP_SIST": "RD_INTERLIG", "ENE_01": 330.22, "ENE_02": 406.0, "ENE_03": 553.0, "ENE_04": 535.0, "ENE_05": 539.0, "ENE_06": 488.0, "ENE_07": 459.0, "ENE_08": 505.0, "ENE_09": 489.0, "ENE_10": 547.0, "ENE_11": 407.0, "ENE_12": 426.23, "DIC_01": 7.58, "DIC_02": 0.16, "DIC_03": 0.0, "DIC_04": 0.0, "DIC_05": 0.0, "DIC_06": 0.0, "DIC_07": 0.0, "DIC_08": 0.0, "DIC_09": 0.0, "DIC_10": 0.0, "DIC_11": 0.0, "DIC_12": 0.23, "FIC_01": 2.0, "FIC_02": 2.0, "FIC_03": 0.0, "FIC_04": 0.0, "FIC_05": 0.0, "FIC_06": 0.0, "FIC_07": 0.0, "FIC_08": 0.0, "FIC_09": 0.0, "FIC_10": 0.0, "FIC_11": 0.0, "FIC_12": 1.0, "SEMRED": 0, "DESCR": " ", "COD_ID": "10b63f6e76a8817f21da6f9ba94116b6f7d64db0877adff4d1adee549ee818e1", "__layer": "UCBT_tab" }, "geometry": null },
{ "type": "Feature", "properties": { "DIST": 390, "PAC": "33840144739614717L", "RAMAL": "9735618S1", "PN_CON": "817146", "UNI_TR_MT": "14433831", "CTMT": "TTI0103", "UNI_TR_AT": "DTTI-EQ-TR1", "SUB": "DTTI", "CONJ": 12986, "MUN": "3550308", "CEG_GD": " ", "BRR": "R CONS COTEGIPE 1090 BELENZINHO", "CEP": "03058-000", "CLAS_SUB": "RE1", "CNAE": " ", "TIP_CC": "RES-Tipo03", "FAS_CON": "ABN", "GRU_TEN": "BT", "TEN_FORN": "10", "GRU_TAR": "B1", "SIT_ATIV": "AT", "DAT_CON": "01/08/2001", "CAR_INST": 9.3, "LIV": 0, "ARE_LOC": "UB", "TIP_SIST": "RD_INTERLIG", "ENE_01": 67.04, "ENE_02": 122.0, "ENE_03": 133.0, "ENE_04": 139.0, "ENE_05": 130.0, "ENE_06": 136.0, "ENE_07": 121.0, "ENE_08": 128.0, "ENE_09": 126.0, "ENE_10": 123.0, "ENE_11": 124.0, "ENE_12": 120.39, "DIC_01": 0.0, "DIC_02": 0.0, "DIC_03": 0.0, "DIC_04": 0.0, "DIC_05": 0.0, "DIC_06": 0.0, "DIC_07": 0.0, "DIC_08": 0.0, "DIC_09": 0.0, "DIC_10": 2.07, "DIC_11": 0.0, "DIC_12": 0.0, "FIC_01": 0.0, "FIC_02": 0.0, "FIC_03": 0.0, "FIC_04": 0.0, "FIC_05": 0.0, "FIC_06": 0.0, "FIC_07": 0.0, "FIC_08": 0.0, "FIC_09": 0.0, "FIC_10": 1.0, "FIC_11": 0.0, "FIC_12": 0.0, "SEMRED": 0, "DESCR": " ", "COD_ID": "e37002c7b9e70eb286030fb506ecb4be5338de3fcd5d72147737d47414516f76", "__layer": "UCBT_tab" }, "geometry": null },
{ "type": "Feature", "properties": { "DIST": 390, "PAC": "33747427739596994L", "RAMAL": "9656424S1", "PN_CON": "791067", "UNI_TR_MT": "14426186", "CTMT": "TTI0115", "UNI_TR_AT": "DTTI-EQ-TR2", "SUB": "DTTI", "CONJ": 12986, "MUN": "3550308", "CEG_GD": " ", "BRR": "R CONS COTEGIPE 190 BELENZINHO", "CEP": "03058-000", "CLAS_SUB": "RE1", "CNAE": " ", "TIP_CC": "RES-Tipo03", "FAS_CON": "ABCN", "GRU_TEN": "BT", "TEN_FORN": "10", "GRU_TAR": "B1", "SIT_ATIV": "AT", "DAT_CON": "13/12/2002", "CAR_INST": 9.9, "LIV": 0, "ARE_LOC": "UB", "TIP_SIST": "RD_INTERLIG", "ENE_01": 59.03, "ENE_02": 113.0, "ENE_03": 160.0, "ENE_04": 95.0, "ENE_05": 131.0, "ENE_06": 128.0, "ENE_07": 114.0, "ENE_08": 118.0, "ENE_09": 102.0, "ENE_10": 125.0, "ENE_11": 103.0, "ENE_12": 88.35, "DIC_01": 7.58, "DIC_02": 0.16, "DIC_03": 0.0, "DIC_04": 0.0, "DIC_05": 0.0, "DIC_06": 0.0, "DIC_07": 0.0, "DIC_08": 0.0, "DIC_09": 0.0, "DIC_10": 0.0, "DIC_11": 0.0, "DIC_12": 0.23, "FIC_01": 2.0, "FIC_02": 2.0, "FIC_03": 0.0, "FIC_04": 0.0, "FIC_05": 0.0, "FIC_06": 0.0, "FIC_07": 0.0, "FIC_08": 0.0, "FIC_09": 0.0, "FIC_10": 0.0, "FIC_11": 0.0, "FIC_12": 1.0, "SEMRED": 0, "DESCR": " ", "COD_ID": "aa7975b9f555776270a34d8d53d94c492545b92135c5392b16798723e9d33ca6", "__layer": "UCBT_tab" }, "geometry": null },
{ "type": "Feature", "properties": { "DIST": 390, "PAC": "33812017739608785L", "RAMAL": "9714379S1", "PN_CON": "809335", "UNI_TR_MT": "14432825", "CTMT": "TTI0114", "UNI_TR_AT": "DTTI-EQ-TR1", "SUB": "DTTI", "CONJ": 12986, "MUN": "3550308", "CEG_GD": " ", "BRR": "R CONS COTEGIPE 790 BELENZINHO", "CEP": "03058-000", "CLAS_SUB": "RE1", "CNAE": " ", "TIP_CC": "RES-Tipo02", "FAS_CON": "ABN", "GRU_TEN": "BT", "TEN_FORN": "10", "GRU_TAR": "B1", "SIT_ATIV": "AT", "DAT_CON": "13/03/2003", "CAR_INST": 12.0, "LIV": 0, "ARE_LOC": "UB", "TIP_SIST": "RD_INTERLIG", "ENE_01": 84.05, "ENE_02": 177.0, "ENE_03": 179.0, "ENE_04": 191.0, "ENE_05": 171.0, "ENE_06": 150.0, "ENE_07": 135.0, "ENE_08": 138.0, "ENE_09": 141.0, "ENE_10": 151.0, "ENE_11": 130.0, "ENE_12": 149.52, "DIC_01": 0.0, "DIC_02": 0.0, "DIC_03": 0.08, "DIC_04": 1.02, "DIC_05": 0.0, "DIC_06": 0.0, "DIC_07": 0.0, "DIC_08": 0.0, "DIC_09": 1.76, "DIC_10": 0.0, "DIC_11": 0.0, "DIC_12": 0.0, "FIC_01": 0.0, "FIC_02": 0.0, "FIC_03": 1.0, "FIC_04": 1.0, "FIC_05": 0.0, "FIC_06": 0.0, "FIC_07": 0.0, "FIC_08": 0.0, "FIC_09": 1.0, "FIC_10": 0.0, "FIC_11": 0.0, "FIC_12": 0.0, "SEMRED": 0, "DESCR": " ", "COD_ID": "cb9a83d784abc99a033760128402cd584cdc146434a393cc7457f2f5addf67fd", "__layer": "UCBT_tab" }, "geometry": null },
{ "type": "Feature", "properties": { "DIST": 390, "PAC": "33788047739603509L", "RAMAL": "421441097S1", "PN_CON": "357579689", "UNI_TR_MT": "14427639", "CTMT": "TTI0114", "UNI_TR_AT": "DTTI-EQ-TR1", "SUB": "DTTI", "CONJ": 12986, "MUN": "3550308", "CEG_GD": " ", "BRR": "R CONS COTEGIPE 563 BELENZINHO", "CEP": "03058-000", "CLAS_SUB": "CO1", "CNAE": "4789-0/99", "TIP_CC": "COM-Tipo02", "FAS_CON": "ABN", "GRU_TEN": "BT", "TEN_FORN": "10", "GRU_TAR": "B3", "SIT_ATIV": "AT", "DAT_CON": "14/04/2004", "CAR_INST": 4.7, "LIV": 0, "ARE_LOC": "UB", "TIP_SIST": "RD_INTERLIG", "ENE_01": 405.0, "ENE_02": 497.0, "ENE_03": 565.277, "ENE_04": 497.0, "ENE_05": 413.0, "ENE_06": 266.0, "ENE_07": 294.84, "ENE_08": 35.99, "ENE_09": 212.0, "ENE_10": 467.0, "ENE_11": 193.52, "ENE_12": 371.03, "DIC_01": 0.0, "DIC_02": 0.0, "DIC_03": 0.08, "DIC_04": 1.02, "DIC_05": 0.0, "DIC_06": 0.0, "DIC_07": 0.0, "DIC_08": 0.0, "DIC_09": 4.99, "DIC_10": 0.0, "DIC_11": 0.0, "DIC_12": 0.0, "FIC_01": 0.0, "FIC_02": 0.0, "FIC_03": 1.0, "FIC_04": 1.0, "FIC_05": 0.0, "FIC_06": 0.0, "FIC_07": 0.0, "FIC_08": 0.0, "FIC_09": 2.0, "FIC_10": 0.0, "FIC_11": 0.0, "FIC_12": 0.0, "SEMRED": 0, "DESCR": " ", "COD_ID": "fa58ae7206f8497c918c233b388e892921c88063c81f6b35cbf6b63b63e52697", "__layer": "UCBT_tab" }, "geometry": null },
{ "type": "Feature", "properties": { "DIST": 390, "PAC": "33812017739608785L", "RAMAL": "9714379S1", "PN_CON": "809335", "UNI_TR_MT": "14432825", "CTMT": "TTI0114", "UNI_TR_AT": "DTTI-EQ-TR1", "SUB": "DTTI", "CONJ": 12986, "MUN": "3550308", "CEG_GD": " ", "BRR": "R CONS COTEGIPE 790 BELENZINHO", "CEP": "03058-000", "CLAS_SUB": "RE1", "CNAE": " ", "TIP_CC": "RES-Tipo02", "FAS_CON": "ABN", "GRU_TEN": "BT", "TEN_FORN": "10", "GRU_TAR": "B1", "SIT_ATIV": "AT", "DAT_CON": "09/08/2004", "CAR_INST": 12.0, "LIV": 0, "ARE_LOC": "UB", "TIP_SIST": "RD_INTERLIG", "ENE_01": 81.05, "ENE_02": 116.0, "ENE_03": 102.0, "ENE_04": 110.0, "ENE_05": 107.0, "ENE_06": 104.0, "ENE_07": 97.0, "ENE_08": 93.0, "ENE_09": 99.0, "ENE_10": 106.0, "ENE_11": 90.0, "ENE_12": 86.41, "DIC_01": 0.0, "DIC_02": 0.0, "DIC_03": 0.08, "DIC_04": 1.02, "DIC_05": 0.0, "DIC_06": 0.0, "DIC_07": 0.0, "DIC_08": 0.0, "DIC_09": 1.76, "DIC_10": 0.0, "DIC_11": 0.0, "DIC_12": 0.0, "FIC_01": 0.0, "FIC_02": 0.0, "FIC_03": 1.0, "FIC_04": 1.0, "FIC_05": 0.0, "FIC_06": 0.0, "FIC_07": 0.0, "FIC_08": 0.0, "FIC_09": 1.0, "FIC_10": 0.0, "FIC_11": 0.0, "FIC_12": 0.0, "SEMRED": 0, "DESCR": " ", "COD_ID": "614482ac5238a3d9d6473bbaabdb901fc5bea2bce4f8bcb7d276e04591eb26f8", "__layer": "UCBT_tab" }, "geometry": null },
{ "type": "Feature", "properties": { "DIST": 390, "PAC": "33759727739598794L", "RAMAL": "9667754S1", "PN_CON": "794671", "UNI_TR_MT": "14426519", "CTMT": "TTI0115", "UNI_TR_AT": "DTTI-EQ-TR2", "SUB": "DTTI", "CONJ": 12986, "MUN": "3550308", "CEG_GD": " ", "BRR": "R CONS COTEGIPE 245 BELENZINHO", "CEP": "03058-000", "CLAS_SUB": "RE1", "CNAE": " ", "TIP_CC": "RES-Tipo01", "FAS_CON": "ABN", "GRU_TEN": "BT", "TEN_FORN": "10", "GRU_TAR": "B1", "SIT_ATIV": "AT", "DAT_CON": "01/06/2006", "CAR_INST": 7.0, "LIV": 0, "ARE_LOC": "UB", "TIP_SIST": "RD_INTERLIG", "ENE_01": 0.0, "ENE_02": 0.0, "ENE_03": 103.0, "ENE_04": 185.0, "ENE_05": 206.0, "ENE_06": 189.0, "ENE_07": 156.0, "ENE_08": 177.0, "ENE_09": 186.0, "ENE_10": 196.0, "ENE_11": 188.0, "ENE_12": 177.67, "DIC_01": 0.0, "DIC_02": 0.0, "DIC_03": 0.0, "DIC_04": 0.0, "DIC_05": 0.0, "DIC_06": 0.0, "DIC_07": 0.0, "DIC_08": 0.0, "DIC_09": 0.0, "DIC_10": 0.0, "DIC_11": 0.0, "DIC_12": 0.23, "FIC_01": 0.0, "FIC_02": 0.0, "FIC_03": 0.0, "FIC_04": 0.0, "FIC_05": 0.0, "FIC_06": 0.0, "FIC_07": 0.0, "FIC_08": 0.0, "FIC_09": 0.0, "FIC_10": 0.0, "FIC_11": 0.0, "FIC_12": 1.0, "SEMRED": 0, "DESCR": " ", "COD_ID": "45ef991f317c2a9b602200048d4a6bb818fefe5d89d5a7ca700d6a5106ca940d", "__layer": "UCBT_tab" }, "geometry": null },
{ "type": "Feature", "properties": { "DIST": 390, "PAC": "33755783739598466L", "RAMAL": "421487272S1", "PN_CON": "793567", "UNI_TR_MT": "14426519", "CTMT": "TTI0115", "UNI_TR_AT": "DTTI-EQ-TR2", "SUB": "DTTI", "CONJ": 12986, "MUN": "3550308", "CEG_GD": " ", "BRR": "R CONS COTEGIPE 245 BELENZINHO", "CEP": "03058-000", "CLAS_SUB": "RE2", "CNAE": " ", "TIP_CC": "RES-Tipo02", "FAS_CON": "ABN", "GRU_TEN": "BT", "TEN_FORN": "10", "GRU_TAR": "B1BR", "SIT_ATIV": "AT", "DAT_CON": "05/06/2006", "CAR_INST": 9.1, "LIV": 0, "ARE_LOC": "UB", "TIP_SIST": "RD_INTERLIG", "ENE_01": 90.06, "ENE_02": 141.0, "ENE_03": 140.0, "ENE_04": 126.0, "ENE_05": 108.0, "ENE_06": 97.0, "ENE_07": 86.0, "ENE_08": 96.0, "ENE_09": 91.0, "ENE_10": 107.0, "ENE_11": 120.0, "ENE_12": 83.49, "DIC_01": 3.76, "DIC_02": 0.16, "DIC_03": 0.0, "DIC_04": 0.0, "DIC_05": 0.0, "DIC_06": 0.0, "DIC_07": 0.0, "DIC_08": 0.0, "DIC_09": 0.0, "DIC_10": 0.0, "DIC_11": 0.0, "DIC_12": 0.23, "FIC_01": 1.0, "FIC_02": 2.0, "FIC_03": 0.0, "FIC_04": 0.0, "FIC_05": 0.0, "FIC_06": 0.0, "FIC_07": 0.0, "FIC_08": 0.0, "FIC_09": 0.0, "FIC_10": 0.0, "FIC_11": 0.0, "FIC_12": 1.0, "SEMRED": 0, "DESCR": " ", "COD_ID": "f189737ef2e9052db0689f1dce33797df4f863039b5fe398614b071c76904ea4", "__layer": "UCBT_tab" }, "geometry": null },
{ "type": "Feature", "properties": { "DIST": 390, "PAC": "33740716739596704L", "RAMAL": "421642073S1", "PN_CON": "789185", "UNI_TR_MT": "14426186", "CTMT": "TTI0115", "UNI_TR_AT": "DTTI-EQ-TR2", "SUB": "DTTI", "CONJ": 12986, "MUN": "3550308", "CEG_GD": " ", "BRR": "R CONS COTEGIPE 65 BELENZINHO", "CEP": "03058-000", "CLAS_SUB": "RE1", "CNAE": " ", "TIP_CC": "RES-Tipo01", "FAS_CON": "ABN", "GRU_TEN": "BT", "TEN_FORN": "10", "GRU_TAR": "B1", "SIT_ATIV": "AT", "DAT_CON": "16/04/2007", "CAR_INST": 1.2, "LIV": 0, "ARE_LOC": "UB", "TIP_SIST": "RD_INTERLIG", "ENE_01": 52.03, "ENE_02": 94.0, "ENE_03": 101.0, "ENE_04": 108.0, "ENE_05": 92.0, "ENE_06": 101.0, "ENE_07": 96.0, "ENE_08": 129.0, "ENE_09": 137.0, "ENE_10": 195.0, "ENE_11": 201.0, "ENE_12": 209.71, "DIC_01": 7.58, "DIC_02": 0.16, "DIC_03": 0.0, "DIC_04": 0.0, "DIC_05": 0.0, "DIC_06": 0.0, "DIC_07": 0.0, "DIC_08": 0.0, "DIC_09": 0.0, "DIC_10": 0.0, "DIC_11": 0.0, "DIC_12": 0.23, "FIC_01": 2.0, "FIC_02": 2.0, "FIC_03": 0.0, "FIC_04": 0.0, "FIC_05": 0.0, "FIC_06": 0.0, "FIC_07": 0.0, "FIC_08": 0.0, "FIC_09": 0.0, "FIC_10": 0.0, "FIC_11": 0.0, "FIC_12": 1.0, "SEMRED": 0, "DESCR": " ", "COD_ID": "6ace1b8a0275f9b17ed03db35be9a59d66602342b9fdf42ccefea59fef958284", "__layer": "UCBT_tab" }, "geometry": null },
{ "type": "Feature", "properties": { "DIST": 390, "PAC": "33740716739596704L", "RAMAL": "421642073S1", "PN_CON": "789185", "UNI_TR_MT": "14426186", "CTMT": "TTI0115", "UNI_TR_AT": "DTTI-EQ-TR2", "SUB": "DTTI", "CONJ": 12986, "MUN": "3550308", "CEG_GD": " ", "BRR": "R CONS COTEGIPE 65 BELENZINHO", "CEP": "03058-000", "CLAS_SUB": "RE1", "CNAE": " ", "TIP_CC": "RES-Tipo03", "FAS_CON": "ABN", "GRU_TEN": "BT", "TEN_FORN": "10", "GRU_TAR": "B1", "SIT_ATIV": "AT", "DAT_CON": "16/04/2007", "CAR_INST": 7.9, "LIV": 0, "ARE_LOC": "UB", "TIP_SIST": "RD_INTERLIG", "ENE_01": 35.02, "ENE_02": 136.0, "ENE_03": 144.0, "ENE_04": 142.0, "ENE_05": 171.0, "ENE_06": 197.0, "ENE_07": 143.0, "ENE_08": 242.0, "ENE_09": 207.0, "ENE_10": 166.0, "ENE_11": 166.0, "ENE_12": 164.08, "DIC_01": 7.58, "DIC_02": 0.16, "DIC_03": 0.0, "DIC_04": 0.0, "DIC_05": 0.0, "DIC_06": 0.0, "DIC_07": 0.0, "DIC_08": 0.0, "DIC_09": 0.0, "DIC_10": 0.0, "DIC_11": 0.0, "DIC_12": 0.23, "FIC_01": 2.0, "FIC_02": 2.0, "FIC_03": 0.0, "FIC_04": 0.0, "FIC_05": 0.0, "FIC_06": 0.0, "FIC_07": 0.0, "FIC_08": 0.0, "FIC_09": 0.0, "FIC_10": 0.0, "FIC_11": 0.0, "FIC_12": 1.0, "SEMRED": 0, "DESCR": " ", "COD_ID": "582be3ae821d557ed9580aca99428af1208ce00a6465a59fe66fab26d1b94b3c", "__layer": "UCBT_tab" }, "geometry": null },
{ "type": "Feature", "properties": { "DIST": 390, "PAC": "33809027739607995L", "RAMAL": "9712353S1", "PN_CON": "808527", "UNI_TR_MT": "14432746", "CTMT": "TTI0114", "UNI_TR_AT": "DTTI-EQ-TR1", "SUB": "DTTI", "CONJ": 12986, "MUN": "3550308", "CEG_GD": " ", "BRR": "R CONS COTEGIPE 754 BELENZINHO", "CEP": "03058-000", "CLAS_SUB": "RE1", "CNAE": " ", "TIP_CC": "RES-Tipo01", "FAS_CON": "ABN", "GRU_TEN": "BT", "TEN_FORN": "10", "GRU_TAR": "B1", "SIT_ATIV": "AT", "DAT_CON": "07/07/2009", "CAR_INST": 7.6, "LIV": 0, "ARE_LOC": "UB", "TIP_SIST": "RD_INTERLIG", "ENE_01": 50.03, "ENE_02": 83.0, "ENE_03": 94.0, "ENE_04": 85.0, "ENE_05": 77.0, "ENE_06": 82.0, "ENE_07": 60.0, "ENE_08": 54.0, "ENE_09": 58.0, "ENE_10": 61.0, "ENE_11": 60.0, "ENE_12": 62.13, "DIC_01": 0.0, "DIC_02": 0.0, "DIC_03": 0.08, "DIC_04": 1.02, "DIC_05": 0.0, "DIC_06": 0.0, "DIC_07": 0.0, "DIC_08": 0.0, "DIC_09": 1.76, "DIC_10": 0.0, "DIC_11": 0.0, "DIC_12": 0.0, "FIC_01": 0.0, "FIC_02": 0.0, "FIC_03": 1.0, "FIC_04": 1.0, "FIC_05": 0.0, "FIC_06": 0.0, "FIC_07": 0.0, "FIC_08": 0.0, "FIC_09": 1.0, "FIC_10": 0.0, "FIC_11": 0.0, "FIC_12": 0.0, "SEMRED": 0, "DESCR": " ", "COD_ID": "c531dd6d564a3c1839c552d9de5fabb34ec3cac6d048849cb0a3d31bf2c7b9c5", "__layer": "UCBT_tab" }, "geometry": null },
{ "type": "Feature", "properties": { "DIST": 390, "PAC": "33755783739598466L", "RAMAL": "421487272S1", "PN_CON": "793567", "UNI_TR_MT": "14426519", "CTMT": "TTI0115", "UNI_TR_AT": "DTTI-EQ-TR2", "SUB": "DTTI", "CONJ": 12986, "MUN": "3550308", "CEG_GD": " ", "BRR": "R CONS COTEGIPE 245 BELENZINHO", "CEP": "03058-000", "CLAS_SUB": "CO1", "CNAE": "6622-3/00", "TIP_CC": "COM-Tipo02", "FAS_CON": "ABN", "GRU_TEN": "BT", "TEN_FORN": "10", "GRU_TAR": "B3", "SIT_ATIV": "AT", "DAT_CON": "05/11/2009", "CAR_INST": 9.5, "LIV": 0, "ARE_LOC": "UB", "TIP_SIST": "RD_INTERLIG", "ENE_01": 287.0, "ENE_02": 299.0, "ENE_03": 320.686, "ENE_04": 275.0, "ENE_05": 269.0, "ENE_06": 178.0, "ENE_07": 102.48, "ENE_08": 74.42, "ENE_09": 180.0, "ENE_10": 274.0, "ENE_11": 110.33, "ENE_12": 203.68, "DIC_01": 3.76, "DIC_02": 0.16, "DIC_03": 0.0, "DIC_04": 0.0, "DIC_05": 0.0, "DIC_06": 0.0, "DIC_07": 0.0, "DIC_08": 0.0, "DIC_09": 0.0, "DIC_10": 0.0, "DIC_11": 0.0, "DIC_12": 0.23, "FIC_01": 1.0, "FIC_02": 2.0, "FIC_03": 0.0, "FIC_04": 0.0, "FIC_05": 0.0, "FIC_06": 0.0, "FIC_07": 0.0, "FIC_08": 0.0, "FIC_09": 0.0, "FIC_10": 0.0, "FIC_11": 0.0, "FIC_12": 1.0, "SEMRED": 0, "DESCR": " ", "COD_ID": "69ac9ad41132eec7183d6409f8e4c67b48ef8c9c6c92f33ab406c2ff9c504995", "__layer": "UCBT_tab" }, "geometry": null },
{ "type": "Feature", "properties": { "DIST": 390, "PAC": "33787786739603592L", "RAMAL": "421441067S1", "PN_CON": "357579689", "UNI_TR_MT": "14427639", "CTMT": "TTI0114", "UNI_TR_AT": "DTTI-EQ-TR1", "SUB": "DTTI", "CONJ": 12986, "MUN": "3550308", "CEG_GD": " ", "BRR": "R CONS COTEGIPE 553 BELENZINHO", "CEP": "03058-000", "CLAS_SUB": "CO1", "CNAE": "9609-2/99", "TIP_CC": "COM-Tipo02", "FAS_CON": "ABN", "GRU_TEN": "BT", "TEN_FORN": "10", "GRU_TAR": "B3", "SIT_ATIV": "AT", "DAT_CON": "16/11/2009", "CAR_INST": 0.4, "LIV": 0, "ARE_LOC": "UB", "TIP_SIST": "RD_INTERLIG", "ENE_01": 77.0, "ENE_02": 66.0, "ENE_03": 73.921, "ENE_04": 65.0, "ENE_05": 71.0, "ENE_06": 64.0, "ENE_07": 56.28, "ENE_08": 36.6, "ENE_09": 62.0, "ENE_10": 63.0, "ENE_11": 873.2, "ENE_12": 494.39, "DIC_01": 0.0, "DIC_02": 0.0, "DIC_03": 0.08, "DIC_04": 1.02, "DIC_05": 0.0, "DIC_06": 0.0, "DIC_07": 0.0, "DIC_08": 0.0, "DIC_09": 4.99, "DIC_10": 0.0, "DIC_11": 0.0, "DIC_12": 0.0, "FIC_01": 0.0, "FIC_02": 0.0, "FIC_03": 1.0, "FIC_04": 1.0, "FIC_05": 0.0, "FIC_06": 0.0, "FIC_07": 0.0, "FIC_08": 0.0, "FIC_09": 1.0, "FIC_10": 0.0, "FIC_11": 0.0, "FIC_12": 0.0, "SEMRED": 0, "DESCR": " ", "COD_ID": "1940de38e5132e7d9f25504d9a595cd7815899c82b372d6e53132745f35d73d4", "__layer": "UCBT_tab" }, "geometry": null },
{ "type": "Feature", "properties": { "DIST": 390, "PAC": "33743451739597081L", "RAMAL": "421421418S1", "PN_CON": "789997", "UNI_TR_MT": "14426186", "CTMT": "TTI0115", "UNI_TR_AT": "DTTI-EQ-TR2", "SUB": "DTTI", "CONJ": 12986, "MUN": "3550308", "CEG_GD": " ", "BRR": "R CONS COTEGIPE 101 BELENZINHO", "CEP": "03058-000", "CLAS_SUB": "RE1", "CNAE": " ", "TIP_CC": "RES-Tipo01", "FAS_CON": "ABCN", "GRU_TEN": "BT", "TEN_FORN": "10", "GRU_TAR": "B1", "SIT_ATIV": "AT", "DAT_CON": "01/04/2010", "CAR_INST": 4.0, "LIV": 0, "ARE_LOC": "UB", "TIP_SIST": "RD_INTERLIG", "ENE_01": 0.0, "ENE_02": 0.0, "ENE_03": 0.0, "ENE_04": 0.0, "ENE_05": 176.0, "ENE_06": 148.0, "ENE_07": 111.0, "ENE_08": 147.0, "ENE_09": 139.0, "ENE_10": 185.0, "ENE_11": 137.0, "ENE_12": 149.52, "DIC_01": 0.0, "DIC_02": 0.0, "DIC_03": 0.0, "DIC_04": 0.0, "DIC_05": 0.0, "DIC_06": 0.0, "DIC_07": 0.0, "DIC_08": 0.0, "DIC_09": 0.0, "DIC_10": 0.0, "DIC_11": 0.0, "DIC_12": 0.23, "FIC_01": 0.0, "FIC_02": 0.0, "FIC_03": 0.0, "FIC_04": 0.0, "FIC_05": 0.0, "FIC_06": 0.0, "FIC_07": 0.0, "FIC_08": 0.0, "FIC_09": 0.0, "FIC_10": 0.0, "FIC_11": 0.0, "FIC_12": 1.0, "SEMRED": 0, "DESCR": " ", "COD_ID": "5d571527170e26f5d807b2b4b5f50a45be0d543f0e8a00b01d9d404f37cba8fb", "__layer": "UCBT_tab" }, "geometry": null },
{ "type": "Feature", "properties": { "DIST": 390, "PAC": "33746706739597546L", "RAMAL": "421326377S1", "PN_CON": "790929", "UNI_TR_MT": "14426186", "CTMT": "TTI0115", "UNI_TR_AT": "DTTI-EQ-TR2", "SUB": "DTTI", "CONJ": 12986, "MUN": "3550308", "CEG_GD": " ", "BRR": "R CONS COTEGIPE 125 BELENZINHO", "CEP": "03058-000", "CLAS_SUB": "RE1", "CNAE": " ", "TIP_CC": "RES-Tipo01", "FAS_CON": "ABN", "GRU_TEN": "BT", "TEN_FORN": "10", "GRU_TAR": "B1", "SIT_ATIV": "AT", "DAT_CON": "08/06/2010", "CAR_INST": 5.6, "LIV": 0, "ARE_LOC": "UB", "TIP_SIST": "RD_INTERLIG", "ENE_01": 0.0, "ENE_02": 0.0, "ENE_03": 0.0, "ENE_04": 0.0, "ENE_05": 0.0, "ENE_06": 0.0, "ENE_07": 0.0, "ENE_08": 0.0, "ENE_09": 101.0, "ENE_10": 52.0, "ENE_11": 51.0, "ENE_12": 48.54, "DIC_01": 0.0, "DIC_02": 0.0, "DIC_03": 0.0, "DIC_04": 0.0, "DIC_05": 0.0, "DIC_06": 0.0, "DIC_07": 0.0, "DIC_08": 0.0, "DIC_09": 0.0, "DIC_10": 0.0, "DIC_11": 0.0, "DIC_12": 0.23, "FIC_01": 0.0, "FIC_02": 0.0, "FIC_03": 0.0, "FIC_04": 0.0, "FIC_05": 0.0, "FIC_06": 0.0, "FIC_07": 0.0, "FIC_08": 0.0, "FIC_09": 0.0, "FIC_10": 0.0, "FIC_11": 0.0, "FIC_12": 1.0, "SEMRED": 0, "DESCR": " ", "COD_ID": "5c6966901d45c4c7ba74fd592b57a00fb14ffe53e8c5349886730799f664d74b", "__layer": "UCBT_tab" }, "geometry": null },
{ "type": "Feature", "properties": { "DIST": 390, "PAC": "33751254739598077L", "RAMAL": "421459856S1", "PN_CON": "792224", "UNI_TR_MT": "14426519", "CTMT": "TTI0115", "UNI_TR_AT": "DTTI-EQ-TR2", "SUB": "DTTI", "CONJ": 12986, "MUN": "3550308", "CEG_GD": " ", "BRR": "R CONS COTEGIPE 189 BELENZINHO", "CEP": "03058-000", "CLAS_SUB": "RE1", "CNAE": " ", "TIP_CC": "RES-Tipo05", "FAS_CON": "ABN", "GRU_TEN": "BT", "TEN_FORN": "10", "GRU_TAR": "B1", "SIT_ATIV": "AT", "DAT_CON": "14/09/2011", "CAR_INST": 6.4, "LIV": 0, "ARE_LOC": "UB", "TIP_SIST": "RD_INTERLIG", "ENE_01": 236.15, "ENE_02": 410.0, "ENE_03": 424.0, "ENE_04": 397.0, "ENE_05": 416.0, "ENE_06": 386.0, "ENE_07": 354.0, "ENE_08": 441.0, "ENE_09": 407.0, "ENE_10": 473.0, "ENE_11": 314.0, "ENE_12": 503.9, "DIC_01": 3.76, "DIC_02": 0.16, "DIC_03": 0.0, "DIC_04": 0.0, "DIC_05": 0.0, "DIC_06": 0.0, "DIC_07": 0.0, "DIC_08": 0.0, "DIC_09": 0.0, "DIC_10": 0.0, "DIC_11": 0.0, "DIC_12": 0.23, "FIC_01": 1.0, "FIC_02": 2.0, "FIC_03": 0.0, "FIC_04": 0.0, "FIC_05": 0.0, "FIC_06": 0.0, "FIC_07": 0.0, "FIC_08": 0.0, "FIC_09": 0.0, "FIC_10": 0.0, "FIC_11": 0.0, "FIC_12": 1.0, "SEMRED": 0, "DESCR": " ", "COD_ID": "c797cd5174e13e89d30d55c484afc7bd9b9f59e85e44fb73c0d0b8e9163eeb9c", "__layer": "UCBT_tab" }, "geometry": null },
{ "type": "Feature", "properties": { "DIST": 390, "PAC": "33754071739611908L", "RAMAL": "9662054S1", "PN_CON": "792872", "UNI_TR_MT": "14426514", "CTMT": "TTI0115", "UNI_TR_AT": "DTTI-EQ-TR2", "SUB": "DTTI", "CONJ": 12986, "MUN": "3550308", "CEG_GD": " ", "BRR": "R CONS COTEGIPE 219 BELENZINHO", "CEP": "03058-000", "CLAS_SUB": "CO1", "CNAE": "8112-5/00", "TIP_CC": "COM-Tipo01", "FAS_CON": "ABN", "GRU_TEN": "BT", "TEN_FORN": "10", "GRU_TAR": "B3", "SIT_ATIV": "AT", "DAT_CON": "09/12/2013", "CAR_INST": 206.8, "LIV": 0, "ARE_LOC": "UB", "TIP_SIST": "RD_INTERLIG", "ENE_01": 16240.0, "ENE_02": 15120.0, "ENE_03": 16871.342, "ENE_04": 17760.0, "ENE_05": 16720.0, "ENE_06": 16800.0, "ENE_07": 11088.0, "ENE_08": 8735.2, "ENE_09": 15520.0, "ENE_10": 15040.0, "ENE_11": 9251.2, "ENE_12": 14688.52, "DIC_01": 8.36, "DIC_02": 0.16, "DIC_03": 0.0, "DIC_04": 0.0, "DIC_05": 0.0, "DIC_06": 0.0, "DIC_07": 0.0, "DIC_08": 0.0, "DIC_09": 0.0, "DIC_10": 0.0, "DIC_11": 0.0, "DIC_12": 0.23, "FIC_01": 2.0, "FIC_02": 2.0, "FIC_03": 0.0, "FIC_04": 0.0, "FIC_05": 0.0, "FIC_06": 0.0, "FIC_07": 0.0, "FIC_08": 0.0, "FIC_09": 0.0, "FIC_10": 0.0, "FIC_11": 0.0, "FIC_12": 1.0, "SEMRED": 0, "DESCR": " ", "COD_ID": "8e17f59093f9cc29d64f93b63f004b0abed090cf4c8fc3f477aaa1fea9cc72b7", "__layer": "UCBT_tab" }, "geometry": null },
{ "type": "Feature", "properties": { "DIST": 390, "PAC": "33754071739611908L", "RAMAL": "9662054S1", "PN_CON": "792872", "UNI_TR_MT": "14426514", "CTMT": "TTI0115", "UNI_TR_AT": "DTTI-EQ-TR2", "SUB": "DTTI", "CONJ": 12986, "MUN": "3550308", "CEG_GD": " ", "BRR": "R CONS COTEGIPE 219 BELENZINHO", "CEP": "03058-000", "CLAS_SUB": "CO1", "CNAE": "8112-5/00", "TIP_CC": "COM-Tipo02", "FAS_CON": "ABN", "GRU_TEN": "BT", "TEN_FORN": "10", "GRU_TAR": "B3", "SIT_ATIV": "AT", "DAT_CON": "09/12/2013", "CAR_INST": 31.7, "LIV": 0, "ARE_LOC": "UB", "TIP_SIST": "RD_INTERLIG", "ENE_01": 80.0, "ENE_02": 160.0, "ENE_03": 86.966, "ENE_04": 160.0, "ENE_05": 100.0, "ENE_06": 100.0, "ENE_07": 84.0, "ENE_08": 61.0, "ENE_09": 100.0, "ENE_10": 100.0, "ENE_11": 59.0, "ENE_12": 95.62, "DIC_01": 8.36, "DIC_02": 0.16, "DIC_03": 0.0, "DIC_04": 0.0, "DIC_05": 0.0, "DIC_06": 0.0, "DIC_07": 0.0, "DIC_08": 0.0, "DIC_09": 0.0, "DIC_10": 0.0, "DIC_11": 0.0, "DIC_12": 0.23, "FIC_01": 2.0, "FIC_02": 2.0, "FIC_03": 0.0, "FIC_04": 0.0, "FIC_05": 0.0, "FIC_06": 0.0, "FIC_07": 0.0, "FIC_08": 0.0, "FIC_09": 0.0, "FIC_10": 0.0, "FIC_11": 0.0, "FIC_12": 1.0, "SEMRED": 0, "DESCR": " ", "COD_ID": "972f865e16ba8113577da7b66b3fca56252d9172383233d2080080fd6d781622", "__layer": "UCBT_tab" }, "geometry": null },
{ "type": "Feature", "properties": { "DIST": 390, "PAC": "33754071739611908L", "RAMAL": "9662054S1", "PN_CON": "792872", "UNI_TR_MT": "14426514", "CTMT": "TTI0115", "UNI_TR_AT": "DTTI-EQ-TR2", "SUB": "DTTI", "CONJ": 12986, "MUN": "3550308", "CEG_GD": " ", "BRR": "R CONS COTEGIPE 219 BELENZINHO", "CEP": "03058-000", "CLAS_SUB": "RE1", "CNAE": " ", "TIP_CC": "RES-Tipo02", "FAS_CON": "ABN", "GRU_TEN": "BT", "TEN_FORN": "10", "GRU_TAR": "B1", "SIT_ATIV": "AT", "DAT_CON": "09/12/2013", "CAR_INST": 10.8, "LIV": 0, "ARE_LOC": "UB", "TIP_SIST": "RD_INTERLIG", "ENE_01": 79.55, "ENE_02": 139.0, "ENE_03": 174.0, "ENE_04": 204.0, "ENE_05": 187.0, "ENE_06": 195.0, "ENE_07": 161.0, "ENE_08": 158.0, "ENE_09": 204.0, "ENE_10": 201.0, "ENE_11": 199.0, "ENE_12": 178.64, "DIC_01": 8.36, "DIC_02": 0.16, "DIC_03": 0.0, "DIC_04": 0.0, "DIC_05": 0.0, "DIC_06": 0.0, "DIC_07": 0.0, "DIC_08": 0.0, "DIC_09": 0.0, "DIC_10": 0.0, "DIC_11": 0.0, "DIC_12": 0.23, "FIC_01": 2.0, "FIC_02": 2.0, "FIC_03": 0.0, "FIC_04": 0.0, "FIC_05": 0.0, "FIC_06": 0.0, "FIC_07": 0.0, "FIC_08": 0.0, "FIC_09": 0.0, "FIC_10": 0.0, "FIC_11": 0.0, "FIC_12": 1.0, "SEMRED": 0, "DESCR": " ", "COD_ID": "20b10fbc1c162fef9a72be12e5b86b983bc8ed7be94a09958263d53ef2781918", "__layer": "UCBT_tab" }, "geometry": null },
{ "type": "Feature", "properties": { "DIST": 390, "PAC": "33754071739611908L", "RAMAL": "9662054S1", "PN_CON": "792872", "UNI_TR_MT": "14426514", "CTMT": "TTI0115", "UNI_TR_AT": "DTTI-EQ-TR2", "SUB": "DTTI", "CONJ": 12986, "MUN": "3550308", "CEG_GD": " ", "BRR": "R CONS COTEGIPE 219 BELENZINHO", "CEP": "03058-000", "CLAS_SUB": "RE1", "CNAE": " ", "TIP_CC": "RES-Tipo01", "FAS_CON": "ABN", "GRU_TEN": "BT", "TEN_FORN": "10", "GRU_TAR": "B1", "SIT_ATIV": "AT", "DAT_CON": "09/12/2013", "CAR_INST": 10.8, "LIV": 0, "ARE_LOC": "UB", "TIP_SIST": "RD_INTERLIG", "ENE_01": 57.53, "ENE_02": 112.0, "ENE_03": 102.0, "ENE_04": 132.0, "ENE_05": 116.0, "ENE_06": 112.0, "ENE_07": 86.0, "ENE_08": 83.0, "ENE_09": 88.0, "ENE_10": 104.0, "ENE_11": 88.0, "ENE_12": 100.0, "DIC_01": 8.36, "DIC_02": 0.16, "DIC_03": 0.0, "DIC_04": 0.0, "DIC_05": 0.0, "DIC_06": 0.0, "DIC_07": 0.0, "DIC_08": 0.0, "DIC_09": 0.0, "DIC_10": 0.0, "DIC_11": 0.0, "DIC_12": 0.23, "FIC_01": 2.0, "FIC_02": 2.0, "FIC_03": 0.0, "FIC_04": 0.0, "FIC_05": 0.0, "FIC_06": 0.0, "FIC_07": 0.0, "FIC_08": 0.0, "FIC_09": 0.0, "FIC_10": 0.0, "FIC_11": 0.0, "FIC_12": 1.0, "SEMRED": 0, "DESCR": " ", "COD_ID": "bcb6ca4421fda51ca23af9af26277a2c868172a2d7b82b8cc262266ec5104bff", "__layer": "UCBT_tab" }, "geometry": null },
{ "type": "Feature", "properties": { "DIST": 390, "PAC": "33754071739611908L", "RAMAL": "9662054S1", "PN_CON": "792872", "UNI_TR_MT": "14426514", "CTMT": "TTI0115", "UNI_TR_AT": "DTTI-EQ-TR2", "SUB": "DTTI", "CONJ": 12986, "MUN": "3550308", "CEG_GD": " ", "BRR": "R CONS COTEGIPE 219 BELENZINHO", "CEP": "03058-000", "CLAS_SUB": "RE1", "CNAE": " ", "TIP_CC": "RES-Tipo02", "FAS_CON": "ABN", "GRU_TEN": "BT", "TEN_FORN": "10", "GRU_TAR": "B1", "SIT_ATIV": "AT", "DAT_CON": "09/12/2013", "CAR_INST": 10.8, "LIV": 0, "ARE_LOC": "UB", "TIP_SIST": "RD_INTERLIG", "ENE_01": 104.57, "ENE_02": 130.0, "ENE_03": 223.0, "ENE_04": 243.0, "ENE_05": 216.0, "ENE_06": 224.0, "ENE_07": 182.0, "ENE_08": 193.0, "ENE_09": 219.0, "ENE_10": 216.0, "ENE_11": 209.0, "ENE_12": 200.98, "DIC_01": 8.36, "DIC_02": 0.16, "DIC_03": 0.0, "DIC_04": 0.0, "DIC_05": 0.0, "DIC_06": 0.0, "DIC_07": 0.0, "DIC_08": 0.0, "DIC_09": 0.0, "DIC_10": 0.0, "DIC_11": 0.0, "DIC_12": 0.23, "FIC_01": 2.0, "FIC_02": 2.0, "FIC_03": 0.0, "FIC_04": 0.0, "FIC_05": 0.0, "FIC_06": 0.0, "FIC_07": 0.0, "FIC_08": 0.0, "FIC_09": 0.0, "FIC_10": 0.0, "FIC_11": 0.0, "FIC_12": 1.0, "SEMRED": 0, "DESCR": " ", "COD_ID": "063b4dfa60b25681ceaded82aa53a4f369ecf20dba9cdd077c09e6d6528efcc7", "__layer": "UCBT_tab" }, "geometry": null },
{ "type": "Feature", "properties": { "DIST": 390, "PAC": "33754071739611908L", "RAMAL": "9662054S1", "PN_CON": "792872", "UNI_TR_MT": "14426514", "CTMT": "TTI0115", "UNI_TR_AT": "DTTI-EQ-TR2", "SUB": "DTTI", "CONJ": 12986, "MUN": "3550308", "CEG_GD": " ", "BRR": "R CONS COTEGIPE 219 BELENZINHO", "CEP": "03058-000", "CLAS_SUB": "RE1", "CNAE": " ", "TIP_CC": "RES-Tipo03", "FAS_CON": "ABN", "GRU_TEN": "BT", "TEN_FORN": "10", "GRU_TAR": "B1", "SIT_ATIV": "AT", "DAT_CON": "09/12/2013", "CAR_INST": 10.8, "LIV": 0, "ARE_LOC": "UB", "TIP_SIST": "RD_INTERLIG", "ENE_01": 88.05, "ENE_02": 156.0, "ENE_03": 134.0, "ENE_04": 165.0, "ENE_05": 144.0, "ENE_06": 150.0, "ENE_07": 117.0, "ENE_08": 133.0, "ENE_09": 121.0, "ENE_10": 136.0, "ENE_11": 128.0, "ENE_12": 146.6, "DIC_01": 8.36, "DIC_02": 0.16, "DIC_03": 0.0, "DIC_04": 0.0, "DIC_05": 0.0, "DIC_06": 0.0, "DIC_07": 0.0, "DIC_08": 0.0, "DIC_09": 0.0, "DIC_10": 0.0, "DIC_11": 0.0, "DIC_12": 0.23, "FIC_01": 2.0, "FIC_02": 2.0, "FIC_03": 0.0, "FIC_04": 0.0, "FIC_05": 0.0, "FIC_06": 0.0, "FIC_07": 0.0, "FIC_08": 0.0, "FIC_09": 0.0, "FIC_10": 0.0, "FIC_11": 0.0, "FIC_12": 1.0, "SEMRED": 0, "DESCR": " ", "COD_ID": "a70dfd301919fd133f4c7c7ce18c80fa73b867b509f94238ebed2960f98a7fec", "__layer": "UCBT_tab" }, "geometry": null },
{ "type": "Feature", "properties": { "DIST": 390, "PAC": "33754071739611908L", "RAMAL": "9662054S1", "PN_CON": "792872", "UNI_TR_MT": "14426514", "CTMT": "TTI0115", "UNI_TR_AT": "DTTI-EQ-TR2", "SUB": "DTTI", "CONJ": 12986, "MUN": "3550308", "CEG_GD": " ", "BRR": "R CONS COTEGIPE 219 BELENZINHO", "CEP": "03058-000", "CLAS_SUB": "RE1", "CNAE": " ", "TIP_CC": "RES-Tipo04", "FAS_CON": "ABN", "GRU_TEN": "BT", "TEN_FORN": "10", "GRU_TAR": "B1", "SIT_ATIV": "AT", "DAT_CON": "09/12/2013", "CAR_INST": 6.4, "LIV": 0, "ARE_LOC": "UB", "TIP_SIST": "RD_INTERLIG", "ENE_01": 121.08, "ENE_02": 257.0, "ENE_03": 222.0, "ENE_04": 245.0, "ENE_05": 215.0, "ENE_06": 246.0, "ENE_07": 210.0, "ENE_08": 214.0, "ENE_09": 222.0, "ENE_10": 212.0, "ENE_11": 214.0, "ENE_12": 190.3, "DIC_01": 8.36, "DIC_02": 0.16, "DIC_03": 0.0, "DIC_04": 0.0, "DIC_05": 0.0, "DIC_06": 0.0, "DIC_07": 0.0, "DIC_08": 0.0, "DIC_09": 0.0, "DIC_10": 0.0, "DIC_11": 0.0, "DIC_12": 0.23, "FIC_01": 2.0, "FIC_02": 2.0, "FIC_03": 0.0, "FIC_04": 0.0, "FIC_05": 0.0, "FIC_06": 0.0, "FIC_07": 0.0, "FIC_08": 0.0, "FIC_09": 0.0, "FIC_10": 0.0, "FIC_11": 0.0, "FIC_12": 1.0, "SEMRED": 0, "DESCR": " ", "COD_ID": "a0c19faceb47066361574f3c595b3f7bf33d613b1d9f7a9d247bec7ef3a39102", "__layer": "UCBT_tab" }, "geometry": null },
{ "type": "Feature", "properties": { "DIST": 390, "PAC": "33754071739611908L", "RAMAL": "9662054S1", "PN_CON": "792872", "UNI_TR_MT": "14426514", "CTMT": "TTI0115", "UNI_TR_AT": "DTTI-EQ-TR2", "SUB": "DTTI", "CONJ": 12986, "MUN": "3550308", "CEG_GD": " ", "BRR": "R CONS COTEGIPE 219 BELENZINHO", "CEP": "03058-000", "CLAS_SUB": "RE1", "CNAE": " ", "TIP_CC": "RES-Tipo05", "FAS_CON": "ABN", "GRU_TEN": "BT", "TEN_FORN": "10", "GRU_TAR": "B1", "SIT_ATIV": "DS", "DAT_CON": "09/12/2013", "CAR_INST": 10.8, "LIV": 0, "ARE_LOC": "UB", "TIP_SIST": "RD_INTERLIG", "ENE_01": 268.18, "ENE_02": 487.0, "ENE_03": 480.0, "ENE_04": 560.0, "ENE_05": 556.0, "ENE_06": 537.0, "ENE_07": 459.0, "ENE_08": 511.0, "ENE_09": 514.0, "ENE_10": 514.0, "ENE_11": 536.0, "ENE_12": 543.71, "DIC_01": 0.0, "DIC_02": 0.0, "DIC_03": 0.0, "DIC_04": 0.0, "DIC_05": 0.0, "DIC_06": 0.0, "DIC_07": 0.0, "DIC_08": 0.0, "DIC_09": 0.0, "DIC_10": 0.0, "DIC_11": 0.0, "DIC_12": 0.0, "FIC_01": 0.0, "FIC_02": 0.0, "FIC_03": 0.0, "FIC_04": 0.0, "FIC_05": 0.0, "FIC_06": 0.0, "FIC_07": 0.0, "FIC_08": 0.0, "FIC_09": 0.0, "FIC_10": 0.0, "FIC_11": 0.0, "FIC_12": 0.0, "SEMRED": 0, "DESCR": " ", "COD_ID": "7fa76c044c196f2d138b7ef5fc788c3583ac78c44d717217798f761bd0475479", "__layer": "UCBT_tab" }, "geometry": null },
{ "type": "Feature", "properties": { "DIST": 390, "PAC": "33754071739611908L", "RAMAL": "9662054S1", "PN_CON": "792872", "UNI_TR_MT": "14426514", "CTMT": "TTI0115", "UNI_TR_AT": "DTTI-EQ-TR2", "SUB": "DTTI", "CONJ": 12986, "MUN": "3550308", "CEG_GD": " ", "BRR": "R CONS COTEGIPE 219 BELENZINHO", "CEP": "03058-000", "CLAS_SUB": "RE1", "CNAE": " ", "TIP_CC": "RES-Tipo02", "FAS_CON": "ABN", "GRU_TEN": "BT", "TEN_FORN": "10", "GRU_TAR": "B1", "SIT_ATIV": "AT", "DAT_CON": "09/12/2013", "CAR_INST": 10.8, "LIV": 0, "ARE_LOC": "UB", "TIP_SIST": "RD_INTERLIG", "ENE_01": 88.55, "ENE_02": 178.0, "ENE_03": 174.0, "ENE_04": 204.0, "ENE_05": 182.0, "ENE_06": 196.0, "ENE_07": 161.0, "ENE_08": 154.0, "ENE_09": 183.0, "ENE_10": 174.0, "ENE_11": 167.0, "ENE_12": 177.67, "DIC_01": 8.36, "DIC_02": 0.16, "DIC_03": 0.0, "DIC_04": 0.0, "DIC_05": 0.0, "DIC_06": 0.0, "DIC_07": 0.0, "DIC_08": 0.0, "DIC_09": 0.0, "DIC_10": 0.0, "DIC_11": 0.0, "DIC_12": 0.23, "FIC_01": 2.0, "FIC_02": 2.0, "FIC_03": 0.0, "FIC_04": 0.0, "FIC_05": 0.0, "FIC_06": 0.0, "FIC_07": 0.0, "FIC_08": 0.0, "FIC_09": 0.0, "FIC_10": 0.0, "FIC_11": 0.0, "FIC_12": 1.0, "SEMRED": 0, "DESCR": " ", "COD_ID": "5e7ad5c1259a4c1ecae58123ba2d2d78d8177f6acbe5b3bf0fa700d4f4b360f3", "__layer": "UCBT_tab" }, "geometry": null },
{ "type": "Feature", "properties": { "DIST": 390, "PAC": "33754071739611908L", "RAMAL": "9662054S1", "PN_CON": "792872", "UNI_TR_MT": "14426514", "CTMT": "TTI0115", "UNI_TR_AT": "DTTI-EQ-TR2", "SUB": "DTTI", "CONJ": 12986, "MUN": "3550308", "CEG_GD": " ", "BRR": "R CONS COTEGIPE 219 BELENZINHO", "CEP": "03058-000", "CLAS_SUB": "RE1", "CNAE": " ", "TIP_CC": "RES-Tipo02", "FAS_CON": "ABN", "GRU_TEN": "BT", "TEN_FORN": "10", "GRU_TAR": "B1", "SIT_ATIV": "AT", "DAT_CON": "09/12/2013", "CAR_INST": 10.9, "LIV": 0, "ARE_LOC": "UB", "TIP_SIST": "RD_INTERLIG", "ENE_01": 96.56, "ENE_02": 145.0, "ENE_03": 194.0, "ENE_04": 251.0, "ENE_05": 237.0, "ENE_06": 212.0, "ENE_07": 182.0, "ENE_08": 132.0, "ENE_09": 187.0, "ENE_10": 240.0, "ENE_11": 216.0, "ENE_12": 225.25, "DIC_01": 8.36, "DIC_02": 0.16, "DIC_03": 0.0, "DIC_04": 0.0, "DIC_05": 0.0, "DIC_06": 0.0, "DIC_07": 0.0, "DIC_08": 0.0, "DIC_09": 0.0, "DIC_10": 0.0, "DIC_11": 0.0, "DIC_12": 0.23, "FIC_01": 2.0, "FIC_02": 2.0, "FIC_03": 0.0, "FIC_04": 0.0, "FIC_05": 0.0, "FIC_06": 0.0, "FIC_07": 0.0, "FIC_08": 0.0, "FIC_09": 0.0, "FIC_10": 0.0, "FIC_11": 0.0, "FIC_12": 1.0, "SEMRED": 0, "DESCR": " ", "COD_ID": "cc6b40df8ef15422e6d29049d521410d101a28ec307c105d9e27dcae98e4ea97", "__layer": "UCBT_tab" }, "geometry": null },
{ "type": "Feature", "properties": { "DIST": 390, "PAC": "33754071739611908L", "RAMAL": "9662054S1", "PN_CON": "792872", "UNI_TR_MT": "14426514", "CTMT": "TTI0115", "UNI_TR_AT": "DTTI-EQ-TR2", "SUB": "DTTI", "CONJ": 12986, "MUN": "3550308", "CEG_GD": " ", "BRR": "R CONS COTEGIPE 219 BELENZINHO", "CEP": "03058-000", "CLAS_SUB": "RE1", "CNAE": " ", "TIP_CC": "RES-Tipo05", "FAS_CON": "ABN", "GRU_TEN": "BT", "TEN_FORN": "10", "GRU_TAR": "B1", "SIT_ATIV": "AT", "DAT_CON": "09/12/2013", "CAR_INST": 10.8, "LIV": 0, "ARE_LOC": "UB", "TIP_SIST": "RD_INTERLIG", "ENE_01": 444.29, "ENE_02": 644.0, "ENE_03": 579.0, "ENE_04": 769.0, "ENE_05": 401.0, "ENE_06": 503.0, "ENE_07": 305.0, "ENE_08": 286.0, "ENE_09": 346.0, "ENE_10": 307.0, "ENE_11": 247.0, "ENE_12": 240.78, "DIC_01": 8.36, "DIC_02": 0.16, "DIC_03": 0.0, "DIC_04": 0.0, "DIC_05": 0.0, "DIC_06": 0.0, "DIC_07": 0.0, "DIC_08": 0.0, "DIC_09": 0.0, "DIC_10": 0.0, "DIC_11": 0.0, "DIC_12": 0.23, "FIC_01": 2.0, "FIC_02": 2.0, "FIC_03": 0.0, "FIC_04": 0.0, "FIC_05": 0.0, "FIC_06": 0.0, "FIC_07": 0.0, "FIC_08": 0.0, "FIC_09": 0.0, "FIC_10": 0.0, "FIC_11": 0.0, "FIC_12": 1.0, "SEMRED": 0, "DESCR": " ", "COD_ID": "9ad70f860f41b6a841ee0b02c03922b4baee2c5375be6c7edbfb347589ceb442", "__layer": "UCBT_tab" }, "geometry": null },
{ "type": "Feature", "properties": { "DIST": 390, "PAC": "33754071739611908L", "RAMAL": "9662054S1", "PN_CON": "792872", "UNI_TR_MT": "14426514", "CTMT": "TTI0115", "UNI_TR_AT": "DTTI-EQ-TR2", "SUB": "DTTI", "CONJ": 12986, "MUN": "3550308", "CEG_GD": " ", "BRR": "R CONS COTEGIPE 219 BELENZINHO", "CEP": "03058-000", "CLAS_SUB": "RE1", "CNAE": " ", "TIP_CC": "RES-Tipo02", "FAS_CON": "ABCN", "GRU_TEN": "BT", "TEN_FORN": "10", "GRU_TAR": "B1", "SIT_ATIV": "AT", "DAT_CON": "09/12/2013", "CAR_INST": 10.8, "LIV": 0, "ARE_LOC": "UB", "TIP_SIST": "RD_INTERLIG", "ENE_01": 107.07, "ENE_02": 216.0, "ENE_03": 209.0, "ENE_04": 243.0, "ENE_05": 219.0, "ENE_06": 223.0, "ENE_07": 181.0, "ENE_08": 184.0, "ENE_09": 209.0, "ENE_10": 213.0, "ENE_11": 294.0, "ENE_12": 222.34, "DIC_01": 8.36, "DIC_02": 0.16, "DIC_03": 0.0, "DIC_04": 0.0, "DIC_05": 0.0, "DIC_06": 0.0, "DIC_07": 0.0, "DIC_08": 0.0, "DIC_09": 0.0, "DIC_10": 0.0, "DIC_11": 0.0, "DIC_12": 0.23, "FIC_01": 2.0, "FIC_02": 2.0, "FIC_03": 0.0, "FIC_04": 0.0, "FIC_05": 0.0, "FIC_06": 0.0, "FIC_07": 0.0, "FIC_08": 0.0, "FIC_09": 0.0, "FIC_10": 0.0, "FIC_11": 0.0, "FIC_12": 1.0, "SEMRED": 0, "DESCR": " ", "COD_ID": "5c1eea7c619e760d749989284dec9da9e63a5d3476177b486a2722864d75b814", "__layer": "UCBT_tab" }, "geometry": null },
{ "type": "Feature", "properties": { "DIST": 390, "PAC": "33754071739611908L", "RAMAL": "9662054S1", "PN_CON": "792872", "UNI_TR_MT": "14426514", "CTMT": "TTI0115", "UNI_TR_AT": "DTTI-EQ-TR2", "SUB": "DTTI", "CONJ": 12986, "MUN": "3550308", "CEG_GD": " ", "BRR": "R CONS COTEGIPE 219 BELENZINHO", "CEP": "03058-000", "CLAS_SUB": "RE1", "CNAE": " ", "TIP_CC": "RES-Tipo02", "FAS_CON": "ABN", "GRU_TEN": "BT", "TEN_FORN": "10", "GRU_TAR": "B1", "SIT_ATIV": "AT", "DAT_CON": "09/12/2013", "CAR_INST": 10.8, "LIV": 0, "ARE_LOC": "UB", "TIP_SIST": "RD_INTERLIG", "ENE_01": 91.56, "ENE_02": 188.0, "ENE_03": 150.0, "ENE_04": 193.0, "ENE_05": 164.0, "ENE_06": 168.0, "ENE_07": 114.0, "ENE_08": 141.0, "ENE_09": 167.0, "ENE_10": 174.0, "ENE_11": 155.0, "ENE_12": 147.57, "DIC_01": 8.36, "DIC_02": 0.16, "DIC_03": 0.0, "DIC_04": 0.0, "DIC_05": 0.0, "DIC_06": 0.0, "DIC_07": 0.0, "DIC_08": 0.0, "DIC_09": 0.0, "DIC_10": 0.0, "DIC_11": 0.0, "DIC_12": 0.23, "FIC_01": 2.0, "FIC_02": 2.0, "FIC_03": 0.0, "FIC_04": 0.0, "FIC_05": 0.0, "FIC_06": 0.0, "FIC_07": 0.0, "FIC_08": 0.0, "FIC_09": 0.0, "FIC_10": 0.0, "FIC_11": 0.0, "FIC_12": 1.0, "SEMRED": 0, "DESCR": " ", "COD_ID": "6a82c8368e73dbb78c920775e3bf47ad954c2dcde42e9908a56fa9bb4b0c494f", "__layer": "UCBT_tab" }, "geometry": null },
{ "type": "Feature", "properties": { "DIST": 390, "PAC": "33754071739611908L", "RAMAL": "9662054S1", "PN_CON": "792872", "UNI_TR_MT": "14426514", "CTMT": "TTI0115", "UNI_TR_AT": "DTTI-EQ-TR2", "SUB": "DTTI", "CONJ": 12986, "MUN": "3550308", "CEG_GD": " ", "BRR": "R CONS COTEGIPE 219 BELENZINHO", "CEP": "03058-000", "CLAS_SUB": "RE1", "CNAE": " ", "TIP_CC": "RES-Tipo01", "FAS_CON": "ABN", "GRU_TEN": "BT", "TEN_FORN": "10", "GRU_TAR": "B1", "SIT_ATIV": "AT", "DAT_CON": "09/12/2013", "CAR_INST": 10.8, "LIV": 0, "ARE_LOC": "UB", "TIP_SIST": "RD_INTERLIG", "ENE_01": 36.52, "ENE_02": 75.0, "ENE_03": 101.0, "ENE_04": 90.0, "ENE_05": 81.0, "ENE_06": 78.0, "ENE_07": 62.0, "ENE_08": 77.0, "ENE_09": 99.0, "ENE_10": 91.0, "ENE_11": 75.0, "ENE_12": 88.35, "DIC_01": 8.36, "DIC_02": 0.16, "DIC_03": 0.0, "DIC_04": 0.0, "DIC_05": 0.0, "DIC_06": 0.0, "DIC_07": 0.0, "DIC_08": 0.0, "DIC_09": 0.0, "DIC_10": 0.0, "DIC_11": 0.0, "DIC_12": 0.23, "FIC_01": 2.0, "FIC_02": 2.0, "FIC_03": 0.0, "FIC_04": 0.0, "FIC_05": 0.0, "FIC_06": 0.0, "FIC_07": 0.0, "FIC_08": 0.0, "FIC_09": 0.0, "FIC_10": 0.0, "FIC_11": 0.0, "FIC_12": 1.0, "SEMRED": 0, "DESCR": " ", "COD_ID": "5acf729865efe7c51800a9bfdcd73a00b6877a3d6ee039545a2cb9b90fee15e7", "__layer": "UCBT_tab" }, "geometry": null },
{ "type": "Feature", "properties": { "DIST": 390, "PAC": "33754071739611908L", "RAMAL": "9662054S1", "PN_CON": "792872", "UNI_TR_MT": "14426514", "CTMT": "TTI0115", "UNI_TR_AT": "DTTI-EQ-TR2", "SUB": "DTTI", "CONJ": 12986, "MUN": "3550308", "CEG_GD": " ", "BRR": "R CONS COTEGIPE 219 BELENZINHO", "CEP": "03058-000", "CLAS_SUB": "RE1", "CNAE": " ", "TIP_CC": "RES-Tipo02", "FAS_CON": "ABN", "GRU_TEN": "BT", "TEN_FORN": "10", "GRU_TAR": "B1", "SIT_ATIV": "AT", "DAT_CON": "09/12/2013", "CAR_INST": 10.8, "LIV": 0, "ARE_LOC": "UB", "TIP_SIST": "RD_INTERLIG", "ENE_01": 152.6, "ENE_02": 266.0, "ENE_03": 240.0, "ENE_04": 268.0, "ENE_05": 242.0, "ENE_06": 332.0, "ENE_07": 213.0, "ENE_08": 361.0, "ENE_09": 345.0, "ENE_10": 201.0, "ENE_11": 244.0, "ENE_12": 258.26, "DIC_01": 8.36, "DIC_02": 0.16, "DIC_03": 0.0, "DIC_04": 0.0, "DIC_05": 0.0, "DIC_06": 0.0, "DIC_07": 0.0, "DIC_08": 0.0, "DIC_09": 0.0, "DIC_10": 0.0, "DIC_11": 0.0, "DIC_12": 0.23, "FIC_01": 2.0, "FIC_02": 2.0, "FIC_03": 0.0, "FIC_04": 0.0, "FIC_05": 0.0, "FIC_06": 0.0, "FIC_07": 0.0, "FIC_08": 0.0, "FIC_09": 0.0, "FIC_10": 0.0, "FIC_11": 0.0, "FIC_12": 1.0, "SEMRED": 0, "DESCR": " ", "COD_ID": "823471b9525394ad5dfcd45b97fc977e0b753963289d9b0060c563ab3a056d07", "__layer": "UCBT_tab" }, "geometry": null },
{ "type": "Feature", "properties": { "DIST": 390, "PAC": "33754071739611908L", "RAMAL": "9662054S1", "PN_CON": "792872", "UNI_TR_MT": "14426514", "CTMT": "TTI0115", "UNI_TR_AT": "DTTI-EQ-TR2", "SUB": "DTTI", "CONJ": 12986, "MUN": "3550308", "CEG_GD": " ", "BRR": "R CONS COTEGIPE 219 BELENZINHO", "CEP": "03058-000", "CLAS_SUB": "RE1", "CNAE": " ", "TIP_CC": "RES-Tipo03", "FAS_CON": "ABCN", "GRU_TEN": "BT", "TEN_FORN": "10", "GRU_TAR": "B1", "SIT_ATIV": "AT", "DAT_CON": "09/12/2013", "CAR_INST": 10.8, "LIV": 0, "ARE_LOC": "UB", "TIP_SIST": "RD_INTERLIG", "ENE_01": 79.55, "ENE_02": 134.0, "ENE_03": 146.0, "ENE_04": 166.0, "ENE_05": 142.0, "ENE_06": 17.0, "ENE_07": 4.0, "ENE_08": 50.0, "ENE_09": 72.0, "ENE_10": 127.0, "ENE_11": 117.0, "ENE_12": 188.35, "DIC_01": 8.36, "DIC_02": 0.16, "DIC_03": 0.0, "DIC_04": 0.0, "DIC_05": 0.0, "DIC_06": 0.0, "DIC_07": 0.0, "DIC_08": 0.0, "DIC_09": 0.0, "DIC_10": 0.0, "DIC_11": 0.0, "DIC_12": 0.23, "FIC_01": 2.0, "FIC_02": 2.0, "FIC_03": 0.0, "FIC_04": 0.0, "FIC_05": 0.0, "FIC_06": 0.0, "FIC_07": 0.0, "FIC_08": 0.0, "FIC_09": 0.0, "FIC_10": 0.0, "FIC_11": 0.0, "FIC_12": 1.0, "SEMRED": 0, "DESCR": " ", "COD_ID": "988f2ca012fac0abb4f7ed05b622d9764227abbd4e572fad33e037630cf54203", "__layer": "UCBT_tab" }, "geometry": null },
{ "type": "Feature", "properties": { "DIST": 390, "PAC": "33754071739611908L", "RAMAL": "9662054S1", "PN_CON": "792872", "UNI_TR_MT": "14426514", "CTMT": "TTI0115", "UNI_TR_AT": "DTTI-EQ-TR2", "SUB": "DTTI", "CONJ": 12986, "MUN": "3550308", "CEG_GD": " ", "BRR": "R CONS COTEGIPE 219 BELENZINHO", "CEP": "03058-000", "CLAS_SUB": "RE1", "CNAE": " ", "TIP_CC": "RES-Tipo04", "FAS_CON": "ABN", "GRU_TEN": "BT", "TEN_FORN": "10", "GRU_TAR": "B1", "SIT_ATIV": "AT", "DAT_CON": "09/12/2013", "CAR_INST": 10.8, "LIV": 0, "ARE_LOC": "UB", "TIP_SIST": "RD_INTERLIG", "ENE_01": 203.63, "ENE_02": 308.0, "ENE_03": 292.0, "ENE_04": 311.0, "ENE_05": 323.0, "ENE_06": 358.0, "ENE_07": 285.0, "ENE_08": 333.0, "ENE_09": 352.0, "ENE_10": 285.0, "ENE_11": 323.0, "ENE_12": 289.33, "DIC_01": 8.36, "DIC_02": 0.16, "DIC_03": 0.0, "DIC_04": 0.0, "DIC_05": 0.0, "DIC_06": 0.0, "DIC_07": 0.0, "DIC_08": 0.0, "DIC_09": 0.0, "DIC_10": 0.0, "DIC_11": 0.0, "DIC_12": 0.23, "FIC_01": 2.0, "FIC_02": 2.0, "FIC_03": 0.0, "FIC_04": 0.0, "FIC_05": 0.0, "FIC_06": 0.0, "FIC_07": 0.0, "FIC_08": 0.0, "FIC_09": 0.0, "FIC_10": 0.0, "FIC_11": 0.0, "FIC_12": 1.0, "SEMRED": 0, "DESCR": " ", "COD_ID": "46eced4d0b6acbc7fb6c01c998386f4cf40594a05fba1c8b56c5153d79f26b0c", "__layer": "UCBT_tab" }, "geometry": null },
{ "type": "Feature", "properties": { "DIST": 390, "PAC": "33754071739611908L", "RAMAL": "9662054S1", "PN_CON": "792872", "UNI_TR_MT": "14426514", "CTMT": "TTI0115", "UNI_TR_AT": "DTTI-EQ-TR2", "SUB": "DTTI", "CONJ": 12986, "MUN": "3550308", "CEG_GD": " ", "BRR": "R CONS COTEGIPE 219 BELENZINHO", "CEP": "03058-000", "CLAS_SUB": "RE1", "CNAE": " ", "TIP_CC": "RES-Tipo03", "FAS_CON": "ABN", "GRU_TEN": "BT", "TEN_FORN": "10", "GRU_TAR": "B1", "SIT_ATIV": "AT", "DAT_CON": "09/12/2013", "CAR_INST": 10.8, "LIV": 0, "ARE_LOC": "UB", "TIP_SIST": "RD_INTERLIG", "ENE_01": 63.54, "ENE_02": 158.0, "ENE_03": 140.0, "ENE_04": 177.0, "ENE_05": 143.0, "ENE_06": 159.0, "ENE_07": 136.0, "ENE_08": 142.0, "ENE_09": 149.0, "ENE_10": 118.0, "ENE_11": 146.0, "ENE_12": 159.23, "DIC_01": 8.36, "DIC_02": 0.16, "DIC_03": 0.0, "DIC_04": 0.0, "DIC_05": 0.0, "DIC_06": 0.0, "DIC_07": 0.0, "DIC_08": 0.0, "DIC_09": 0.0, "DIC_10": 0.0, "DIC_11": 0.0, "DIC_12": 0.23, "FIC_01": 2.0, "FIC_02": 2.0, "FIC_03": 0.0, "FIC_04": 0.0, "FIC_05": 0.0, "FIC_06": 0.0, "FIC_07": 0.0, "FIC_08": 0.0, "FIC_09": 0.0, "FIC_10": 0.0, "FIC_11": 0.0, "FIC_12": 1.0, "SEMRED": 0, "DESCR": " ", "COD_ID": "4e4257a1cf405ce72960ada78d0c2d50790f7f60dbca9ae67ad333733cf350aa", "__layer": "UCBT_tab" }, "geometry": null },
{ "type": "Feature", "properties": { "DIST": 390, "PAC": "33754071739611908L", "RAMAL": "9662054S1", "PN_CON": "792872", "UNI_TR_MT": "14426514", "CTMT": "TTI0115", "UNI_TR_AT": "DTTI-EQ-TR2", "SUB": "DTTI", "CONJ": 12986, "MUN": "3550308", "CEG_GD": " ", "BRR": "R CONS COTEGIPE 219 BELENZINHO", "CEP": "03058-000", "CLAS_SUB": "RE1", "CNAE": " ", "TIP_CC": "RES-Tipo01", "FAS_CON": "ABN", "GRU_TEN": "BT", "TEN_FORN": "10", "GRU_TAR": "B1", "SIT_ATIV": "AT", "DAT_CON": "09/12/2013", "CAR_INST": 10.8, "LIV": 0, "ARE_LOC": "UB", "TIP_SIST": "RD_INTERLIG", "ENE_01": 53.53, "ENE_02": 95.0, "ENE_03": 82.0, "ENE_04": 99.0, "ENE_05": 93.0, "ENE_06": 98.0, "ENE_07": 84.0, "ENE_08": 79.0, "ENE_09": 91.0, "ENE_10": 90.0, "ENE_11": 89.0, "ENE_12": 83.49, "DIC_01": 8.36, "DIC_02": 0.16, "DIC_03": 0.0, "DIC_04": 0.0, "DIC_05": 0.0, "DIC_06": 0.0, "DIC_07": 0.0, "DIC_08": 0.0, "DIC_09": 0.0, "DIC_10": 0.0, "DIC_11": 0.0, "DIC_12": 0.23, "FIC_01": 2.0, "FIC_02": 2.0, "FIC_03": 0.0, "FIC_04": 0.0, "FIC_05": 0.0, "FIC_06": 0.0, "FIC_07": 0.0, "FIC_08": 0.0, "FIC_09": 0.0, "FIC_10": 0.0, "FIC_11": 0.0, "FIC_12": 1.0, "SEMRED": 0, "DESCR": " ", "COD_ID": "c2d0539d028d3a634d5b562ad22584c72c48d85f01c5c223676b0b28de26394d", "__layer": "UCBT_tab" }, "geometry": null },
{ "type": "Feature", "properties": { "DIST": 390, "PAC": "33754071739611908L", "RAMAL": "9662054S1", "PN_CON": "792872", "UNI_TR_MT": "14426514", "CTMT": "TTI0115", "UNI_TR_AT": "DTTI-EQ-TR2", "SUB": "DTTI", "CONJ": 12986, "MUN": "3550308", "CEG_GD": " ", "BRR": "R CONS COTEGIPE 219 BELENZINHO", "CEP": "03058-000", "CLAS_SUB": "RE1", "CNAE": " ", "TIP_CC": "RES-Tipo03", "FAS_CON": "ABN", "GRU_TEN": "BT", "TEN_FORN": "10", "GRU_TAR": "B1", "SIT_ATIV": "AT", "DAT_CON": "09/12/2013", "CAR_INST": 6.8, "LIV": 0, "ARE_LOC": "UB", "TIP_SIST": "RD_INTERLIG", "ENE_01": 152.1, "ENE_02": 223.0, "ENE_03": 270.0, "ENE_04": 403.0, "ENE_05": 161.0, "ENE_06": 158.0, "ENE_07": 119.0, "ENE_08": 125.0, "ENE_09": 148.0, "ENE_10": 110.0, "ENE_11": 50.0, "ENE_12": 1.94, "DIC_01": 8.36, "DIC_02": 0.16, "DIC_03": 0.0, "DIC_04": 0.0, "DIC_05": 0.0, "DIC_06": 0.0, "DIC_07": 0.0, "DIC_08": 0.0, "DIC_09": 0.0, "DIC_10": 0.0, "DIC_11": 0.0, "DIC_12": 0.23, "FIC_01": 2.0, "FIC_02": 2.0, "FIC_03": 0.0, "FIC_04": 0.0, "FIC_05": 0.0, "FIC_06": 0.0, "FIC_07": 0.0, "FIC_08": 0.0, "FIC_09": 0.0, "FIC_10": 0.0, "FIC_11": 0.0, "FIC_12": 1.0, "SEMRED": 0, "DESCR": " ", "COD_ID": "d294c022ebe432dfd03a57f75d9026b176547da89e6f568c6a173cf0da6beda1", "__layer": "UCBT_tab" }, "geometry": null },
{ "type": "Feature", "properties": { "DIST": 390, "PAC": "33754071739611908L", "RAMAL": "9662054S1", "PN_CON": "792872", "UNI_TR_MT": "14426514", "CTMT": "TTI0115", "UNI_TR_AT": "DTTI-EQ-TR2", "SUB": "DTTI", "CONJ": 12986, "MUN": "3550308", "CEG_GD": " ", "BRR": "R CONS COTEGIPE 219 BELENZINHO", "CEP": "03058-000", "CLAS_SUB": "RE1", "CNAE": " ", "TIP_CC": "RES-Tipo01", "FAS_CON": "ABN", "GRU_TEN": "BT", "TEN_FORN": "10", "GRU_TAR": "B1", "SIT_ATIV": "AT", "DAT_CON": "09/12/2013", "CAR_INST": 5.2, "LIV": 0, "ARE_LOC": "UB", "TIP_SIST": "RD_INTERLIG", "ENE_01": 35.02, "ENE_02": 50.0, "ENE_03": 75.0, "ENE_04": 89.0, "ENE_05": 70.0, "ENE_06": 75.0, "ENE_07": 64.0, "ENE_08": 68.0, "ENE_09": 75.0, "ENE_10": 124.0, "ENE_11": 99.0, "ENE_12": 93.2, "DIC_01": 8.36, "DIC_02": 0.16, "DIC_03": 0.0, "DIC_04": 0.0, "DIC_05": 0.0, "DIC_06": 0.0, "DIC_07": 0.0, "DIC_08": 0.0, "DIC_09": 0.0, "DIC_10": 0.0, "DIC_11": 0.0, "DIC_12": 0.23, "FIC_01": 2.0, "FIC_02": 2.0, "FIC_03": 0.0, "FIC_04": 0.0, "FIC_05": 0.0, "FIC_06": 0.0, "FIC_07": 0.0, "FIC_08": 0.0, "FIC_09": 0.0, "FIC_10": 0.0, "FIC_11": 0.0, "FIC_12": 1.0, "SEMRED": 0, "DESCR": " ", "COD_ID": "0aeeb80b5f7457e1f9c6833bb3c5492e3c0e1b7c1d15e99c1dd38ca2fa4f8049", "__layer": "UCBT_tab" }, "geometry": null },
{ "type": "Feature", "properties": { "DIST": 390, "PAC": "33754071739611908L", "RAMAL": "9662054S1", "PN_CON": "792872", "UNI_TR_MT": "14426514", "CTMT": "TTI0115", "UNI_TR_AT": "DTTI-EQ-TR2", "SUB": "DTTI", "CONJ": 12986, "MUN": "3550308", "CEG_GD": " ", "BRR": "R CONS COTEGIPE 219 BELENZINHO", "CEP": "03058-000", "CLAS_SUB": "RE1", "CNAE": " ", "TIP_CC": "RES-Tipo05", "FAS_CON": "ABN", "GRU_TEN": "BT", "TEN_FORN": "10", "GRU_TAR": "B1", "SIT_ATIV": "AT", "DAT_CON": "09/12/2013", "CAR_INST": 10.8, "LIV": 0, "ARE_LOC": "UB", "TIP_SIST": "RD_INTERLIG", "ENE_01": 276.18, "ENE_02": 491.0, "ENE_03": 488.0, "ENE_04": 525.0, "ENE_05": 361.0, "ENE_06": 440.0, "ENE_07": 318.0, "ENE_08": 235.0, "ENE_09": 262.0, "ENE_10": 560.0, "ENE_11": 461.0, "ENE_12": 492.25, "DIC_01": 8.36, "DIC_02": 0.16, "DIC_03": 0.0, "DIC_04": 0.0, "DIC_05": 0.0, "DIC_06": 0.0, "DIC_07": 0.0, "DIC_08": 0.0, "DIC_09": 0.0, "DIC_10": 0.0, "DIC_11": 0.0, "DIC_12": 0.23, "FIC_01": 2.0, "FIC_02": 2.0, "FIC_03": 0.0, "FIC_04": 0.0, "FIC_05": 0.0, "FIC_06": 0.0, "FIC_07": 0.0, "FIC_08": 0.0, "FIC_09": 0.0, "FIC_10": 0.0, "FIC_11": 0.0, "FIC_12": 1.0, "SEMRED": 0, "DESCR": " ", "COD_ID": "eb78eea15c29cae170750005eba195f81d5e9fff2bd73f0cedfcd3d4883b4b8c", "__layer": "UCBT_tab" }, "geometry": null },
{ "type": "Feature", "properties": { "DIST": 390, "PAC": "33754071739611908L", "RAMAL": "9662054S1", "PN_CON": "792872", "UNI_TR_MT": "14426514", "CTMT": "TTI0115", "UNI_TR_AT": "DTTI-EQ-TR2", "SUB": "DTTI", "CONJ": 12986, "MUN": "3550308", "CEG_GD": " ", "BRR": "R CONS COTEGIPE 219 BELENZINHO", "CEP": "03058-000", "CLAS_SUB": "RE1", "CNAE": " ", "TIP_CC": "RES-Tipo03", "FAS_CON": "ABN", "GRU_TEN": "BT", "TEN_FORN": "10", "GRU_TAR": "B1", "SIT_ATIV": "AT", "DAT_CON": "09/12/2013", "CAR_INST": 10.8, "LIV": 0, "ARE_LOC": "UB", "TIP_SIST": "RD_INTERLIG", "ENE_01": 83.05, "ENE_02": 166.0, "ENE_03": 148.0, "ENE_04": 176.0, "ENE_05": 166.0, "ENE_06": 169.0, "ENE_07": 120.0, "ENE_08": 130.0, "ENE_09": 136.0, "ENE_10": 134.0, "ENE_11": 127.0, "ENE_12": 130.1, "DIC_01": 8.36, "DIC_02": 0.16, "DIC_03": 0.0, "DIC_04": 0.0, "DIC_05": 0.0, "DIC_06": 0.0, "DIC_07": 0.0, "DIC_08": 0.0, "DIC_09": 0.0, "DIC_10": 0.0, "DIC_11": 0.0, "DIC_12": 0.23, "FIC_01": 2.0, "FIC_02": 2.0, "FIC_03": 0.0, "FIC_04": 0.0, "FIC_05": 0.0, "FIC_06": 0.0, "FIC_07": 0.0, "FIC_08": 0.0, "FIC_09": 0.0, "FIC_10": 0.0, "FIC_11": 0.0, "FIC_12": 1.0, "SEMRED": 0, "DESCR": " ", "COD_ID": "b980bb83a0e9f3052727bcfafc3c6564b7081f9b234dd4259457cd6d01a14ef1", "__layer": "UCBT_tab" }, "geometry": null },
{ "type": "Feature", "properties": { "DIST": 390, "PAC": "33754071739611908L", "RAMAL": "9662054S1", "PN_CON": "792872", "UNI_TR_MT": "14426514", "CTMT": "TTI0115", "UNI_TR_AT": "DTTI-EQ-TR2", "SUB": "DTTI", "CONJ": 12986, "MUN": "3550308", "CEG_GD": " ", "BRR": "R CONS COTEGIPE 219 BELENZINHO", "CEP": "03058-000", "CLAS_SUB": "RE1", "CNAE": " ", "TIP_CC": "RES-Tipo02", "FAS_CON": "ABN", "GRU_TEN": "BT", "TEN_FORN": "10", "GRU_TAR": "B1", "SIT_ATIV": "AT", "DAT_CON": "09/12/2013", "CAR_INST": 10.8, "LIV": 0, "ARE_LOC": "UB", "TIP_SIST": "RD_INTERLIG", "ENE_01": 105.07, "ENE_02": 202.0, "ENE_03": 185.0, "ENE_04": 211.0, "ENE_05": 223.0, "ENE_06": 227.0, "ENE_07": 171.0, "ENE_08": 192.0, "ENE_09": 229.0, "ENE_10": 189.0, "ENE_11": 205.0, "ENE_12": 157.28, "DIC_01": 8.36, "DIC_02": 0.16, "DIC_03": 0.0, "DIC_04": 0.0, "DIC_05": 0.0, "DIC_06": 0.0, "DIC_07": 0.0, "DIC_08": 0.0, "DIC_09": 0.0, "DIC_10": 0.0, "DIC_11": 0.0, "DIC_12": 0.23, "FIC_01": 2.0, "FIC_02": 2.0, "FIC_03": 0.0, "FIC_04": 0.0, "FIC_05": 0.0, "FIC_06": 0.0, "FIC_07": 0.0, "FIC_08": 0.0, "FIC_09": 0.0, "FIC_10": 0.0, "FIC_11": 0.0, "FIC_12": 1.0, "SEMRED": 0, "DESCR": " ", "COD_ID": "9fe833908449225463f4fbcfac22fa659733bf15f097a2c50fb3a3691b7ad7bc", "__layer": "UCBT_tab" }, "geometry": null },
{ "type": "Feature", "properties": { "DIST": 390, "PAC": "33754071739611908L", "RAMAL": "9662054S1", "PN_CON": "792872", "UNI_TR_MT": "14426514", "CTMT": "TTI0115", "UNI_TR_AT": "DTTI-EQ-TR2", "SUB": "DTTI", "CONJ": 12986, "MUN": "3550308", "CEG_GD": " ", "BRR": "R CONS COTEGIPE 219 BELENZINHO", "CEP": "03058-000", "CLAS_SUB": "RE1", "CNAE": " ", "TIP_CC": "RES-Tipo02", "FAS_CON": "ABN", "GRU_TEN": "BT", "TEN_FORN": "10", "GRU_TAR": "B1", "SIT_ATIV": "AT", "DAT_CON": "09/12/2013", "CAR_INST": 10.8, "LIV": 0, "ARE_LOC": "UB", "TIP_SIST": "RD_INTERLIG", "ENE_01": 105.07, "ENE_02": 202.0, "ENE_03": 254.0, "ENE_04": 243.0, "ENE_05": 221.0, "ENE_06": 217.0, "ENE_07": 190.0, "ENE_08": 147.0, "ENE_09": 166.0, "ENE_10": 207.0, "ENE_11": 209.0, "ENE_12": 192.24, "DIC_01": 8.36, "DIC_02": 0.16, "DIC_03": 0.0, "DIC_04": 0.0, "DIC_05": 0.0, "DIC_06": 0.0, "DIC_07": 0.0, "DIC_08": 0.0, "DIC_09": 0.0, "DIC_10": 0.0, "DIC_11": 0.0, "DIC_12": 0.23, "FIC_01": 2.0, "FIC_02": 2.0, "FIC_03": 0.0, "FIC_04": 0.0, "FIC_05": 0.0, "FIC_06": 0.0, "FIC_07": 0.0, "FIC_08": 0.0, "FIC_09": 0.0, "FIC_10": 0.0, "FIC_11": 0.0, "FIC_12": 1.0, "SEMRED": 0, "DESCR": " ", "COD_ID": "74de855e6a426ffd0524b7bb98277f4b0cbaed272d8115c952990e2064ca3045", "__layer": "UCBT_tab" }, "geometry": null },
{ "type": "Feature", "properties": { "DIST": 390, "PAC": "33754071739611908L", "RAMAL": "9662054S1", "PN_CON": "792872", "UNI_TR_MT": "14426514", "CTMT": "TTI0115", "UNI_TR_AT": "DTTI-EQ-TR2", "SUB": "DTTI", "CONJ": 12986, "MUN": "3550308", "CEG_GD": " ", "BRR": "R CONS COTEGIPE 219 BELENZINHO", "CEP": "03058-000", "CLAS_SUB": "RE1", "CNAE": " ", "TIP_CC": "RES-Tipo01", "FAS_CON": "ABCN", "GRU_TEN": "BT", "TEN_FORN": "10", "GRU_TAR": "B1", "SIT_ATIV": "AT", "DAT_CON": "09/12/2013", "CAR_INST": 10.8, "LIV": 0, "ARE_LOC": "UB", "TIP_SIST": "RD_INTERLIG", "ENE_01": 33.02, "ENE_02": 67.0, "ENE_03": 50.0, "ENE_04": 68.0, "ENE_05": 63.0, "ENE_06": 64.0, "ENE_07": 56.0, "ENE_08": 68.0, "ENE_09": 78.0, "ENE_10": 75.0, "ENE_11": 70.0, "ENE_12": 102.91, "DIC_01": 8.36, "DIC_02": 0.16, "DIC_03": 0.0, "DIC_04": 0.0, "DIC_05": 0.0, "DIC_06": 0.0, "DIC_07": 0.0, "DIC_08": 0.0, "DIC_09": 0.0, "DIC_10": 0.0, "DIC_11": 0.0, "DIC_12": 0.23, "FIC_01": 2.0, "FIC_02": 2.0, "FIC_03": 0.0, "FIC_04": 0.0, "FIC_05": 0.0, "FIC_06": 0.0, "FIC_07": 0.0, "FIC_08": 0.0, "FIC_09": 0.0, "FIC_10": 0.0, "FIC_11": 0.0, "FIC_12": 1.0, "SEMRED": 0, "DESCR": " ", "COD_ID": "49b65f7789154594aade0eaab61ae0b342a65ec4259ea1d61eec1ac181829530", "__layer": "UCBT_tab" }, "geometry": null },
{ "type": "Feature", "properties": { "DIST": 390, "PAC": "33754071739611908L", "RAMAL": "9662054S1", "PN_CON": "792872", "UNI_TR_MT": "14426514", "CTMT": "TTI0115", "UNI_TR_AT": "DTTI-EQ-TR2", "SUB": "DTTI", "CONJ": 12986, "MUN": "3550308", "CEG_GD": " ", "BRR": "R CONS COTEGIPE 219 BELENZINHO", "CEP": "03058-000", "CLAS_SUB": "RE1", "CNAE": " ", "TIP_CC": "RES-Tipo01", "FAS_CON": "ABN", "GRU_TEN": "BT", "TEN_FORN": "10", "GRU_TAR": "B1", "SIT_ATIV": "AT", "DAT_CON": "09/12/2013", "CAR_INST": 10.8, "LIV": 0, "ARE_LOC": "UB", "TIP_SIST": "RD_INTERLIG", "ENE_01": 0.5, "ENE_02": 50.0, "ENE_03": 36.0, "ENE_04": 41.0, "ENE_05": 37.0, "ENE_06": 50.0, "ENE_07": 50.0, "ENE_08": 50.0, "ENE_09": 50.0, "ENE_10": 50.0, "ENE_11": 35.0, "ENE_12": 48.54, "DIC_01": 8.36, "DIC_02": 0.16, "DIC_03": 0.0, "DIC_04": 0.0, "DIC_05": 0.0, "DIC_06": 0.0, "DIC_07": 0.0, "DIC_08": 0.0, "DIC_09": 0.0, "DIC_10": 0.0, "DIC_11": 0.0, "DIC_12": 0.23, "FIC_01": 2.0, "FIC_02": 2.0, "FIC_03": 0.0, "FIC_04": 0.0, "FIC_05": 0.0, "FIC_06": 0.0, "FIC_07": 0.0, "FIC_08": 0.0, "FIC_09": 0.0, "FIC_10": 0.0, "FIC_11": 0.0, "FIC_12": 1.0, "SEMRED": 0, "DESCR": " ", "COD_ID": "59247c1e303f84416b95112a739e605980ae6a6abfb8f2b0b4a5d61c6d7168e9", "__layer": "UCBT_tab" }, "geometry": null },
{ "type": "Feature", "properties": { "DIST": 390, "PAC": "33754071739611908L", "RAMAL": "9662054S1", "PN_CON": "792872", "UNI_TR_MT": "14426514", "CTMT": "TTI0115", "UNI_TR_AT": "DTTI-EQ-TR2", "SUB": "DTTI", "CONJ": 12986, "MUN": "3550308", "CEG_GD": " ", "BRR": "R CONS COTEGIPE 219 BELENZINHO", "CEP": "03058-000", "CLAS_SUB": "RE1", "CNAE": " ", "TIP_CC": "RES-Tipo03", "FAS_CON": "ABN", "GRU_TEN": "BT", "TEN_FORN": "10", "GRU_TAR": "B1", "SIT_ATIV": "AT", "DAT_CON": "09/12/2013", "CAR_INST": 10.8, "LIV": 0, "ARE_LOC": "UB", "TIP_SIST": "RD_INTERLIG", "ENE_01": 115.07, "ENE_02": 210.0, "ENE_03": 180.0, "ENE_04": 184.0, "ENE_05": 180.0, "ENE_06": 183.0, "ENE_07": 146.0, "ENE_08": 145.0, "ENE_09": 154.0, "ENE_10": 161.0, "ENE_11": 164.0, "ENE_12": 141.75, "DIC_01": 8.36, "DIC_02": 0.16, "DIC_03": 0.0, "DIC_04": 0.0, "DIC_05": 0.0, "DIC_06": 0.0, "DIC_07": 0.0, "DIC_08": 0.0, "DIC_09": 0.0, "DIC_10": 0.0, "DIC_11": 0.0, "DIC_12": 0.23, "FIC_01": 2.0, "FIC_02": 2.0, "FIC_03": 0.0, "FIC_04": 0.0, "FIC_05": 0.0, "FIC_06": 0.0, "FIC_07": 0.0, "FIC_08": 0.0, "FIC_09": 0.0, "FIC_10": 0.0, "FIC_11": 0.0, "FIC_12": 1.0, "SEMRED": 0, "DESCR": " ", "COD_ID": "f2d297d991996926f4bfa4b0d471e8ccadc0a4066f8715bd6f4a60a82bf39250", "__layer": "UCBT_tab" }, "geometry": null },
{ "type": "Feature", "properties": { "DIST": 390, "PAC": "33754071739611908L", "RAMAL": "9662054S1", "PN_CON": "792872", "UNI_TR_MT": "14426514", "CTMT": "TTI0115", "UNI_TR_AT": "DTTI-EQ-TR2", "SUB": "DTTI", "CONJ": 12986, "MUN": "3550308", "CEG_GD": " ", "BRR": "R CONS COTEGIPE 219 BELENZINHO", "CEP": "03058-000", "CLAS_SUB": "RE1", "CNAE": " ", "TIP_CC": "RES-Tipo01", "FAS_CON": "ABN", "GRU_TEN": "BT", "TEN_FORN": "10", "GRU_TAR": "B1", "SIT_ATIV": "AT", "DAT_CON": "09/12/2013", "CAR_INST": 10.8, "LIV": 0, "ARE_LOC": "UB", "TIP_SIST": "RD_INTERLIG", "ENE_01": 47.53, "ENE_02": 95.0, "ENE_03": 86.0, "ENE_04": 103.0, "ENE_05": 96.0, "ENE_06": 89.0, "ENE_07": 81.0, "ENE_08": 89.0, "ENE_09": 100.0, "ENE_10": 96.0, "ENE_11": 87.0, "ENE_12": 96.12, "DIC_01": 8.36, "DIC_02": 0.16, "DIC_03": 0.0, "DIC_04": 0.0, "DIC_05": 0.0, "DIC_06": 0.0, "DIC_07": 0.0, "DIC_08": 0.0, "DIC_09": 0.0, "DIC_10": 0.0, "DIC_11": 0.0, "DIC_12": 0.23, "FIC_01": 2.0, "FIC_02": 2.0, "FIC_03": 0.0, "FIC_04": 0.0, "FIC_05": 0.0, "FIC_06": 0.0, "FIC_07": 0.0, "FIC_08": 0.0, "FIC_09": 0.0, "FIC_10": 0.0, "FIC_11": 0.0, "FIC_12": 1.0, "SEMRED": 0, "DESCR": " ", "COD_ID": "de0d685143365e01e1abb095f5d541a0f44d6710a22ad0055c5a4025e5e852cf", "__layer": "UCBT_tab" }, "geometry": null },
{ "type": "Feature", "properties": { "DIST": 390, "PAC": "33754071739611908L", "RAMAL": "9662054S1", "PN_CON": "792872", "UNI_TR_MT": "14426514", "CTMT": "TTI0115", "UNI_TR_AT": "DTTI-EQ-TR2", "SUB": "DTTI", "CONJ": 12986, "MUN": "3550308", "CEG_GD": " ", "BRR": "R CONS COTEGIPE 219 BELENZINHO", "CEP": "03058-000", "CLAS_SUB": "RE1", "CNAE": " ", "TIP_CC": "RES-Tipo02", "FAS_CON": "ABN", "GRU_TEN": "BT", "TEN_FORN": "10", "GRU_TAR": "B1", "SIT_ATIV": "AT", "DAT_CON": "09/12/2013", "CAR_INST": 10.8, "LIV": 0, "ARE_LOC": "UB", "TIP_SIST": "RD_INTERLIG", "ENE_01": 93.56, "ENE_02": 176.0, "ENE_03": 175.0, "ENE_04": 201.0, "ENE_05": 185.0, "ENE_06": 204.0, "ENE_07": 181.0, "ENE_08": 192.0, "ENE_09": 210.0, "ENE_10": 211.0, "ENE_11": 219.0, "ENE_12": 196.12, "DIC_01": 8.36, "DIC_02": 0.16, "DIC_03": 0.0, "DIC_04": 0.0, "DIC_05": 0.0, "DIC_06": 0.0, "DIC_07": 0.0, "DIC_08": 0.0, "DIC_09": 0.0, "DIC_10": 0.0, "DIC_11": 0.0, "DIC_12": 0.23, "FIC_01": 2.0, "FIC_02": 2.0, "FIC_03": 0.0, "FIC_04": 0.0, "FIC_05": 0.0, "FIC_06": 0.0, "FIC_07": 0.0, "FIC_08": 0.0, "FIC_09": 0.0, "FIC_10": 0.0, "FIC_11": 0.0, "FIC_12": 1.0, "SEMRED": 0, "DESCR": " ", "COD_ID": "cbb6adcefd0b1f6ccaf137f6389af4243596b410646d57e2f331bb23cc507e5e", "__layer": "UCBT_tab" }, "geometry": null },
{ "type": "Feature", "properties": { "DIST": 390, "PAC": "33754071739611908L", "RAMAL": "9662054S1", "PN_CON": "792872", "UNI_TR_MT": "14426514", "CTMT": "TTI0115", "UNI_TR_AT": "DTTI-EQ-TR2", "SUB": "DTTI", "CONJ": 12986, "MUN": "3550308", "CEG_GD": " ", "BRR": "R CONS COTEGIPE 219 BELENZINHO", "CEP": "03058-000", "CLAS_SUB": "RE1", "CNAE": " ", "TIP_CC": "RES-Tipo01", "FAS_CON": "ABN", "GRU_TEN": "BT", "TEN_FORN": "10", "GRU_TAR": "B1", "SIT_ATIV": "AT", "DAT_CON": "09/12/2013", "CAR_INST": 10.8, "LIV": 0, "ARE_LOC": "UB", "TIP_SIST": "RD_INTERLIG", "ENE_01": 34.02, "ENE_02": 68.0, "ENE_03": 74.0, "ENE_04": 92.0, "ENE_05": 87.0, "ENE_06": 97.0, "ENE_07": 73.0, "ENE_08": 88.0, "ENE_09": 100.0, "ENE_10": 93.0, "ENE_11": 88.0, "ENE_12": 102.91, "DIC_01": 8.36, "DIC_02": 0.16, "DIC_03": 0.0, "DIC_04": 0.0, "DIC_05": 0.0, "DIC_06": 0.0, "DIC_07": 0.0, "DIC_08": 0.0, "DIC_09": 0.0, "DIC_10": 0.0, "DIC_11": 0.0, "DIC_12": 0.23, "FIC_01": 2.0, "FIC_02": 2.0, "FIC_03": 0.0, "FIC_04": 0.0, "FIC_05": 0.0, "FIC_06": 0.0, "FIC_07": 0.0, "FIC_08": 0.0, "FIC_09": 0.0, "FIC_10": 0.0, "FIC_11": 0.0, "FIC_12": 1.0, "SEMRED": 0, "DESCR": " ", "COD_ID": "b75170442d3eca746d6413c35ee3ae5ecfe8e8766a22ecd9ad2a00284325da58", "__layer": "UCBT_tab" }, "geometry": null },
{ "type": "Feature", "properties": { "DIST": 390, "PAC": "33754071739611908L", "RAMAL": "9662054S1", "PN_CON": "792872", "UNI_TR_MT": "14426514", "CTMT": "TTI0115", "UNI_TR_AT": "DTTI-EQ-TR2", "SUB": "DTTI", "CONJ": 12986, "MUN": "3550308", "CEG_GD": " ", "BRR": "R CONS COTEGIPE 219 BELENZINHO", "CEP": "03058-000", "CLAS_SUB": "RE1", "CNAE": " ", "TIP_CC": "RES-Tipo03", "FAS_CON": "CAN", "GRU_TEN": "BT", "TEN_FORN": "10", "GRU_TAR": "B1", "SIT_ATIV": "AT", "DAT_CON": "09/12/2013", "CAR_INST": 10.8, "LIV": 0, "ARE_LOC": "UB", "TIP_SIST": "RD_INTERLIG", "ENE_01": 53.03, "ENE_02": 126.0, "ENE_03": 116.0, "ENE_04": 97.0, "ENE_05": 10.0, "ENE_06": 5.0, "ENE_07": 25.0, "ENE_08": 24.0, "ENE_09": 31.0, "ENE_10": 134.0, "ENE_11": 139.0, "ENE_12": 139.81, "DIC_01": 8.36, "DIC_02": 0.16, "DIC_03": 0.0, "DIC_04": 0.0, "DIC_05": 0.0, "DIC_06": 0.0, "DIC_07": 0.0, "DIC_08": 0.0, "DIC_09": 0.0, "DIC_10": 0.0, "DIC_11": 0.0, "DIC_12": 0.23, "FIC_01": 2.0, "FIC_02": 2.0, "FIC_03": 0.0, "FIC_04": 0.0, "FIC_05": 0.0, "FIC_06": 0.0, "FIC_07": 0.0, "FIC_08": 0.0, "FIC_09": 0.0, "FIC_10": 0.0, "FIC_11": 0.0, "FIC_12": 1.0, "SEMRED": 0, "DESCR": " ", "COD_ID": "1cda13fe46b15924624925b3290b8ae59723a995424e3e004039323885af4a5a", "__layer": "UCBT_tab" }, "geometry": null },
{ "type": "Feature", "properties": { "DIST": 390, "PAC": "33754071739611908L", "RAMAL": "9662054S1", "PN_CON": "792872", "UNI_TR_MT": "14426514", "CTMT": "TTI0115", "UNI_TR_AT": "DTTI-EQ-TR2", "SUB": "DTTI", "CONJ": 12986, "MUN": "3550308", "CEG_GD": " ", "BRR": "R CONS COTEGIPE 219 BELENZINHO", "CEP": "03058-000", "CLAS_SUB": "RE1", "CNAE": " ", "TIP_CC": "RES-Tipo03", "FAS_CON": "ABN", "GRU_TEN": "BT", "TEN_FORN": "10", "GRU_TAR": "B1", "SIT_ATIV": "AT", "DAT_CON": "09/12/2013", "CAR_INST": 1.0, "LIV": 0, "ARE_LOC": "UB", "TIP_SIST": "RD_INTERLIG", "ENE_01": 61.04, "ENE_02": 103.0, "ENE_03": 103.0, "ENE_04": 118.0, "ENE_05": 71.0, "ENE_06": 123.0, "ENE_07": 229.0, "ENE_08": 227.0, "ENE_09": 236.0, "ENE_10": 280.0, "ENE_11": 244.0, "ENE_12": 256.32, "DIC_01": 8.36, "DIC_02": 0.16, "DIC_03": 0.0, "DIC_04": 0.0, "DIC_05": 0.0, "DIC_06": 0.0, "DIC_07": 0.0, "DIC_08": 0.0, "DIC_09": 0.0, "DIC_10": 0.0, "DIC_11": 0.0, "DIC_12": 0.23, "FIC_01": 2.0, "FIC_02": 2.0, "FIC_03": 0.0, "FIC_04": 0.0, "FIC_05": 0.0, "FIC_06": 0.0, "FIC_07": 0.0, "FIC_08": 0.0, "FIC_09": 0.0, "FIC_10": 0.0, "FIC_11": 0.0, "FIC_12": 1.0, "SEMRED": 0, "DESCR": " ", "COD_ID": "8ae9cc75761155890e2cf60c7b666fa6f8326e35f2f92c36b75594fbfd3d96f7", "__layer": "UCBT_tab" }, "geometry": null },
{ "type": "Feature", "properties": { "DIST": 390, "PAC": "33754071739611908L", "RAMAL": "9662054S1", "PN_CON": "792872", "UNI_TR_MT": "14426514", "CTMT": "TTI0115", "UNI_TR_AT": "DTTI-EQ-TR2", "SUB": "DTTI", "CONJ": 12986, "MUN": "3550308", "CEG_GD": " ", "BRR": "R CONS COTEGIPE 219 BELENZINHO", "CEP": "03058-000", "CLAS_SUB": "RE1", "CNAE": " ", "TIP_CC": "RES-Tipo01", "FAS_CON": "ABCN", "GRU_TEN": "BT", "TEN_FORN": "10", "GRU_TAR": "B1", "SIT_ATIV": "AT", "DAT_CON": "09/12/2013", "CAR_INST": 10.8, "LIV": 0, "ARE_LOC": "UB", "TIP_SIST": "RD_INTERLIG", "ENE_01": 67.04, "ENE_02": 137.0, "ENE_03": 124.0, "ENE_04": 144.0, "ENE_05": 128.0, "ENE_06": 125.0, "ENE_07": 99.0, "ENE_08": 101.0, "ENE_09": 111.0, "ENE_10": 115.0, "ENE_11": 111.0, "ENE_12": 185.44, "DIC_01": 8.36, "DIC_02": 0.16, "DIC_03": 0.0, "DIC_04": 0.0, "DIC_05": 0.0, "DIC_06": 0.0, "DIC_07": 0.0, "DIC_08": 0.0, "DIC_09": 0.0, "DIC_10": 0.0, "DIC_11": 0.0, "DIC_12": 0.23, "FIC_01": 2.0, "FIC_02": 2.0, "FIC_03": 0.0, "FIC_04": 0.0, "FIC_05": 0.0, "FIC_06": 0.0, "FIC_07": 0.0, "FIC_08": 0.0, "FIC_09": 0.0, "FIC_10": 0.0, "FIC_11": 0.0, "FIC_12": 1.0, "SEMRED": 0, "DESCR": " ", "COD_ID": "b55be7265c04d92baf21dfd6651e6579b981e5f2d3f1f3b318eefee6afdfe99b", "__layer": "UCBT_tab" }, "geometry": null },
{ "type": "Feature", "properties": { "DIST": 390, "PAC": "33754071739611908L", "RAMAL": "9662054S1", "PN_CON": "792872", "UNI_TR_MT": "14426514", "CTMT": "TTI0115", "UNI_TR_AT": "DTTI-EQ-TR2", "SUB": "DTTI", "CONJ": 12986, "MUN": "3550308", "CEG_GD": " ", "BRR": "R CONS COTEGIPE 219 BELENZINHO", "CEP": "03058-000", "CLAS_SUB": "RE1", "CNAE": " ", "TIP_CC": "RES-Tipo01", "FAS_CON": "ABN", "GRU_TEN": "BT", "TEN_FORN": "10", "GRU_TAR": "B1", "SIT_ATIV": "AT", "DAT_CON": "09/12/2013", "CAR_INST": 10.8, "LIV": 0, "ARE_LOC": "UB", "TIP_SIST": "RD_INTERLIG", "ENE_01": 48.03, "ENE_02": 101.0, "ENE_03": 89.0, "ENE_04": 102.0, "ENE_05": 95.0, "ENE_06": 92.0, "ENE_07": 70.0, "ENE_08": 81.0, "ENE_09": 87.0, "ENE_10": 94.0, "ENE_11": 87.0, "ENE_12": 82.52, "DIC_01": 8.36, "DIC_02": 0.16, "DIC_03": 0.0, "DIC_04": 0.0, "DIC_05": 0.0, "DIC_06": 0.0, "DIC_07": 0.0, "DIC_08": 0.0, "DIC_09": 0.0, "DIC_10": 0.0, "DIC_11": 0.0, "DIC_12": 0.23, "FIC_01": 2.0, "FIC_02": 2.0, "FIC_03": 0.0, "FIC_04": 0.0, "FIC_05": 0.0, "FIC_06": 0.0, "FIC_07": 0.0, "FIC_08": 0.0, "FIC_09": 0.0, "FIC_10": 0.0, "FIC_11": 0.0, "FIC_12": 1.0, "SEMRED": 0, "DESCR": " ", "COD_ID": "22a3a46eec73e272f55a6cce43ffb773637e53101e32194018fd9bcf5b708d34", "__layer": "UCBT_tab" }, "geometry": null },
{ "type": "Feature", "properties": { "DIST": 390, "PAC": "33754071739611908L", "RAMAL": "9662054S1", "PN_CON": "792872", "UNI_TR_MT": "14426514", "CTMT": "TTI0115", "UNI_TR_AT": "DTTI-EQ-TR2", "SUB": "DTTI", "CONJ": 12986, "MUN": "3550308", "CEG_GD": " ", "BRR": "R CONS COTEGIPE 219 BELENZINHO", "CEP": "03058-000", "CLAS_SUB": "RE1", "CNAE": " ", "TIP_CC": "RES-Tipo03", "FAS_CON": "ABN", "GRU_TEN": "BT", "TEN_FORN": "10", "GRU_TAR": "B1", "SIT_ATIV": "AT", "DAT_CON": "09/12/2013", "CAR_INST": 10.8, "LIV": 0, "ARE_LOC": "UB", "TIP_SIST": "RD_INTERLIG", "ENE_01": 106.07, "ENE_02": 158.0, "ENE_03": 177.0, "ENE_04": 108.0, "ENE_05": 141.0, "ENE_06": 184.0, "ENE_07": 124.0, "ENE_08": 138.0, "ENE_09": 143.0, "ENE_10": 156.0, "ENE_11": 145.0, "ENE_12": 100.0, "DIC_01": 8.36, "DIC_02": 0.16, "DIC_03": 0.0, "DIC_04": 0.0, "DIC_05": 0.0, "DIC_06": 0.0, "DIC_07": 0.0, "DIC_08": 0.0, "DIC_09": 0.0, "DIC_10": 0.0, "DIC_11": 0.0, "DIC_12": 0.23, "FIC_01": 2.0, "FIC_02": 2.0, "FIC_03": 0.0, "FIC_04": 0.0, "FIC_05": 0.0, "FIC_06": 0.0, "FIC_07": 0.0, "FIC_08": 0.0, "FIC_09": 0.0, "FIC_10": 0.0, "FIC_11": 0.0, "FIC_12": 1.0, "SEMRED": 0, "DESCR": " ", "COD_ID": "aa73f4a3353bcbb96eabd5c7948cd8ad7168c69200093869b652fc6f4f36eb17", "__layer": "UCBT_tab" }, "geometry": null },
{ "type": "Feature", "properties": { "DIST": 390, "PAC": "33754071739611908L", "RAMAL": "9662054S1", "PN_CON": "792872", "UNI_TR_MT": "14426514", "CTMT": "TTI0115", "UNI_TR_AT": "DTTI-EQ-TR2", "SUB": "DTTI", "CONJ": 12986, "MUN": "3550308", "CEG_GD": " ", "BRR": "R CONS COTEGIPE 219 BELENZINHO", "CEP": "03058-000", "CLAS_SUB": "RE1", "CNAE": " ", "TIP_CC": "RES-Tipo01", "FAS_CON": "ABN", "GRU_TEN": "BT", "TEN_FORN": "10", "GRU_TAR": "B1", "SIT_ATIV": "AT", "DAT_CON": "09/12/2013", "CAR_INST": 10.8, "LIV": 0, "ARE_LOC": "UB", "TIP_SIST": "RD_INTERLIG", "ENE_01": 25.01, "ENE_02": 50.0, "ENE_03": 50.0, "ENE_04": 50.0, "ENE_05": 27.0, "ENE_06": 142.0, "ENE_07": 129.0, "ENE_08": 134.0, "ENE_09": 179.0, "ENE_10": 166.0, "ENE_11": 158.0, "ENE_12": 180.59, "DIC_01": 8.36, "DIC_02": 0.16, "DIC_03": 0.0, "DIC_04": 0.0, "DIC_05": 0.0, "DIC_06": 0.0, "DIC_07": 0.0, "DIC_08": 0.0, "DIC_09": 0.0, "DIC_10": 0.0, "DIC_11": 0.0, "DIC_12": 0.23, "FIC_01": 2.0, "FIC_02": 2.0, "FIC_03": 0.0, "FIC_04": 0.0, "FIC_05": 0.0, "FIC_06": 0.0, "FIC_07": 0.0, "FIC_08": 0.0, "FIC_09": 0.0, "FIC_10": 0.0, "FIC_11": 0.0, "FIC_12": 1.0, "SEMRED": 0, "DESCR": " ", "COD_ID": "c115a7a108f06e4e8aabacb9e166028c0b82f89b8f7367bbe8dbe9c057e961d4", "__layer": "UCBT_tab" }, "geometry": null },
{ "type": "Feature", "properties": { "DIST": 390, "PAC": "33754071739611908L", "RAMAL": "9662054S1", "PN_CON": "792872", "UNI_TR_MT": "14426514", "CTMT": "TTI0115", "UNI_TR_AT": "DTTI-EQ-TR2", "SUB": "DTTI", "CONJ": 12986, "MUN": "3550308", "CEG_GD": " ", "BRR": "R CONS COTEGIPE 219 BELENZINHO", "CEP": "03058-000", "CLAS_SUB": "RE1", "CNAE": " ", "TIP_CC": "RES-Tipo02", "FAS_CON": "ABN", "GRU_TEN": "BT", "TEN_FORN": "10", "GRU_TAR": "B1", "SIT_ATIV": "AT", "DAT_CON": "09/12/2013", "CAR_INST": 10.8, "LIV": 0, "ARE_LOC": "UB", "TIP_SIST": "RD_INTERLIG", "ENE_01": 142.09, "ENE_02": 232.0, "ENE_03": 183.0, "ENE_04": 255.0, "ENE_05": 127.0, "ENE_06": 98.0, "ENE_07": 51.0, "ENE_08": 155.0, "ENE_09": 177.0, "ENE_10": 176.0, "ENE_11": 140.0, "ENE_12": 250.49, "DIC_01": 8.36, "DIC_02": 0.16, "DIC_03": 0.0, "DIC_04": 0.0, "DIC_05": 0.0, "DIC_06": 0.0, "DIC_07": 0.0, "DIC_08": 0.0, "DIC_09": 0.0, "DIC_10": 0.0, "DIC_11": 0.0, "DIC_12": 0.23, "FIC_01": 2.0, "FIC_02": 2.0, "FIC_03": 0.0, "FIC_04": 0.0, "FIC_05": 0.0, "FIC_06": 0.0, "FIC_07": 0.0, "FIC_08": 0.0, "FIC_09": 0.0, "FIC_10": 0.0, "FIC_11": 0.0, "FIC_12": 1.0, "SEMRED": 0, "DESCR": " ", "COD_ID": "45e9555e6be96d572204534684332492fc7da1bbb4f51b4249eabd7ee4bfddf0", "__layer": "UCBT_tab" }, "geometry": null },
{ "type": "Feature", "properties": { "DIST": 390, "PAC": "33754071739611908L", "RAMAL": "9662054S1", "PN_CON": "792872", "UNI_TR_MT": "14426514", "CTMT": "TTI0115", "UNI_TR_AT": "DTTI-EQ-TR2", "SUB": "DTTI", "CONJ": 12986, "MUN": "3550308", "CEG_GD": " ", "BRR": "R CONS COTEGIPE 219 BELENZINHO", "CEP": "03058-000", "CLAS_SUB": "RE1", "CNAE": " ", "TIP_CC": "RES-Tipo01", "FAS_CON": "ABN", "GRU_TEN": "BT", "TEN_FORN": "10", "GRU_TAR": "B1", "SIT_ATIV": "AT", "DAT_CON": "09/12/2013", "CAR_INST": 10.8, "LIV": 0, "ARE_LOC": "UB", "TIP_SIST": "RD_INTERLIG", "ENE_01": 56.03, "ENE_02": 114.0, "ENE_03": 102.0, "ENE_04": 118.0, "ENE_05": 116.0, "ENE_06": 122.0, "ENE_07": 101.0, "ENE_08": 102.0, "ENE_09": 113.0, "ENE_10": 108.0, "ENE_11": 106.0, "ENE_12": 110.68, "DIC_01": 8.36, "DIC_02": 0.16, "DIC_03": 0.0, "DIC_04": 0.0, "DIC_05": 0.0, "DIC_06": 0.0, "DIC_07": 0.0, "DIC_08": 0.0, "DIC_09": 0.0, "DIC_10": 0.0, "DIC_11": 0.0, "DIC_12": 0.23, "FIC_01": 2.0, "FIC_02": 2.0, "FIC_03": 0.0, "FIC_04": 0.0, "FIC_05": 0.0, "FIC_06": 0.0, "FIC_07": 0.0, "FIC_08": 0.0, "FIC_09": 0.0, "FIC_10": 0.0, "FIC_11": 0.0, "FIC_12": 1.0, "SEMRED": 0, "DESCR": " ", "COD_ID": "4daf7f9a6aafc952ebc68e4c55942de4ee0a252fa38fd0207326ab21fd541cd1", "__layer": "UCBT_tab" }, "geometry": null },
{ "type": "Feature", "properties": { "DIST": 390, "PAC": "33754071739611908L", "RAMAL": "9662054S1", "PN_CON": "792872", "UNI_TR_MT": "14426514", "CTMT": "TTI0115", "UNI_TR_AT": "DTTI-EQ-TR2", "SUB": "DTTI", "CONJ": 12986, "MUN": "3550308", "CEG_GD": " ", "BRR": "R CONS COTEGIPE 219 BELENZINHO", "CEP": "03058-000", "CLAS_SUB": "RE1", "CNAE": " ", "TIP_CC": "RES-Tipo01", "FAS_CON": "ABN", "GRU_TEN": "BT", "TEN_FORN": "10", "GRU_TAR": "B1", "SIT_ATIV": "AT", "DAT_CON": "09/12/2013", "CAR_INST": 10.8, "LIV": 0, "ARE_LOC": "UB", "TIP_SIST": "RD_INTERLIG", "ENE_01": 33.02, "ENE_02": 86.0, "ENE_03": 69.0, "ENE_04": 91.0, "ENE_05": 87.0, "ENE_06": 82.0, "ENE_07": 75.0, "ENE_08": 61.0, "ENE_09": 77.0, "ENE_10": 81.0, "ENE_11": 85.0, "ENE_12": 72.81, "DIC_01": 8.36, "DIC_02": 0.16, "DIC_03": 0.0, "DIC_04": 0.0, "DIC_05": 0.0, "DIC_06": 0.0, "DIC_07": 0.0, "DIC_08": 0.0, "DIC_09": 0.0, "DIC_10": 0.0, "DIC_11": 0.0, "DIC_12": 0.23, "FIC_01": 2.0, "FIC_02": 2.0, "FIC_03": 0.0, "FIC_04": 0.0, "FIC_05": 0.0, "FIC_06": 0.0, "FIC_07": 0.0, "FIC_08": 0.0, "FIC_09": 0.0, "FIC_10": 0.0, "FIC_11": 0.0, "FIC_12": 1.0, "SEMRED": 0, "DESCR": " ", "COD_ID": "bd5eeac9d955c72153cf9aaaaf93e4f0a30819c112edde0d88d86fe26e8da61c", "__layer": "UCBT_tab" }, "geometry": null },
{ "type": "Feature", "properties": { "DIST": 390, "PAC": "33754071739611908L", "RAMAL": "9662054S1", "PN_CON": "792872", "UNI_TR_MT": "14426514", "CTMT": "TTI0115", "UNI_TR_AT": "DTTI-EQ-TR2", "SUB": "DTTI", "CONJ": 12986, "MUN": "3550308", "CEG_GD": " ", "BRR": "R CONS COTEGIPE 219 BELENZINHO", "CEP": "03058-000", "CLAS_SUB": "RE1", "CNAE": " ", "TIP_CC": "RES-Tipo03", "FAS_CON": "ABN", "GRU_TEN": "BT", "TEN_FORN": "10", "GRU_TAR": "B1", "SIT_ATIV": "AT", "DAT_CON": "09/12/2013", "CAR_INST": 10.8, "LIV": 0, "ARE_LOC": "UB", "TIP_SIST": "RD_INTERLIG", "ENE_01": 71.54, "ENE_02": 142.0, "ENE_03": 126.0, "ENE_04": 169.0, "ENE_05": 134.0, "ENE_06": 160.0, "ENE_07": 115.0, "ENE_08": 127.0, "ENE_09": 138.0, "ENE_10": 139.0, "ENE_11": 130.0, "ENE_12": 122.33, "DIC_01": 8.36, "DIC_02": 0.16, "DIC_03": 0.0, "DIC_04": 0.0, "DIC_05": 0.0, "DIC_06": 0.0, "DIC_07": 0.0, "DIC_08": 0.0, "DIC_09": 0.0, "DIC_10": 0.0, "DIC_11": 0.0, "DIC_12": 0.23, "FIC_01": 2.0, "FIC_02": 2.0, "FIC_03": 0.0, "FIC_04": 0.0, "FIC_05": 0.0, "FIC_06": 0.0, "FIC_07": 0.0, "FIC_08": 0.0, "FIC_09": 0.0, "FIC_10": 0.0, "FIC_11": 0.0, "FIC_12": 1.0, "SEMRED": 0, "DESCR": " ", "COD_ID": "1ba942262c8c44d88e83267c3047237158ba49b89b11553d1b8608d10c1034a8", "__layer": "UCBT_tab" }, "geometry": null },
{ "type": "Feature", "properties": { "DIST": 390, "PAC": "33754071739611908L", "RAMAL": "9662054S1", "PN_CON": "792872", "UNI_TR_MT": "14426514", "CTMT": "TTI0115", "UNI_TR_AT": "DTTI-EQ-TR2", "SUB": "DTTI", "CONJ": 12986, "MUN": "3550308", "CEG_GD": " ", "BRR": "R CONS COTEGIPE 219 BELENZINHO", "CEP": "03058-000", "CLAS_SUB": "RE1", "CNAE": " ", "TIP_CC": "RES-Tipo02", "FAS_CON": "ABN", "GRU_TEN": "BT", "TEN_FORN": "10", "GRU_TAR": "B1", "SIT_ATIV": "AT", "DAT_CON": "09/12/2013", "CAR_INST": 10.8, "LIV": 0, "ARE_LOC": "UB", "TIP_SIST": "RD_INTERLIG", "ENE_01": 118.07, "ENE_02": 192.0, "ENE_03": 157.0, "ENE_04": 179.0, "ENE_05": 178.0, "ENE_06": 178.0, "ENE_07": 169.0, "ENE_08": 178.0, "ENE_09": 199.0, "ENE_10": 188.0, "ENE_11": 174.0, "ENE_12": 183.5, "DIC_01": 8.36, "DIC_02": 0.16, "DIC_03": 0.0, "DIC_04": 0.0, "DIC_05": 0.0, "DIC_06": 0.0, "DIC_07": 0.0, "DIC_08": 0.0, "DIC_09": 0.0, "DIC_10": 0.0, "DIC_11": 0.0, "DIC_12": 0.23, "FIC_01": 2.0, "FIC_02": 2.0, "FIC_03": 0.0, "FIC_04": 0.0, "FIC_05": 0.0, "FIC_06": 0.0, "FIC_07": 0.0, "FIC_08": 0.0, "FIC_09": 0.0, "FIC_10": 0.0, "FIC_11": 0.0, "FIC_12": 1.0, "SEMRED": 0, "DESCR": " ", "COD_ID": "7b85a4ddcce109e1b1a90f642e2344aa861f6aeb51d390a83fa3db6b3870e90f", "__layer": "UCBT_tab" }, "geometry": null },
{ "type": "Feature", "properties": { "DIST": 390, "PAC": "33754071739611908L", "RAMAL": "9662054S1", "PN_CON": "792872", "UNI_TR_MT": "14426514", "CTMT": "TTI0115", "UNI_TR_AT": "DTTI-EQ-TR2", "SUB": "DTTI", "CONJ": 12986, "MUN": "3550308", "CEG_GD": " ", "BRR": "R CONS COTEGIPE 219 BELENZINHO", "CEP": "03058-000", "CLAS_SUB": "RE1", "CNAE": " ", "TIP_CC": "RES-Tipo03", "FAS_CON": "ABN", "GRU_TEN": "BT", "TEN_FORN": "10", "GRU_TAR": "B1", "SIT_ATIV": "AT", "DAT_CON": "09/12/2013", "CAR_INST": 10.8, "LIV": 0, "ARE_LOC": "UB", "TIP_SIST": "RD_INTERLIG", "ENE_01": 37.02, "ENE_02": 62.0, "ENE_03": 67.0, "ENE_04": 84.0, "ENE_05": 76.0, "ENE_06": 82.0, "ENE_07": 62.0, "ENE_08": 62.0, "ENE_09": 76.0, "ENE_10": 72.0, "ENE_11": 72.0, "ENE_12": 73.78, "DIC_01": 8.36, "DIC_02": 0.16, "DIC_03": 0.0, "DIC_04": 0.0, "DIC_05": 0.0, "DIC_06": 0.0, "DIC_07": 0.0, "DIC_08": 0.0, "DIC_09": 0.0, "DIC_10": 0.0, "DIC_11": 0.0, "DIC_12": 0.23, "FIC_01": 2.0, "FIC_02": 2.0, "FIC_03": 0.0, "FIC_04": 0.0, "FIC_05": 0.0, "FIC_06": 0.0, "FIC_07": 0.0, "FIC_08": 0.0, "FIC_09": 0.0, "FIC_10": 0.0, "FIC_11": 0.0, "FIC_12": 1.0, "SEMRED": 0, "DESCR": " ", "COD_ID": "f0c848fb9860710889f20ee4c19d10d6f7611984421f4fc893b492cca17091cf", "__layer": "UCBT_tab" }, "geometry": null },
{ "type": "Feature", "properties": { "DIST": 390, "PAC": "33754071739611908L", "RAMAL": "9662054S1", "PN_CON": "792872", "UNI_TR_MT": "14426514", "CTMT": "TTI0115", "UNI_TR_AT": "DTTI-EQ-TR2", "SUB": "DTTI", "CONJ": 12986, "MUN": "3550308", "CEG_GD": " ", "BRR": "R CONS COTEGIPE 219 BELENZINHO", "CEP": "03058-000", "CLAS_SUB": "RE1", "CNAE": " ", "TIP_CC": "RES-Tipo02", "FAS_CON": "ABN", "GRU_TEN": "BT", "TEN_FORN": "10", "GRU_TAR": "B1", "SIT_ATIV": "AT", "DAT_CON": "09/12/2013", "CAR_INST": 10.8, "LIV": 0, "ARE_LOC": "UB", "TIP_SIST": "RD_INTERLIG", "ENE_01": 2.0, "ENE_02": 50.0, "ENE_03": 50.0, "ENE_04": 50.0, "ENE_05": 30.0, "ENE_06": 129.0, "ENE_07": 100.0, "ENE_08": 106.0, "ENE_09": 111.0, "ENE_10": 114.0, "ENE_11": 111.0, "ENE_12": 110.68, "DIC_01": 8.36, "DIC_02": 0.16, "DIC_03": 0.0, "DIC_04": 0.0, "DIC_05": 0.0, "DIC_06": 0.0, "DIC_07": 0.0, "DIC_08": 0.0, "DIC_09": 0.0, "DIC_10": 0.0, "DIC_11": 0.0, "DIC_12": 0.23, "FIC_01": 2.0, "FIC_02": 2.0, "FIC_03": 0.0, "FIC_04": 0.0, "FIC_05": 0.0, "FIC_06": 0.0, "FIC_07": 0.0, "FIC_08": 0.0, "FIC_09": 0.0, "FIC_10": 0.0, "FIC_11": 0.0, "FIC_12": 1.0, "SEMRED": 0, "DESCR": " ", "COD_ID": "66f42f442f16f58bfd75cf558964c7050583dd5a358c30701e28c0100aabbf6f", "__layer": "UCBT_tab" }, "geometry": null },
{ "type": "Feature", "properties": { "DIST": 390, "PAC": "33754071739611908L", "RAMAL": "9662054S1", "PN_CON": "792872", "UNI_TR_MT": "14426514", "CTMT": "TTI0115", "UNI_TR_AT": "DTTI-EQ-TR2", "SUB": "DTTI", "CONJ": 12986, "MUN": "3550308", "CEG_GD": " ", "BRR": "R CONS COTEGIPE 219 BELENZINHO", "CEP": "03058-000", "CLAS_SUB": "RE1", "CNAE": " ", "TIP_CC": "RES-Tipo03", "FAS_CON": "ABN", "GRU_TEN": "BT", "TEN_FORN": "10", "GRU_TAR": "B1", "SIT_ATIV": "AT", "DAT_CON": "09/12/2013", "CAR_INST": 10.8, "LIV": 0, "ARE_LOC": "UB", "TIP_SIST": "RD_INTERLIG", "ENE_01": 71.04, "ENE_02": 130.0, "ENE_03": 56.0, "ENE_04": 127.0, "ENE_05": 125.0, "ENE_06": 126.0, "ENE_07": 125.0, "ENE_08": 124.0, "ENE_09": 50.0, "ENE_10": 118.0, "ENE_11": 117.0, "ENE_12": 113.59, "DIC_01": 8.36, "DIC_02": 0.16, "DIC_03": 0.0, "DIC_04": 0.0, "DIC_05": 0.0, "DIC_06": 0.0, "DIC_07": 0.0, "DIC_08": 0.0, "DIC_09": 0.0, "DIC_10": 0.0, "DIC_11": 0.0, "DIC_12": 0.23, "FIC_01": 2.0, "FIC_02": 2.0, "FIC_03": 0.0, "FIC_04": 0.0, "FIC_05": 0.0, "FIC_06": 0.0, "FIC_07": 0.0, "FIC_08": 0.0, "FIC_09": 0.0, "FIC_10": 0.0, "FIC_11": 0.0, "FIC_12": 1.0, "SEMRED": 0, "DESCR": " ", "COD_ID": "dd9723b53c87db1a587c3cb8ba199a76afd2e4165fe8e7d809afc6e835fbc3e5", "__layer": "UCBT_tab" }, "geometry": null },
{ "type": "Feature", "properties": { "DIST": 390, "PAC": "33754071739611908L", "RAMAL": "9662054S1", "PN_CON": "792872", "UNI_TR_MT": "14426514", "CTMT": "TTI0115", "UNI_TR_AT": "DTTI-EQ-TR2", "SUB": "DTTI", "CONJ": 12986, "MUN": "3550308", "CEG_GD": " ", "BRR": "R CONS COTEGIPE 219 BELENZINHO", "CEP": "03058-000", "CLAS_SUB": "RE1", "CNAE": " ", "TIP_CC": "RES-Tipo03", "FAS_CON": "ABN", "GRU_TEN": "BT", "TEN_FORN": "10", "GRU_TAR": "B1", "SIT_ATIV": "AT", "DAT_CON": "09/12/2013", "CAR_INST": 10.8, "LIV": 0, "ARE_LOC": "UB", "TIP_SIST": "RD_INTERLIG", "ENE_01": 47.03, "ENE_02": 92.0, "ENE_03": 92.0, "ENE_04": 91.0, "ENE_05": 91.0, "ENE_06": 91.0, "ENE_07": 91.0, "ENE_08": 91.0, "ENE_09": 50.0, "ENE_10": 88.0, "ENE_11": 83.0, "ENE_12": 84.47, "DIC_01": 8.36, "DIC_02": 0.16, "DIC_03": 0.0, "DIC_04": 0.0, "DIC_05": 0.0, "DIC_06": 0.0, "DIC_07": 0.0, "DIC_08": 0.0, "DIC_09": 0.0, "DIC_10": 0.0, "DIC_11": 0.0, "DIC_12": 0.23, "FIC_01": 2.0, "FIC_02": 2.0, "FIC_03": 0.0, "FIC_04": 0.0, "FIC_05": 0.0, "FIC_06": 0.0, "FIC_07": 0.0, "FIC_08": 0.0, "FIC_09": 0.0, "FIC_10": 0.0, "FIC_11": 0.0, "FIC_12": 1.0, "SEMRED": 0, "DESCR": " ", "COD_ID": "74b40e7731c9c7ab1514f1826ee9f56287d0e32068d1bb9c624ebc4cbcb2cb86", "__layer": "UCBT_tab" }, "geometry": null },
{ "type": "Feature", "properties": { "DIST": 390, "PAC": "33754071739611908L", "RAMAL": "9662054S1", "PN_CON": "792872", "UNI_TR_MT": "14426514", "CTMT": "TTI0115", "UNI_TR_AT": "DTTI-EQ-TR2", "SUB": "DTTI", "CONJ": 12986, "MUN": "3550308", "CEG_GD": " ", "BRR": "R CONS COTEGIPE 219 BELENZINHO", "CEP": "03058-000", "CLAS_SUB": "RE1", "CNAE": " ", "TIP_CC": "RES-Tipo02", "FAS_CON": "ABN", "GRU_TEN": "BT", "TEN_FORN": "10", "GRU_TAR": "B1", "SIT_ATIV": "AT", "DAT_CON": "09/12/2013", "CAR_INST": 10.8, "LIV": 0, "ARE_LOC": "UB", "TIP_SIST": "RD_INTERLIG", "ENE_01": 88.55, "ENE_02": 221.0, "ENE_03": 180.0, "ENE_04": 199.0, "ENE_05": 186.0, "ENE_06": 275.0, "ENE_07": 272.0, "ENE_08": 810.0, "ENE_09": 726.0, "ENE_10": 294.0, "ENE_11": 367.0, "ENE_12": 274.77, "DIC_01": 8.36, "DIC_02": 0.16, "DIC_03": 0.0, "DIC_04": 0.0, "DIC_05": 0.0, "DIC_06": 0.0, "DIC_07": 0.0, "DIC_08": 0.0, "DIC_09": 0.0, "DIC_10": 0.0, "DIC_11": 0.0, "DIC_12": 0.23, "FIC_01": 2.0, "FIC_02": 2.0, "FIC_03": 0.0, "FIC_04": 0.0, "FIC_05": 0.0, "FIC_06": 0.0, "FIC_07": 0.0, "FIC_08": 0.0, "FIC_09": 0.0, "FIC_10": 0.0, "FIC_11": 0.0, "FIC_12": 1.0, "SEMRED": 0, "DESCR": " ", "COD_ID": "a21bcbb262c537fef61f4b2093653d16acba8376141b9f04b424619b1ce33801", "__layer": "UCBT_tab" }, "geometry": null },
{ "type": "Feature", "properties": { "DIST": 390, "PAC": "33754071739611908L", "RAMAL": "9662054S1", "PN_CON": "792872", "UNI_TR_MT": "14426514", "CTMT": "TTI0115", "UNI_TR_AT": "DTTI-EQ-TR2", "SUB": "DTTI", "CONJ": 12986, "MUN": "3550308", "CEG_GD": " ", "BRR": "R CONS COTEGIPE 219 BELENZINHO", "CEP": "03058-000", "CLAS_SUB": "RE1", "CNAE": " ", "TIP_CC": "RES-Tipo01", "FAS_CON": "ABN", "GRU_TEN": "BT", "TEN_FORN": "10", "GRU_TAR": "B1", "SIT_ATIV": "AT", "DAT_CON": "09/12/2013", "CAR_INST": 10.8, "LIV": 0, "ARE_LOC": "UB", "TIP_SIST": "RD_INTERLIG", "ENE_01": 25.01, "ENE_02": 50.0, "ENE_03": 61.0, "ENE_04": 59.0, "ENE_05": 57.0, "ENE_06": 56.0, "ENE_07": 56.0, "ENE_08": 55.0, "ENE_09": 50.0, "ENE_10": 54.0, "ENE_11": 50.0, "ENE_12": 48.54, "DIC_01": 8.36, "DIC_02": 0.16, "DIC_03": 0.0, "DIC_04": 0.0, "DIC_05": 0.0, "DIC_06": 0.0, "DIC_07": 0.0, "DIC_08": 0.0, "DIC_09": 0.0, "DIC_10": 0.0, "DIC_11": 0.0, "DIC_12": 0.23, "FIC_01": 2.0, "FIC_02": 2.0, "FIC_03": 0.0, "FIC_04": 0.0, "FIC_05": 0.0, "FIC_06": 0.0, "FIC_07": 0.0, "FIC_08": 0.0, "FIC_09": 0.0, "FIC_10": 0.0, "FIC_11": 0.0, "FIC_12": 1.0, "SEMRED": 0, "DESCR": " ", "COD_ID": "1248584a57956145dc95a27645b257f8452c526c5f0d619422c67c17371062ac", "__layer": "UCBT_tab" }, "geometry": null },
{ "type": "Feature", "properties": { "DIST": 390, "PAC": "33754071739611908L", "RAMAL": "9662054S1", "PN_CON": "792872", "UNI_TR_MT": "14426514", "CTMT": "TTI0115", "UNI_TR_AT": "DTTI-EQ-TR2", "SUB": "DTTI", "CONJ": 12986, "MUN": "3550308", "CEG_GD": " ", "BRR": "R CONS COTEGIPE 219 BELENZINHO", "CEP": "03058-000", "CLAS_SUB": "RE1", "CNAE": " ", "TIP_CC": "RES-Tipo02", "FAS_CON": "ABN", "GRU_TEN": "BT", "TEN_FORN": "10", "GRU_TAR": "B1", "SIT_ATIV": "AT", "DAT_CON": "09/12/2013", "CAR_INST": 10.8, "LIV": 0, "ARE_LOC": "UB", "TIP_SIST": "RD_INTERLIG", "ENE_01": 117.07, "ENE_02": 221.0, "ENE_03": 200.0, "ENE_04": 245.0, "ENE_05": 230.0, "ENE_06": 242.0, "ENE_07": 188.0, "ENE_08": 228.0, "ENE_09": 233.0, "ENE_10": 206.0, "ENE_11": 253.0, "ENE_12": 218.45, "DIC_01": 8.36, "DIC_02": 0.16, "DIC_03": 0.0, "DIC_04": 0.0, "DIC_05": 0.0, "DIC_06": 0.0, "DIC_07": 0.0, "DIC_08": 0.0, "DIC_09": 0.0, "DIC_10": 0.0, "DIC_11": 0.0, "DIC_12": 0.23, "FIC_01": 2.0, "FIC_02": 2.0, "FIC_03": 0.0, "FIC_04": 0.0, "FIC_05": 0.0, "FIC_06": 0.0, "FIC_07": 0.0, "FIC_08": 0.0, "FIC_09": 0.0, "FIC_10": 0.0, "FIC_11": 0.0, "FIC_12": 1.0, "SEMRED": 0, "DESCR": " ", "COD_ID": "67bf846cbc97ba2bf06afc09d937197350b6b63dfb2e742da2fb5799dda30202", "__layer": "UCBT_tab" }, "geometry": null },
{ "type": "Feature", "properties": { "DIST": 390, "PAC": "33754071739611908L", "RAMAL": "9662054S1", "PN_CON": "792872", "UNI_TR_MT": "14426514", "CTMT": "TTI0115", "UNI_TR_AT": "DTTI-EQ-TR2", "SUB": "DTTI", "CONJ": 12986, "MUN": "3550308", "CEG_GD": " ", "BRR": "R CONS COTEGIPE 219 BELENZINHO", "CEP": "03058-000", "CLAS_SUB": "RE1", "CNAE": " ", "TIP_CC": "RES-Tipo02", "FAS_CON": "ABN", "GRU_TEN": "BT", "TEN_FORN": "10", "GRU_TAR": "B1", "SIT_ATIV": "AT", "DAT_CON": "09/12/2013", "CAR_INST": 10.8, "LIV": 0, "ARE_LOC": "UB", "TIP_SIST": "RD_INTERLIG", "ENE_01": 108.07, "ENE_02": 172.0, "ENE_03": 149.0, "ENE_04": 182.0, "ENE_05": 151.0, "ENE_06": 165.0, "ENE_07": 138.0, "ENE_08": 146.0, "ENE_09": 161.0, "ENE_10": 143.0, "ENE_11": 128.0, "ENE_12": 134.95, "DIC_01": 8.36, "DIC_02": 0.16, "DIC_03": 0.0, "DIC_04": 0.0, "DIC_05": 0.0, "DIC_06": 0.0, "DIC_07": 0.0, "DIC_08": 0.0, "DIC_09": 0.0, "DIC_10": 0.0, "DIC_11": 0.0, "DIC_12": 0.23, "FIC_01": 2.0, "FIC_02": 2.0, "FIC_03": 0.0, "FIC_04": 0.0, "FIC_05": 0.0, "FIC_06": 0.0, "FIC_07": 0.0, "FIC_08": 0.0, "FIC_09": 0.0, "FIC_10": 0.0, "FIC_11": 0.0, "FIC_12": 1.0, "SEMRED": 0, "DESCR": " ", "COD_ID": "fc9816b35f4b99d19ce5a215b210cbc1a6b6666dedabfda77cbfc78a3338492d", "__layer": "UCBT_tab" }, "geometry": null },
{ "type": "Feature", "properties": { "DIST": 390, "PAC": "33754071739611908L", "RAMAL": "9662054S1", "PN_CON": "792872", "UNI_TR_MT": "14426514", "CTMT": "TTI0115", "UNI_TR_AT": "DTTI-EQ-TR2", "SUB": "DTTI", "CONJ": 12986, "MUN": "3550308", "CEG_GD": " ", "BRR": "R CONS COTEGIPE 219 BELENZINHO", "CEP": "03058-000", "CLAS_SUB": "RE1", "CNAE": " ", "TIP_CC": "RES-Tipo01", "FAS_CON": "ABN", "GRU_TEN": "BT", "TEN_FORN": "10", "GRU_TAR": "B1", "SIT_ATIV": "AT", "DAT_CON": "09/12/2013", "CAR_INST": 10.8, "LIV": 0, "ARE_LOC": "UB", "TIP_SIST": "RD_INTERLIG", "ENE_01": 47.53, "ENE_02": 87.0, "ENE_03": 86.0, "ENE_04": 102.0, "ENE_05": 97.0, "ENE_06": 95.0, "ENE_07": 81.0, "ENE_08": 82.0, "ENE_09": 85.0, "ENE_10": 88.0, "ENE_11": 89.0, "ENE_12": 95.15, "DIC_01": 8.36, "DIC_02": 0.16, "DIC_03": 0.0, "DIC_04": 0.0, "DIC_05": 0.0, "DIC_06": 0.0, "DIC_07": 0.0, "DIC_08": 0.0, "DIC_09": 0.0, "DIC_10": 0.0, "DIC_11": 0.0, "DIC_12": 0.23, "FIC_01": 2.0, "FIC_02": 2.0, "FIC_03": 0.0, "FIC_04": 0.0, "FIC_05": 0.0, "FIC_06": 0.0, "FIC_07": 0.0, "FIC_08": 0.0, "FIC_09": 0.0, "FIC_10": 0.0, "FIC_11": 0.0, "FIC_12": 1.0, "SEMRED": 0, "DESCR": " ", "COD_ID": "f9c05d6454af378777416755e40483edede2e22c0d7c54684c92d9de9c68a309", "__layer": "UCBT_tab" }, "geometry": null },
{ "type": "Feature", "properties": { "DIST": 390, "PAC": "33754071739611908L", "RAMAL": "9662054S1", "PN_CON": "792872", "UNI_TR_MT": "14426514", "CTMT": "TTI0115", "UNI_TR_AT": "DTTI-EQ-TR2", "SUB": "DTTI", "CONJ": 12986, "MUN": "3550308", "CEG_GD": " ", "BRR": "R CONS COTEGIPE 219 BELENZINHO", "CEP": "03058-000", "CLAS_SUB": "RE1", "CNAE": " ", "TIP_CC": "RES-Tipo01", "FAS_CON": "ABN", "GRU_TEN": "BT", "TEN_FORN": "10", "GRU_TAR": "B1", "SIT_ATIV": "AT", "DAT_CON": "09/12/2013", "CAR_INST": 10.8, "LIV": 0, "ARE_LOC": "UB", "TIP_SIST": "RD_INTERLIG", "ENE_01": 39.02, "ENE_02": 77.0, "ENE_03": 75.0, "ENE_04": 81.0, "ENE_05": 75.0, "ENE_06": 74.0, "ENE_07": 64.0, "ENE_08": 63.0, "ENE_09": 65.0, "ENE_10": 70.0, "ENE_11": 65.0, "ENE_12": 61.16, "DIC_01": 8.36, "DIC_02": 0.16, "DIC_03": 0.0, "DIC_04": 0.0, "DIC_05": 0.0, "DIC_06": 0.0, "DIC_07": 0.0, "DIC_08": 0.0, "DIC_09": 0.0, "DIC_10": 0.0, "DIC_11": 0.0, "DIC_12": 0.23, "FIC_01": 2.0, "FIC_02": 2.0, "FIC_03": 0.0, "FIC_04": 0.0, "FIC_05": 0.0, "FIC_06": 0.0, "FIC_07": 0.0, "FIC_08": 0.0, "FIC_09": 0.0, "FIC_10": 0.0, "FIC_11": 0.0, "FIC_12": 1.0, "SEMRED": 0, "DESCR": " ", "COD_ID": "bc563db471fbb3f65b801a6518b253dcd745ad3d51184f955242906bb3fc6f1f", "__layer": "UCBT_tab" }, "geometry": null },
{ "type": "Feature", "properties": { "DIST": 390, "PAC": "33754071739611908L", "RAMAL": "9662054S1", "PN_CON": "792872", "UNI_TR_MT": "14426514", "CTMT": "TTI0115", "UNI_TR_AT": "DTTI-EQ-TR2", "SUB": "DTTI", "CONJ": 12986, "MUN": "3550308", "CEG_GD": " ", "BRR": "R CONS COTEGIPE 219 BELENZINHO", "CEP": "03058-000", "CLAS_SUB": "RE1", "CNAE": " ", "TIP_CC": "RES-Tipo02", "FAS_CON": "ABN", "GRU_TEN": "BT", "TEN_FORN": "10", "GRU_TAR": "B1", "SIT_ATIV": "AT", "DAT_CON": "09/12/2013", "CAR_INST": 12.0, "LIV": 0, "ARE_LOC": "UB", "TIP_SIST": "RD_INTERLIG", "ENE_01": 75.55, "ENE_02": 120.0, "ENE_03": 96.0, "ENE_04": 122.0, "ENE_05": 95.0, "ENE_06": 107.0, "ENE_07": 86.0, "ENE_08": 88.0, "ENE_09": 92.0, "ENE_10": 102.0, "ENE_11": 92.0, "ENE_12": 98.06, "DIC_01": 8.36, "DIC_02": 0.16, "DIC_03": 0.0, "DIC_04": 0.0, "DIC_05": 0.0, "DIC_06": 0.0, "DIC_07": 0.0, "DIC_08": 0.0, "DIC_09": 0.0, "DIC_10": 0.0, "DIC_11": 0.0, "DIC_12": 0.23, "FIC_01": 2.0, "FIC_02": 2.0, "FIC_03": 0.0, "FIC_04": 0.0, "FIC_05": 0.0, "FIC_06": 0.0, "FIC_07": 0.0, "FIC_08": 0.0, "FIC_09": 0.0, "FIC_10": 0.0, "FIC_11": 0.0, "FIC_12": 1.0, "SEMRED": 0, "DESCR": " ", "COD_ID": "db017131cf62b371ca4ee8be587d0d5332dd541a2241c959d2d14bec05832289", "__layer": "UCBT_tab" }, "geometry": null },
{ "type": "Feature", "properties": { "DIST": 390, "PAC": "33754071739611908L", "RAMAL": "9662054S1", "PN_CON": "792872", "UNI_TR_MT": "14426514", "CTMT": "TTI0115", "UNI_TR_AT": "DTTI-EQ-TR2", "SUB": "DTTI", "CONJ": 12986, "MUN": "3550308", "CEG_GD": " ", "BRR": "R CONS COTEGIPE 219 BELENZINHO", "CEP": "03058-000", "CLAS_SUB": "RE1", "CNAE": " ", "TIP_CC": "RES-Tipo02", "FAS_CON": "ABN", "GRU_TEN": "BT", "TEN_FORN": "10", "GRU_TAR": "B1", "SIT_ATIV": "AT", "DAT_CON": "09/12/2013", "CAR_INST": 5.4, "LIV": 0, "ARE_LOC": "UB", "TIP_SIST": "RD_INTERLIG", "ENE_01": 78.55, "ENE_02": 185.0, "ENE_03": 159.0, "ENE_04": 186.0, "ENE_05": 169.0, "ENE_06": 169.0, "ENE_07": 156.0, "ENE_08": 168.0, "ENE_09": 191.0, "ENE_10": 165.0, "ENE_11": 171.0, "ENE_12": 172.82, "DIC_01": 8.36, "DIC_02": 0.16, "DIC_03": 0.0, "DIC_04": 0.0, "DIC_05": 0.0, "DIC_06": 0.0, "DIC_07": 0.0, "DIC_08": 0.0, "DIC_09": 0.0, "DIC_10": 0.0, "DIC_11": 0.0, "DIC_12": 0.23, "FIC_01": 2.0, "FIC_02": 2.0, "FIC_03": 0.0, "FIC_04": 0.0, "FIC_05": 0.0, "FIC_06": 0.0, "FIC_07": 0.0, "FIC_08": 0.0, "FIC_09": 0.0, "FIC_10": 0.0, "FIC_11": 0.0, "FIC_12": 1.0, "SEMRED": 0, "DESCR": " ", "COD_ID": "1a35c58688e5f2a0626ff57fe176508730ab94cba0b16797f1201aa9173cf75d", "__layer": "UCBT_tab" }, "geometry": null },
{ "type": "Feature", "properties": { "DIST": 390, "PAC": "33754071739611908L", "RAMAL": "9662054S1", "PN_CON": "792872", "UNI_TR_MT": "14426514", "CTMT": "TTI0115", "UNI_TR_AT": "DTTI-EQ-TR2", "SUB": "DTTI", "CONJ": 12986, "MUN": "3550308", "CEG_GD": " ", "BRR": "R CONS COTEGIPE 219 BELENZINHO", "CEP": "03058-000", "CLAS_SUB": "RE1", "CNAE": " ", "TIP_CC": "RES-Tipo02", "FAS_CON": "ABN", "GRU_TEN": "BT", "TEN_FORN": "10", "GRU_TAR": "B1", "SIT_ATIV": "AT", "DAT_CON": "09/12/2013", "CAR_INST": 10.8, "LIV": 0, "ARE_LOC": "UB", "TIP_SIST": "RD_INTERLIG", "ENE_01": 88.55, "ENE_02": 201.0, "ENE_03": 163.0, "ENE_04": 203.0, "ENE_05": 190.0, "ENE_06": 197.0, "ENE_07": 147.0, "ENE_08": 98.0, "ENE_09": 160.0, "ENE_10": 174.0, "ENE_11": 162.0, "ENE_12": 133.98, "DIC_01": 8.36, "DIC_02": 0.16, "DIC_03": 0.0, "DIC_04": 0.0, "DIC_05": 0.0, "DIC_06": 0.0, "DIC_07": 0.0, "DIC_08": 0.0, "DIC_09": 0.0, "DIC_10": 0.0, "DIC_11": 0.0, "DIC_12": 0.23, "FIC_01": 2.0, "FIC_02": 2.0, "FIC_03": 0.0, "FIC_04": 0.0, "FIC_05": 0.0, "FIC_06": 0.0, "FIC_07": 0.0, "FIC_08": 0.0, "FIC_09": 0.0, "FIC_10": 0.0, "FIC_11": 0.0, "FIC_12": 1.0, "SEMRED": 0, "DESCR": " ", "COD_ID": "33bc9947272b653dc4d07a6f1dc66f2f7b2bb981684c0cc218f4b50bc321918d", "__layer": "UCBT_tab" }, "geometry": null },
{ "type": "Feature", "properties": { "DIST": 390, "PAC": "33754071739611908L", "RAMAL": "9662054S1", "PN_CON": "792872", "UNI_TR_MT": "14426514", "CTMT": "TTI0115", "UNI_TR_AT": "DTTI-EQ-TR2", "SUB": "DTTI", "CONJ": 12986, "MUN": "3550308", "CEG_GD": " ", "BRR": "R CONS COTEGIPE 219 BELENZINHO", "CEP": "03058-000", "CLAS_SUB": "RE1", "CNAE": " ", "TIP_CC": "RES-Tipo02", "FAS_CON": "ABN", "GRU_TEN": "BT", "TEN_FORN": "10", "GRU_TAR": "B1", "SIT_ATIV": "AT", "DAT_CON": "09/12/2013", "CAR_INST": 5.5, "LIV": 0, "ARE_LOC": "UB", "TIP_SIST": "RD_INTERLIG", "ENE_01": 119.08, "ENE_02": 212.0, "ENE_03": 162.0, "ENE_04": 239.0, "ENE_05": 126.0, "ENE_06": 128.0, "ENE_07": 98.0, "ENE_08": 95.0, "ENE_09": 50.0, "ENE_10": 50.0, "ENE_11": 50.0, "ENE_12": 48.54, "DIC_01": 8.36, "DIC_02": 0.16, "DIC_03": 0.0, "DIC_04": 0.0, "DIC_05": 0.0, "DIC_06": 0.0, "DIC_07": 0.0, "DIC_08": 0.0, "DIC_09": 0.0, "DIC_10": 0.0, "DIC_11": 0.0, "DIC_12": 0.23, "FIC_01": 2.0, "FIC_02": 2.0, "FIC_03": 0.0, "FIC_04": 0.0, "FIC_05": 0.0, "FIC_06": 0.0, "FIC_07": 0.0, "FIC_08": 0.0, "FIC_09": 0.0, "FIC_10": 0.0, "FIC_11": 0.0, "FIC_12": 1.0, "SEMRED": 0, "DESCR": " ", "COD_ID": "4c81729c1267d5a27b6461c4d548ea986e98bdc9ada433ace5d5d6509843e252", "__layer": "UCBT_tab" }, "geometry": null },
{ "type": "Feature", "properties": { "DIST": 390, "PAC": "33754071739611908L", "RAMAL": "9662054S1", "PN_CON": "792872", "UNI_TR_MT": "14426514", "CTMT": "TTI0115", "UNI_TR_AT": "DTTI-EQ-TR2", "SUB": "DTTI", "CONJ": 12986, "MUN": "3550308", "CEG_GD": " ", "BRR": "R CONS COTEGIPE 219 BELENZINHO", "CEP": "03058-000", "CLAS_SUB": "RE1", "CNAE": " ", "TIP_CC": "RES-Tipo04", "FAS_CON": "ABN", "GRU_TEN": "BT", "TEN_FORN": "10", "GRU_TAR": "B1", "SIT_ATIV": "AT", "DAT_CON": "09/12/2013", "CAR_INST": 10.8, "LIV": 0, "ARE_LOC": "UB", "TIP_SIST": "RD_INTERLIG", "ENE_01": 144.09, "ENE_02": 238.0, "ENE_03": 223.0, "ENE_04": 271.0, "ENE_05": 232.0, "ENE_06": 240.0, "ENE_07": 200.0, "ENE_08": 217.0, "ENE_09": 228.0, "ENE_10": 239.0, "ENE_11": 217.0, "ENE_12": 240.78, "DIC_01": 8.36, "DIC_02": 0.16, "DIC_03": 0.0, "DIC_04": 0.0, "DIC_05": 0.0, "DIC_06": 0.0, "DIC_07": 0.0, "DIC_08": 0.0, "DIC_09": 0.0, "DIC_10": 0.0, "DIC_11": 0.0, "DIC_12": 0.23, "FIC_01": 2.0, "FIC_02": 2.0, "FIC_03": 0.0, "FIC_04": 0.0, "FIC_05": 0.0, "FIC_06": 0.0, "FIC_07": 0.0, "FIC_08": 0.0, "FIC_09": 0.0, "FIC_10": 0.0, "FIC_11": 0.0, "FIC_12": 1.0, "SEMRED": 0, "DESCR": " ", "COD_ID": "63aa1c19f1bcd0a58b0924f42ba00b66d0fd73c290c0321943e5d37bc17e351c", "__layer": "UCBT_tab" }, "geometry": null },
{ "type": "Feature", "properties": { "DIST": 390, "PAC": "33754071739611908L", "RAMAL": "9662054S1", "PN_CON": "792872", "UNI_TR_MT": "14426514", "CTMT": "TTI0115", "UNI_TR_AT": "DTTI-EQ-TR2", "SUB": "DTTI", "CONJ": 12986, "MUN": "3550308", "CEG_GD": " ", "BRR": "R CONS COTEGIPE 219 BELENZINHO", "CEP": "03058-000", "CLAS_SUB": "RE1", "CNAE": " ", "TIP_CC": "RES-Tipo04", "FAS_CON": "ABN", "GRU_TEN": "BT", "TEN_FORN": "10", "GRU_TAR": "B1", "SIT_ATIV": "AT", "DAT_CON": "09/12/2013", "CAR_INST": 10.8, "LIV": 0, "ARE_LOC": "UB", "TIP_SIST": "RD_INTERLIG", "ENE_01": 122.08, "ENE_02": 201.0, "ENE_03": 207.0, "ENE_04": 229.0, "ENE_05": 226.0, "ENE_06": 213.0, "ENE_07": 145.0, "ENE_08": 122.0, "ENE_09": 145.0, "ENE_10": 153.0, "ENE_11": 159.0, "ENE_12": 180.59, "DIC_01": 8.36, "DIC_02": 0.16, "DIC_03": 0.0, "DIC_04": 0.0, "DIC_05": 0.0, "DIC_06": 0.0, "DIC_07": 0.0, "DIC_08": 0.0, "DIC_09": 0.0, "DIC_10": 0.0, "DIC_11": 0.0, "DIC_12": 0.23, "FIC_01": 2.0, "FIC_02": 2.0, "FIC_03": 0.0, "FIC_04": 0.0, "FIC_05": 0.0, "FIC_06": 0.0, "FIC_07": 0.0, "FIC_08": 0.0, "FIC_09": 0.0, "FIC_10": 0.0, "FIC_11": 0.0, "FIC_12": 1.0, "SEMRED": 0, "DESCR": " ", "COD_ID": "a8c8f717da47dc5f5722133dd5c2812340882e42f8d07f2cef1245ded8e24331", "__layer": "UCBT_tab" }, "geometry": null },
{ "type": "Feature", "properties": { "DIST": 390, "PAC": "33754071739611908L", "RAMAL": "9662054S1", "PN_CON": "792872", "UNI_TR_MT": "14426514", "CTMT": "TTI0115", "UNI_TR_AT": "DTTI-EQ-TR2", "SUB": "DTTI", "CONJ": 12986, "MUN": "3550308", "CEG_GD": " ", "BRR": "R CONS COTEGIPE 219 BELENZINHO", "CEP": "03058-000", "CLAS_SUB": "RE1", "CNAE": " ", "TIP_CC": "RES-Tipo03", "FAS_CON": "ABN", "GRU_TEN": "BT", "TEN_FORN": "10", "GRU_TAR": "B1", "SIT_ATIV": "AT", "DAT_CON": "09/12/2013", "CAR_INST": 10.8, "LIV": 0, "ARE_LOC": "UB", "TIP_SIST": "RD_INTERLIG", "ENE_01": 26.51, "ENE_02": 100.0, "ENE_03": 100.0, "ENE_04": 100.0, "ENE_05": 2.0, "ENE_06": 100.0, "ENE_07": 1.0, "ENE_08": 100.0, "ENE_09": 100.0, "ENE_10": 1.0, "ENE_11": 100.0, "ENE_12": 3.88, "DIC_01": 8.36, "DIC_02": 0.16, "DIC_03": 0.0, "DIC_04": 0.0, "DIC_05": 0.0, "DIC_06": 0.0, "DIC_07": 0.0, "DIC_08": 0.0, "DIC_09": 0.0, "DIC_10": 0.0, "DIC_11": 0.0, "DIC_12": 0.23, "FIC_01": 2.0, "FIC_02": 2.0, "FIC_03": 0.0, "FIC_04": 0.0, "FIC_05": 0.0, "FIC_06": 0.0, "FIC_07": 0.0, "FIC_08": 0.0, "FIC_09": 0.0, "FIC_10": 0.0, "FIC_11": 0.0, "FIC_12": 1.0, "SEMRED": 0, "DESCR": " ", "COD_ID": "a52d7383811a191f48eac491405cdb179c81d443e0e321955fb905ef7da71a20", "__layer": "UCBT_tab" }, "geometry": null },
{ "type": "Feature", "properties": { "DIST": 390, "PAC": "33754071739611908L", "RAMAL": "9662054S1", "PN_CON": "792872", "UNI_TR_MT": "14426514", "CTMT": "TTI0115", "UNI_TR_AT": "DTTI-EQ-TR2", "SUB": "DTTI", "CONJ": 12986, "MUN": "3550308", "CEG_GD": " ", "BRR": "R CONS COTEGIPE 219 BELENZINHO", "CEP": "03058-000", "CLAS_SUB": "RE1", "CNAE": " ", "TIP_CC": "RES-Tipo03", "FAS_CON": "ABCN", "GRU_TEN": "BT", "TEN_FORN": "10", "GRU_TAR": "B1", "SIT_ATIV": "AT", "DAT_CON": "09/12/2013", "CAR_INST": 10.8, "LIV": 0, "ARE_LOC": "UB", "TIP_SIST": "RD_INTERLIG", "ENE_01": 70.54, "ENE_02": 133.0, "ENE_03": 137.0, "ENE_04": 172.0, "ENE_05": 158.0, "ENE_06": 163.0, "ENE_07": 109.0, "ENE_08": 130.0, "ENE_09": 138.0, "ENE_10": 142.0, "ENE_11": 135.0, "ENE_12": 135.92, "DIC_01": 8.36, "DIC_02": 0.16, "DIC_03": 0.0, "DIC_04": 0.0, "DIC_05": 0.0, "DIC_06": 0.0, "DIC_07": 0.0, "DIC_08": 0.0, "DIC_09": 0.0, "DIC_10": 0.0, "DIC_11": 0.0, "DIC_12": 0.23, "FIC_01": 2.0, "FIC_02": 2.0, "FIC_03": 0.0, "FIC_04": 0.0, "FIC_05": 0.0, "FIC_06": 0.0, "FIC_07": 0.0, "FIC_08": 0.0, "FIC_09": 0.0, "FIC_10": 0.0, "FIC_11": 0.0, "FIC_12": 1.0, "SEMRED": 0, "DESCR": " ", "COD_ID": "a8a84047effd8ce36b23ca9b33ca0a1b076960bc406d0926eae4cc5c9041c310", "__layer": "UCBT_tab" }, "geometry": null },
{ "type": "Feature", "properties": { "DIST": 390, "PAC": "33754071739611908L", "RAMAL": "9662054S1", "PN_CON": "792872", "UNI_TR_MT": "14426514", "CTMT": "TTI0115", "UNI_TR_AT": "DTTI-EQ-TR2", "SUB": "DTTI", "CONJ": 12986, "MUN": "3550308", "CEG_GD": " ", "BRR": "R CONS COTEGIPE 219 BELENZINHO", "CEP": "03058-000", "CLAS_SUB": "RE1", "CNAE": " ", "TIP_CC": "RES-Tipo02", "FAS_CON": "ABN", "GRU_TEN": "BT", "TEN_FORN": "10", "GRU_TAR": "B1", "SIT_ATIV": "AT", "DAT_CON": "09/12/2013", "CAR_INST": 10.8, "LIV": 0, "ARE_LOC": "UB", "TIP_SIST": "RD_INTERLIG", "ENE_01": 94.56, "ENE_02": 182.0, "ENE_03": 158.0, "ENE_04": 180.0, "ENE_05": 172.0, "ENE_06": 186.0, "ENE_07": 155.0, "ENE_08": 157.0, "ENE_09": 165.0, "ENE_10": 164.0, "ENE_11": 164.0, "ENE_12": 167.96, "DIC_01": 8.36, "DIC_02": 0.16, "DIC_03": 0.0, "DIC_04": 0.0, "DIC_05": 0.0, "DIC_06": 0.0, "DIC_07": 0.0, "DIC_08": 0.0, "DIC_09": 0.0, "DIC_10": 0.0, "DIC_11": 0.0, "DIC_12": 0.23, "FIC_01": 2.0, "FIC_02": 2.0, "FIC_03": 0.0, "FIC_04": 0.0, "FIC_05": 0.0, "FIC_06": 0.0, "FIC_07": 0.0, "FIC_08": 0.0, "FIC_09": 0.0, "FIC_10": 0.0, "FIC_11": 0.0, "FIC_12": 1.0, "SEMRED": 0, "DESCR": " ", "COD_ID": "6984f1680d7530be150948c2184d199f5c9ba03d25615e6acafdfcc3b7a2006f", "__layer": "UCBT_tab" }, "geometry": null },
{ "type": "Feature", "properties": { "DIST": 390, "PAC": "33754071739611908L", "RAMAL": "9662054S1", "PN_CON": "792872", "UNI_TR_MT": "14426514", "CTMT": "TTI0115", "UNI_TR_AT": "DTTI-EQ-TR2", "SUB": "DTTI", "CONJ": 12986, "MUN": "3550308", "CEG_GD": " ", "BRR": "R CONS COTEGIPE 219 BELENZINHO", "CEP": "03058-000", "CLAS_SUB": "RE1", "CNAE": " ", "TIP_CC": "RES-Tipo01", "FAS_CON": "ABN", "GRU_TEN": "BT", "TEN_FORN": "10", "GRU_TAR": "B1", "SIT_ATIV": "AT", "DAT_CON": "09/12/2013", "CAR_INST": 10.8, "LIV": 0, "ARE_LOC": "UB", "TIP_SIST": "RD_INTERLIG", "ENE_01": 57.03, "ENE_02": 115.0, "ENE_03": 89.0, "ENE_04": 126.0, "ENE_05": 106.0, "ENE_06": 104.0, "ENE_07": 87.0, "ENE_08": 86.0, "ENE_09": 86.0, "ENE_10": 86.0, "ENE_11": 68.0, "ENE_12": 78.64, "DIC_01": 8.36, "DIC_02": 0.16, "DIC_03": 0.0, "DIC_04": 0.0, "DIC_05": 0.0, "DIC_06": 0.0, "DIC_07": 0.0, "DIC_08": 0.0, "DIC_09": 0.0, "DIC_10": 0.0, "DIC_11": 0.0, "DIC_12": 0.23, "FIC_01": 2.0, "FIC_02": 2.0, "FIC_03": 0.0, "FIC_04": 0.0, "FIC_05": 0.0, "FIC_06": 0.0, "FIC_07": 0.0, "FIC_08": 0.0, "FIC_09": 0.0, "FIC_10": 0.0, "FIC_11": 0.0, "FIC_12": 1.0, "SEMRED": 0, "DESCR": " ", "COD_ID": "671dcbb55dd587880af43ad5c717c71dfa1d0999c80eb04da573840963ca54e3", "__layer": "UCBT_tab" }, "geometry": null },
{ "type": "Feature", "properties": { "DIST": 390, "PAC": "33754071739611908L", "RAMAL": "9662054S1", "PN_CON": "792872", "UNI_TR_MT": "14426514", "CTMT": "TTI0115", "UNI_TR_AT": "DTTI-EQ-TR2", "SUB": "DTTI", "CONJ": 12986, "MUN": "3550308", "CEG_GD": " ", "BRR": "R CONS COTEGIPE 219 BELENZINHO", "CEP": "03058-000", "CLAS_SUB": "RE1", "CNAE": " ", "TIP_CC": "RES-Tipo02", "FAS_CON": "ABN", "GRU_TEN": "BT", "TEN_FORN": "10", "GRU_TAR": "B1", "SIT_ATIV": "AT", "DAT_CON": "09/12/2013", "CAR_INST": 10.8, "LIV": 0, "ARE_LOC": "UB", "TIP_SIST": "RD_INTERLIG", "ENE_01": 97.56, "ENE_02": 187.0, "ENE_03": 178.0, "ENE_04": 218.0, "ENE_05": 195.0, "ENE_06": 208.0, "ENE_07": 170.0, "ENE_08": 205.0, "ENE_09": 233.0, "ENE_10": 182.0, "ENE_11": 194.0, "ENE_12": 204.86, "DIC_01": 8.36, "DIC_02": 0.16, "DIC_03": 0.0, "DIC_04": 0.0, "DIC_05": 0.0, "DIC_06": 0.0, "DIC_07": 0.0, "DIC_08": 0.0, "DIC_09": 0.0, "DIC_10": 0.0, "DIC_11": 0.0, "DIC_12": 0.23, "FIC_01": 2.0, "FIC_02": 2.0, "FIC_03": 0.0, "FIC_04": 0.0, "FIC_05": 0.0, "FIC_06": 0.0, "FIC_07": 0.0, "FIC_08": 0.0, "FIC_09": 0.0, "FIC_10": 0.0, "FIC_11": 0.0, "FIC_12": 1.0, "SEMRED": 0, "DESCR": " ", "COD_ID": "6e012b2cbdd9ae84d952e73e03e4d2e57b39fb2c48b9d2cc8cfecbfcb27b6ad0", "__layer": "UCBT_tab" }, "geometry": null },
{ "type": "Feature", "properties": { "DIST": 390, "PAC": "33754071739611908L", "RAMAL": "9662054S1", "PN_CON": "792872", "UNI_TR_MT": "14426514", "CTMT": "TTI0115", "UNI_TR_AT": "DTTI-EQ-TR2", "SUB": "DTTI", "CONJ": 12986, "MUN": "3550308", "CEG_GD": " ", "BRR": "R CONS COTEGIPE 219 BELENZINHO", "CEP": "03058-000", "CLAS_SUB": "RE1", "CNAE": " ", "TIP_CC": "RES-Tipo01", "FAS_CON": "ABN", "GRU_TEN": "BT", "TEN_FORN": "10", "GRU_TAR": "B1", "SIT_ATIV": "AT", "DAT_CON": "09/12/2013", "CAR_INST": 10.8, "LIV": 0, "ARE_LOC": "UB", "TIP_SIST": "RD_INTERLIG", "ENE_01": 43.02, "ENE_02": 90.0, "ENE_03": 82.0, "ENE_04": 91.0, "ENE_05": 90.0, "ENE_06": 90.0, "ENE_07": 80.0, "ENE_08": 68.0, "ENE_09": 82.0, "ENE_10": 85.0, "ENE_11": 75.0, "ENE_12": 71.84, "DIC_01": 8.36, "DIC_02": 0.16, "DIC_03": 0.0, "DIC_04": 0.0, "DIC_05": 0.0, "DIC_06": 0.0, "DIC_07": 0.0, "DIC_08": 0.0, "DIC_09": 0.0, "DIC_10": 0.0, "DIC_11": 0.0, "DIC_12": 0.23, "FIC_01": 2.0, "FIC_02": 2.0, "FIC_03": 0.0, "FIC_04": 0.0, "FIC_05": 0.0, "FIC_06": 0.0, "FIC_07": 0.0, "FIC_08": 0.0, "FIC_09": 0.0, "FIC_10": 0.0, "FIC_11": 0.0, "FIC_12": 1.0, "SEMRED": 0, "DESCR": " ", "COD_ID": "680e4c1102602161b19194fd443951eebf36c4d07f9d54dcc85623105556b6de", "__layer": "UCBT_tab" }, "geometry": null },
{ "type": "Feature", "properties": { "DIST": 390, "PAC": "33754071739611908L", "RAMAL": "9662054S1", "PN_CON": "792872", "UNI_TR_MT": "14426514", "CTMT": "TTI0115", "UNI_TR_AT": "DTTI-EQ-TR2", "SUB": "DTTI", "CONJ": 12986, "MUN": "3550308", "CEG_GD": " ", "BRR": "R CONS COTEGIPE 219 BELENZINHO", "CEP": "03058-000", "CLAS_SUB": "RE1", "CNAE": " ", "TIP_CC": "RES-Tipo02", "FAS_CON": "ABN", "GRU_TEN": "BT", "TEN_FORN": "10", "GRU_TAR": "B1", "SIT_ATIV": "AT", "DAT_CON": "09/12/2013", "CAR_INST": 10.8, "LIV": 0, "ARE_LOC": "UB", "TIP_SIST": "RD_INTERLIG", "ENE_01": 92.56, "ENE_02": 141.0, "ENE_03": 153.0, "ENE_04": 187.0, "ENE_05": 185.0, "ENE_06": 197.0, "ENE_07": 173.0, "ENE_08": 146.0, "ENE_09": 187.0, "ENE_10": 190.0, "ENE_11": 188.0, "ENE_12": 186.41, "DIC_01": 8.36, "DIC_02": 0.16, "DIC_03": 0.0, "DIC_04": 0.0, "DIC_05": 0.0, "DIC_06": 0.0, "DIC_07": 0.0, "DIC_08": 0.0, "DIC_09": 0.0, "DIC_10": 0.0, "DIC_11": 0.0, "DIC_12": 0.23, "FIC_01": 2.0, "FIC_02": 2.0, "FIC_03": 0.0, "FIC_04": 0.0, "FIC_05": 0.0, "FIC_06": 0.0, "FIC_07": 0.0, "FIC_08": 0.0, "FIC_09": 0.0, "FIC_10": 0.0, "FIC_11": 0.0, "FIC_12": 1.0, "SEMRED": 0, "DESCR": " ", "COD_ID": "afd27908543b9697b48f88671bd4eb7d520027cec43c658ded2abf2d2b91ba34", "__layer": "UCBT_tab" }, "geometry": null },
{ "type": "Feature", "properties": { "DIST": 390, "PAC": "33754071739611908L", "RAMAL": "9662054S1", "PN_CON": "792872", "UNI_TR_MT": "14426514", "CTMT": "TTI0115", "UNI_TR_AT": "DTTI-EQ-TR2", "SUB": "DTTI", "CONJ": 12986, "MUN": "3550308", "CEG_GD": " ", "BRR": "R CONS COTEGIPE 219 BELENZINHO", "CEP": "03058-000", "CLAS_SUB": "RE1", "CNAE": " ", "TIP_CC": "RES-Tipo03", "FAS_CON": "ABN", "GRU_TEN": "BT", "TEN_FORN": "10", "GRU_TAR": "B1", "SIT_ATIV": "AT", "DAT_CON": "09/12/2013", "CAR_INST": 10.8, "LIV": 0, "ARE_LOC": "UB", "TIP_SIST": "RD_INTERLIG", "ENE_01": 40.02, "ENE_02": 71.0, "ENE_03": 110.0, "ENE_04": 108.0, "ENE_05": 110.0, "ENE_06": 107.0, "ENE_07": 92.0, "ENE_08": 90.0, "ENE_09": 114.0, "ENE_10": 65.0, "ENE_11": 104.0, "ENE_12": 112.62, "DIC_01": 8.36, "DIC_02": 0.16, "DIC_03": 0.0, "DIC_04": 0.0, "DIC_05": 0.0, "DIC_06": 0.0, "DIC_07": 0.0, "DIC_08": 0.0, "DIC_09": 0.0, "DIC_10": 0.0, "DIC_11": 0.0, "DIC_12": 0.23, "FIC_01": 2.0, "FIC_02": 2.0, "FIC_03": 0.0, "FIC_04": 0.0, "FIC_05": 0.0, "FIC_06": 0.0, "FIC_07": 0.0, "FIC_08": 0.0, "FIC_09": 0.0, "FIC_10": 0.0, "FIC_11": 0.0, "FIC_12": 1.0, "SEMRED": 0, "DESCR": " ", "COD_ID": "6412db8be0dd7fd7cde9e1d446f40f395d7255dd8ad105bdd355bd029ddcdb4e", "__layer": "UCBT_tab" }, "geometry": null },
{ "type": "Feature", "properties": { "DIST": 390, "PAC": "33754071739611908L", "RAMAL": "9662054S1", "PN_CON": "792872", "UNI_TR_MT": "14426514", "CTMT": "TTI0115", "UNI_TR_AT": "DTTI-EQ-TR2", "SUB": "DTTI", "CONJ": 12986, "MUN": "3550308", "CEG_GD": " ", "BRR": "R CONS COTEGIPE 219 BELENZINHO", "CEP": "03058-000", "CLAS_SUB": "RE1", "CNAE": " ", "TIP_CC": "RES-Tipo02", "FAS_CON": "ABN", "GRU_TEN": "BT", "TEN_FORN": "10", "GRU_TAR": "B1", "SIT_ATIV": "AT", "DAT_CON": "09/12/2013", "CAR_INST": 10.8, "LIV": 0, "ARE_LOC": "UB", "TIP_SIST": "RD_INTERLIG", "ENE_01": 118.57, "ENE_02": 171.0, "ENE_03": 183.0, "ENE_04": 227.0, "ENE_05": 204.0, "ENE_06": 248.0, "ENE_07": 171.0, "ENE_08": 150.0, "ENE_09": 187.0, "ENE_10": 209.0, "ENE_11": 176.0, "ENE_12": 192.24, "DIC_01": 8.36, "DIC_02": 0.16, "DIC_03": 0.0, "DIC_04": 0.0, "DIC_05": 0.0, "DIC_06": 0.0, "DIC_07": 0.0, "DIC_08": 0.0, "DIC_09": 0.0, "DIC_10": 0.0, "DIC_11": 0.0, "DIC_12": 0.23, "FIC_01": 2.0, "FIC_02": 2.0, "FIC_03": 0.0, "FIC_04": 0.0, "FIC_05": 0.0, "FIC_06": 0.0, "FIC_07": 0.0, "FIC_08": 0.0, "FIC_09": 0.0, "FIC_10": 0.0, "FIC_11": 0.0, "FIC_12": 1.0, "SEMRED": 0, "DESCR": " ", "COD_ID": "b075ab9c443aee464ac2c989bad8c8e3f2162bcab7a5db8b7accd3d8f0e090b7", "__layer": "UCBT_tab" }, "geometry": null },
{ "type": "Feature", "properties": { "DIST": 390, "PAC": "33754071739611908L", "RAMAL": "9662054S1", "PN_CON": "792872", "UNI_TR_MT": "14426514", "CTMT": "TTI0115", "UNI_TR_AT": "DTTI-EQ-TR2", "SUB": "DTTI", "CONJ": 12986, "MUN": "3550308", "CEG_GD": " ", "BRR": "R CONS COTEGIPE 219 BELENZINHO", "CEP": "03058-000", "CLAS_SUB": "RE1", "CNAE": " ", "TIP_CC": "RES-Tipo02", "FAS_CON": "ABN", "GRU_TEN": "BT", "TEN_FORN": "10", "GRU_TAR": "B1", "SIT_ATIV": "AT", "DAT_CON": "09/12/2013", "CAR_INST": 10.8, "LIV": 0, "ARE_LOC": "UB", "TIP_SIST": "RD_INTERLIG", "ENE_01": 104.57, "ENE_02": 233.0, "ENE_03": 213.0, "ENE_04": 250.0, "ENE_05": 194.0, "ENE_06": 195.0, "ENE_07": 160.0, "ENE_08": 155.0, "ENE_09": 127.0, "ENE_10": 165.0, "ENE_11": 164.0, "ENE_12": 142.72, "DIC_01": 8.36, "DIC_02": 0.16, "DIC_03": 0.0, "DIC_04": 0.0, "DIC_05": 0.0, "DIC_06": 0.0, "DIC_07": 0.0, "DIC_08": 0.0, "DIC_09": 0.0, "DIC_10": 0.0, "DIC_11": 0.0, "DIC_12": 0.23, "FIC_01": 2.0, "FIC_02": 2.0, "FIC_03": 0.0, "FIC_04": 0.0, "FIC_05": 0.0, "FIC_06": 0.0, "FIC_07": 0.0, "FIC_08": 0.0, "FIC_09": 0.0, "FIC_10": 0.0, "FIC_11": 0.0, "FIC_12": 1.0, "SEMRED": 0, "DESCR": " ", "COD_ID": "4d34b1881105341cb705d63d5fd3b9e0259d2b15514abd27379e8baf718929c2", "__layer": "UCBT_tab" }, "geometry": null },
{ "type": "Feature", "properties": { "DIST": 390, "PAC": "33754071739611908L", "RAMAL": "9662054S1", "PN_CON": "792872", "UNI_TR_MT": "14426514", "CTMT": "TTI0115", "UNI_TR_AT": "DTTI-EQ-TR2", "SUB": "DTTI", "CONJ": 12986, "MUN": "3550308", "CEG_GD": " ", "BRR": "R CONS COTEGIPE 219 BELENZINHO", "CEP": "03058-000", "CLAS_SUB": "RE1", "CNAE": " ", "TIP_CC": "RES-Tipo01", "FAS_CON": "ABN", "GRU_TEN": "BT", "TEN_FORN": "10", "GRU_TAR": "B1", "SIT_ATIV": "AT", "DAT_CON": "09/12/2013", "CAR_INST": 8.7, "LIV": 0, "ARE_LOC": "UB", "TIP_SIST": "RD_INTERLIG", "ENE_01": 50.53, "ENE_02": 90.0, "ENE_03": 82.0, "ENE_04": 99.0, "ENE_05": 91.0, "ENE_06": 102.0, "ENE_07": 88.0, "ENE_08": 92.0, "ENE_09": 88.0, "ENE_10": 98.0, "ENE_11": 92.0, "ENE_12": 92.23, "DIC_01": 8.36, "DIC_02": 0.16, "DIC_03": 0.0, "DIC_04": 0.0, "DIC_05": 0.0, "DIC_06": 0.0, "DIC_07": 0.0, "DIC_08": 0.0, "DIC_09": 0.0, "DIC_10": 0.0, "DIC_11": 0.0, "DIC_12": 0.23, "FIC_01": 2.0, "FIC_02": 2.0, "FIC_03": 0.0, "FIC_04": 0.0, "FIC_05": 0.0, "FIC_06": 0.0, "FIC_07": 0.0, "FIC_08": 0.0, "FIC_09": 0.0, "FIC_10": 0.0, "FIC_11": 0.0, "FIC_12": 1.0, "SEMRED": 0, "DESCR": " ", "COD_ID": "0b5a13c9835a7c47027338d625c553f0c7192226f17d550601984d741f738ba2", "__layer": "UCBT_tab" }, "geometry": null },
{ "type": "Feature", "properties": { "DIST": 390, "PAC": "33754071739611908L", "RAMAL": "9662054S1", "PN_CON": "792872", "UNI_TR_MT": "14426514", "CTMT": "TTI0115", "UNI_TR_AT": "DTTI-EQ-TR2", "SUB": "DTTI", "CONJ": 12986, "MUN": "3550308", "CEG_GD": " ", "BRR": "R CONS COTEGIPE 219 BELENZINHO", "CEP": "03058-000", "CLAS_SUB": "RE1", "CNAE": " ", "TIP_CC": "RES-Tipo01", "FAS_CON": "ABN", "GRU_TEN": "BT", "TEN_FORN": "10", "GRU_TAR": "B1", "SIT_ATIV": "AT", "DAT_CON": "09/12/2013", "CAR_INST": 10.8, "LIV": 0, "ARE_LOC": "UB", "TIP_SIST": "RD_INTERLIG", "ENE_01": 43.52, "ENE_02": 77.0, "ENE_03": 70.0, "ENE_04": 93.0, "ENE_05": 77.0, "ENE_06": 83.0, "ENE_07": 68.0, "ENE_08": 75.0, "ENE_09": 81.0, "ENE_10": 75.0, "ENE_11": 72.0, "ENE_12": 66.02, "DIC_01": 8.36, "DIC_02": 0.16, "DIC_03": 0.0, "DIC_04": 0.0, "DIC_05": 0.0, "DIC_06": 0.0, "DIC_07": 0.0, "DIC_08": 0.0, "DIC_09": 0.0, "DIC_10": 0.0, "DIC_11": 0.0, "DIC_12": 0.23, "FIC_01": 2.0, "FIC_02": 2.0, "FIC_03": 0.0, "FIC_04": 0.0, "FIC_05": 0.0, "FIC_06": 0.0, "FIC_07": 0.0, "FIC_08": 0.0, "FIC_09": 0.0, "FIC_10": 0.0, "FIC_11": 0.0, "FIC_12": 1.0, "SEMRED": 0, "DESCR": " ", "COD_ID": "b5d5728fb1b08c29bc0899372d7c7017530b5d5b79f2faa361a9111626b3f3e8", "__layer": "UCBT_tab" }, "geometry": null },
{ "type": "Feature", "properties": { "DIST": 390, "PAC": "33754071739611908L", "RAMAL": "9662054S1", "PN_CON": "792872", "UNI_TR_MT": "14426514", "CTMT": "TTI0115", "UNI_TR_AT": "DTTI-EQ-TR2", "SUB": "DTTI", "CONJ": 12986, "MUN": "3550308", "CEG_GD": " ", "BRR": "R CONS COTEGIPE 219 BELENZINHO", "CEP": "03058-000", "CLAS_SUB": "RE1", "CNAE": " ", "TIP_CC": "RES-Tipo02", "FAS_CON": "ABN", "GRU_TEN": "BT", "TEN_FORN": "10", "GRU_TAR": "B1", "SIT_ATIV": "AT", "DAT_CON": "09/12/2013", "CAR_INST": 10.8, "LIV": 0, "ARE_LOC": "UB", "TIP_SIST": "RD_INTERLIG", "ENE_01": 73.04, "ENE_02": 111.0, "ENE_03": 114.0, "ENE_04": 132.0, "ENE_05": 141.0, "ENE_06": 155.0, "ENE_07": 139.0, "ENE_08": 232.0, "ENE_09": 262.0, "ENE_10": 139.0, "ENE_11": 122.0, "ENE_12": 133.01, "DIC_01": 8.36, "DIC_02": 0.16, "DIC_03": 0.0, "DIC_04": 0.0, "DIC_05": 0.0, "DIC_06": 0.0, "DIC_07": 0.0, "DIC_08": 0.0, "DIC_09": 0.0, "DIC_10": 0.0, "DIC_11": 0.0, "DIC_12": 0.23, "FIC_01": 2.0, "FIC_02": 2.0, "FIC_03": 0.0, "FIC_04": 0.0, "FIC_05": 0.0, "FIC_06": 0.0, "FIC_07": 0.0, "FIC_08": 0.0, "FIC_09": 0.0, "FIC_10": 0.0, "FIC_11": 0.0, "FIC_12": 1.0, "SEMRED": 0, "DESCR": " ", "COD_ID": "76759eb5f3116f7078a94a3f784dbf1604dd46d6aecf43f30dcbfecfdb366165", "__layer": "UCBT_tab" }, "geometry": null },
{ "type": "Feature", "properties": { "DIST": 390, "PAC": "33754071739611908L", "RAMAL": "9662054S1", "PN_CON": "792872", "UNI_TR_MT": "14426514", "CTMT": "TTI0115", "UNI_TR_AT": "DTTI-EQ-TR2", "SUB": "DTTI", "CONJ": 12986, "MUN": "3550308", "CEG_GD": " ", "BRR": "R CONS COTEGIPE 219 BELENZINHO", "CEP": "03058-000", "CLAS_SUB": "RE1", "CNAE": " ", "TIP_CC": "RES-Tipo02", "FAS_CON": "ABCN", "GRU_TEN": "BT", "TEN_FORN": "10", "GRU_TAR": "B1", "SIT_ATIV": "AT", "DAT_CON": "09/12/2013", "CAR_INST": 10.8, "LIV": 0, "ARE_LOC": "UB", "TIP_SIST": "RD_INTERLIG", "ENE_01": 104.57, "ENE_02": 181.0, "ENE_03": 167.0, "ENE_04": 189.0, "ENE_05": 167.0, "ENE_06": 168.0, "ENE_07": 169.0, "ENE_08": 170.0, "ENE_09": 245.0, "ENE_10": 203.0, "ENE_11": 185.0, "ENE_12": 209.71, "DIC_01": 8.36, "DIC_02": 0.16, "DIC_03": 0.0, "DIC_04": 0.0, "DIC_05": 0.0, "DIC_06": 0.0, "DIC_07": 0.0, "DIC_08": 0.0, "DIC_09": 0.0, "DIC_10": 0.0, "DIC_11": 0.0, "DIC_12": 0.23, "FIC_01": 2.0, "FIC_02": 2.0, "FIC_03": 0.0, "FIC_04": 0.0, "FIC_05": 0.0, "FIC_06": 0.0, "FIC_07": 0.0, "FIC_08": 0.0, "FIC_09": 0.0, "FIC_10": 0.0, "FIC_11": 0.0, "FIC_12": 1.0, "SEMRED": 0, "DESCR": " ", "COD_ID": "2dad0fb97aa81d5d9e7e18eb7438188c2958d1139763a59d0167684f0d622ae2", "__layer": "UCBT_tab" }, "geometry": null },
{ "type": "Feature", "properties": { "DIST": 390, "PAC": "33754071739611908L", "RAMAL": "9662054S1", "PN_CON": "792872", "UNI_TR_MT": "14426514", "CTMT": "TTI0115", "UNI_TR_AT": "DTTI-EQ-TR2", "SUB": "DTTI", "CONJ": 12986, "MUN": "3550308", "CEG_GD": " ", "BRR": "R CONS COTEGIPE 219 BELENZINHO", "CEP": "03058-000", "CLAS_SUB": "RE1", "CNAE": " ", "TIP_CC": "RES-Tipo02", "FAS_CON": "ABN", "GRU_TEN": "BT", "TEN_FORN": "10", "GRU_TAR": "B1", "SIT_ATIV": "AT", "DAT_CON": "09/12/2013", "CAR_INST": 7.9, "LIV": 0, "ARE_LOC": "UB", "TIP_SIST": "RD_INTERLIG", "ENE_01": 128.08, "ENE_02": 208.0, "ENE_03": 204.0, "ENE_04": 257.0, "ENE_05": 228.0, "ENE_06": 226.0, "ENE_07": 178.0, "ENE_08": 172.0, "ENE_09": 185.0, "ENE_10": 201.0, "ENE_11": 198.0, "ENE_12": 210.68, "DIC_01": 8.36, "DIC_02": 0.16, "DIC_03": 0.0, "DIC_04": 0.0, "DIC_05": 0.0, "DIC_06": 0.0, "DIC_07": 0.0, "DIC_08": 0.0, "DIC_09": 0.0, "DIC_10": 0.0, "DIC_11": 0.0, "DIC_12": 0.23, "FIC_01": 2.0, "FIC_02": 2.0, "FIC_03": 0.0, "FIC_04": 0.0, "FIC_05": 0.0, "FIC_06": 0.0, "FIC_07": 0.0, "FIC_08": 0.0, "FIC_09": 0.0, "FIC_10": 0.0, "FIC_11": 0.0, "FIC_12": 1.0, "SEMRED": 0, "DESCR": " ", "COD_ID": "c4eb456f278949f1d2cb2244262ed109ca8c62794075bc5197b4b00bc610b82a", "__layer": "UCBT_tab" }, "geometry": null },
{ "type": "Feature", "properties": { "DIST": 390, "PAC": "33754071739611908L", "RAMAL": "9662054S1", "PN_CON": "792872", "UNI_TR_MT": "14426514", "CTMT": "TTI0115", "UNI_TR_AT": "DTTI-EQ-TR2", "SUB": "DTTI", "CONJ": 12986, "MUN": "3550308", "CEG_GD": " ", "BRR": "R CONS COTEGIPE 219 BELENZINHO", "CEP": "03058-000", "CLAS_SUB": "RE1", "CNAE": " ", "TIP_CC": "RES-Tipo01", "FAS_CON": "ABN", "GRU_TEN": "BT", "TEN_FORN": "10", "GRU_TAR": "B1", "SIT_ATIV": "AT", "DAT_CON": "09/12/2013", "CAR_INST": 13.6, "LIV": 0, "ARE_LOC": "UB", "TIP_SIST": "RD_INTERLIG", "ENE_01": 53.53, "ENE_02": 96.0, "ENE_03": 91.0, "ENE_04": 112.0, "ENE_05": 102.0, "ENE_06": 117.0, "ENE_07": 93.0, "ENE_08": 76.0, "ENE_09": 105.0, "ENE_10": 109.0, "ENE_11": 100.0, "ENE_12": 101.94, "DIC_01": 8.36, "DIC_02": 0.16, "DIC_03": 0.0, "DIC_04": 0.0, "DIC_05": 0.0, "DIC_06": 0.0, "DIC_07": 0.0, "DIC_08": 0.0, "DIC_09": 0.0, "DIC_10": 0.0, "DIC_11": 0.0, "DIC_12": 0.23, "FIC_01": 2.0, "FIC_02": 2.0, "FIC_03": 0.0, "FIC_04": 0.0, "FIC_05": 0.0, "FIC_06": 0.0, "FIC_07": 0.0, "FIC_08": 0.0, "FIC_09": 0.0, "FIC_10": 0.0, "FIC_11": 0.0, "FIC_12": 1.0, "SEMRED": 0, "DESCR": " ", "COD_ID": "40f9922227fe477cd35b4057e7b9e29128db8bfa19a491ff2567cc4b7e1b1c8c", "__layer": "UCBT_tab" }, "geometry": null },
{ "type": "Feature", "properties": { "DIST": 390, "PAC": "33754071739611908L", "RAMAL": "9662054S1", "PN_CON": "792872", "UNI_TR_MT": "14426514", "CTMT": "TTI0115", "UNI_TR_AT": "DTTI-EQ-TR2", "SUB": "DTTI", "CONJ": 12986, "MUN": "3550308", "CEG_GD": " ", "BRR": "R CONS COTEGIPE 219 BELENZINHO", "CEP": "03058-000", "CLAS_SUB": "RE1", "CNAE": " ", "TIP_CC": "RES-Tipo01", "FAS_CON": "ABN", "GRU_TEN": "BT", "TEN_FORN": "10", "GRU_TAR": "B1", "SIT_ATIV": "AT", "DAT_CON": "09/12/2013", "CAR_INST": 10.8, "LIV": 0, "ARE_LOC": "UB", "TIP_SIST": "RD_INTERLIG", "ENE_01": 37.02, "ENE_02": 61.0, "ENE_03": 75.0, "ENE_04": 63.0, "ENE_05": 190.0, "ENE_06": 258.0, "ENE_07": 190.0, "ENE_08": 182.0, "ENE_09": 193.0, "ENE_10": 244.0, "ENE_11": 255.0, "ENE_12": 264.09, "DIC_01": 8.36, "DIC_02": 0.16, "DIC_03": 0.0, "DIC_04": 0.0, "DIC_05": 0.0, "DIC_06": 0.0, "DIC_07": 0.0, "DIC_08": 0.0, "DIC_09": 0.0, "DIC_10": 0.0, "DIC_11": 0.0, "DIC_12": 0.23, "FIC_01": 2.0, "FIC_02": 2.0, "FIC_03": 0.0, "FIC_04": 0.0, "FIC_05": 0.0, "FIC_06": 0.0, "FIC_07": 0.0, "FIC_08": 0.0, "FIC_09": 0.0, "FIC_10": 0.0, "FIC_11": 0.0, "FIC_12": 1.0, "SEMRED": 0, "DESCR": " ", "COD_ID": "eac83973596e03c512ee20b55bf866d00edeaa016fa832738767ffdc77595787", "__layer": "UCBT_tab" }, "geometry": null },
{ "type": "Feature", "properties": { "DIST": 390, "PAC": "33754071739611908L", "RAMAL": "9662054S1", "PN_CON": "792872", "UNI_TR_MT": "14426514", "CTMT": "TTI0115", "UNI_TR_AT": "DTTI-EQ-TR2", "SUB": "DTTI", "CONJ": 12986, "MUN": "3550308", "CEG_GD": " ", "BRR": "R CONS COTEGIPE 219 BELENZINHO", "CEP": "03058-000", "CLAS_SUB": "RE1", "CNAE": " ", "TIP_CC": "RES-Tipo03", "FAS_CON": "ABN", "GRU_TEN": "BT", "TEN_FORN": "10", "GRU_TAR": "B1", "SIT_ATIV": "AT", "DAT_CON": "09/12/2013", "CAR_INST": 10.8, "LIV": 0, "ARE_LOC": "UB", "TIP_SIST": "RD_INTERLIG", "ENE_01": 55.53, "ENE_02": 35.0, "ENE_03": 114.0, "ENE_04": 189.0, "ENE_05": 156.0, "ENE_06": 156.0, "ENE_07": 156.0, "ENE_08": 156.0, "ENE_09": 50.0, "ENE_10": 135.0, "ENE_11": 127.0, "ENE_12": 130.1, "DIC_01": 8.36, "DIC_02": 0.16, "DIC_03": 0.0, "DIC_04": 0.0, "DIC_05": 0.0, "DIC_06": 0.0, "DIC_07": 0.0, "DIC_08": 0.0, "DIC_09": 0.0, "DIC_10": 0.0, "DIC_11": 0.0, "DIC_12": 0.23, "FIC_01": 2.0, "FIC_02": 2.0, "FIC_03": 0.0, "FIC_04": 0.0, "FIC_05": 0.0, "FIC_06": 0.0, "FIC_07": 0.0, "FIC_08": 0.0, "FIC_09": 0.0, "FIC_10": 0.0, "FIC_11": 0.0, "FIC_12": 1.0, "SEMRED": 0, "DESCR": " ", "COD_ID": "7e77890ab11022b5b6bee6a7ac7b82491b593b0313536880cae262f283a1e139", "__layer": "UCBT_tab" }, "geometry": null },
{ "type": "Feature", "properties": { "DIST": 390, "PAC": "33754071739611908L", "RAMAL": "9662054S1", "PN_CON": "792872", "UNI_TR_MT": "14426514", "CTMT": "TTI0115", "UNI_TR_AT": "DTTI-EQ-TR2", "SUB": "DTTI", "CONJ": 12986, "MUN": "3550308", "CEG_GD": " ", "BRR": "R CONS COTEGIPE 219 BELENZINHO", "CEP": "03058-000", "CLAS_SUB": "RE1", "CNAE": " ", "TIP_CC": "RES-Tipo03", "FAS_CON": "ABN", "GRU_TEN": "BT", "TEN_FORN": "10", "GRU_TAR": "B1", "SIT_ATIV": "AT", "DAT_CON": "09/12/2013", "CAR_INST": 10.8, "LIV": 0, "ARE_LOC": "UB", "TIP_SIST": "RD_INTERLIG", "ENE_01": 47.03, "ENE_02": 86.0, "ENE_03": 97.0, "ENE_04": 108.0, "ENE_05": 104.0, "ENE_06": 104.0, "ENE_07": 82.0, "ENE_08": 64.0, "ENE_09": 90.0, "ENE_10": 91.0, "ENE_11": 81.0, "ENE_12": 85.44, "DIC_01": 8.36, "DIC_02": 0.16, "DIC_03": 0.0, "DIC_04": 0.0, "DIC_05": 0.0, "DIC_06": 0.0, "DIC_07": 0.0, "DIC_08": 0.0, "DIC_09": 0.0, "DIC_10": 0.0, "DIC_11": 0.0, "DIC_12": 0.23, "FIC_01": 2.0, "FIC_02": 2.0, "FIC_03": 0.0, "FIC_04": 0.0, "FIC_05": 0.0, "FIC_06": 0.0, "FIC_07": 0.0, "FIC_08": 0.0, "FIC_09": 0.0, "FIC_10": 0.0, "FIC_11": 0.0, "FIC_12": 1.0, "SEMRED": 0, "DESCR": " ", "COD_ID": "a07d7217bd3cbfa7c0ed9a0fad1ec9f17ba13f3832ba805c0dbc888fb28d97cc", "__layer": "UCBT_tab" }, "geometry": null },
{ "type": "Feature", "properties": { "DIST": 390, "PAC": "33754071739611908L", "RAMAL": "9662054S1", "PN_CON": "792872", "UNI_TR_MT": "14426514", "CTMT": "TTI0115", "UNI_TR_AT": "DTTI-EQ-TR2", "SUB": "DTTI", "CONJ": 12986, "MUN": "3550308", "CEG_GD": " ", "BRR": "R CONS COTEGIPE 219 BELENZINHO", "CEP": "03058-000", "CLAS_SUB": "RE1", "CNAE": " ", "TIP_CC": "RES-Tipo03", "FAS_CON": "ABN", "GRU_TEN": "BT", "TEN_FORN": "10", "GRU_TAR": "B1", "SIT_ATIV": "AT", "DAT_CON": "09/12/2013", "CAR_INST": 10.8, "LIV": 0, "ARE_LOC": "UB", "TIP_SIST": "RD_INTERLIG", "ENE_01": 67.04, "ENE_02": 120.0, "ENE_03": 109.0, "ENE_04": 143.0, "ENE_05": 136.0, "ENE_06": 135.0, "ENE_07": 104.0, "ENE_08": 113.0, "ENE_09": 125.0, "ENE_10": 117.0, "ENE_11": 110.0, "ENE_12": 107.77, "DIC_01": 8.36, "DIC_02": 0.16, "DIC_03": 0.0, "DIC_04": 0.0, "DIC_05": 0.0, "DIC_06": 0.0, "DIC_07": 0.0, "DIC_08": 0.0, "DIC_09": 0.0, "DIC_10": 0.0, "DIC_11": 0.0, "DIC_12": 0.23, "FIC_01": 2.0, "FIC_02": 2.0, "FIC_03": 0.0, "FIC_04": 0.0, "FIC_05": 0.0, "FIC_06": 0.0, "FIC_07": 0.0, "FIC_08": 0.0, "FIC_09": 0.0, "FIC_10": 0.0, "FIC_11": 0.0, "FIC_12": 1.0, "SEMRED": 0, "DESCR": " ", "COD_ID": "9c540e3797331e28aac3e3b5bdadf3cf6404f786584477da108717ce778142f8", "__layer": "UCBT_tab" }, "geometry": null },
{ "type": "Feature", "properties": { "DIST": 390, "PAC": "33754071739611908L", "RAMAL": "9662054S1", "PN_CON": "792872", "UNI_TR_MT": "14426514", "CTMT": "TTI0115", "UNI_TR_AT": "DTTI-EQ-TR2", "SUB": "DTTI", "CONJ": 12986, "MUN": "3550308", "CEG_GD": " ", "BRR": "R CONS COTEGIPE 219 BELENZINHO", "CEP": "03058-000", "CLAS_SUB": "RE1", "CNAE": " ", "TIP_CC": "RES-Tipo03", "FAS_CON": "ABN", "GRU_TEN": "BT", "TEN_FORN": "10", "GRU_TAR": "B1", "SIT_ATIV": "AT", "DAT_CON": "09/12/2013", "CAR_INST": 10.8, "LIV": 0, "ARE_LOC": "UB", "TIP_SIST": "RD_INTERLIG", "ENE_01": 48.53, "ENE_02": 94.0, "ENE_03": 88.0, "ENE_04": 50.0, "ENE_05": 50.0, "ENE_06": 67.0, "ENE_07": 62.0, "ENE_08": 63.0, "ENE_09": 63.0, "ENE_10": 65.0, "ENE_11": 67.0, "ENE_12": 48.54, "DIC_01": 8.36, "DIC_02": 0.16, "DIC_03": 0.0, "DIC_04": 0.0, "DIC_05": 0.0, "DIC_06": 0.0, "DIC_07": 0.0, "DIC_08": 0.0, "DIC_09": 0.0, "DIC_10": 0.0, "DIC_11": 0.0, "DIC_12": 0.23, "FIC_01": 2.0, "FIC_02": 2.0, "FIC_03": 0.0, "FIC_04": 0.0, "FIC_05": 0.0, "FIC_06": 0.0, "FIC_07": 0.0, "FIC_08": 0.0, "FIC_09": 0.0, "FIC_10": 0.0, "FIC_11": 0.0, "FIC_12": 1.0, "SEMRED": 0, "DESCR": " ", "COD_ID": "9eda47f53025b12e9a379bc8337d5dbed0ee406c56cab42fa36a6c3e6bcca2d8", "__layer": "UCBT_tab" }, "geometry": null },
{ "type": "Feature", "properties": { "DIST": 390, "PAC": "33754071739611908L", "RAMAL": "9662054S1", "PN_CON": "792872", "UNI_TR_MT": "14426514", "CTMT": "TTI0115", "UNI_TR_AT": "DTTI-EQ-TR2", "SUB": "DTTI", "CONJ": 12986, "MUN": "3550308", "CEG_GD": " ", "BRR": "R CONS COTEGIPE 219 BELENZINHO", "CEP": "03058-000", "CLAS_SUB": "RE1", "CNAE": " ", "TIP_CC": "RES-Tipo02", "FAS_CON": "ABN", "GRU_TEN": "BT", "TEN_FORN": "10", "GRU_TAR": "B1", "SIT_ATIV": "AT", "DAT_CON": "09/12/2013", "CAR_INST": 10.8, "LIV": 0, "ARE_LOC": "UB", "TIP_SIST": "RD_INTERLIG", "ENE_01": 96.06, "ENE_02": 198.0, "ENE_03": 170.0, "ENE_04": 202.0, "ENE_05": 198.0, "ENE_06": 190.0, "ENE_07": 159.0, "ENE_08": 160.0, "ENE_09": 201.0, "ENE_10": 172.0, "ENE_11": 176.0, "ENE_12": 195.15, "DIC_01": 8.36, "DIC_02": 0.16, "DIC_03": 0.0, "DIC_04": 0.0, "DIC_05": 0.0, "DIC_06": 0.0, "DIC_07": 0.0, "DIC_08": 0.0, "DIC_09": 0.0, "DIC_10": 0.0, "DIC_11": 0.0, "DIC_12": 0.23, "FIC_01": 2.0, "FIC_02": 2.0, "FIC_03": 0.0, "FIC_04": 0.0, "FIC_05": 0.0, "FIC_06": 0.0, "FIC_07": 0.0, "FIC_08": 0.0, "FIC_09": 0.0, "FIC_10": 0.0, "FIC_11": 0.0, "FIC_12": 1.0, "SEMRED": 0, "DESCR": " ", "COD_ID": "e49186d64c0b45eacac4999dfda6cc5fe664abf1b8a7cd9f1beb8f9b4ad40268", "__layer": "UCBT_tab" }, "geometry": null },
{ "type": "Feature", "properties": { "DIST": 390, "PAC": "33754071739611908L", "RAMAL": "9662054S1", "PN_CON": "792872", "UNI_TR_MT": "14426514", "CTMT": "TTI0115", "UNI_TR_AT": "DTTI-EQ-TR2", "SUB": "DTTI", "CONJ": 12986, "MUN": "3550308", "CEG_GD": " ", "BRR": "R CONS COTEGIPE 219 BELENZINHO", "CEP": "03058-000", "CLAS_SUB": "RE1", "CNAE": " ", "TIP_CC": "RES-Tipo02", "FAS_CON": "ABN", "GRU_TEN": "BT", "TEN_FORN": "10", "GRU_TAR": "B1", "SIT_ATIV": "AT", "DAT_CON": "09/12/2013", "CAR_INST": 10.8, "LIV": 0, "ARE_LOC": "UB", "TIP_SIST": "RD_INTERLIG", "ENE_01": 80.05, "ENE_02": 130.0, "ENE_03": 151.0, "ENE_04": 175.0, "ENE_05": 175.0, "ENE_06": 175.0, "ENE_07": 128.0, "ENE_08": 145.0, "ENE_09": 143.0, "ENE_10": 152.0, "ENE_11": 134.0, "ENE_12": 138.84, "DIC_01": 8.36, "DIC_02": 0.16, "DIC_03": 0.0, "DIC_04": 0.0, "DIC_05": 0.0, "DIC_06": 0.0, "DIC_07": 0.0, "DIC_08": 0.0, "DIC_09": 0.0, "DIC_10": 0.0, "DIC_11": 0.0, "DIC_12": 0.23, "FIC_01": 2.0, "FIC_02": 2.0, "FIC_03": 0.0, "FIC_04": 0.0, "FIC_05": 0.0, "FIC_06": 0.0, "FIC_07": 0.0, "FIC_08": 0.0, "FIC_09": 0.0, "FIC_10": 0.0, "FIC_11": 0.0, "FIC_12": 1.0, "SEMRED": 0, "DESCR": " ", "COD_ID": "fa22574fc9a36537e2ea681cc5dc3e0bb97ac3a5f0fec2fa31f49b5c2566d608", "__layer": "UCBT_tab" }, "geometry": null },
{ "type": "Feature", "properties": { "DIST": 390, "PAC": "33754071739611908L", "RAMAL": "9662054S1", "PN_CON": "792872", "UNI_TR_MT": "14426514", "CTMT": "TTI0115", "UNI_TR_AT": "DTTI-EQ-TR2", "SUB": "DTTI", "CONJ": 12986, "MUN": "3550308", "CEG_GD": " ", "BRR": "R CONS COTEGIPE 219 BELENZINHO", "CEP": "03058-000", "CLAS_SUB": "RE1", "CNAE": " ", "TIP_CC": "RES-Tipo03", "FAS_CON": "ABN", "GRU_TEN": "BT", "TEN_FORN": "10", "GRU_TAR": "B1", "SIT_ATIV": "AT", "DAT_CON": "09/12/2013", "CAR_INST": 10.8, "LIV": 0, "ARE_LOC": "UB", "TIP_SIST": "RD_INTERLIG", "ENE_01": 57.53, "ENE_02": 103.0, "ENE_03": 104.0, "ENE_04": 130.0, "ENE_05": 115.0, "ENE_06": 117.0, "ENE_07": 94.0, "ENE_08": 74.0, "ENE_09": 103.0, "ENE_10": 105.0, "ENE_11": 101.0, "ENE_12": 104.85, "DIC_01": 8.36, "DIC_02": 0.16, "DIC_03": 0.0, "DIC_04": 0.0, "DIC_05": 0.0, "DIC_06": 0.0, "DIC_07": 0.0, "DIC_08": 0.0, "DIC_09": 0.0, "DIC_10": 0.0, "DIC_11": 0.0, "DIC_12": 0.23, "FIC_01": 2.0, "FIC_02": 2.0, "FIC_03": 0.0, "FIC_04": 0.0, "FIC_05": 0.0, "FIC_06": 0.0, "FIC_07": 0.0, "FIC_08": 0.0, "FIC_09": 0.0, "FIC_10": 0.0, "FIC_11": 0.0, "FIC_12": 1.0, "SEMRED": 0, "DESCR": " ", "COD_ID": "c4dd28ae644e53560d58b3c073ca827f79309814b5be236395f74def55239306", "__layer": "UCBT_tab" }, "geometry": null },
{ "type": "Feature", "properties": { "DIST": 390, "PAC": "33754071739611908L", "RAMAL": "9662054S1", "PN_CON": "792872", "UNI_TR_MT": "14426514", "CTMT": "TTI0115", "UNI_TR_AT": "DTTI-EQ-TR2", "SUB": "DTTI", "CONJ": 12986, "MUN": "3550308", "CEG_GD": " ", "BRR": "R CONS COTEGIPE 219 BELENZINHO", "CEP": "03058-000", "CLAS_SUB": "RE1", "CNAE": " ", "TIP_CC": "RES-Tipo03", "FAS_CON": "ABN", "GRU_TEN": "BT", "TEN_FORN": "10", "GRU_TAR": "B1", "SIT_ATIV": "AT", "DAT_CON": "09/12/2013", "CAR_INST": 10.8, "LIV": 0, "ARE_LOC": "UB", "TIP_SIST": "RD_INTERLIG", "ENE_01": 70.54, "ENE_02": 117.0, "ENE_03": 113.0, "ENE_04": 131.0, "ENE_05": 168.0, "ENE_06": 182.0, "ENE_07": 146.0, "ENE_08": 149.0, "ENE_09": 162.0, "ENE_10": 155.0, "ENE_11": 158.0, "ENE_12": 149.52, "DIC_01": 8.36, "DIC_02": 0.16, "DIC_03": 0.0, "DIC_04": 0.0, "DIC_05": 0.0, "DIC_06": 0.0, "DIC_07": 0.0, "DIC_08": 0.0, "DIC_09": 0.0, "DIC_10": 0.0, "DIC_11": 0.0, "DIC_12": 0.23, "FIC_01": 2.0, "FIC_02": 2.0, "FIC_03": 0.0, "FIC_04": 0.0, "FIC_05": 0.0, "FIC_06": 0.0, "FIC_07": 0.0, "FIC_08": 0.0, "FIC_09": 0.0, "FIC_10": 0.0, "FIC_11": 0.0, "FIC_12": 1.0, "SEMRED": 0, "DESCR": " ", "COD_ID": "4286162fa54c9e14b6809b3eeb767760f4f0e8d158c31da124e2ac28b0719a54", "__layer": "UCBT_tab" }, "geometry": null },
{ "type": "Feature", "properties": { "DIST": 390, "PAC": "33754071739611908L", "RAMAL": "9662054S1", "PN_CON": "792872", "UNI_TR_MT": "14426514", "CTMT": "TTI0115", "UNI_TR_AT": "DTTI-EQ-TR2", "SUB": "DTTI", "CONJ": 12986, "MUN": "3550308", "CEG_GD": " ", "BRR": "R CONS COTEGIPE 219 BELENZINHO", "CEP": "03058-000", "CLAS_SUB": "RE1", "CNAE": " ", "TIP_CC": "RES-Tipo03", "FAS_CON": "ABN", "GRU_TEN": "BT", "TEN_FORN": "10", "GRU_TAR": "B1", "SIT_ATIV": "AT", "DAT_CON": "09/12/2013", "CAR_INST": 10.8, "LIV": 0, "ARE_LOC": "UB", "TIP_SIST": "RD_INTERLIG", "ENE_01": 73.54, "ENE_02": 151.0, "ENE_03": 145.0, "ENE_04": 170.0, "ENE_05": 145.0, "ENE_06": 149.0, "ENE_07": 125.0, "ENE_08": 124.0, "ENE_09": 138.0, "ENE_10": 157.0, "ENE_11": 146.0, "ENE_12": 144.66, "DIC_01": 8.36, "DIC_02": 0.16, "DIC_03": 0.0, "DIC_04": 0.0, "DIC_05": 0.0, "DIC_06": 0.0, "DIC_07": 0.0, "DIC_08": 0.0, "DIC_09": 0.0, "DIC_10": 0.0, "DIC_11": 0.0, "DIC_12": 0.23, "FIC_01": 2.0, "FIC_02": 2.0, "FIC_03": 0.0, "FIC_04": 0.0, "FIC_05": 0.0, "FIC_06": 0.0, "FIC_07": 0.0, "FIC_08": 0.0, "FIC_09": 0.0, "FIC_10": 0.0, "FIC_11": 0.0, "FIC_12": 1.0, "SEMRED": 0, "DESCR": " ", "COD_ID": "e3fb749c97773b74b24e0bc857adc14533058c42d664b42e56544707d2eff2ba", "__layer": "UCBT_tab" }, "geometry": null },
{ "type": "Feature", "properties": { "DIST": 390, "PAC": "33754294739599216L", "RAMAL": "448635568S1", "PN_CON": "792896", "UNI_TR_MT": "14426519", "CTMT": "TTI0115", "UNI_TR_AT": "DTTI-EQ-TR2", "SUB": "DTTI", "CONJ": 12986, "MUN": "3550308", "CEG_GD": " ", "BRR": "R CONS COTEGIPE 219 BELENZINHO", "CEP": "03058-000", "CLAS_SUB": "RE1", "CNAE": " ", "TIP_CC": "RES-Tipo02", "FAS_CON": "ABN", "GRU_TEN": "BT", "TEN_FORN": "10", "GRU_TAR": "B1", "SIT_ATIV": "AT", "DAT_CON": "09/12/2013", "CAR_INST": 10.8, "LIV": 0, "ARE_LOC": "UB", "TIP_SIST": "RD_INTERLIG", "ENE_01": 95.06, "ENE_02": 183.0, "ENE_03": 154.0, "ENE_04": 212.0, "ENE_05": 208.0, "ENE_06": 231.0, "ENE_07": 223.0, "ENE_08": 227.0, "ENE_09": 220.0, "ENE_10": 192.0, "ENE_11": 188.0, "ENE_12": 238.84, "DIC_01": 0.0, "DIC_02": 0.0, "DIC_03": 0.0, "DIC_04": 0.0, "DIC_05": 0.0, "DIC_06": 0.0, "DIC_07": 0.0, "DIC_08": 0.0, "DIC_09": 0.0, "DIC_10": 0.0, "DIC_11": 0.0, "DIC_12": 0.23, "FIC_01": 0.0, "FIC_02": 0.0, "FIC_03": 0.0, "FIC_04": 0.0, "FIC_05": 0.0, "FIC_06": 0.0, "FIC_07": 0.0, "FIC_08": 0.0, "FIC_09": 0.0, "FIC_10": 0.0, "FIC_11": 0.0, "FIC_12": 1.0, "SEMRED": 0, "DESCR": " ", "COD_ID": "3ca57167640d3e3e1437806d906296136d04c4387ef512f57310d18e54e72bf4", "__layer": "UCBT_tab" }, "geometry": null },
{ "type": "Feature", "properties": { "DIST": 390, "PAC": "33754071739611908L", "RAMAL": "9662054S1", "PN_CON": "792872", "UNI_TR_MT": "14426514", "CTMT": "TTI0115", "UNI_TR_AT": "DTTI-EQ-TR2", "SUB": "DTTI", "CONJ": 12986, "MUN": "3550308", "CEG_GD": " ", "BRR": "R CONS COTEGIPE 219 BELENZINHO", "CEP": "03058-000", "CLAS_SUB": "RE1", "CNAE": " ", "TIP_CC": "RES-Tipo02", "FAS_CON": "ABN", "GRU_TEN": "BT", "TEN_FORN": "10", "GRU_TAR": "B1", "SIT_ATIV": "AT", "DAT_CON": "09/12/2013", "CAR_INST": 10.8, "LIV": 0, "ARE_LOC": "UB", "TIP_SIST": "RD_INTERLIG", "ENE_01": 76.55, "ENE_02": 186.0, "ENE_03": 188.0, "ENE_04": 237.0, "ENE_05": 210.0, "ENE_06": 210.0, "ENE_07": 148.0, "ENE_08": 50.0, "ENE_09": 97.0, "ENE_10": 206.0, "ENE_11": 186.0, "ENE_12": 194.18, "DIC_01": 8.36, "DIC_02": 0.16, "DIC_03": 0.0, "DIC_04": 0.0, "DIC_05": 0.0, "DIC_06": 0.0, "DIC_07": 0.0, "DIC_08": 0.0, "DIC_09": 0.0, "DIC_10": 0.0, "DIC_11": 0.0, "DIC_12": 0.23, "FIC_01": 2.0, "FIC_02": 2.0, "FIC_03": 0.0, "FIC_04": 0.0, "FIC_05": 0.0, "FIC_06": 0.0, "FIC_07": 0.0, "FIC_08": 0.0, "FIC_09": 0.0, "FIC_10": 0.0, "FIC_11": 0.0, "FIC_12": 1.0, "SEMRED": 0, "DESCR": " ", "COD_ID": "b65fcc67bd0aa4cfa226bfc990e710aefdc0ad5f3b03eb6ed2ea04dfb7829527", "__layer": "UCBT_tab" }, "geometry": null },
{ "type": "Feature", "properties": { "DIST": 390, "PAC": "33754071739611908L", "RAMAL": "9662054S1", "PN_CON": "792872", "UNI_TR_MT": "14426514", "CTMT": "TTI0115", "UNI_TR_AT": "DTTI-EQ-TR2", "SUB": "DTTI", "CONJ": 12986, "MUN": "3550308", "CEG_GD": " ", "BRR": "R CONS COTEGIPE 219 BELENZINHO", "CEP": "03058-000", "CLAS_SUB": "RE1", "CNAE": " ", "TIP_CC": "RES-Tipo02", "FAS_CON": "ABN", "GRU_TEN": "BT", "TEN_FORN": "10", "GRU_TAR": "B1", "SIT_ATIV": "AT", "DAT_CON": "09/12/2013", "CAR_INST": 10.8, "LIV": 0, "ARE_LOC": "UB", "TIP_SIST": "RD_INTERLIG", "ENE_01": 118.07, "ENE_02": 202.0, "ENE_03": 179.0, "ENE_04": 229.0, "ENE_05": 192.0, "ENE_06": 198.0, "ENE_07": 155.0, "ENE_08": 147.0, "ENE_09": 186.0, "ENE_10": 165.0, "ENE_11": 186.0, "ENE_12": 198.06, "DIC_01": 8.36, "DIC_02": 0.16, "DIC_03": 0.0, "DIC_04": 0.0, "DIC_05": 0.0, "DIC_06": 0.0, "DIC_07": 0.0, "DIC_08": 0.0, "DIC_09": 0.0, "DIC_10": 0.0, "DIC_11": 0.0, "DIC_12": 0.23, "FIC_01": 2.0, "FIC_02": 2.0, "FIC_03": 0.0, "FIC_04": 0.0, "FIC_05": 0.0, "FIC_06": 0.0, "FIC_07": 0.0, "FIC_08": 0.0, "FIC_09": 0.0, "FIC_10": 0.0, "FIC_11": 0.0, "FIC_12": 1.0, "SEMRED": 0, "DESCR": " ", "COD_ID": "183d785ca5d2143bd6f9e023d1af99b0bd93903d47bacf55c0859a2ba7c25a99", "__layer": "UCBT_tab" }, "geometry": null },
{ "type": "Feature", "properties": { "DIST": 390, "PAC": "33754071739611908L", "RAMAL": "9662054S1", "PN_CON": "792872", "UNI_TR_MT": "14426514", "CTMT": "TTI0115", "UNI_TR_AT": "DTTI-EQ-TR2", "SUB": "DTTI", "CONJ": 12986, "MUN": "3550308", "CEG_GD": " ", "BRR": "R CONS COTEGIPE 219 BELENZINHO", "CEP": "03058-000", "CLAS_SUB": "RE1", "CNAE": " ", "TIP_CC": "RES-Tipo02", "FAS_CON": "ABN", "GRU_TEN": "BT", "TEN_FORN": "10", "GRU_TAR": "B1", "SIT_ATIV": "AT", "DAT_CON": "09/12/2013", "CAR_INST": 10.8, "LIV": 0, "ARE_LOC": "UB", "TIP_SIST": "RD_INTERLIG", "ENE_01": 102.56, "ENE_02": 187.0, "ENE_03": 179.0, "ENE_04": 239.0, "ENE_05": 239.0, "ENE_06": 206.0, "ENE_07": 204.0, "ENE_08": 205.0, "ENE_09": 50.0, "ENE_10": 192.0, "ENE_11": 191.0, "ENE_12": 185.44, "DIC_01": 8.36, "DIC_02": 0.16, "DIC_03": 0.0, "DIC_04": 0.0, "DIC_05": 0.0, "DIC_06": 0.0, "DIC_07": 0.0, "DIC_08": 0.0, "DIC_09": 0.0, "DIC_10": 0.0, "DIC_11": 0.0, "DIC_12": 0.23, "FIC_01": 2.0, "FIC_02": 2.0, "FIC_03": 0.0, "FIC_04": 0.0, "FIC_05": 0.0, "FIC_06": 0.0, "FIC_07": 0.0, "FIC_08": 0.0, "FIC_09": 0.0, "FIC_10": 0.0, "FIC_11": 0.0, "FIC_12": 1.0, "SEMRED": 0, "DESCR": " ", "COD_ID": "c086e79d3aec7120b42cc1f4da23fda59746354c69765a9663fe32caca466cfa", "__layer": "UCBT_tab" }, "geometry": null },
{ "type": "Feature", "properties": { "DIST": 390, "PAC": "33754071739611908L", "RAMAL": "9662054S1", "PN_CON": "792872", "UNI_TR_MT": "14426514", "CTMT": "TTI0115", "UNI_TR_AT": "DTTI-EQ-TR2", "SUB": "DTTI", "CONJ": 12986, "MUN": "3550308", "CEG_GD": " ", "BRR": "R CONS COTEGIPE 219 BELENZINHO", "CEP": "03058-000", "CLAS_SUB": "RE1", "CNAE": " ", "TIP_CC": "RES-Tipo01", "FAS_CON": "ABN", "GRU_TEN": "BT", "TEN_FORN": "10", "GRU_TAR": "B1", "SIT_ATIV": "AT", "DAT_CON": "09/12/2013", "CAR_INST": 12.0, "LIV": 0, "ARE_LOC": "UB", "TIP_SIST": "RD_INTERLIG", "ENE_01": 52.03, "ENE_02": 128.0, "ENE_03": 132.0, "ENE_04": 162.0, "ENE_05": 151.0, "ENE_06": 177.0, "ENE_07": 162.0, "ENE_08": 150.0, "ENE_09": 172.0, "ENE_10": 161.0, "ENE_11": 151.0, "ENE_12": 169.91, "DIC_01": 8.36, "DIC_02": 0.16, "DIC_03": 0.0, "DIC_04": 0.0, "DIC_05": 0.0, "DIC_06": 0.0, "DIC_07": 0.0, "DIC_08": 0.0, "DIC_09": 0.0, "DIC_10": 0.0, "DIC_11": 0.0, "DIC_12": 0.23, "FIC_01": 2.0, "FIC_02": 2.0, "FIC_03": 0.0, "FIC_04": 0.0, "FIC_05": 0.0, "FIC_06": 0.0, "FIC_07": 0.0, "FIC_08": 0.0, "FIC_09": 0.0, "FIC_10": 0.0, "FIC_11": 0.0, "FIC_12": 1.0, "SEMRED": 0, "DESCR": " ", "COD_ID": "99f2c17e9b5409ef6f3e28471947b64bbb72588d691a206ca47ade97a8f4b389", "__layer": "UCBT_tab" }, "geometry": null },
{ "type": "Feature", "properties": { "DIST": 390, "PAC": "33754071739611908L", "RAMAL": "9662054S1", "PN_CON": "792872", "UNI_TR_MT": "14426514", "CTMT": "TTI0115", "UNI_TR_AT": "DTTI-EQ-TR2", "SUB": "DTTI", "CONJ": 12986, "MUN": "3550308", "CEG_GD": " ", "BRR": "R CONS COTEGIPE 219 BELENZINHO", "CEP": "03058-000", "CLAS_SUB": "RE1", "CNAE": " ", "TIP_CC": "RES-Tipo02", "FAS_CON": "ABN", "GRU_TEN": "BT", "TEN_FORN": "10", "GRU_TAR": "B1", "SIT_ATIV": "AT", "DAT_CON": "09/12/2013", "CAR_INST": 10.8, "LIV": 0, "ARE_LOC": "UB", "TIP_SIST": "RD_INTERLIG", "ENE_01": 103.56, "ENE_02": 205.0, "ENE_03": 207.0, "ENE_04": 253.0, "ENE_05": 256.0, "ENE_06": 260.0, "ENE_07": 191.0, "ENE_08": 203.0, "ENE_09": 223.0, "ENE_10": 193.0, "ENE_11": 186.0, "ENE_12": 183.5, "DIC_01": 8.36, "DIC_02": 0.16, "DIC_03": 0.0, "DIC_04": 0.0, "DIC_05": 0.0, "DIC_06": 0.0, "DIC_07": 0.0, "DIC_08": 0.0, "DIC_09": 0.0, "DIC_10": 0.0, "DIC_11": 0.0, "DIC_12": 0.23, "FIC_01": 2.0, "FIC_02": 2.0, "FIC_03": 0.0, "FIC_04": 0.0, "FIC_05": 0.0, "FIC_06": 0.0, "FIC_07": 0.0, "FIC_08": 0.0, "FIC_09": 0.0, "FIC_10": 0.0, "FIC_11": 0.0, "FIC_12": 1.0, "SEMRED": 0, "DESCR": " ", "COD_ID": "6faa71c039bc92b67363081fc5810d1b0d3cc9aa9779cdd59d54d6a9a17b2a63", "__layer": "UCBT_tab" }, "geometry": null },
{ "type": "Feature", "properties": { "DIST": 390, "PAC": "33754071739611908L", "RAMAL": "9662054S1", "PN_CON": "792872", "UNI_TR_MT": "14426514", "CTMT": "TTI0115", "UNI_TR_AT": "DTTI-EQ-TR2", "SUB": "DTTI", "CONJ": 12986, "MUN": "3550308", "CEG_GD": " ", "BRR": "R CONS COTEGIPE 219 BELENZINHO", "CEP": "03058-000", "CLAS_SUB": "RE1", "CNAE": " ", "TIP_CC": "RES-Tipo02", "FAS_CON": "ABN", "GRU_TEN": "BT", "TEN_FORN": "10", "GRU_TAR": "B1", "SIT_ATIV": "AT", "DAT_CON": "09/12/2013", "CAR_INST": 10.8, "LIV": 0, "ARE_LOC": "UB", "TIP_SIST": "RD_INTERLIG", "ENE_01": 74.55, "ENE_02": 170.0, "ENE_03": 169.0, "ENE_04": 184.0, "ENE_05": 187.0, "ENE_06": 193.0, "ENE_07": 173.0, "ENE_08": 147.0, "ENE_09": 193.0, "ENE_10": 173.0, "ENE_11": 176.0, "ENE_12": 175.73, "DIC_01": 8.36, "DIC_02": 0.16, "DIC_03": 0.0, "DIC_04": 0.0, "DIC_05": 0.0, "DIC_06": 0.0, "DIC_07": 0.0, "DIC_08": 0.0, "DIC_09": 0.0, "DIC_10": 0.0, "DIC_11": 0.0, "DIC_12": 0.23, "FIC_01": 2.0, "FIC_02": 2.0, "FIC_03": 0.0, "FIC_04": 0.0, "FIC_05": 0.0, "FIC_06": 0.0, "FIC_07": 0.0, "FIC_08": 0.0, "FIC_09": 0.0, "FIC_10": 0.0, "FIC_11": 0.0, "FIC_12": 1.0, "SEMRED": 0, "DESCR": " ", "COD_ID": "ec2940ced76cf916dd8de57c40f47fcfe10edf04f9ebedd47ba44ee6cad1f1a5", "__layer": "UCBT_tab" }, "geometry": null },
{ "type": "Feature", "properties": { "DIST": 390, "PAC": "33754071739611908L", "RAMAL": "9662054S1", "PN_CON": "792872", "UNI_TR_MT": "14426514", "CTMT": "TTI0115", "UNI_TR_AT": "DTTI-EQ-TR2", "SUB": "DTTI", "CONJ": 12986, "MUN": "3550308", "CEG_GD": " ", "BRR": "R CONS COTEGIPE 219 BELENZINHO", "CEP": "03058-000", "CLAS_SUB": "RE1", "CNAE": " ", "TIP_CC": "RES-Tipo01", "FAS_CON": "ABCN", "GRU_TEN": "BT", "TEN_FORN": "10", "GRU_TAR": "B1", "SIT_ATIV": "AT", "DAT_CON": "09/12/2013", "CAR_INST": 11.1, "LIV": 0, "ARE_LOC": "UB", "TIP_SIST": "RD_INTERLIG", "ENE_01": 25.01, "ENE_02": 50.0, "ENE_03": 45.0, "ENE_04": 45.0, "ENE_05": 46.0, "ENE_06": 50.0, "ENE_07": 0.0, "ENE_08": 0.0, "ENE_09": 100.0, "ENE_10": 100.0, "ENE_11": 100.0, "ENE_12": 97.09, "DIC_01": 8.36, "DIC_02": 0.16, "DIC_03": 0.0, "DIC_04": 0.0, "DIC_05": 0.0, "DIC_06": 0.0, "DIC_07": 0.0, "DIC_08": 0.0, "DIC_09": 0.0, "DIC_10": 0.0, "DIC_11": 0.0, "DIC_12": 0.23, "FIC_01": 2.0, "FIC_02": 2.0, "FIC_03": 0.0, "FIC_04": 0.0, "FIC_05": 0.0, "FIC_06": 0.0, "FIC_07": 0.0, "FIC_08": 0.0, "FIC_09": 0.0, "FIC_10": 0.0, "FIC_11": 0.0, "FIC_12": 1.0, "SEMRED": 0, "DESCR": " ", "COD_ID": "1e2b49114c59f97fa9bc5dd8d1360dad87ceaf555e7ce8b9596255ed4f7ff951", "__layer": "UCBT_tab" }, "geometry": null },
{ "type": "Feature", "properties": { "DIST": 390, "PAC": "33754071739611908L", "RAMAL": "9662054S1", "PN_CON": "792872", "UNI_TR_MT": "14426514", "CTMT": "TTI0115", "UNI_TR_AT": "DTTI-EQ-TR2", "SUB": "DTTI", "CONJ": 12986, "MUN": "3550308", "CEG_GD": " ", "BRR": "R CONS COTEGIPE 219 BELENZINHO", "CEP": "03058-000", "CLAS_SUB": "RE1", "CNAE": " ", "TIP_CC": "RES-Tipo01", "FAS_CON": "ABN", "GRU_TEN": "BT", "TEN_FORN": "10", "GRU_TAR": "B1", "SIT_ATIV": "AT", "DAT_CON": "09/12/2013", "CAR_INST": 10.8, "LIV": 0, "ARE_LOC": "UB", "TIP_SIST": "RD_INTERLIG", "ENE_01": 25.51, "ENE_02": 47.0, "ENE_03": 50.0, "ENE_04": 20.0, "ENE_05": 38.0, "ENE_06": 73.0, "ENE_07": 58.0, "ENE_08": 61.0, "ENE_09": 69.0, "ENE_10": 67.0, "ENE_11": 60.0, "ENE_12": 63.1, "DIC_01": 8.36, "DIC_02": 0.16, "DIC_03": 0.0, "DIC_04": 0.0, "DIC_05": 0.0, "DIC_06": 0.0, "DIC_07": 0.0, "DIC_08": 0.0, "DIC_09": 0.0, "DIC_10": 0.0, "DIC_11": 0.0, "DIC_12": 0.23, "FIC_01": 2.0, "FIC_02": 2.0, "FIC_03": 0.0, "FIC_04": 0.0, "FIC_05": 0.0, "FIC_06": 0.0, "FIC_07": 0.0, "FIC_08": 0.0, "FIC_09": 0.0, "FIC_10": 0.0, "FIC_11": 0.0, "FIC_12": 1.0, "SEMRED": 0, "DESCR": " ", "COD_ID": "bafb39b896d344e32c999aa36745c5732eddd9dd56845c4843a5e568a34d9dcc", "__layer": "UCBT_tab" }, "geometry": null },
{ "type": "Feature", "properties": { "DIST": 390, "PAC": "33754071739611908L", "RAMAL": "9662054S1", "PN_CON": "792872", "UNI_TR_MT": "14426514", "CTMT": "TTI0115", "UNI_TR_AT": "DTTI-EQ-TR2", "SUB": "DTTI", "CONJ": 12986, "MUN": "3550308", "CEG_GD": " ", "BRR": "R CONS COTEGIPE 219 BELENZINHO", "CEP": "03058-000", "CLAS_SUB": "RE1", "CNAE": " ", "TIP_CC": "RES-Tipo01", "FAS_CON": "ABN", "GRU_TEN": "BT", "TEN_FORN": "10", "GRU_TAR": "B1", "SIT_ATIV": "AT", "DAT_CON": "09/12/2013", "CAR_INST": 10.8, "LIV": 0, "ARE_LOC": "UB", "TIP_SIST": "RD_INTERLIG", "ENE_01": 25.01, "ENE_02": 50.0, "ENE_03": 50.0, "ENE_04": 50.0, "ENE_05": 50.0, "ENE_06": 50.0, "ENE_07": 50.0, "ENE_08": 50.0, "ENE_09": 50.0, "ENE_10": 18.0, "ENE_11": 121.0, "ENE_12": 137.87, "DIC_01": 8.36, "DIC_02": 0.16, "DIC_03": 0.0, "DIC_04": 0.0, "DIC_05": 0.0, "DIC_06": 0.0, "DIC_07": 0.0, "DIC_08": 0.0, "DIC_09": 0.0, "DIC_10": 0.0, "DIC_11": 0.0, "DIC_12": 0.23, "FIC_01": 2.0, "FIC_02": 2.0, "FIC_03": 0.0, "FIC_04": 0.0, "FIC_05": 0.0, "FIC_06": 0.0, "FIC_07": 0.0, "FIC_08": 0.0, "FIC_09": 0.0, "FIC_10": 0.0, "FIC_11": 0.0, "FIC_12": 1.0, "SEMRED": 0, "DESCR": " ", "COD_ID": "cb3de88e8d55bd7bd8212a6b298e3a7242058d4e8ec817a1831faab792a47bee", "__layer": "UCBT_tab" }, "geometry": null },
{ "type": "Feature", "properties": { "DIST": 390, "PAC": "33754071739611908L", "RAMAL": "9662054S1", "PN_CON": "792872", "UNI_TR_MT": "14426514", "CTMT": "TTI0115", "UNI_TR_AT": "DTTI-EQ-TR2", "SUB": "DTTI", "CONJ": 12986, "MUN": "3550308", "CEG_GD": " ", "BRR": "R CONS COTEGIPE 219 BELENZINHO", "CEP": "03058-000", "CLAS_SUB": "RE1", "CNAE": " ", "TIP_CC": "RES-Tipo01", "FAS_CON": "ABN", "GRU_TEN": "BT", "TEN_FORN": "10", "GRU_TAR": "B1", "SIT_ATIV": "AT", "DAT_CON": "09/12/2013", "CAR_INST": 10.8, "LIV": 0, "ARE_LOC": "UB", "TIP_SIST": "RD_INTERLIG", "ENE_01": 31.52, "ENE_02": 58.0, "ENE_03": 55.0, "ENE_04": 66.0, "ENE_05": 68.0, "ENE_06": 75.0, "ENE_07": 56.0, "ENE_08": 52.0, "ENE_09": 58.0, "ENE_10": 55.0, "ENE_11": 56.0, "ENE_12": 58.25, "DIC_01": 8.36, "DIC_02": 0.16, "DIC_03": 0.0, "DIC_04": 0.0, "DIC_05": 0.0, "DIC_06": 0.0, "DIC_07": 0.0, "DIC_08": 0.0, "DIC_09": 0.0, "DIC_10": 0.0, "DIC_11": 0.0, "DIC_12": 0.23, "FIC_01": 2.0, "FIC_02": 2.0, "FIC_03": 0.0, "FIC_04": 0.0, "FIC_05": 0.0, "FIC_06": 0.0, "FIC_07": 0.0, "FIC_08": 0.0, "FIC_09": 0.0, "FIC_10": 0.0, "FIC_11": 0.0, "FIC_12": 1.0, "SEMRED": 0, "DESCR": " ", "COD_ID": "e75746a199484ed031f685952d4af29b83e37cf5df69454e71546f92159636ed", "__layer": "UCBT_tab" }, "geometry": null },
{ "type": "Feature", "properties": { "DIST": 390, "PAC": "33754071739611908L", "RAMAL": "9662054S1", "PN_CON": "792872", "UNI_TR_MT": "14426514", "CTMT": "TTI0115", "UNI_TR_AT": "DTTI-EQ-TR2", "SUB": "DTTI", "CONJ": 12986, "MUN": "3550308", "CEG_GD": " ", "BRR": "R CONS COTEGIPE 219 BELENZINHO", "CEP": "03058-000", "CLAS_SUB": "RE1", "CNAE": " ", "TIP_CC": "RES-Tipo02", "FAS_CON": "ABN", "GRU_TEN": "BT", "TEN_FORN": "10", "GRU_TAR": "B1", "SIT_ATIV": "AT", "DAT_CON": "09/12/2013", "CAR_INST": 10.8, "LIV": 0, "ARE_LOC": "UB", "TIP_SIST": "RD_INTERLIG", "ENE_01": 100.06, "ENE_02": 179.0, "ENE_03": 189.0, "ENE_04": 50.0, "ENE_05": 41.0, "ENE_06": 88.0, "ENE_07": 77.0, "ENE_08": 108.0, "ENE_09": 105.0, "ENE_10": 78.0, "ENE_11": 101.0, "ENE_12": 72.81, "DIC_01": 8.36, "DIC_02": 0.16, "DIC_03": 0.0, "DIC_04": 0.0, "DIC_05": 0.0, "DIC_06": 0.0, "DIC_07": 0.0, "DIC_08": 0.0, "DIC_09": 0.0, "DIC_10": 0.0, "DIC_11": 0.0, "DIC_12": 0.23, "FIC_01": 2.0, "FIC_02": 2.0, "FIC_03": 0.0, "FIC_04": 0.0, "FIC_05": 0.0, "FIC_06": 0.0, "FIC_07": 0.0, "FIC_08": 0.0, "FIC_09": 0.0, "FIC_10": 0.0, "FIC_11": 0.0, "FIC_12": 1.0, "SEMRED": 0, "DESCR": " ", "COD_ID": "b23aaf4c7403541a10a6ccbd50492b74d53657b70934a3a02e6bbc9bcd598dc2", "__layer": "UCBT_tab" }, "geometry": null },
{ "type": "Feature", "properties": { "DIST": 390, "PAC": "33754071739611908L", "RAMAL": "9662054S1", "PN_CON": "792872", "UNI_TR_MT": "14426514", "CTMT": "TTI0115", "UNI_TR_AT": "DTTI-EQ-TR2", "SUB": "DTTI", "CONJ": 12986, "MUN": "3550308", "CEG_GD": " ", "BRR": "R CONS COTEGIPE 219 BELENZINHO", "CEP": "03058-000", "CLAS_SUB": "RE1", "CNAE": " ", "TIP_CC": "RES-Tipo02", "FAS_CON": "ABN", "GRU_TEN": "BT", "TEN_FORN": "10", "GRU_TAR": "B1", "SIT_ATIV": "AT", "DAT_CON": "09/12/2013", "CAR_INST": 10.8, "LIV": 0, "ARE_LOC": "UB", "TIP_SIST": "RD_INTERLIG", "ENE_01": 124.58, "ENE_02": 201.0, "ENE_03": 178.0, "ENE_04": 238.0, "ENE_05": 254.0, "ENE_06": 234.0, "ENE_07": 182.0, "ENE_08": 181.0, "ENE_09": 174.0, "ENE_10": 170.0, "ENE_11": 201.0, "ENE_12": 183.5, "DIC_01": 8.36, "DIC_02": 0.16, "DIC_03": 0.0, "DIC_04": 0.0, "DIC_05": 0.0, "DIC_06": 0.0, "DIC_07": 0.0, "DIC_08": 0.0, "DIC_09": 0.0, "DIC_10": 0.0, "DIC_11": 0.0, "DIC_12": 0.23, "FIC_01": 2.0, "FIC_02": 2.0, "FIC_03": 0.0, "FIC_04": 0.0, "FIC_05": 0.0, "FIC_06": 0.0, "FIC_07": 0.0, "FIC_08": 0.0, "FIC_09": 0.0, "FIC_10": 0.0, "FIC_11": 0.0, "FIC_12": 1.0, "SEMRED": 0, "DESCR": " ", "COD_ID": "fd3e810e4fd8fe59ff86d08e8821674a4b2a48f6fc5d709024e414dae9edea52", "__layer": "UCBT_tab" }, "geometry": null },
{ "type": "Feature", "properties": { "DIST": 390, "PAC": "33754071739611908L", "RAMAL": "9662054S1", "PN_CON": "792872", "UNI_TR_MT": "14426514", "CTMT": "TTI0115", "UNI_TR_AT": "DTTI-EQ-TR2", "SUB": "DTTI", "CONJ": 12986, "MUN": "3550308", "CEG_GD": " ", "BRR": "R CONS COTEGIPE 219 BELENZINHO", "CEP": "03058-000", "CLAS_SUB": "RE1", "CNAE": " ", "TIP_CC": "RES-Tipo01", "FAS_CON": "ABN", "GRU_TEN": "BT", "TEN_FORN": "10", "GRU_TAR": "B1", "SIT_ATIV": "AT", "DAT_CON": "09/12/2013", "CAR_INST": 10.8, "LIV": 0, "ARE_LOC": "UB", "TIP_SIST": "RD_INTERLIG", "ENE_01": 0.0, "ENE_02": 0.0, "ENE_03": 0.0, "ENE_04": 0.0, "ENE_05": 0.0, "ENE_06": 0.0, "ENE_07": 0.0, "ENE_08": 2.0, "ENE_09": 50.0, "ENE_10": 5.0, "ENE_11": 5.0, "ENE_12": 48.54, "DIC_01": 0.0, "DIC_02": 0.0, "DIC_03": 0.0, "DIC_04": 0.0, "DIC_05": 0.0, "DIC_06": 0.0, "DIC_07": 0.0, "DIC_08": 0.0, "DIC_09": 0.0, "DIC_10": 0.0, "DIC_11": 0.0, "DIC_12": 0.23, "FIC_01": 0.0, "FIC_02": 0.0, "FIC_03": 0.0, "FIC_04": 0.0, "FIC_05": 0.0, "FIC_06": 0.0, "FIC_07": 0.0, "FIC_08": 0.0, "FIC_09": 0.0, "FIC_10": 0.0, "FIC_11": 0.0, "FIC_12": 1.0, "SEMRED": 0, "DESCR": " ", "COD_ID": "1ed8d795bdbcd72a8ebc21abf306e24ea7fd0111886710ac933f389b1974dea5", "__layer": "UCBT_tab" }, "geometry": null },
{ "type": "Feature", "properties": { "DIST": 390, "PAC": "33754071739611908L", "RAMAL": "9662054S1", "PN_CON": "792872", "UNI_TR_MT": "14426514", "CTMT": "TTI0115", "UNI_TR_AT": "DTTI-EQ-TR2", "SUB": "DTTI", "CONJ": 12986, "MUN": "3550308", "CEG_GD": " ", "BRR": "R CONS COTEGIPE 219 BELENZINHO", "CEP": "03058-000", "CLAS_SUB": "RE1", "CNAE": " ", "TIP_CC": "RES-Tipo01", "FAS_CON": "ABN", "GRU_TEN": "BT", "TEN_FORN": "10", "GRU_TAR": "B1", "SIT_ATIV": "AT", "DAT_CON": "09/12/2013", "CAR_INST": 5.8, "LIV": 0, "ARE_LOC": "UB", "TIP_SIST": "RD_INTERLIG", "ENE_01": 39.02, "ENE_02": 81.0, "ENE_03": 81.0, "ENE_04": 81.0, "ENE_05": 80.0, "ENE_06": 81.0, "ENE_07": 81.0, "ENE_08": 81.0, "ENE_09": 50.0, "ENE_10": 78.0, "ENE_11": 74.0, "ENE_12": 75.73, "DIC_01": 8.36, "DIC_02": 0.16, "DIC_03": 0.0, "DIC_04": 0.0, "DIC_05": 0.0, "DIC_06": 0.0, "DIC_07": 0.0, "DIC_08": 0.0, "DIC_09": 0.0, "DIC_10": 0.0, "DIC_11": 0.0, "DIC_12": 0.23, "FIC_01": 2.0, "FIC_02": 2.0, "FIC_03": 0.0, "FIC_04": 0.0, "FIC_05": 0.0, "FIC_06": 0.0, "FIC_07": 0.0, "FIC_08": 0.0, "FIC_09": 0.0, "FIC_10": 0.0, "FIC_11": 0.0, "FIC_12": 1.0, "SEMRED": 0, "DESCR": " ", "COD_ID": "19e681bd3628a932ad546f6bb17b94bb38397835cd3a125dac0990e2a3cf2a76", "__layer": "UCBT_tab" }, "geometry": null },
{ "type": "Feature", "properties": { "DIST": 390, "PAC": "33754071739611908L", "RAMAL": "9662054S1", "PN_CON": "792872", "UNI_TR_MT": "14426514", "CTMT": "TTI0115", "UNI_TR_AT": "DTTI-EQ-TR2", "SUB": "DTTI", "CONJ": 12986, "MUN": "3550308", "CEG_GD": " ", "BRR": "R CONS COTEGIPE 219 BELENZINHO", "CEP": "03058-000", "CLAS_SUB": "RE1", "CNAE": " ", "TIP_CC": "RES-Tipo02", "FAS_CON": "ABN", "GRU_TEN": "BT", "TEN_FORN": "10", "GRU_TAR": "B1", "SIT_ATIV": "AT", "DAT_CON": "09/12/2013", "CAR_INST": 10.5, "LIV": 0, "ARE_LOC": "UB", "TIP_SIST": "RD_INTERLIG", "ENE_01": 145.59, "ENE_02": 244.0, "ENE_03": 191.0, "ENE_04": 241.0, "ENE_05": 108.0, "ENE_06": 50.0, "ENE_07": 29.0, "ENE_08": 38.0, "ENE_09": 152.0, "ENE_10": 155.0, "ENE_11": 141.0, "ENE_12": 150.49, "DIC_01": 8.36, "DIC_02": 0.16, "DIC_03": 0.0, "DIC_04": 0.0, "DIC_05": 0.0, "DIC_06": 0.0, "DIC_07": 0.0, "DIC_08": 0.0, "DIC_09": 0.0, "DIC_10": 0.0, "DIC_11": 0.0, "DIC_12": 0.23, "FIC_01": 2.0, "FIC_02": 2.0, "FIC_03": 0.0, "FIC_04": 0.0, "FIC_05": 0.0, "FIC_06": 0.0, "FIC_07": 0.0, "FIC_08": 0.0, "FIC_09": 0.0, "FIC_10": 0.0, "FIC_11": 0.0, "FIC_12": 1.0, "SEMRED": 0, "DESCR": " ", "COD_ID": "7d9ae5baaff72f4727ee074f743047dcebfc3b34a072e2bd92d0e53a213307de", "__layer": "UCBT_tab" }, "geometry": null },
{ "type": "Feature", "properties": { "DIST": 390, "PAC": "33754071739611908L", "RAMAL": "9662054S1", "PN_CON": "792872", "UNI_TR_MT": "14426514", "CTMT": "TTI0115", "UNI_TR_AT": "DTTI-EQ-TR2", "SUB": "DTTI", "CONJ": 12986, "MUN": "3550308", "CEG_GD": " ", "BRR": "R CONS COTEGIPE 219 BELENZINHO", "CEP": "03058-000", "CLAS_SUB": "RE1", "CNAE": " ", "TIP_CC": "RES-Tipo02", "FAS_CON": "ABN", "GRU_TEN": "BT", "TEN_FORN": "10", "GRU_TAR": "B1", "SIT_ATIV": "AT", "DAT_CON": "09/12/2013", "CAR_INST": 10.5, "LIV": 0, "ARE_LOC": "UB", "TIP_SIST": "RD_INTERLIG", "ENE_01": 118.57, "ENE_02": 209.0, "ENE_03": 175.0, "ENE_04": 195.0, "ENE_05": 165.0, "ENE_06": 186.0, "ENE_07": 175.0, "ENE_08": 205.0, "ENE_09": 187.0, "ENE_10": 187.0, "ENE_11": 195.0, "ENE_12": 189.32, "DIC_01": 8.36, "DIC_02": 0.16, "DIC_03": 0.0, "DIC_04": 0.0, "DIC_05": 0.0, "DIC_06": 0.0, "DIC_07": 0.0, "DIC_08": 0.0, "DIC_09": 0.0, "DIC_10": 0.0, "DIC_11": 0.0, "DIC_12": 0.23, "FIC_01": 2.0, "FIC_02": 2.0, "FIC_03": 0.0, "FIC_04": 0.0, "FIC_05": 0.0, "FIC_06": 0.0, "FIC_07": 0.0, "FIC_08": 0.0, "FIC_09": 0.0, "FIC_10": 0.0, "FIC_11": 0.0, "FIC_12": 1.0, "SEMRED": 0, "DESCR": " ", "COD_ID": "6865cf7742b805c030555b2cb04fdec49adb3c287caea580f36955544ce52b4b", "__layer": "UCBT_tab" }, "geometry": null },
{ "type": "Feature", "properties": { "DIST": 390, "PAC": "33754071739611908L", "RAMAL": "9662054S1", "PN_CON": "792872", "UNI_TR_MT": "14426514", "CTMT": "TTI0115", "UNI_TR_AT": "DTTI-EQ-TR2", "SUB": "DTTI", "CONJ": 12986, "MUN": "3550308", "CEG_GD": " ", "BRR": "R CONS COTEGIPE 219 BELENZINHO", "CEP": "03058-000", "CLAS_SUB": "RE1", "CNAE": " ", "TIP_CC": "RES-Tipo01", "FAS_CON": "ABN", "GRU_TEN": "BT", "TEN_FORN": "10", "GRU_TAR": "B1", "SIT_ATIV": "AT", "DAT_CON": "09/12/2013", "CAR_INST": 10.5, "LIV": 0, "ARE_LOC": "UB", "TIP_SIST": "RD_INTERLIG", "ENE_01": 25.01, "ENE_02": 84.0, "ENE_03": 70.0, "ENE_04": 106.0, "ENE_05": 93.0, "ENE_06": 88.0, "ENE_07": 74.0, "ENE_08": 50.0, "ENE_09": 75.0, "ENE_10": 82.0, "ENE_11": 65.0, "ENE_12": 71.84, "DIC_01": 8.36, "DIC_02": 0.16, "DIC_03": 0.0, "DIC_04": 0.0, "DIC_05": 0.0, "DIC_06": 0.0, "DIC_07": 0.0, "DIC_08": 0.0, "DIC_09": 0.0, "DIC_10": 0.0, "DIC_11": 0.0, "DIC_12": 0.23, "FIC_01": 2.0, "FIC_02": 2.0, "FIC_03": 0.0, "FIC_04": 0.0, "FIC_05": 0.0, "FIC_06": 0.0, "FIC_07": 0.0, "FIC_08": 0.0, "FIC_09": 0.0, "FIC_10": 0.0, "FIC_11": 0.0, "FIC_12": 1.0, "SEMRED": 0, "DESCR": " ", "COD_ID": "5e4204d654c4501d248d62f3b7101f2c44b653c02ff7e0c462b42132d388e012", "__layer": "UCBT_tab" }, "geometry": null },
{ "type": "Feature", "properties": { "DIST": 390, "PAC": "33754071739611908L", "RAMAL": "9662054S1", "PN_CON": "792872", "UNI_TR_MT": "14426514", "CTMT": "TTI0115", "UNI_TR_AT": "DTTI-EQ-TR2", "SUB": "DTTI", "CONJ": 12986, "MUN": "3550308", "CEG_GD": " ", "BRR": "R CONS COTEGIPE 219 BELENZINHO", "CEP": "03058-000", "CLAS_SUB": "RE1", "CNAE": " ", "TIP_CC": "RES-Tipo03", "FAS_CON": "ABN", "GRU_TEN": "BT", "TEN_FORN": "10", "GRU_TAR": "B1", "SIT_ATIV": "AT", "DAT_CON": "09/12/2013", "CAR_INST": 10.5, "LIV": 0, "ARE_LOC": "UB", "TIP_SIST": "RD_INTERLIG", "ENE_01": 53.53, "ENE_02": 97.0, "ENE_03": 92.0, "ENE_04": 112.0, "ENE_05": 98.0, "ENE_06": 106.0, "ENE_07": 84.0, "ENE_08": 78.0, "ENE_09": 97.0, "ENE_10": 104.0, "ENE_11": 115.0, "ENE_12": 110.68, "DIC_01": 8.36, "DIC_02": 0.16, "DIC_03": 0.0, "DIC_04": 0.0, "DIC_05": 0.0, "DIC_06": 0.0, "DIC_07": 0.0, "DIC_08": 0.0, "DIC_09": 0.0, "DIC_10": 0.0, "DIC_11": 0.0, "DIC_12": 0.23, "FIC_01": 2.0, "FIC_02": 2.0, "FIC_03": 0.0, "FIC_04": 0.0, "FIC_05": 0.0, "FIC_06": 0.0, "FIC_07": 0.0, "FIC_08": 0.0, "FIC_09": 0.0, "FIC_10": 0.0, "FIC_11": 0.0, "FIC_12": 1.0, "SEMRED": 0, "DESCR": " ", "COD_ID": "96483d5217b80784b8db9c0ca2c4f3ace5d4f8df4d073b818f9dd5160c30a29b", "__layer": "UCBT_tab" }, "geometry": null },
{ "type": "Feature", "properties": { "DIST": 390, "PAC": "33754071739611908L", "RAMAL": "9662054S1", "PN_CON": "792872", "UNI_TR_MT": "14426514", "CTMT": "TTI0115", "UNI_TR_AT": "DTTI-EQ-TR2", "SUB": "DTTI", "CONJ": 12986, "MUN": "3550308", "CEG_GD": " ", "BRR": "R CONS COTEGIPE 219 BELENZINHO", "CEP": "03058-000", "CLAS_SUB": "RE1", "CNAE": " ", "TIP_CC": "RES-Tipo03", "FAS_CON": "ABN", "GRU_TEN": "BT", "TEN_FORN": "10", "GRU_TAR": "B1", "SIT_ATIV": "AT", "DAT_CON": "09/12/2013", "CAR_INST": 10.5, "LIV": 0, "ARE_LOC": "UB", "TIP_SIST": "RD_INTERLIG", "ENE_01": 59.03, "ENE_02": 109.0, "ENE_03": 111.0, "ENE_04": 135.0, "ENE_05": 130.0, "ENE_06": 139.0, "ENE_07": 113.0, "ENE_08": 111.0, "ENE_09": 135.0, "ENE_10": 124.0, "ENE_11": 113.0, "ENE_12": 117.48, "DIC_01": 8.36, "DIC_02": 0.16, "DIC_03": 0.0, "DIC_04": 0.0, "DIC_05": 0.0, "DIC_06": 0.0, "DIC_07": 0.0, "DIC_08": 0.0, "DIC_09": 0.0, "DIC_10": 0.0, "DIC_11": 0.0, "DIC_12": 0.23, "FIC_01": 2.0, "FIC_02": 2.0, "FIC_03": 0.0, "FIC_04": 0.0, "FIC_05": 0.0, "FIC_06": 0.0, "FIC_07": 0.0, "FIC_08": 0.0, "FIC_09": 0.0, "FIC_10": 0.0, "FIC_11": 0.0, "FIC_12": 1.0, "SEMRED": 0, "DESCR": " ", "COD_ID": "1dec92ac61555704d0cb14ba8ef6d93aed109fb7a8619c180bbc90fabc181b0f", "__layer": "UCBT_tab" }, "geometry": null },
{ "type": "Feature", "properties": { "DIST": 390, "PAC": "33754071739611908L", "RAMAL": "9662054S1", "PN_CON": "792872", "UNI_TR_MT": "14426514", "CTMT": "TTI0115", "UNI_TR_AT": "DTTI-EQ-TR2", "SUB": "DTTI", "CONJ": 12986, "MUN": "3550308", "CEG_GD": " ", "BRR": "R CONS COTEGIPE 219 BELENZINHO", "CEP": "03058-000", "CLAS_SUB": "RE1", "CNAE": " ", "TIP_CC": "RES-Tipo04", "FAS_CON": "ABN", "GRU_TEN": "BT", "TEN_FORN": "10", "GRU_TAR": "B1", "SIT_ATIV": "AT", "DAT_CON": "09/12/2013", "CAR_INST": 10.5, "LIV": 0, "ARE_LOC": "UB", "TIP_SIST": "RD_INTERLIG", "ENE_01": 62.54, "ENE_02": 50.0, "ENE_03": 50.0, "ENE_04": 58.0, "ENE_05": 50.0, "ENE_06": 50.0, "ENE_07": 4.0, "ENE_08": 35.0, "ENE_09": 35.0, "ENE_10": 50.0, "ENE_11": 50.0, "ENE_12": 87.38, "DIC_01": 8.36, "DIC_02": 0.16, "DIC_03": 0.0, "DIC_04": 0.0, "DIC_05": 0.0, "DIC_06": 0.0, "DIC_07": 0.0, "DIC_08": 0.0, "DIC_09": 0.0, "DIC_10": 0.0, "DIC_11": 0.0, "DIC_12": 0.23, "FIC_01": 2.0, "FIC_02": 2.0, "FIC_03": 0.0, "FIC_04": 0.0, "FIC_05": 0.0, "FIC_06": 0.0, "FIC_07": 0.0, "FIC_08": 0.0, "FIC_09": 0.0, "FIC_10": 0.0, "FIC_11": 0.0, "FIC_12": 1.0, "SEMRED": 0, "DESCR": " ", "COD_ID": "4840f46783ebc350da59f3ba9db0b7d8fdff2f6cfee442a2477b87a7789ff0ec", "__layer": "UCBT_tab" }, "geometry": null },
{ "type": "Feature", "properties": { "DIST": 390, "PAC": "33754071739611908L", "RAMAL": "9662054S1", "PN_CON": "792872", "UNI_TR_MT": "14426514", "CTMT": "TTI0115", "UNI_TR_AT": "DTTI-EQ-TR2", "SUB": "DTTI", "CONJ": 12986, "MUN": "3550308", "CEG_GD": " ", "BRR": "R CONS COTEGIPE 219 BELENZINHO", "CEP": "03058-000", "CLAS_SUB": "RE1", "CNAE": " ", "TIP_CC": "RES-Tipo02", "FAS_CON": "ABN", "GRU_TEN": "BT", "TEN_FORN": "10", "GRU_TAR": "B1", "SIT_ATIV": "AT", "DAT_CON": "09/12/2013", "CAR_INST": 10.5, "LIV": 0, "ARE_LOC": "UB", "TIP_SIST": "RD_INTERLIG", "ENE_01": 117.07, "ENE_02": 206.0, "ENE_03": 187.0, "ENE_04": 281.0, "ENE_05": 244.0, "ENE_06": 238.0, "ENE_07": 177.0, "ENE_08": 171.0, "ENE_09": 184.0, "ENE_10": 205.0, "ENE_11": 177.0, "ENE_12": 200.98, "DIC_01": 8.36, "DIC_02": 0.16, "DIC_03": 0.0, "DIC_04": 0.0, "DIC_05": 0.0, "DIC_06": 0.0, "DIC_07": 0.0, "DIC_08": 0.0, "DIC_09": 0.0, "DIC_10": 0.0, "DIC_11": 0.0, "DIC_12": 0.23, "FIC_01": 2.0, "FIC_02": 2.0, "FIC_03": 0.0, "FIC_04": 0.0, "FIC_05": 0.0, "FIC_06": 0.0, "FIC_07": 0.0, "FIC_08": 0.0, "FIC_09": 0.0, "FIC_10": 0.0, "FIC_11": 0.0, "FIC_12": 1.0, "SEMRED": 0, "DESCR": " ", "COD_ID": "0a477d8e906080a1123d6fa64bd8d172454d1ce856f1b372249750f55f1c37ef", "__layer": "UCBT_tab" }, "geometry": null },
{ "type": "Feature", "properties": { "DIST": 390, "PAC": "33754071739611908L", "RAMAL": "9662054S1", "PN_CON": "792872", "UNI_TR_MT": "14426514", "CTMT": "TTI0115", "UNI_TR_AT": "DTTI-EQ-TR2", "SUB": "DTTI", "CONJ": 12986, "MUN": "3550308", "CEG_GD": " ", "BRR": "R CONS COTEGIPE 219 BELENZINHO", "CEP": "03058-000", "CLAS_SUB": "RE1", "CNAE": " ", "TIP_CC": "RES-Tipo01", "FAS_CON": "ABN", "GRU_TEN": "BT", "TEN_FORN": "10", "GRU_TAR": "B1", "SIT_ATIV": "AT", "DAT_CON": "09/12/2013", "CAR_INST": 10.5, "LIV": 0, "ARE_LOC": "UB", "TIP_SIST": "RD_INTERLIG", "ENE_01": 42.02, "ENE_02": 79.0, "ENE_03": 55.0, "ENE_04": 63.0, "ENE_05": 61.0, "ENE_06": 45.0, "ENE_07": 5.0, "ENE_08": 5.0, "ENE_09": 9.0, "ENE_10": 7.0, "ENE_11": 6.0, "ENE_12": 6.79, "DIC_01": 8.36, "DIC_02": 0.16, "DIC_03": 0.0, "DIC_04": 0.0, "DIC_05": 0.0, "DIC_06": 0.0, "DIC_07": 0.0, "DIC_08": 0.0, "DIC_09": 0.0, "DIC_10": 0.0, "DIC_11": 0.0, "DIC_12": 0.23, "FIC_01": 2.0, "FIC_02": 2.0, "FIC_03": 0.0, "FIC_04": 0.0, "FIC_05": 0.0, "FIC_06": 0.0, "FIC_07": 0.0, "FIC_08": 0.0, "FIC_09": 0.0, "FIC_10": 0.0, "FIC_11": 0.0, "FIC_12": 1.0, "SEMRED": 0, "DESCR": " ", "COD_ID": "dc1aa8fa465fc4b0506bb74479ec3cd1b7b196a17e7118df3db65152c49f5339", "__layer": "UCBT_tab" }, "geometry": null },
{ "type": "Feature", "properties": { "DIST": 390, "PAC": "33754071739611908L", "RAMAL": "9662054S1", "PN_CON": "792872", "UNI_TR_MT": "14426514", "CTMT": "TTI0115", "UNI_TR_AT": "DTTI-EQ-TR2", "SUB": "DTTI", "CONJ": 12986, "MUN": "3550308", "CEG_GD": " ", "BRR": "R CONS COTEGIPE 219 BELENZINHO", "CEP": "03058-000", "CLAS_SUB": "RE1", "CNAE": " ", "TIP_CC": "RES-Tipo02", "FAS_CON": "ABN", "GRU_TEN": "BT", "TEN_FORN": "10", "GRU_TAR": "B1", "SIT_ATIV": "AT", "DAT_CON": "09/12/2013", "CAR_INST": 10.5, "LIV": 0, "ARE_LOC": "UB", "TIP_SIST": "RD_INTERLIG", "ENE_01": 92.06, "ENE_02": 112.0, "ENE_03": 125.0, "ENE_04": 194.0, "ENE_05": 174.0, "ENE_06": 176.0, "ENE_07": 146.0, "ENE_08": 138.0, "ENE_09": 155.0, "ENE_10": 156.0, "ENE_11": 156.0, "ENE_12": 151.46, "DIC_01": 8.36, "DIC_02": 0.16, "DIC_03": 0.0, "DIC_04": 0.0, "DIC_05": 0.0, "DIC_06": 0.0, "DIC_07": 0.0, "DIC_08": 0.0, "DIC_09": 0.0, "DIC_10": 0.0, "DIC_11": 0.0, "DIC_12": 0.23, "FIC_01": 2.0, "FIC_02": 2.0, "FIC_03": 0.0, "FIC_04": 0.0, "FIC_05": 0.0, "FIC_06": 0.0, "FIC_07": 0.0, "FIC_08": 0.0, "FIC_09": 0.0, "FIC_10": 0.0, "FIC_11": 0.0, "FIC_12": 1.0, "SEMRED": 0, "DESCR": " ", "COD_ID": "c17c58b02d45ec32ef3dd4634725f07e5fac94421c6d772175f7eef99ab9303f", "__layer": "UCBT_tab" }, "geometry": null },
{ "type": "Feature", "properties": { "DIST": 390, "PAC": "33754071739611908L", "RAMAL": "9662054S1", "PN_CON": "792872", "UNI_TR_MT": "14426514", "CTMT": "TTI0115", "UNI_TR_AT": "DTTI-EQ-TR2", "SUB": "DTTI", "CONJ": 12986, "MUN": "3550308", "CEG_GD": " ", "BRR": "R CONS COTEGIPE 219 BELENZINHO", "CEP": "03058-000", "CLAS_SUB": "RE1", "CNAE": " ", "TIP_CC": "RES-Tipo03", "FAS_CON": "ABCN", "GRU_TEN": "BT", "TEN_FORN": "10", "GRU_TAR": "B1", "SIT_ATIV": "AT", "DAT_CON": "09/12/2013", "CAR_INST": 10.5, "LIV": 0, "ARE_LOC": "UB", "TIP_SIST": "RD_INTERLIG", "ENE_01": 68.04, "ENE_02": 110.0, "ENE_03": 119.0, "ENE_04": 129.0, "ENE_05": 114.0, "ENE_06": 113.0, "ENE_07": 97.0, "ENE_08": 100.0, "ENE_09": 110.0, "ENE_10": 115.0, "ENE_11": 106.0, "ENE_12": 109.71, "DIC_01": 8.36, "DIC_02": 0.16, "DIC_03": 0.0, "DIC_04": 0.0, "DIC_05": 0.0, "DIC_06": 0.0, "DIC_07": 0.0, "DIC_08": 0.0, "DIC_09": 0.0, "DIC_10": 0.0, "DIC_11": 0.0, "DIC_12": 0.23, "FIC_01": 2.0, "FIC_02": 2.0, "FIC_03": 0.0, "FIC_04": 0.0, "FIC_05": 0.0, "FIC_06": 0.0, "FIC_07": 0.0, "FIC_08": 0.0, "FIC_09": 0.0, "FIC_10": 0.0, "FIC_11": 0.0, "FIC_12": 1.0, "SEMRED": 0, "DESCR": " ", "COD_ID": "a294e16dbb30dd99e9282b40904db74203840b0c949848a262039753602d6a4a", "__layer": "UCBT_tab" }, "geometry": null },
{ "type": "Feature", "properties": { "DIST": 390, "PAC": "33754071739611908L", "RAMAL": "9662054S1", "PN_CON": "792872", "UNI_TR_MT": "14426514", "CTMT": "TTI0115", "UNI_TR_AT": "DTTI-EQ-TR2", "SUB": "DTTI", "CONJ": 12986, "MUN": "3550308", "CEG_GD": " ", "BRR": "R CONS COTEGIPE 219 BELENZINHO", "CEP": "03058-000", "CLAS_SUB": "RE1", "CNAE": " ", "TIP_CC": "RES-Tipo01", "FAS_CON": "ABN", "GRU_TEN": "BT", "TEN_FORN": "10", "GRU_TAR": "B1", "SIT_ATIV": "AT", "DAT_CON": "09/12/2013", "CAR_INST": 10.5, "LIV": 0, "ARE_LOC": "UB", "TIP_SIST": "RD_INTERLIG", "ENE_01": 30.52, "ENE_02": 58.0, "ENE_03": 61.0, "ENE_04": 68.0, "ENE_05": 78.0, "ENE_06": 113.0, "ENE_07": 83.0, "ENE_08": 103.0, "ENE_09": 111.0, "ENE_10": 100.0, "ENE_11": 91.0, "ENE_12": 99.03, "DIC_01": 8.36, "DIC_02": 0.16, "DIC_03": 0.0, "DIC_04": 0.0, "DIC_05": 0.0, "DIC_06": 0.0, "DIC_07": 0.0, "DIC_08": 0.0, "DIC_09": 0.0, "DIC_10": 0.0, "DIC_11": 0.0, "DIC_12": 0.23, "FIC_01": 2.0, "FIC_02": 2.0, "FIC_03": 0.0, "FIC_04": 0.0, "FIC_05": 0.0, "FIC_06": 0.0, "FIC_07": 0.0, "FIC_08": 0.0, "FIC_09": 0.0, "FIC_10": 0.0, "FIC_11": 0.0, "FIC_12": 1.0, "SEMRED": 0, "DESCR": " ", "COD_ID": "f3f7a14cc56290a843a02680e1a30dd3c988d33bd30849e0b0c37a173fe56c7a", "__layer": "UCBT_tab" }, "geometry": null },
{ "type": "Feature", "properties": { "DIST": 390, "PAC": "33754071739611908L", "RAMAL": "9662054S1", "PN_CON": "792872", "UNI_TR_MT": "14426514", "CTMT": "TTI0115", "UNI_TR_AT": "DTTI-EQ-TR2", "SUB": "DTTI", "CONJ": 12986, "MUN": "3550308", "CEG_GD": " ", "BRR": "R CONS COTEGIPE 219 BELENZINHO", "CEP": "03058-000", "CLAS_SUB": "RE1", "CNAE": " ", "TIP_CC": "RES-Tipo02", "FAS_CON": "ABN", "GRU_TEN": "BT", "TEN_FORN": "10", "GRU_TAR": "B1", "SIT_ATIV": "AT", "DAT_CON": "09/12/2013", "CAR_INST": 10.5, "LIV": 0, "ARE_LOC": "UB", "TIP_SIST": "RD_INTERLIG", "ENE_01": 87.05, "ENE_02": 187.0, "ENE_03": 86.0, "ENE_04": 81.0, "ENE_05": 78.0, "ENE_06": 96.0, "ENE_07": 82.0, "ENE_08": 68.0, "ENE_09": 82.0, "ENE_10": 78.0, "ENE_11": 64.0, "ENE_12": 59.22, "DIC_01": 8.36, "DIC_02": 0.16, "DIC_03": 0.0, "DIC_04": 0.0, "DIC_05": 0.0, "DIC_06": 0.0, "DIC_07": 0.0, "DIC_08": 0.0, "DIC_09": 0.0, "DIC_10": 0.0, "DIC_11": 0.0, "DIC_12": 0.23, "FIC_01": 2.0, "FIC_02": 2.0, "FIC_03": 0.0, "FIC_04": 0.0, "FIC_05": 0.0, "FIC_06": 0.0, "FIC_07": 0.0, "FIC_08": 0.0, "FIC_09": 0.0, "FIC_10": 0.0, "FIC_11": 0.0, "FIC_12": 1.0, "SEMRED": 0, "DESCR": " ", "COD_ID": "5817e3655cf53c31c2629b42c9ca810d57b9bef3d58e8b7dafec4fd28442cf13", "__layer": "UCBT_tab" }, "geometry": null },
{ "type": "Feature", "properties": { "DIST": 390, "PAC": "33754071739611908L", "RAMAL": "9662054S1", "PN_CON": "792872", "UNI_TR_MT": "14426514", "CTMT": "TTI0115", "UNI_TR_AT": "DTTI-EQ-TR2", "SUB": "DTTI", "CONJ": 12986, "MUN": "3550308", "CEG_GD": " ", "BRR": "R CONS COTEGIPE 219 BELENZINHO", "CEP": "03058-000", "CLAS_SUB": "RE1", "CNAE": " ", "TIP_CC": "RES-Tipo01", "FAS_CON": "ABN", "GRU_TEN": "BT", "TEN_FORN": "10", "GRU_TAR": "B1", "SIT_ATIV": "AT", "DAT_CON": "09/12/2013", "CAR_INST": 10.5, "LIV": 0, "ARE_LOC": "UB", "TIP_SIST": "RD_INTERLIG", "ENE_01": 0.0, "ENE_02": 0.0, "ENE_03": 0.0, "ENE_04": 1.0, "ENE_05": 8.0, "ENE_06": 34.0, "ENE_07": 69.0, "ENE_08": 59.0, "ENE_09": 72.0, "ENE_10": 87.0, "ENE_11": 73.0, "ENE_12": 73.78, "DIC_01": 0.0, "DIC_02": 0.0, "DIC_03": 0.0, "DIC_04": 0.0, "DIC_05": 0.0, "DIC_06": 0.0, "DIC_07": 0.0, "DIC_08": 0.0, "DIC_09": 0.0, "DIC_10": 0.0, "DIC_11": 0.0, "DIC_12": 0.23, "FIC_01": 0.0, "FIC_02": 0.0, "FIC_03": 0.0, "FIC_04": 0.0, "FIC_05": 0.0, "FIC_06": 0.0, "FIC_07": 0.0, "FIC_08": 0.0, "FIC_09": 0.0, "FIC_10": 0.0, "FIC_11": 0.0, "FIC_12": 1.0, "SEMRED": 0, "DESCR": " ", "COD_ID": "33e8855ce3862724a9613fcdfb6b073e55340b3e9d012dae72c76205af218b82", "__layer": "UCBT_tab" }, "geometry": null },
{ "type": "Feature", "properties": { "DIST": 390, "PAC": "33754071739611908L", "RAMAL": "9662054S1", "PN_CON": "792872", "UNI_TR_MT": "14426514", "CTMT": "TTI0115", "UNI_TR_AT": "DTTI-EQ-TR2", "SUB": "DTTI", "CONJ": 12986, "MUN": "3550308", "CEG_GD": " ", "BRR": "R CONS COTEGIPE 219 BELENZINHO", "CEP": "03058-000", "CLAS_SUB": "RE1", "CNAE": " ", "TIP_CC": "RES-Tipo03", "FAS_CON": "ABN", "GRU_TEN": "BT", "TEN_FORN": "10", "GRU_TAR": "B1", "SIT_ATIV": "AT", "DAT_CON": "09/12/2013", "CAR_INST": 10.0, "LIV": 0, "ARE_LOC": "UB", "TIP_SIST": "RD_INTERLIG", "ENE_01": 60.54, "ENE_02": 129.0, "ENE_03": 112.0, "ENE_04": 142.0, "ENE_05": 136.0, "ENE_06": 130.0, "ENE_07": 120.0, "ENE_08": 121.0, "ENE_09": 129.0, "ENE_10": 141.0, "ENE_11": 127.0, "ENE_12": 122.33, "DIC_01": 8.36, "DIC_02": 0.16, "DIC_03": 0.0, "DIC_04": 0.0, "DIC_05": 0.0, "DIC_06": 0.0, "DIC_07": 0.0, "DIC_08": 0.0, "DIC_09": 0.0, "DIC_10": 0.0, "DIC_11": 0.0, "DIC_12": 0.23, "FIC_01": 2.0, "FIC_02": 2.0, "FIC_03": 0.0, "FIC_04": 0.0, "FIC_05": 0.0, "FIC_06": 0.0, "FIC_07": 0.0, "FIC_08": 0.0, "FIC_09": 0.0, "FIC_10": 0.0, "FIC_11": 0.0, "FIC_12": 1.0, "SEMRED": 0, "DESCR": " ", "COD_ID": "f7aa1b8928592b21d38eeba123a0d89089aa78396bb729438bfb28c50e8fb83f", "__layer": "UCBT_tab" }, "geometry": null },
{ "type": "Feature", "properties": { "DIST": 390, "PAC": "33754071739611908L", "RAMAL": "9662054S1", "PN_CON": "792872", "UNI_TR_MT": "14426514", "CTMT": "TTI0115", "UNI_TR_AT": "DTTI-EQ-TR2", "SUB": "DTTI", "CONJ": 12986, "MUN": "3550308", "CEG_GD": " ", "BRR": "R CONS COTEGIPE 219 BELENZINHO", "CEP": "03058-000", "CLAS_SUB": "RE1", "CNAE": " ", "TIP_CC": "RES-Tipo01", "FAS_CON": "ABN", "GRU_TEN": "BT", "TEN_FORN": "10", "GRU_TAR": "B1", "SIT_ATIV": "AT", "DAT_CON": "09/12/2013", "CAR_INST": 10.5, "LIV": 0, "ARE_LOC": "UB", "TIP_SIST": "RD_INTERLIG", "ENE_01": 56.03, "ENE_02": 108.0, "ENE_03": 103.0, "ENE_04": 124.0, "ENE_05": 109.0, "ENE_06": 102.0, "ENE_07": 77.0, "ENE_08": 86.0, "ENE_09": 102.0, "ENE_10": 96.0, "ENE_11": 92.0, "ENE_12": 100.0, "DIC_01": 8.36, "DIC_02": 0.16, "DIC_03": 0.0, "DIC_04": 0.0, "DIC_05": 0.0, "DIC_06": 0.0, "DIC_07": 0.0, "DIC_08": 0.0, "DIC_09": 0.0, "DIC_10": 0.0, "DIC_11": 0.0, "DIC_12": 0.23, "FIC_01": 2.0, "FIC_02": 2.0, "FIC_03": 0.0, "FIC_04": 0.0, "FIC_05": 0.0, "FIC_06": 0.0, "FIC_07": 0.0, "FIC_08": 0.0, "FIC_09": 0.0, "FIC_10": 0.0, "FIC_11": 0.0, "FIC_12": 1.0, "SEMRED": 0, "DESCR": " ", "COD_ID": "1793fc5c16c7831718e9742345787a04cc33ba631c90076c0d2d07444ee69e07", "__layer": "UCBT_tab" }, "geometry": null },
{ "type": "Feature", "properties": { "DIST": 390, "PAC": "33754071739611908L", "RAMAL": "9662054S1", "PN_CON": "792872", "UNI_TR_MT": "14426514", "CTMT": "TTI0115", "UNI_TR_AT": "DTTI-EQ-TR2", "SUB": "DTTI", "CONJ": 12986, "MUN": "3550308", "CEG_GD": " ", "BRR": "R CONS COTEGIPE 219 BELENZINHO", "CEP": "03058-000", "CLAS_SUB": "RE1", "CNAE": " ", "TIP_CC": "RES-Tipo02", "FAS_CON": "ABN", "GRU_TEN": "BT", "TEN_FORN": "10", "GRU_TAR": "B1", "SIT_ATIV": "AT", "DAT_CON": "09/12/2013", "CAR_INST": 10.5, "LIV": 0, "ARE_LOC": "UB", "TIP_SIST": "RD_INTERLIG", "ENE_01": 129.08, "ENE_02": 194.0, "ENE_03": 162.0, "ENE_04": 340.0, "ENE_05": 155.0, "ENE_06": 134.0, "ENE_07": 199.0, "ENE_08": 301.0, "ENE_09": 220.0, "ENE_10": 109.0, "ENE_11": 173.0, "ENE_12": 177.67, "DIC_01": 8.36, "DIC_02": 0.16, "DIC_03": 0.0, "DIC_04": 0.0, "DIC_05": 0.0, "DIC_06": 0.0, "DIC_07": 0.0, "DIC_08": 0.0, "DIC_09": 0.0, "DIC_10": 0.0, "DIC_11": 0.0, "DIC_12": 0.23, "FIC_01": 2.0, "FIC_02": 2.0, "FIC_03": 0.0, "FIC_04": 0.0, "FIC_05": 0.0, "FIC_06": 0.0, "FIC_07": 0.0, "FIC_08": 0.0, "FIC_09": 0.0, "FIC_10": 0.0, "FIC_11": 0.0, "FIC_12": 1.0, "SEMRED": 0, "DESCR": " ", "COD_ID": "c4e91980ec0c69e10cc575f01d5ac6ed377d7c1774be102991b3854434e84d2c", "__layer": "UCBT_tab" }, "geometry": null },
{ "type": "Feature", "properties": { "DIST": 390, "PAC": "33754071739611908L", "RAMAL": "9662054S1", "PN_CON": "792872", "UNI_TR_MT": "14426514", "CTMT": "TTI0115", "UNI_TR_AT": "DTTI-EQ-TR2", "SUB": "DTTI", "CONJ": 12986, "MUN": "3550308", "CEG_GD": " ", "BRR": "R CONS COTEGIPE 219 BELENZINHO", "CEP": "03058-000", "CLAS_SUB": "RE1", "CNAE": " ", "TIP_CC": "RES-Tipo02", "FAS_CON": "ABN", "GRU_TEN": "BT", "TEN_FORN": "10", "GRU_TAR": "B1", "SIT_ATIV": "AT", "DAT_CON": "09/12/2013", "CAR_INST": 10.5, "LIV": 0, "ARE_LOC": "UB", "TIP_SIST": "RD_INTERLIG", "ENE_01": 99.06, "ENE_02": 191.0, "ENE_03": 159.0, "ENE_04": 212.0, "ENE_05": 184.0, "ENE_06": 325.0, "ENE_07": 0.0, "ENE_08": 0.0, "ENE_09": 0.0, "ENE_10": 111.0, "ENE_11": 98.0, "ENE_12": 107.77, "DIC_01": 8.36, "DIC_02": 0.16, "DIC_03": 0.0, "DIC_04": 0.0, "DIC_05": 0.0, "DIC_06": 0.0, "DIC_07": 0.0, "DIC_08": 0.0, "DIC_09": 0.0, "DIC_10": 0.0, "DIC_11": 0.0, "DIC_12": 0.23, "FIC_01": 2.0, "FIC_02": 2.0, "FIC_03": 0.0, "FIC_04": 0.0, "FIC_05": 0.0, "FIC_06": 0.0, "FIC_07": 0.0, "FIC_08": 0.0, "FIC_09": 0.0, "FIC_10": 0.0, "FIC_11": 0.0, "FIC_12": 1.0, "SEMRED": 0, "DESCR": " ", "COD_ID": "f436e7480f943f37721b61e95d61ee59c4892c144828a9d4e6e348c6e768bd72", "__layer": "UCBT_tab" }, "geometry": null },
{ "type": "Feature", "properties": { "DIST": 390, "PAC": "33754071739611908L", "RAMAL": "9662054S1", "PN_CON": "792872", "UNI_TR_MT": "14426514", "CTMT": "TTI0115", "UNI_TR_AT": "DTTI-EQ-TR2", "SUB": "DTTI", "CONJ": 12986, "MUN": "3550308", "CEG_GD": " ", "BRR": "R CONS COTEGIPE 219 BELENZINHO", "CEP": "03058-000", "CLAS_SUB": "RE1", "CNAE": " ", "TIP_CC": "RES-Tipo03", "FAS_CON": "ABN", "GRU_TEN": "BT", "TEN_FORN": "10", "GRU_TAR": "B1", "SIT_ATIV": "AT", "DAT_CON": "09/12/2013", "CAR_INST": 10.5, "LIV": 0, "ARE_LOC": "UB", "TIP_SIST": "RD_INTERLIG", "ENE_01": 65.54, "ENE_02": 129.0, "ENE_03": 123.0, "ENE_04": 158.0, "ENE_05": 180.0, "ENE_06": 181.0, "ENE_07": 138.0, "ENE_08": 127.0, "ENE_09": 128.0, "ENE_10": 114.0, "ENE_11": 142.0, "ENE_12": 146.6, "DIC_01": 8.36, "DIC_02": 0.16, "DIC_03": 0.0, "DIC_04": 0.0, "DIC_05": 0.0, "DIC_06": 0.0, "DIC_07": 0.0, "DIC_08": 0.0, "DIC_09": 0.0, "DIC_10": 0.0, "DIC_11": 0.0, "DIC_12": 0.23, "FIC_01": 2.0, "FIC_02": 2.0, "FIC_03": 0.0, "FIC_04": 0.0, "FIC_05": 0.0, "FIC_06": 0.0, "FIC_07": 0.0, "FIC_08": 0.0, "FIC_09": 0.0, "FIC_10": 0.0, "FIC_11": 0.0, "FIC_12": 1.0, "SEMRED": 0, "DESCR": " ", "COD_ID": "0e1db3fb3267e175d6c315338fcf18fac946e8bbfedf963018bcfd1e1616a1b5", "__layer": "UCBT_tab" }, "geometry": null },
{ "type": "Feature", "properties": { "DIST": 390, "PAC": "33754071739611908L", "RAMAL": "9662054S1", "PN_CON": "792872", "UNI_TR_MT": "14426514", "CTMT": "TTI0115", "UNI_TR_AT": "DTTI-EQ-TR2", "SUB": "DTTI", "CONJ": 12986, "MUN": "3550308", "CEG_GD": " ", "BRR": "R CONS COTEGIPE 219 BELENZINHO", "CEP": "03058-000", "CLAS_SUB": "RE1", "CNAE": " ", "TIP_CC": "RES-Tipo03", "FAS_CON": "ABN", "GRU_TEN": "BT", "TEN_FORN": "10", "GRU_TAR": "B1", "SIT_ATIV": "AT", "DAT_CON": "09/12/2013", "CAR_INST": 10.5, "LIV": 0, "ARE_LOC": "UB", "TIP_SIST": "RD_INTERLIG", "ENE_01": 61.04, "ENE_02": 119.0, "ENE_03": 112.0, "ENE_04": 130.0, "ENE_05": 135.0, "ENE_06": 124.0, "ENE_07": 125.0, "ENE_08": 50.0, "ENE_09": 206.0, "ENE_10": 0.0, "ENE_11": 0.0, "ENE_12": 342.73, "DIC_01": 8.36, "DIC_02": 0.16, "DIC_03": 0.0, "DIC_04": 0.0, "DIC_05": 0.0, "DIC_06": 0.0, "DIC_07": 0.0, "DIC_08": 0.0, "DIC_09": 0.0, "DIC_10": 0.0, "DIC_11": 0.0, "DIC_12": 0.23, "FIC_01": 2.0, "FIC_02": 2.0, "FIC_03": 0.0, "FIC_04": 0.0, "FIC_05": 0.0, "FIC_06": 0.0, "FIC_07": 0.0, "FIC_08": 0.0, "FIC_09": 0.0, "FIC_10": 0.0, "FIC_11": 0.0, "FIC_12": 1.0, "SEMRED": 0, "DESCR": " ", "COD_ID": "ba708ccdcdc2e554af834cf586f78041bc362188be30c1f64f06ebdf22431461", "__layer": "UCBT_tab" }, "geometry": null },
{ "type": "Feature", "properties": { "DIST": 390, "PAC": "33754071739611908L", "RAMAL": "9662054S1", "PN_CON": "792872", "UNI_TR_MT": "14426514", "CTMT": "TTI0115", "UNI_TR_AT": "DTTI-EQ-TR2", "SUB": "DTTI", "CONJ": 12986, "MUN": "3550308", "CEG_GD": " ", "BRR": "R CONS COTEGIPE 219 BELENZINHO", "CEP": "03058-000", "CLAS_SUB": "RE1", "CNAE": " ", "TIP_CC": "RES-Tipo02", "FAS_CON": "ABN", "GRU_TEN": "BT", "TEN_FORN": "10", "GRU_TAR": "B1", "SIT_ATIV": "AT", "DAT_CON": "09/12/2013", "CAR_INST": 10.5, "LIV": 0, "ARE_LOC": "UB", "TIP_SIST": "RD_INTERLIG", "ENE_01": 90.56, "ENE_02": 158.0, "ENE_03": 142.0, "ENE_04": 185.0, "ENE_05": 167.0, "ENE_06": 151.0, "ENE_07": 119.0, "ENE_08": 116.0, "ENE_09": 153.0, "ENE_10": 123.0, "ENE_11": 103.0, "ENE_12": 118.45, "DIC_01": 8.36, "DIC_02": 0.16, "DIC_03": 0.0, "DIC_04": 0.0, "DIC_05": 0.0, "DIC_06": 0.0, "DIC_07": 0.0, "DIC_08": 0.0, "DIC_09": 0.0, "DIC_10": 0.0, "DIC_11": 0.0, "DIC_12": 0.23, "FIC_01": 2.0, "FIC_02": 2.0, "FIC_03": 0.0, "FIC_04": 0.0, "FIC_05": 0.0, "FIC_06": 0.0, "FIC_07": 0.0, "FIC_08": 0.0, "FIC_09": 0.0, "FIC_10": 0.0, "FIC_11": 0.0, "FIC_12": 1.0, "SEMRED": 0, "DESCR": " ", "COD_ID": "66d2b04e176a4cb6f6576bb380279745b22a6df71264e2c7c0610d24d22b7b6f", "__layer": "UCBT_tab" }, "geometry": null },
{ "type": "Feature", "properties": { "DIST": 390, "PAC": "33754071739611908L", "RAMAL": "9662054S1", "PN_CON": "792872", "UNI_TR_MT": "14426514", "CTMT": "TTI0115", "UNI_TR_AT": "DTTI-EQ-TR2", "SUB": "DTTI", "CONJ": 12986, "MUN": "3550308", "CEG_GD": " ", "BRR": "R CONS COTEGIPE 219 BELENZINHO", "CEP": "03058-000", "CLAS_SUB": "RE1", "CNAE": " ", "TIP_CC": "RES-Tipo03", "FAS_CON": "ABN", "GRU_TEN": "BT", "TEN_FORN": "10", "GRU_TAR": "B1", "SIT_ATIV": "AT", "DAT_CON": "09/12/2013", "CAR_INST": 10.5, "LIV": 0, "ARE_LOC": "UB", "TIP_SIST": "RD_INTERLIG", "ENE_01": 64.54, "ENE_02": 116.0, "ENE_03": 122.0, "ENE_04": 114.0, "ENE_05": 103.0, "ENE_06": 113.0, "ENE_07": 91.0, "ENE_08": 104.0, "ENE_09": 89.0, "ENE_10": 97.0, "ENE_11": 93.0, "ENE_12": 91.26, "DIC_01": 8.36, "DIC_02": 0.16, "DIC_03": 0.0, "DIC_04": 0.0, "DIC_05": 0.0, "DIC_06": 0.0, "DIC_07": 0.0, "DIC_08": 0.0, "DIC_09": 0.0, "DIC_10": 0.0, "DIC_11": 0.0, "DIC_12": 0.23, "FIC_01": 2.0, "FIC_02": 2.0, "FIC_03": 0.0, "FIC_04": 0.0, "FIC_05": 0.0, "FIC_06": 0.0, "FIC_07": 0.0, "FIC_08": 0.0, "FIC_09": 0.0, "FIC_10": 0.0, "FIC_11": 0.0, "FIC_12": 1.0, "SEMRED": 0, "DESCR": " ", "COD_ID": "bc9fc12e3f1e7aedbcab5101f514f27f6f078d59e2d4a4ff635b5e42dff0cd15", "__layer": "UCBT_tab" }, "geometry": null },
{ "type": "Feature", "properties": { "DIST": 390, "PAC": "33754071739611908L", "RAMAL": "9662054S1", "PN_CON": "792872", "UNI_TR_MT": "14426514", "CTMT": "TTI0115", "UNI_TR_AT": "DTTI-EQ-TR2", "SUB": "DTTI", "CONJ": 12986, "MUN": "3550308", "CEG_GD": " ", "BRR": "R CONS COTEGIPE 219 BELENZINHO", "CEP": "03058-000", "CLAS_SUB": "RE1", "CNAE": " ", "TIP_CC": "RES-Tipo02", "FAS_CON": "ABN", "GRU_TEN": "BT", "TEN_FORN": "10", "GRU_TAR": "B1", "SIT_ATIV": "AT", "DAT_CON": "09/12/2013", "CAR_INST": 4.7, "LIV": 0, "ARE_LOC": "UB", "TIP_SIST": "RD_INTERLIG", "ENE_01": 102.56, "ENE_02": 257.0, "ENE_03": 237.0, "ENE_04": 222.0, "ENE_05": 238.0, "ENE_06": 228.0, "ENE_07": 233.0, "ENE_08": 262.0, "ENE_09": 286.0, "ENE_10": 321.0, "ENE_11": 342.0, "ENE_12": 316.52, "DIC_01": 8.36, "DIC_02": 0.16, "DIC_03": 0.0, "DIC_04": 0.0, "DIC_05": 0.0, "DIC_06": 0.0, "DIC_07": 0.0, "DIC_08": 0.0, "DIC_09": 0.0, "DIC_10": 0.0, "DIC_11": 0.0, "DIC_12": 0.23, "FIC_01": 2.0, "FIC_02": 2.0, "FIC_03": 0.0, "FIC_04": 0.0, "FIC_05": 0.0, "FIC_06": 0.0, "FIC_07": 0.0, "FIC_08": 0.0, "FIC_09": 0.0, "FIC_10": 0.0, "FIC_11": 0.0, "FIC_12": 1.0, "SEMRED": 0, "DESCR": " ", "COD_ID": "69dce02841a26e75b4a5f2b49e4411b3221e8e1d6b96b825f67a1994321e07b0", "__layer": "UCBT_tab" }, "geometry": null },
{ "type": "Feature", "properties": { "DIST": 390, "PAC": "33754071739611908L", "RAMAL": "9662054S1", "PN_CON": "792872", "UNI_TR_MT": "14426514", "CTMT": "TTI0115", "UNI_TR_AT": "DTTI-EQ-TR2", "SUB": "DTTI", "CONJ": 12986, "MUN": "3550308", "CEG_GD": " ", "BRR": "R CONS COTEGIPE 219 BELENZINHO", "CEP": "03058-000", "CLAS_SUB": "RE1", "CNAE": " ", "TIP_CC": "RES-Tipo02", "FAS_CON": "ABN", "GRU_TEN": "BT", "TEN_FORN": "10", "GRU_TAR": "B1", "SIT_ATIV": "AT", "DAT_CON": "09/12/2013", "CAR_INST": 10.5, "LIV": 0, "ARE_LOC": "UB", "TIP_SIST": "RD_INTERLIG", "ENE_01": 93.06, "ENE_02": 161.0, "ENE_03": 159.0, "ENE_04": 179.0, "ENE_05": 179.0, "ENE_06": 188.0, "ENE_07": 153.0, "ENE_08": 160.0, "ENE_09": 172.0, "ENE_10": 168.0, "ENE_11": 165.0, "ENE_12": 172.82, "DIC_01": 8.36, "DIC_02": 0.16, "DIC_03": 0.0, "DIC_04": 0.0, "DIC_05": 0.0, "DIC_06": 0.0, "DIC_07": 0.0, "DIC_08": 0.0, "DIC_09": 0.0, "DIC_10": 0.0, "DIC_11": 0.0, "DIC_12": 0.23, "FIC_01": 2.0, "FIC_02": 2.0, "FIC_03": 0.0, "FIC_04": 0.0, "FIC_05": 0.0, "FIC_06": 0.0, "FIC_07": 0.0, "FIC_08": 0.0, "FIC_09": 0.0, "FIC_10": 0.0, "FIC_11": 0.0, "FIC_12": 1.0, "SEMRED": 0, "DESCR": " ", "COD_ID": "f8c0699e13a8e5f12a954842d32dd2976b8f5155abc7abdb905a7e78e1e859ab", "__layer": "UCBT_tab" }, "geometry": null },
{ "type": "Feature", "properties": { "DIST": 390, "PAC": "33754071739611908L", "RAMAL": "9662054S1", "PN_CON": "792872", "UNI_TR_MT": "14426514", "CTMT": "TTI0115", "UNI_TR_AT": "DTTI-EQ-TR2", "SUB": "DTTI", "CONJ": 12986, "MUN": "3550308", "CEG_GD": " ", "BRR": "R CONS COTEGIPE 219 BELENZINHO", "CEP": "03058-000", "CLAS_SUB": "RE1", "CNAE": " ", "TIP_CC": "RES-Tipo03", "FAS_CON": "ABN", "GRU_TEN": "BT", "TEN_FORN": "10", "GRU_TAR": "B1", "SIT_ATIV": "AT", "DAT_CON": "09/12/2013", "CAR_INST": 2.6, "LIV": 0, "ARE_LOC": "UB", "TIP_SIST": "RD_INTERLIG", "ENE_01": 57.03, "ENE_02": 52.0, "ENE_03": 37.0, "ENE_04": 50.0, "ENE_05": 50.0, "ENE_06": 50.0, "ENE_07": 31.0, "ENE_08": 25.0, "ENE_09": 27.0, "ENE_10": 25.0, "ENE_11": 3.0, "ENE_12": 6.79, "DIC_01": 8.36, "DIC_02": 0.16, "DIC_03": 0.0, "DIC_04": 0.0, "DIC_05": 0.0, "DIC_06": 0.0, "DIC_07": 0.0, "DIC_08": 0.0, "DIC_09": 0.0, "DIC_10": 0.0, "DIC_11": 0.0, "DIC_12": 0.23, "FIC_01": 2.0, "FIC_02": 2.0, "FIC_03": 0.0, "FIC_04": 0.0, "FIC_05": 0.0, "FIC_06": 0.0, "FIC_07": 0.0, "FIC_08": 0.0, "FIC_09": 0.0, "FIC_10": 0.0, "FIC_11": 0.0, "FIC_12": 1.0, "SEMRED": 0, "DESCR": " ", "COD_ID": "8499fc650f16954d9ab07fa95d0cef928434567617c9449c7061dc9834f8e7ba", "__layer": "UCBT_tab" }, "geometry": null },
{ "type": "Feature", "properties": { "DIST": 390, "PAC": "33754071739611908L", "RAMAL": "9662054S1", "PN_CON": "792872", "UNI_TR_MT": "14426514", "CTMT": "TTI0115", "UNI_TR_AT": "DTTI-EQ-TR2", "SUB": "DTTI", "CONJ": 12986, "MUN": "3550308", "CEG_GD": " ", "BRR": "R CONS COTEGIPE 219 BELENZINHO", "CEP": "03058-000", "CLAS_SUB": "RE1", "CNAE": " ", "TIP_CC": "RES-Tipo01", "FAS_CON": "ABN", "GRU_TEN": "BT", "TEN_FORN": "10", "GRU_TAR": "B1", "SIT_ATIV": "AT", "DAT_CON": "09/12/2013", "CAR_INST": 10.5, "LIV": 0, "ARE_LOC": "UB", "TIP_SIST": "RD_INTERLIG", "ENE_01": 45.53, "ENE_02": 107.0, "ENE_03": 91.0, "ENE_04": 104.0, "ENE_05": 77.0, "ENE_06": 112.0, "ENE_07": 95.0, "ENE_08": 96.0, "ENE_09": 106.0, "ENE_10": 108.0, "ENE_11": 86.0, "ENE_12": 101.94, "DIC_01": 8.36, "DIC_02": 0.16, "DIC_03": 0.0, "DIC_04": 0.0, "DIC_05": 0.0, "DIC_06": 0.0, "DIC_07": 0.0, "DIC_08": 0.0, "DIC_09": 0.0, "DIC_10": 0.0, "DIC_11": 0.0, "DIC_12": 0.23, "FIC_01": 2.0, "FIC_02": 2.0, "FIC_03": 0.0, "FIC_04": 0.0, "FIC_05": 0.0, "FIC_06": 0.0, "FIC_07": 0.0, "FIC_08": 0.0, "FIC_09": 0.0, "FIC_10": 0.0, "FIC_11": 0.0, "FIC_12": 1.0, "SEMRED": 0, "DESCR": " ", "COD_ID": "1aa5d27eaf211934ed7667812186531049774a8fb185d8a1d0b068cde89df540", "__layer": "UCBT_tab" }, "geometry": null },
{ "type": "Feature", "properties": { "DIST": 390, "PAC": "33754071739611908L", "RAMAL": "9662054S1", "PN_CON": "792872", "UNI_TR_MT": "14426514", "CTMT": "TTI0115", "UNI_TR_AT": "DTTI-EQ-TR2", "SUB": "DTTI", "CONJ": 12986, "MUN": "3550308", "CEG_GD": " ", "BRR": "R CONS COTEGIPE 219 BELENZINHO", "CEP": "03058-000", "CLAS_SUB": "RE1", "CNAE": " ", "TIP_CC": "RES-Tipo02", "FAS_CON": "ABN", "GRU_TEN": "BT", "TEN_FORN": "10", "GRU_TAR": "B1", "SIT_ATIV": "AT", "DAT_CON": "09/12/2013", "CAR_INST": 10.5, "LIV": 0, "ARE_LOC": "UB", "TIP_SIST": "RD_INTERLIG", "ENE_01": 25.01, "ENE_02": 50.0, "ENE_03": 124.0, "ENE_04": 119.0, "ENE_05": 111.0, "ENE_06": 105.0, "ENE_07": 97.0, "ENE_08": 88.0, "ENE_09": 50.0, "ENE_10": 79.0, "ENE_11": 81.0, "ENE_12": 81.55, "DIC_01": 8.36, "DIC_02": 0.16, "DIC_03": 0.0, "DIC_04": 0.0, "DIC_05": 0.0, "DIC_06": 0.0, "DIC_07": 0.0, "DIC_08": 0.0, "DIC_09": 0.0, "DIC_10": 0.0, "DIC_11": 0.0, "DIC_12": 0.23, "FIC_01": 2.0, "FIC_02": 2.0, "FIC_03": 0.0, "FIC_04": 0.0, "FIC_05": 0.0, "FIC_06": 0.0, "FIC_07": 0.0, "FIC_08": 0.0, "FIC_09": 0.0, "FIC_10": 0.0, "FIC_11": 0.0, "FIC_12": 1.0, "SEMRED": 0, "DESCR": " ", "COD_ID": "710c7a0f2b067b678d70c2c51a0639af714abf8f10ebfae2413a7a7a46b67ae4", "__layer": "UCBT_tab" }, "geometry": null },
{ "type": "Feature", "properties": { "DIST": 390, "PAC": "33754071739611908L", "RAMAL": "9662054S1", "PN_CON": "792872", "UNI_TR_MT": "14426514", "CTMT": "TTI0115", "UNI_TR_AT": "DTTI-EQ-TR2", "SUB": "DTTI", "CONJ": 12986, "MUN": "3550308", "CEG_GD": " ", "BRR": "R CONS COTEGIPE 219 BELENZINHO", "CEP": "03058-000", "CLAS_SUB": "RE1", "CNAE": " ", "TIP_CC": "RES-Tipo03", "FAS_CON": "ABN", "GRU_TEN": "BT", "TEN_FORN": "10", "GRU_TAR": "B1", "SIT_ATIV": "AT", "DAT_CON": "09/12/2013", "CAR_INST": 10.5, "LIV": 0, "ARE_LOC": "UB", "TIP_SIST": "RD_INTERLIG", "ENE_01": 54.03, "ENE_02": 104.0, "ENE_03": 88.0, "ENE_04": 100.0, "ENE_05": 100.0, "ENE_06": 100.0, "ENE_07": 75.0, "ENE_08": 76.0, "ENE_09": 63.0, "ENE_10": 59.0, "ENE_11": 51.0, "ENE_12": 72.81, "DIC_01": 8.36, "DIC_02": 0.16, "DIC_03": 0.0, "DIC_04": 0.0, "DIC_05": 0.0, "DIC_06": 0.0, "DIC_07": 0.0, "DIC_08": 0.0, "DIC_09": 0.0, "DIC_10": 0.0, "DIC_11": 0.0, "DIC_12": 0.23, "FIC_01": 2.0, "FIC_02": 2.0, "FIC_03": 0.0, "FIC_04": 0.0, "FIC_05": 0.0, "FIC_06": 0.0, "FIC_07": 0.0, "FIC_08": 0.0, "FIC_09": 0.0, "FIC_10": 0.0, "FIC_11": 0.0, "FIC_12": 1.0, "SEMRED": 0, "DESCR": " ", "COD_ID": "cdbd02c96bec739e4f487ee327b139a498ffa5376568d2c08012cec8487205f1", "__layer": "UCBT_tab" }, "geometry": null },
{ "type": "Feature", "properties": { "DIST": 390, "PAC": "33754071739611908L", "RAMAL": "9662054S1", "PN_CON": "792872", "UNI_TR_MT": "14426514", "CTMT": "TTI0115", "UNI_TR_AT": "DTTI-EQ-TR2", "SUB": "DTTI", "CONJ": 12986, "MUN": "3550308", "CEG_GD": " ", "BRR": "R CONS COTEGIPE 219 BELENZINHO", "CEP": "03058-000", "CLAS_SUB": "RE1", "CNAE": " ", "TIP_CC": "RES-Tipo01", "FAS_CON": "ABCN", "GRU_TEN": "BT", "TEN_FORN": "10", "GRU_TAR": "B1", "SIT_ATIV": "AT", "DAT_CON": "09/12/2013", "CAR_INST": 10.5, "LIV": 0, "ARE_LOC": "UB", "TIP_SIST": "RD_INTERLIG", "ENE_01": 66.54, "ENE_02": 133.0, "ENE_03": 167.0, "ENE_04": 202.0, "ENE_05": 157.0, "ENE_06": 136.0, "ENE_07": 2.0, "ENE_08": 10.0, "ENE_09": 73.0, "ENE_10": 153.0, "ENE_11": 150.0, "ENE_12": 306.81, "DIC_01": 8.36, "DIC_02": 0.16, "DIC_03": 0.0, "DIC_04": 0.0, "DIC_05": 0.0, "DIC_06": 0.0, "DIC_07": 0.0, "DIC_08": 0.0, "DIC_09": 0.0, "DIC_10": 0.0, "DIC_11": 0.0, "DIC_12": 0.23, "FIC_01": 2.0, "FIC_02": 2.0, "FIC_03": 0.0, "FIC_04": 0.0, "FIC_05": 0.0, "FIC_06": 0.0, "FIC_07": 0.0, "FIC_08": 0.0, "FIC_09": 0.0, "FIC_10": 0.0, "FIC_11": 0.0, "FIC_12": 1.0, "SEMRED": 0, "DESCR": " ", "COD_ID": "130b7b7a2d534b0d22fdac066da44dae331d176bb453c5af8d8b37ea547d8c9d", "__layer": "UCBT_tab" }, "geometry": null },
{ "type": "Feature", "properties": { "DIST": 390, "PAC": "33754071739611908L", "RAMAL": "9662054S1", "PN_CON": "792872", "UNI_TR_MT": "14426514", "CTMT": "TTI0115", "UNI_TR_AT": "DTTI-EQ-TR2", "SUB": "DTTI", "CONJ": 12986, "MUN": "3550308", "CEG_GD": " ", "BRR": "R CONS COTEGIPE 219 BELENZINHO", "CEP": "03058-000", "CLAS_SUB": "RE1", "CNAE": " ", "TIP_CC": "RES-Tipo01", "FAS_CON": "ABN", "GRU_TEN": "BT", "TEN_FORN": "10", "GRU_TAR": "B1", "SIT_ATIV": "AT", "DAT_CON": "09/12/2013", "CAR_INST": 10.5, "LIV": 0, "ARE_LOC": "UB", "TIP_SIST": "RD_INTERLIG", "ENE_01": 80.55, "ENE_02": 134.0, "ENE_03": 134.0, "ENE_04": 134.0, "ENE_05": 134.0, "ENE_06": 134.0, "ENE_07": 134.0, "ENE_08": 134.0, "ENE_09": 50.0, "ENE_10": 126.0, "ENE_11": 126.0, "ENE_12": 122.33, "DIC_01": 8.36, "DIC_02": 0.16, "DIC_03": 0.0, "DIC_04": 0.0, "DIC_05": 0.0, "DIC_06": 0.0, "DIC_07": 0.0, "DIC_08": 0.0, "DIC_09": 0.0, "DIC_10": 0.0, "DIC_11": 0.0, "DIC_12": 0.23, "FIC_01": 2.0, "FIC_02": 2.0, "FIC_03": 0.0, "FIC_04": 0.0, "FIC_05": 0.0, "FIC_06": 0.0, "FIC_07": 0.0, "FIC_08": 0.0, "FIC_09": 0.0, "FIC_10": 0.0, "FIC_11": 0.0, "FIC_12": 1.0, "SEMRED": 0, "DESCR": " ", "COD_ID": "78d0e43f02211ffbb5f6275a9407a95ec94581b3b85bc9e5b4641cad6e8ef433", "__layer": "UCBT_tab" }, "geometry": null },
{ "type": "Feature", "properties": { "DIST": 390, "PAC": "33754071739611908L", "RAMAL": "9662054S1", "PN_CON": "792872", "UNI_TR_MT": "14426514", "CTMT": "TTI0115", "UNI_TR_AT": "DTTI-EQ-TR2", "SUB": "DTTI", "CONJ": 12986, "MUN": "3550308", "CEG_GD": " ", "BRR": "R CONS COTEGIPE 219 BELENZINHO", "CEP": "03058-000", "CLAS_SUB": "RE1", "CNAE": " ", "TIP_CC": "RES-Tipo03", "FAS_CON": "ABN", "GRU_TEN": "BT", "TEN_FORN": "10", "GRU_TAR": "B1", "SIT_ATIV": "AT", "DAT_CON": "09/12/2013", "CAR_INST": 10.5, "LIV": 0, "ARE_LOC": "UB", "TIP_SIST": "RD_INTERLIG", "ENE_01": 63.04, "ENE_02": 114.0, "ENE_03": 121.0, "ENE_04": 128.0, "ENE_05": 114.0, "ENE_06": 123.0, "ENE_07": 100.0, "ENE_08": 115.0, "ENE_09": 118.0, "ENE_10": 135.0, "ENE_11": 133.0, "ENE_12": 139.81, "DIC_01": 8.36, "DIC_02": 0.16, "DIC_03": 0.0, "DIC_04": 0.0, "DIC_05": 0.0, "DIC_06": 0.0, "DIC_07": 0.0, "DIC_08": 0.0, "DIC_09": 0.0, "DIC_10": 0.0, "DIC_11": 0.0, "DIC_12": 0.23, "FIC_01": 2.0, "FIC_02": 2.0, "FIC_03": 0.0, "FIC_04": 0.0, "FIC_05": 0.0, "FIC_06": 0.0, "FIC_07": 0.0, "FIC_08": 0.0, "FIC_09": 0.0, "FIC_10": 0.0, "FIC_11": 0.0, "FIC_12": 1.0, "SEMRED": 0, "DESCR": " ", "COD_ID": "558f6b8b10eacec7f6d890b30e6efb3f6923a2e058088a3eec4d3207c875824e", "__layer": "UCBT_tab" }, "geometry": null },
{ "type": "Feature", "properties": { "DIST": 390, "PAC": "33754071739611908L", "RAMAL": "9662054S1", "PN_CON": "792872", "UNI_TR_MT": "14426514", "CTMT": "TTI0115", "UNI_TR_AT": "DTTI-EQ-TR2", "SUB": "DTTI", "CONJ": 12986, "MUN": "3550308", "CEG_GD": " ", "BRR": "R CONS COTEGIPE 219 BELENZINHO", "CEP": "03058-000", "CLAS_SUB": "RE1", "CNAE": " ", "TIP_CC": "RES-Tipo02", "FAS_CON": "ABN", "GRU_TEN": "BT", "TEN_FORN": "10", "GRU_TAR": "B1", "SIT_ATIV": "AT", "DAT_CON": "09/12/2013", "CAR_INST": 10.5, "LIV": 0, "ARE_LOC": "UB", "TIP_SIST": "RD_INTERLIG", "ENE_01": 157.6, "ENE_02": 152.0, "ENE_03": 213.0, "ENE_04": 262.0, "ENE_05": 178.0, "ENE_06": 159.0, "ENE_07": 126.0, "ENE_08": 117.0, "ENE_09": 128.0, "ENE_10": 171.0, "ENE_11": 196.0, "ENE_12": 141.75, "DIC_01": 8.36, "DIC_02": 0.16, "DIC_03": 0.0, "DIC_04": 0.0, "DIC_05": 0.0, "DIC_06": 0.0, "DIC_07": 0.0, "DIC_08": 0.0, "DIC_09": 0.0, "DIC_10": 0.0, "DIC_11": 0.0, "DIC_12": 0.23, "FIC_01": 2.0, "FIC_02": 2.0, "FIC_03": 0.0, "FIC_04": 0.0, "FIC_05": 0.0, "FIC_06": 0.0, "FIC_07": 0.0, "FIC_08": 0.0, "FIC_09": 0.0, "FIC_10": 0.0, "FIC_11": 0.0, "FIC_12": 1.0, "SEMRED": 0, "DESCR": " ", "COD_ID": "585280a8b90939c49ddafd0e18efa01bd1302bbcc18feda05f155b052dfb5520", "__layer": "UCBT_tab" }, "geometry": null },
{ "type": "Feature", "properties": { "DIST": 390, "PAC": "33754071739611908L", "RAMAL": "9662054S1", "PN_CON": "792872", "UNI_TR_MT": "14426514", "CTMT": "TTI0115", "UNI_TR_AT": "DTTI-EQ-TR2", "SUB": "DTTI", "CONJ": 12986, "MUN": "3550308", "CEG_GD": " ", "BRR": "R CONS COTEGIPE 219 BELENZINHO", "CEP": "03058-000", "CLAS_SUB": "RE1", "CNAE": " ", "TIP_CC": "RES-Tipo03", "FAS_CON": "ABN", "GRU_TEN": "BT", "TEN_FORN": "10", "GRU_TAR": "B1", "SIT_ATIV": "AT", "DAT_CON": "09/12/2013", "CAR_INST": 10.5, "LIV": 0, "ARE_LOC": "UB", "TIP_SIST": "RD_INTERLIG", "ENE_01": 52.53, "ENE_02": 95.0, "ENE_03": 81.0, "ENE_04": 108.0, "ENE_05": 95.0, "ENE_06": 108.0, "ENE_07": 87.0, "ENE_08": 90.0, "ENE_09": 104.0, "ENE_10": 104.0, "ENE_11": 89.0, "ENE_12": 98.06, "DIC_01": 8.36, "DIC_02": 0.16, "DIC_03": 0.0, "DIC_04": 0.0, "DIC_05": 0.0, "DIC_06": 0.0, "DIC_07": 0.0, "DIC_08": 0.0, "DIC_09": 0.0, "DIC_10": 0.0, "DIC_11": 0.0, "DIC_12": 0.23, "FIC_01": 2.0, "FIC_02": 2.0, "FIC_03": 0.0, "FIC_04": 0.0, "FIC_05": 0.0, "FIC_06": 0.0, "FIC_07": 0.0, "FIC_08": 0.0, "FIC_09": 0.0, "FIC_10": 0.0, "FIC_11": 0.0, "FIC_12": 1.0, "SEMRED": 0, "DESCR": " ", "COD_ID": "d9948a29990c5e21edfa5a560b9b549d0fd4398afb9c0ea83a6c2cc2fbe0134d", "__layer": "UCBT_tab" }, "geometry": null },
{ "type": "Feature", "properties": { "DIST": 390, "PAC": "33754071739611908L", "RAMAL": "9662054S1", "PN_CON": "792872", "UNI_TR_MT": "14426514", "CTMT": "TTI0115", "UNI_TR_AT": "DTTI-EQ-TR2", "SUB": "DTTI", "CONJ": 12986, "MUN": "3550308", "CEG_GD": " ", "BRR": "R CONS COTEGIPE 219 BELENZINHO", "CEP": "03058-000", "CLAS_SUB": "RE1", "CNAE": " ", "TIP_CC": "RES-Tipo05", "FAS_CON": "ABN", "GRU_TEN": "BT", "TEN_FORN": "10", "GRU_TAR": "B1", "SIT_ATIV": "AT", "DAT_CON": "09/12/2013", "CAR_INST": 10.5, "LIV": 0, "ARE_LOC": "UB", "TIP_SIST": "RD_INTERLIG", "ENE_01": 248.66, "ENE_02": 487.0, "ENE_03": 329.0, "ENE_04": 525.0, "ENE_05": 494.0, "ENE_06": 444.0, "ENE_07": 319.0, "ENE_08": 321.0, "ENE_09": 373.0, "ENE_10": 423.0, "ENE_11": 332.0, "ENE_12": 353.41, "DIC_01": 8.36, "DIC_02": 0.16, "DIC_03": 0.0, "DIC_04": 0.0, "DIC_05": 0.0, "DIC_06": 0.0, "DIC_07": 0.0, "DIC_08": 0.0, "DIC_09": 0.0, "DIC_10": 0.0, "DIC_11": 0.0, "DIC_12": 0.23, "FIC_01": 2.0, "FIC_02": 2.0, "FIC_03": 0.0, "FIC_04": 0.0, "FIC_05": 0.0, "FIC_06": 0.0, "FIC_07": 0.0, "FIC_08": 0.0, "FIC_09": 0.0, "FIC_10": 0.0, "FIC_11": 0.0, "FIC_12": 1.0, "SEMRED": 0, "DESCR": " ", "COD_ID": "f0e8f38cd24f37db5ac6075ac9fe36b06fec9c10d602f232d908dd9b75a38587", "__layer": "UCBT_tab" }, "geometry": null },
{ "type": "Feature", "properties": { "DIST": 390, "PAC": "33754071739611908L", "RAMAL": "9662054S1", "PN_CON": "792872", "UNI_TR_MT": "14426514", "CTMT": "TTI0115", "UNI_TR_AT": "DTTI-EQ-TR2", "SUB": "DTTI", "CONJ": 12986, "MUN": "3550308", "CEG_GD": " ", "BRR": "R CONS COTEGIPE 219 BELENZINHO", "CEP": "03058-000", "CLAS_SUB": "RE1", "CNAE": " ", "TIP_CC": "RES-Tipo04", "FAS_CON": "ABN", "GRU_TEN": "BT", "TEN_FORN": "10", "GRU_TAR": "B1", "SIT_ATIV": "AT", "DAT_CON": "09/12/2013", "CAR_INST": 10.5, "LIV": 0, "ARE_LOC": "UB", "TIP_SIST": "RD_INTERLIG", "ENE_01": 125.58, "ENE_02": 270.0, "ENE_03": 259.0, "ENE_04": 301.0, "ENE_05": 250.0, "ENE_06": 287.0, "ENE_07": 228.0, "ENE_08": 231.0, "ENE_09": 264.0, "ENE_10": 312.0, "ENE_11": 249.0, "ENE_12": 300.98, "DIC_01": 8.36, "DIC_02": 0.16, "DIC_03": 0.0, "DIC_04": 0.0, "DIC_05": 0.0, "DIC_06": 0.0, "DIC_07": 0.0, "DIC_08": 0.0, "DIC_09": 0.0, "DIC_10": 0.0, "DIC_11": 0.0, "DIC_12": 0.23, "FIC_01": 2.0, "FIC_02": 2.0, "FIC_03": 0.0, "FIC_04": 0.0, "FIC_05": 0.0, "FIC_06": 0.0, "FIC_07": 0.0, "FIC_08": 0.0, "FIC_09": 0.0, "FIC_10": 0.0, "FIC_11": 0.0, "FIC_12": 1.0, "SEMRED": 0, "DESCR": " ", "COD_ID": "0e04c12396d42582cf9d32617458bb5af5bd356d396ca22f4befc78fc2733e6d", "__layer": "UCBT_tab" }, "geometry": null },
{ "type": "Feature", "properties": { "DIST": 390, "PAC": "33754071739611908L", "RAMAL": "9662054S1", "PN_CON": "792872", "UNI_TR_MT": "14426514", "CTMT": "TTI0115", "UNI_TR_AT": "DTTI-EQ-TR2", "SUB": "DTTI", "CONJ": 12986, "MUN": "3550308", "CEG_GD": " ", "BRR": "R CONS COTEGIPE 219 BELENZINHO", "CEP": "03058-000", "CLAS_SUB": "RE1", "CNAE": " ", "TIP_CC": "RES-Tipo04", "FAS_CON": "ABN", "GRU_TEN": "BT", "TEN_FORN": "10", "GRU_TAR": "B1", "SIT_ATIV": "AT", "DAT_CON": "09/12/2013", "CAR_INST": 10.5, "LIV": 0, "ARE_LOC": "UB", "TIP_SIST": "RD_INTERLIG", "ENE_01": 68.54, "ENE_02": 148.0, "ENE_03": 225.0, "ENE_04": 149.0, "ENE_05": 198.0, "ENE_06": 220.0, "ENE_07": 186.0, "ENE_08": 207.0, "ENE_09": 188.0, "ENE_10": 203.0, "ENE_11": 186.0, "ENE_12": 207.77, "DIC_01": 8.36, "DIC_02": 0.16, "DIC_03": 0.0, "DIC_04": 0.0, "DIC_05": 0.0, "DIC_06": 0.0, "DIC_07": 0.0, "DIC_08": 0.0, "DIC_09": 0.0, "DIC_10": 0.0, "DIC_11": 0.0, "DIC_12": 0.23, "FIC_01": 2.0, "FIC_02": 2.0, "FIC_03": 0.0, "FIC_04": 0.0, "FIC_05": 0.0, "FIC_06": 0.0, "FIC_07": 0.0, "FIC_08": 0.0, "FIC_09": 0.0, "FIC_10": 0.0, "FIC_11": 0.0, "FIC_12": 1.0, "SEMRED": 0, "DESCR": " ", "COD_ID": "14ecd4af97b65fd480c4a63f55b4118d6a6089dc3f04b7b4615330dad21b836e", "__layer": "UCBT_tab" }, "geometry": null },
{ "type": "Feature", "properties": { "DIST": 390, "PAC": "33754071739611908L", "RAMAL": "9662054S1", "PN_CON": "792872", "UNI_TR_MT": "14426514", "CTMT": "TTI0115", "UNI_TR_AT": "DTTI-EQ-TR2", "SUB": "DTTI", "CONJ": 12986, "MUN": "3550308", "CEG_GD": " ", "BRR": "R CONS COTEGIPE 219 BELENZINHO", "CEP": "03058-000", "CLAS_SUB": "RE1", "CNAE": " ", "TIP_CC": "RES-Tipo02", "FAS_CON": "ABCN", "GRU_TEN": "BT", "TEN_FORN": "10", "GRU_TAR": "B1", "SIT_ATIV": "AT", "DAT_CON": "09/12/2013", "CAR_INST": 10.5, "LIV": 0, "ARE_LOC": "UB", "TIP_SIST": "RD_INTERLIG", "ENE_01": 83.05, "ENE_02": 187.0, "ENE_03": 166.0, "ENE_04": 180.0, "ENE_05": 144.0, "ENE_06": 272.0, "ENE_07": 272.0, "ENE_08": 465.0, "ENE_09": 357.0, "ENE_10": 164.0, "ENE_11": 184.0, "ENE_12": 195.15, "DIC_01": 8.36, "DIC_02": 0.16, "DIC_03": 0.0, "DIC_04": 0.0, "DIC_05": 0.0, "DIC_06": 0.0, "DIC_07": 0.0, "DIC_08": 0.0, "DIC_09": 0.0, "DIC_10": 0.0, "DIC_11": 0.0, "DIC_12": 0.23, "FIC_01": 2.0, "FIC_02": 2.0, "FIC_03": 0.0, "FIC_04": 0.0, "FIC_05": 0.0, "FIC_06": 0.0, "FIC_07": 0.0, "FIC_08": 0.0, "FIC_09": 0.0, "FIC_10": 0.0, "FIC_11": 0.0, "FIC_12": 1.0, "SEMRED": 0, "DESCR": " ", "COD_ID": "a66176d2b9e49d8023ccf347983a81fef7bd813be1df00da1af84558650246d4", "__layer": "UCBT_tab" }, "geometry": null },
{ "type": "Feature", "properties": { "DIST": 390, "PAC": "33754071739611908L", "RAMAL": "9662054S1", "PN_CON": "792872", "UNI_TR_MT": "14426514", "CTMT": "TTI0115", "UNI_TR_AT": "DTTI-EQ-TR2", "SUB": "DTTI", "CONJ": 12986, "MUN": "3550308", "CEG_GD": " ", "BRR": "R CONS COTEGIPE 219 BELENZINHO", "CEP": "03058-000", "CLAS_SUB": "RE1", "CNAE": " ", "TIP_CC": "RES-Tipo01", "FAS_CON": "ABN", "GRU_TEN": "BT", "TEN_FORN": "10", "GRU_TAR": "B1", "SIT_ATIV": "AT", "DAT_CON": "09/12/2013", "CAR_INST": 10.5, "LIV": 0, "ARE_LOC": "UB", "TIP_SIST": "RD_INTERLIG", "ENE_01": 88.05, "ENE_02": 164.0, "ENE_03": 133.0, "ENE_04": 178.0, "ENE_05": 162.0, "ENE_06": 166.0, "ENE_07": 131.0, "ENE_08": 124.0, "ENE_09": 136.0, "ENE_10": 135.0, "ENE_11": 118.0, "ENE_12": 127.19, "DIC_01": 8.36, "DIC_02": 0.16, "DIC_03": 0.0, "DIC_04": 0.0, "DIC_05": 0.0, "DIC_06": 0.0, "DIC_07": 0.0, "DIC_08": 0.0, "DIC_09": 0.0, "DIC_10": 0.0, "DIC_11": 0.0, "DIC_12": 0.23, "FIC_01": 2.0, "FIC_02": 2.0, "FIC_03": 0.0, "FIC_04": 0.0, "FIC_05": 0.0, "FIC_06": 0.0, "FIC_07": 0.0, "FIC_08": 0.0, "FIC_09": 0.0, "FIC_10": 0.0, "FIC_11": 0.0, "FIC_12": 1.0, "SEMRED": 0, "DESCR": " ", "COD_ID": "812693f339c5286dd684049f711a52dc2b3adc6ff2d8bdd8d84d05c46e437537", "__layer": "UCBT_tab" }, "geometry": null },
{ "type": "Feature", "properties": { "DIST": 390, "PAC": "33754071739611908L", "RAMAL": "9662054S1", "PN_CON": "792872", "UNI_TR_MT": "14426514", "CTMT": "TTI0115", "UNI_TR_AT": "DTTI-EQ-TR2", "SUB": "DTTI", "CONJ": 12986, "MUN": "3550308", "CEG_GD": " ", "BRR": "R CONS COTEGIPE 219 BELENZINHO", "CEP": "03058-000", "CLAS_SUB": "RE1", "CNAE": " ", "TIP_CC": "RES-Tipo01", "FAS_CON": "ABN", "GRU_TEN": "BT", "TEN_FORN": "10", "GRU_TAR": "B1", "SIT_ATIV": "AT", "DAT_CON": "09/12/2013", "CAR_INST": 10.5, "LIV": 0, "ARE_LOC": "UB", "TIP_SIST": "RD_INTERLIG", "ENE_01": 34.52, "ENE_02": 51.0, "ENE_03": 54.0, "ENE_04": 71.0, "ENE_05": 65.0, "ENE_06": 71.0, "ENE_07": 58.0, "ENE_08": 54.0, "ENE_09": 71.0, "ENE_10": 69.0, "ENE_11": 82.0, "ENE_12": 82.52, "DIC_01": 8.36, "DIC_02": 0.16, "DIC_03": 0.0, "DIC_04": 0.0, "DIC_05": 0.0, "DIC_06": 0.0, "DIC_07": 0.0, "DIC_08": 0.0, "DIC_09": 0.0, "DIC_10": 0.0, "DIC_11": 0.0, "DIC_12": 0.23, "FIC_01": 2.0, "FIC_02": 2.0, "FIC_03": 0.0, "FIC_04": 0.0, "FIC_05": 0.0, "FIC_06": 0.0, "FIC_07": 0.0, "FIC_08": 0.0, "FIC_09": 0.0, "FIC_10": 0.0, "FIC_11": 0.0, "FIC_12": 1.0, "SEMRED": 0, "DESCR": " ", "COD_ID": "7b5d7fcca74580dff71ec1b4598a30045167a39b8e6f01967e270dea3abfc429", "__layer": "UCBT_tab" }, "geometry": null },
{ "type": "Feature", "properties": { "DIST": 390, "PAC": "33754071739611908L", "RAMAL": "9662054S1", "PN_CON": "792872", "UNI_TR_MT": "14426514", "CTMT": "TTI0115", "UNI_TR_AT": "DTTI-EQ-TR2", "SUB": "DTTI", "CONJ": 12986, "MUN": "3550308", "CEG_GD": " ", "BRR": "R CONS COTEGIPE 219 BELENZINHO", "CEP": "03058-000", "CLAS_SUB": "RE1", "CNAE": " ", "TIP_CC": "RES-Tipo02", "FAS_CON": "ABCN", "GRU_TEN": "BT", "TEN_FORN": "10", "GRU_TAR": "B1", "SIT_ATIV": "AT", "DAT_CON": "09/12/2013", "CAR_INST": 10.5, "LIV": 0, "ARE_LOC": "UB", "TIP_SIST": "RD_INTERLIG", "ENE_01": 93.06, "ENE_02": 0.0, "ENE_03": 0.0, "ENE_04": 155.0, "ENE_05": 136.0, "ENE_06": 141.0, "ENE_07": 119.0, "ENE_08": 125.0, "ENE_09": 124.0, "ENE_10": 143.0, "ENE_11": 122.0, "ENE_12": 132.04, "DIC_01": 0.0, "DIC_02": 0.0, "DIC_03": 0.0, "DIC_04": 0.0, "DIC_05": 0.0, "DIC_06": 0.0, "DIC_07": 0.0, "DIC_08": 0.0, "DIC_09": 0.0, "DIC_10": 0.0, "DIC_11": 0.0, "DIC_12": 0.23, "FIC_01": 0.0, "FIC_02": 0.0, "FIC_03": 0.0, "FIC_04": 0.0, "FIC_05": 0.0, "FIC_06": 0.0, "FIC_07": 0.0, "FIC_08": 0.0, "FIC_09": 0.0, "FIC_10": 0.0, "FIC_11": 0.0, "FIC_12": 1.0, "SEMRED": 0, "DESCR": " ", "COD_ID": "bfcdf58c7a63eb2068e9521f252d53fc238c47c698849bfe54a01ff4b8ba428e", "__layer": "UCBT_tab" }, "geometry": null },
{ "type": "Feature", "properties": { "DIST": 390, "PAC": "33754071739611908L", "RAMAL": "9662054S1", "PN_CON": "792872", "UNI_TR_MT": "14426514", "CTMT": "TTI0115", "UNI_TR_AT": "DTTI-EQ-TR2", "SUB": "DTTI", "CONJ": 12986, "MUN": "3550308", "CEG_GD": " ", "BRR": "R CONS COTEGIPE 219 BELENZINHO", "CEP": "03058-000", "CLAS_SUB": "RE1", "CNAE": " ", "TIP_CC": "RES-Tipo02", "FAS_CON": "ABN", "GRU_TEN": "BT", "TEN_FORN": "10", "GRU_TAR": "B1", "SIT_ATIV": "AT", "DAT_CON": "09/12/2013", "CAR_INST": 10.5, "LIV": 0, "ARE_LOC": "UB", "TIP_SIST": "RD_INTERLIG", "ENE_01": 70.54, "ENE_02": 151.0, "ENE_03": 139.0, "ENE_04": 174.0, "ENE_05": 180.0, "ENE_06": 185.0, "ENE_07": 158.0, "ENE_08": 154.0, "ENE_09": 144.0, "ENE_10": 146.0, "ENE_11": 143.0, "ENE_12": 169.91, "DIC_01": 8.36, "DIC_02": 0.16, "DIC_03": 0.0, "DIC_04": 0.0, "DIC_05": 0.0, "DIC_06": 0.0, "DIC_07": 0.0, "DIC_08": 0.0, "DIC_09": 0.0, "DIC_10": 0.0, "DIC_11": 0.0, "DIC_12": 0.23, "FIC_01": 2.0, "FIC_02": 2.0, "FIC_03": 0.0, "FIC_04": 0.0, "FIC_05": 0.0, "FIC_06": 0.0, "FIC_07": 0.0, "FIC_08": 0.0, "FIC_09": 0.0, "FIC_10": 0.0, "FIC_11": 0.0, "FIC_12": 1.0, "SEMRED": 0, "DESCR": " ", "COD_ID": "3a1fe394bd0a0396a4be10e2215d9703700699662df242b9177414cd1951811f", "__layer": "UCBT_tab" }, "geometry": null },
{ "type": "Feature", "properties": { "DIST": 390, "PAC": "33754071739611908L", "RAMAL": "9662054S1", "PN_CON": "792872", "UNI_TR_MT": "14426514", "CTMT": "TTI0115", "UNI_TR_AT": "DTTI-EQ-TR2", "SUB": "DTTI", "CONJ": 12986, "MUN": "3550308", "CEG_GD": " ", "BRR": "R CONS COTEGIPE 219 BELENZINHO", "CEP": "03058-000", "CLAS_SUB": "RE1", "CNAE": " ", "TIP_CC": "RES-Tipo01", "FAS_CON": "ABCN", "GRU_TEN": "BT", "TEN_FORN": "10", "GRU_TAR": "B1", "SIT_ATIV": "AT", "DAT_CON": "09/12/2013", "CAR_INST": 10.5, "LIV": 0, "ARE_LOC": "UB", "TIP_SIST": "RD_INTERLIG", "ENE_01": 48.53, "ENE_02": 86.0, "ENE_03": 89.0, "ENE_04": 108.0, "ENE_05": 96.0, "ENE_06": 102.0, "ENE_07": 87.0, "ENE_08": 93.0, "ENE_09": 109.0, "ENE_10": 101.0, "ENE_11": 96.0, "ENE_12": 102.91, "DIC_01": 8.36, "DIC_02": 0.16, "DIC_03": 0.0, "DIC_04": 0.0, "DIC_05": 0.0, "DIC_06": 0.0, "DIC_07": 0.0, "DIC_08": 0.0, "DIC_09": 0.0, "DIC_10": 0.0, "DIC_11": 0.0, "DIC_12": 0.23, "FIC_01": 2.0, "FIC_02": 2.0, "FIC_03": 0.0, "FIC_04": 0.0, "FIC_05": 0.0, "FIC_06": 0.0, "FIC_07": 0.0, "FIC_08": 0.0, "FIC_09": 0.0, "FIC_10": 0.0, "FIC_11": 0.0, "FIC_12": 1.0, "SEMRED": 0, "DESCR": " ", "COD_ID": "64ad1c5bae43bd145850f3911244452da0c5e58c8db5a13305d7c219471010b1", "__layer": "UCBT_tab" }, "geometry": null },
{ "type": "Feature", "properties": { "DIST": 390, "PAC": "33754071739611908L", "RAMAL": "9662054S1", "PN_CON": "792872", "UNI_TR_MT": "14426514", "CTMT": "TTI0115", "UNI_TR_AT": "DTTI-EQ-TR2", "SUB": "DTTI", "CONJ": 12986, "MUN": "3550308", "CEG_GD": " ", "BRR": "R CONS COTEGIPE 219 BELENZINHO", "CEP": "03058-000", "CLAS_SUB": "RE1", "CNAE": " ", "TIP_CC": "RES-Tipo01", "FAS_CON": "ABN", "GRU_TEN": "BT", "TEN_FORN": "10", "GRU_TAR": "B1", "SIT_ATIV": "AT", "DAT_CON": "09/12/2013", "CAR_INST": 10.5, "LIV": 0, "ARE_LOC": "UB", "TIP_SIST": "RD_INTERLIG", "ENE_01": 59.54, "ENE_02": 132.0, "ENE_03": 117.0, "ENE_04": 151.0, "ENE_05": 153.0, "ENE_06": 152.0, "ENE_07": 144.0, "ENE_08": 161.0, "ENE_09": 165.0, "ENE_10": 132.0, "ENE_11": 135.0, "ENE_12": 151.46, "DIC_01": 8.36, "DIC_02": 0.16, "DIC_03": 0.0, "DIC_04": 0.0, "DIC_05": 0.0, "DIC_06": 0.0, "DIC_07": 0.0, "DIC_08": 0.0, "DIC_09": 0.0, "DIC_10": 0.0, "DIC_11": 0.0, "DIC_12": 0.23, "FIC_01": 2.0, "FIC_02": 2.0, "FIC_03": 0.0, "FIC_04": 0.0, "FIC_05": 0.0, "FIC_06": 0.0, "FIC_07": 0.0, "FIC_08": 0.0, "FIC_09": 0.0, "FIC_10": 0.0, "FIC_11": 0.0, "FIC_12": 1.0, "SEMRED": 0, "DESCR": " ", "COD_ID": "c9839af8f436bd32ba75eb0f3ce5b4828643be1dc5f657ff018b57c26af79af9", "__layer": "UCBT_tab" }, "geometry": null },
{ "type": "Feature", "properties": { "DIST": 390, "PAC": "33754294739599216L", "RAMAL": "448635568S1", "PN_CON": "792896", "UNI_TR_MT": "14426519", "CTMT": "TTI0115", "UNI_TR_AT": "DTTI-EQ-TR2", "SUB": "DTTI", "CONJ": 12986, "MUN": "3550308", "CEG_GD": " ", "BRR": "R CONS COTEGIPE 219 BELENZINHO", "CEP": "03058-000", "CLAS_SUB": "RE1", "CNAE": " ", "TIP_CC": "RES-Tipo01", "FAS_CON": "ABN", "GRU_TEN": "BT", "TEN_FORN": "10", "GRU_TAR": "B1", "SIT_ATIV": "AT", "DAT_CON": "09/12/2013", "CAR_INST": 10.5, "LIV": 0, "ARE_LOC": "UB", "TIP_SIST": "RD_INTERLIG", "ENE_01": 32.02, "ENE_02": 50.0, "ENE_03": 36.0, "ENE_04": 50.0, "ENE_05": 41.0, "ENE_06": 48.0, "ENE_07": 50.0, "ENE_08": 50.0, "ENE_09": 34.0, "ENE_10": 36.0, "ENE_11": 34.0, "ENE_12": 33.98, "DIC_01": 3.76, "DIC_02": 0.16, "DIC_03": 0.0, "DIC_04": 0.0, "DIC_05": 0.0, "DIC_06": 0.0, "DIC_07": 0.0, "DIC_08": 0.0, "DIC_09": 0.0, "DIC_10": 0.0, "DIC_11": 0.0, "DIC_12": 0.23, "FIC_01": 1.0, "FIC_02": 2.0, "FIC_03": 0.0, "FIC_04": 0.0, "FIC_05": 0.0, "FIC_06": 0.0, "FIC_07": 0.0, "FIC_08": 0.0, "FIC_09": 0.0, "FIC_10": 0.0, "FIC_11": 0.0, "FIC_12": 1.0, "SEMRED": 0, "DESCR": " ", "COD_ID": "071543cda35599afd9af908220173ec9a58463edb9e977063e33fa2ffa1c81bc", "__layer": "UCBT_tab" }, "geometry": null },
{ "type": "Feature", "properties": { "DIST": 390, "PAC": "33754071739611908L", "RAMAL": "9662054S1", "PN_CON": "792872", "UNI_TR_MT": "14426514", "CTMT": "TTI0115", "UNI_TR_AT": "DTTI-EQ-TR2", "SUB": "DTTI", "CONJ": 12986, "MUN": "3550308", "CEG_GD": " ", "BRR": "R CONS COTEGIPE 219 BELENZINHO", "CEP": "03058-000", "CLAS_SUB": "RE1", "CNAE": " ", "TIP_CC": "RES-Tipo04", "FAS_CON": "ABN", "GRU_TEN": "BT", "TEN_FORN": "10", "GRU_TAR": "B1", "SIT_ATIV": "AT", "DAT_CON": "09/12/2013", "CAR_INST": 10.5, "LIV": 0, "ARE_LOC": "UB", "TIP_SIST": "RD_INTERLIG", "ENE_01": 71.04, "ENE_02": 168.0, "ENE_03": 158.0, "ENE_04": 241.0, "ENE_05": 197.0, "ENE_06": 245.0, "ENE_07": 185.0, "ENE_08": 184.0, "ENE_09": 205.0, "ENE_10": 227.0, "ENE_11": 209.0, "ENE_12": 231.07, "DIC_01": 8.36, "DIC_02": 0.16, "DIC_03": 0.0, "DIC_04": 0.0, "DIC_05": 0.0, "DIC_06": 0.0, "DIC_07": 0.0, "DIC_08": 0.0, "DIC_09": 0.0, "DIC_10": 0.0, "DIC_11": 0.0, "DIC_12": 0.23, "FIC_01": 2.0, "FIC_02": 2.0, "FIC_03": 0.0, "FIC_04": 0.0, "FIC_05": 0.0, "FIC_06": 0.0, "FIC_07": 0.0, "FIC_08": 0.0, "FIC_09": 0.0, "FIC_10": 0.0, "FIC_11": 0.0, "FIC_12": 1.0, "SEMRED": 0, "DESCR": " ", "COD_ID": "1aad81f3495e3eec8d7d978a503418bc063b40c09832dacdc25f1b87a6751690", "__layer": "UCBT_tab" }, "geometry": null },
{ "type": "Feature", "properties": { "DIST": 390, "PAC": "33754071739611908L", "RAMAL": "9662054S1", "PN_CON": "792872", "UNI_TR_MT": "14426514", "CTMT": "TTI0115", "UNI_TR_AT": "DTTI-EQ-TR2", "SUB": "DTTI", "CONJ": 12986, "MUN": "3550308", "CEG_GD": " ", "BRR": "R CONS COTEGIPE 219 BELENZINHO", "CEP": "03058-000", "CLAS_SUB": "RE1", "CNAE": " ", "TIP_CC": "RES-Tipo04", "FAS_CON": "ABN", "GRU_TEN": "BT", "TEN_FORN": "10", "GRU_TAR": "B1", "SIT_ATIV": "AT", "DAT_CON": "09/12/2013", "CAR_INST": 9.9, "LIV": 0, "ARE_LOC": "UB", "TIP_SIST": "RD_INTERLIG", "ENE_01": 126.08, "ENE_02": 225.0, "ENE_03": 233.0, "ENE_04": 272.0, "ENE_05": 234.0, "ENE_06": 282.0, "ENE_07": 276.0, "ENE_08": 234.0, "ENE_09": 267.0, "ENE_10": 240.0, "ENE_11": 256.0, "ENE_12": 253.41, "DIC_01": 8.36, "DIC_02": 0.16, "DIC_03": 0.0, "DIC_04": 0.0, "DIC_05": 0.0, "DIC_06": 0.0, "DIC_07": 0.0, "DIC_08": 0.0, "DIC_09": 0.0, "DIC_10": 0.0, "DIC_11": 0.0, "DIC_12": 0.23, "FIC_01": 2.0, "FIC_02": 2.0, "FIC_03": 0.0, "FIC_04": 0.0, "FIC_05": 0.0, "FIC_06": 0.0, "FIC_07": 0.0, "FIC_08": 0.0, "FIC_09": 0.0, "FIC_10": 0.0, "FIC_11": 0.0, "FIC_12": 1.0, "SEMRED": 0, "DESCR": " ", "COD_ID": "6ad4fbc2b6785f207e7b59625af5baa5662b43df9108f09207e0bb8a9a4ddc69", "__layer": "UCBT_tab" }, "geometry": null },
{ "type": "Feature", "properties": { "DIST": 390, "PAC": "33754071739611908L", "RAMAL": "9662054S1", "PN_CON": "792872", "UNI_TR_MT": "14426514", "CTMT": "TTI0115", "UNI_TR_AT": "DTTI-EQ-TR2", "SUB": "DTTI", "CONJ": 12986, "MUN": "3550308", "CEG_GD": " ", "BRR": "R CONS COTEGIPE 219 BELENZINHO", "CEP": "03058-000", "CLAS_SUB": "RE1", "CNAE": " ", "TIP_CC": "RES-Tipo01", "FAS_CON": "ABCN", "GRU_TEN": "BT", "TEN_FORN": "10", "GRU_TAR": "B1", "SIT_ATIV": "AT", "DAT_CON": "03/02/2014", "CAR_INST": 9.4, "LIV": 0, "ARE_LOC": "UB", "TIP_SIST": "RD_INTERLIG", "ENE_01": 0.5, "ENE_02": 50.0, "ENE_03": 1.0, "ENE_04": 50.0, "ENE_05": 2.0, "ENE_06": 2.0, "ENE_07": 3.0, "ENE_08": 50.0, "ENE_09": 4.0, "ENE_10": 50.0, "ENE_11": 3.0, "ENE_12": 48.54, "DIC_01": 8.36, "DIC_02": 0.16, "DIC_03": 0.0, "DIC_04": 0.0, "DIC_05": 0.0, "DIC_06": 0.0, "DIC_07": 0.0, "DIC_08": 0.0, "DIC_09": 0.0, "DIC_10": 0.0, "DIC_11": 0.0, "DIC_12": 0.23, "FIC_01": 2.0, "FIC_02": 2.0, "FIC_03": 0.0, "FIC_04": 0.0, "FIC_05": 0.0, "FIC_06": 0.0, "FIC_07": 0.0, "FIC_08": 0.0, "FIC_09": 0.0, "FIC_10": 0.0, "FIC_11": 0.0, "FIC_12": 1.0, "SEMRED": 0, "DESCR": " ", "COD_ID": "3885de3fc9e761c0f50a568bf118c57a5e390aa6b027749f38cee8bb5754ef94", "__layer": "UCBT_tab" }, "geometry": null },
{ "type": "Feature", "properties": { "DIST": 390, "PAC": "33754071739611908L", "RAMAL": "9662054S1", "PN_CON": "792872", "UNI_TR_MT": "14426514", "CTMT": "TTI0115", "UNI_TR_AT": "DTTI-EQ-TR2", "SUB": "DTTI", "CONJ": 12986, "MUN": "3550308", "CEG_GD": " ", "BRR": "R CONS COTEGIPE 219 BELENZINHO", "CEP": "03058-000", "CLAS_SUB": "RE1", "CNAE": " ", "TIP_CC": "RES-Tipo02", "FAS_CON": "ABCN", "GRU_TEN": "BT", "TEN_FORN": "10", "GRU_TAR": "B1", "SIT_ATIV": "AT", "DAT_CON": "10/02/2014", "CAR_INST": 8.6, "LIV": 0, "ARE_LOC": "UB", "TIP_SIST": "RD_INTERLIG", "ENE_01": 119.58, "ENE_02": 213.0, "ENE_03": 215.0, "ENE_04": 247.0, "ENE_05": 200.0, "ENE_06": 214.0, "ENE_07": 195.0, "ENE_08": 201.0, "ENE_09": 216.0, "ENE_10": 226.0, "ENE_11": 205.0, "ENE_12": 190.3, "DIC_01": 8.36, "DIC_02": 0.16, "DIC_03": 0.0, "DIC_04": 0.0, "DIC_05": 0.0, "DIC_06": 0.0, "DIC_07": 0.0, "DIC_08": 0.0, "DIC_09": 0.0, "DIC_10": 0.0, "DIC_11": 0.0, "DIC_12": 0.23, "FIC_01": 2.0, "FIC_02": 2.0, "FIC_03": 0.0, "FIC_04": 0.0, "FIC_05": 0.0, "FIC_06": 0.0, "FIC_07": 0.0, "FIC_08": 0.0, "FIC_09": 0.0, "FIC_10": 0.0, "FIC_11": 0.0, "FIC_12": 1.0, "SEMRED": 0, "DESCR": " ", "COD_ID": "d9154cca60b1c4c117777c60a5e27721dcc4906b4426da68a894e5ba64d40203", "__layer": "UCBT_tab" }, "geometry": null },
{ "type": "Feature", "properties": { "DIST": 390, "PAC": "33754071739611908L", "RAMAL": "9662054S1", "PN_CON": "792872", "UNI_TR_MT": "14426514", "CTMT": "TTI0115", "UNI_TR_AT": "DTTI-EQ-TR2", "SUB": "DTTI", "CONJ": 12986, "MUN": "3550308", "CEG_GD": " ", "BRR": "R CONS COTEGIPE 219 BELENZINHO", "CEP": "03058-000", "CLAS_SUB": "RE1", "CNAE": " ", "TIP_CC": "RES-Tipo02", "FAS_CON": "ABCN", "GRU_TEN": "BT", "TEN_FORN": "10", "GRU_TAR": "B1", "SIT_ATIV": "AT", "DAT_CON": "17/02/2014", "CAR_INST": 4.6, "LIV": 0, "ARE_LOC": "UB", "TIP_SIST": "RD_INTERLIG", "ENE_01": 25.01, "ENE_02": 50.0, "ENE_03": 50.0, "ENE_04": 50.0, "ENE_05": 50.0, "ENE_06": 1.0, "ENE_07": 5.0, "ENE_08": 89.0, "ENE_09": 128.0, "ENE_10": 141.0, "ENE_11": 135.0, "ENE_12": 133.01, "DIC_01": 8.36, "DIC_02": 0.16, "DIC_03": 0.0, "DIC_04": 0.0, "DIC_05": 0.0, "DIC_06": 0.0, "DIC_07": 0.0, "DIC_08": 0.0, "DIC_09": 0.0, "DIC_10": 24.8, "DIC_11": 0.0, "DIC_12": 0.23, "FIC_01": 2.0, "FIC_02": 2.0, "FIC_03": 0.0, "FIC_04": 0.0, "FIC_05": 0.0, "FIC_06": 0.0, "FIC_07": 0.0, "FIC_08": 0.0, "FIC_09": 0.0, "FIC_10": 1.0, "FIC_11": 0.0, "FIC_12": 1.0, "SEMRED": 0, "DESCR": " ", "COD_ID": "fd986ce07f18abde5ffc39e66ee65c97fc0d99a9f516062fb2bc4cfb04d930b7", "__layer": "UCBT_tab" }, "geometry": null },
{ "type": "Feature", "properties": { "DIST": 390, "PAC": "33754071739611908L", "RAMAL": "9662054S1", "PN_CON": "792872", "UNI_TR_MT": "14426514", "CTMT": "TTI0115", "UNI_TR_AT": "DTTI-EQ-TR2", "SUB": "DTTI", "CONJ": 12986, "MUN": "3550308", "CEG_GD": " ", "BRR": "R CONS COTEGIPE 219 BELENZINHO", "CEP": "03058-000", "CLAS_SUB": "RE1", "CNAE": " ", "TIP_CC": "RES-Tipo03", "FAS_CON": "ABN", "GRU_TEN": "BT", "TEN_FORN": "10", "GRU_TAR": "B1", "SIT_ATIV": "AT", "DAT_CON": "27/02/2014", "CAR_INST": 4.8, "LIV": 0, "ARE_LOC": "UB", "TIP_SIST": "RD_INTERLIG", "ENE_01": 61.54, "ENE_02": 95.0, "ENE_03": 114.0, "ENE_04": 142.0, "ENE_05": 124.0, "ENE_06": 128.0, "ENE_07": 117.0, "ENE_08": 107.0, "ENE_09": 114.0, "ENE_10": 100.0, "ENE_11": 106.0, "ENE_12": 104.85, "DIC_01": 8.36, "DIC_02": 0.16, "DIC_03": 0.0, "DIC_04": 0.0, "DIC_05": 0.0, "DIC_06": 0.0, "DIC_07": 0.0, "DIC_08": 0.0, "DIC_09": 0.0, "DIC_10": 0.0, "DIC_11": 0.0, "DIC_12": 0.23, "FIC_01": 2.0, "FIC_02": 2.0, "FIC_03": 0.0, "FIC_04": 0.0, "FIC_05": 0.0, "FIC_06": 0.0, "FIC_07": 0.0, "FIC_08": 0.0, "FIC_09": 0.0, "FIC_10": 0.0, "FIC_11": 0.0, "FIC_12": 1.0, "SEMRED": 0, "DESCR": " ", "COD_ID": "d1480463771501d69d46c28f1e9c6e61ccd8a9fda6b2318a75fdf75767c5adbb", "__layer": "UCBT_tab" }, "geometry": null },
{ "type": "Feature", "properties": { "DIST": 390, "PAC": "33754071739611908L", "RAMAL": "9662054S1", "PN_CON": "792872", "UNI_TR_MT": "14426514", "CTMT": "TTI0115", "UNI_TR_AT": "DTTI-EQ-TR2", "SUB": "DTTI", "CONJ": 12986, "MUN": "3550308", "CEG_GD": " ", "BRR": "R CONS COTEGIPE 219 BELENZINHO", "CEP": "03058-000", "CLAS_SUB": "RE1", "CNAE": " ", "TIP_CC": "RES-Tipo04", "FAS_CON": "ABN", "GRU_TEN": "BT", "TEN_FORN": "10", "GRU_TAR": "B1", "SIT_ATIV": "AT", "DAT_CON": "15/04/2014", "CAR_INST": 1.0, "LIV": 0, "ARE_LOC": "UB", "TIP_SIST": "RD_INTERLIG", "ENE_01": 140.09, "ENE_02": 283.0, "ENE_03": 257.0, "ENE_04": 229.0, "ENE_05": 285.0, "ENE_06": 283.0, "ENE_07": 230.0, "ENE_08": 274.0, "ENE_09": 285.0, "ENE_10": 281.0, "ENE_11": 267.0, "ENE_12": 250.49, "DIC_01": 8.36, "DIC_02": 0.16, "DIC_03": 0.0, "DIC_04": 0.0, "DIC_05": 0.0, "DIC_06": 0.0, "DIC_07": 0.0, "DIC_08": 0.0, "DIC_09": 0.0, "DIC_10": 0.0, "DIC_11": 0.0, "DIC_12": 0.23, "FIC_01": 2.0, "FIC_02": 2.0, "FIC_03": 0.0, "FIC_04": 0.0, "FIC_05": 0.0, "FIC_06": 0.0, "FIC_07": 0.0, "FIC_08": 0.0, "FIC_09": 0.0, "FIC_10": 0.0, "FIC_11": 0.0, "FIC_12": 1.0, "SEMRED": 0, "DESCR": " ", "COD_ID": "ee87631a5790dfb01196cedd6d8fb63254c5db4430be0842b914c09fded81cb9", "__layer": "UCBT_tab" }, "geometry": null },
{ "type": "Feature", "properties": { "DIST": 390, "PAC": "33754071739611908L", "RAMAL": "9662054S1", "PN_CON": "792872", "UNI_TR_MT": "14426514", "CTMT": "TTI0115", "UNI_TR_AT": "DTTI-EQ-TR2", "SUB": "DTTI", "CONJ": 12986, "MUN": "3550308", "CEG_GD": " ", "BRR": "R CONS COTEGIPE 219 BELENZINHO", "CEP": "03058-000", "CLAS_SUB": "RE1", "CNAE": " ", "TIP_CC": "RES-Tipo03", "FAS_CON": "ABN", "GRU_TEN": "BT", "TEN_FORN": "10", "GRU_TAR": "B1", "SIT_ATIV": "AT", "DAT_CON": "25/04/2014", "CAR_INST": 6.4, "LIV": 0, "ARE_LOC": "UB", "TIP_SIST": "RD_INTERLIG", "ENE_01": 73.54, "ENE_02": 144.0, "ENE_03": 132.0, "ENE_04": 153.0, "ENE_05": 136.0, "ENE_06": 164.0, "ENE_07": 98.0, "ENE_08": 78.0, "ENE_09": 115.0, "ENE_10": 102.0, "ENE_11": 104.0, "ENE_12": 105.83, "DIC_01": 8.36, "DIC_02": 0.16, "DIC_03": 0.0, "DIC_04": 0.0, "DIC_05": 0.0, "DIC_06": 0.0, "DIC_07": 0.0, "DIC_08": 0.0, "DIC_09": 0.0, "DIC_10": 0.0, "DIC_11": 0.0, "DIC_12": 0.23, "FIC_01": 2.0, "FIC_02": 2.0, "FIC_03": 0.0, "FIC_04": 0.0, "FIC_05": 0.0, "FIC_06": 0.0, "FIC_07": 0.0, "FIC_08": 0.0, "FIC_09": 0.0, "FIC_10": 0.0, "FIC_11": 0.0, "FIC_12": 1.0, "SEMRED": 0, "DESCR": " ", "COD_ID": "ab5b975e8539ec10968e50aca7dd53bc2ea6b15641a4255931d6f9093b7b5c6e", "__layer": "UCBT_tab" }, "geometry": null },
{ "type": "Feature", "properties": { "DIST": 390, "PAC": "33754071739611908L", "RAMAL": "9662054S1", "PN_CON": "792872", "UNI_TR_MT": "14426514", "CTMT": "TTI0115", "UNI_TR_AT": "DTTI-EQ-TR2", "SUB": "DTTI", "CONJ": 12986, "MUN": "3550308", "CEG_GD": " ", "BRR": "R CONS COTEGIPE 219 BELENZINHO", "CEP": "03058-000", "CLAS_SUB": "RE1", "CNAE": " ", "TIP_CC": "RES-Tipo03", "FAS_CON": "ABN", "GRU_TEN": "BT", "TEN_FORN": "10", "GRU_TAR": "B1", "SIT_ATIV": "AT", "DAT_CON": "02/05/2014", "CAR_INST": 15.5, "LIV": 0, "ARE_LOC": "UB", "TIP_SIST": "RD_INTERLIG", "ENE_01": 68.54, "ENE_02": 132.0, "ENE_03": 118.0, "ENE_04": 140.0, "ENE_05": 136.0, "ENE_06": 133.0, "ENE_07": 113.0, "ENE_08": 115.0, "ENE_09": 127.0, "ENE_10": 132.0, "ENE_11": 135.0, "ENE_12": 137.87, "DIC_01": 8.36, "DIC_02": 0.16, "DIC_03": 0.0, "DIC_04": 0.0, "DIC_05": 0.0, "DIC_06": 0.0, "DIC_07": 0.0, "DIC_08": 0.0, "DIC_09": 0.0, "DIC_10": 0.0, "DIC_11": 0.0, "DIC_12": 0.23, "FIC_01": 2.0, "FIC_02": 2.0, "FIC_03": 0.0, "FIC_04": 0.0, "FIC_05": 0.0, "FIC_06": 0.0, "FIC_07": 0.0, "FIC_08": 0.0, "FIC_09": 0.0, "FIC_10": 0.0, "FIC_11": 0.0, "FIC_12": 1.0, "SEMRED": 0, "DESCR": " ", "COD_ID": "98eed0f7b64eb97a130026afa5957a0f997bcd6ac41d57fda26e3b54b532f7b4", "__layer": "UCBT_tab" }, "geometry": null },
{ "type": "Feature", "properties": { "DIST": 390, "PAC": "33740751739596669L", "RAMAL": "421642079S1", "PN_CON": "789185", "UNI_TR_MT": "14426186", "CTMT": "TTI0115", "UNI_TR_AT": "DTTI-EQ-TR2", "SUB": "DTTI", "CONJ": 12986, "MUN": "3550308", "CEG_GD": " ", "BRR": "R CONS COTEGIPE 88 BELENZINHO", "CEP": "03058-000", "CLAS_SUB": "RE1", "CNAE": " ", "TIP_CC": "RES-Tipo04", "FAS_CON": "ABN", "GRU_TEN": "BT", "TEN_FORN": "10", "GRU_TAR": "B1", "SIT_ATIV": "AT", "DAT_CON": "15/05/2014", "CAR_INST": 8.1, "LIV": 0, "ARE_LOC": "UB", "TIP_SIST": "RD_INTERLIG", "ENE_01": 101.06, "ENE_02": 195.0, "ENE_03": 231.0, "ENE_04": 295.0, "ENE_05": 248.0, "ENE_06": 209.0, "ENE_07": 203.0, "ENE_08": 320.0, "ENE_09": 181.0, "ENE_10": 188.0, "ENE_11": 227.0, "ENE_12": 210.68, "DIC_01": 7.58, "DIC_02": 0.16, "DIC_03": 0.0, "DIC_04": 0.0, "DIC_05": 0.0, "DIC_06": 0.0, "DIC_07": 0.0, "DIC_08": 0.0, "DIC_09": 0.0, "DIC_10": 0.0, "DIC_11": 0.0, "DIC_12": 0.23, "FIC_01": 2.0, "FIC_02": 2.0, "FIC_03": 0.0, "FIC_04": 0.0, "FIC_05": 0.0, "FIC_06": 0.0, "FIC_07": 0.0, "FIC_08": 0.0, "FIC_09": 0.0, "FIC_10": 0.0, "FIC_11": 0.0, "FIC_12": 1.0, "SEMRED": 0, "DESCR": " ", "COD_ID": "3b7efef7c5787d8f07ef386a5ce8b4269d9291a95904e9f9f928eabdb2729dc8", "__layer": "UCBT_tab" }, "geometry": null },
{ "type": "Feature", "properties": { "DIST": 390, "PAC": "33822810739612185L", "RAMAL": "421537999S1", "PN_CON": "812224", "UNI_TR_MT": "14433230", "CTMT": "TTI0114", "UNI_TR_AT": "DTTI-EQ-TR1", "SUB": "DTTI", "CONJ": 12986, "MUN": "3550308", "CEG_GD": " ", "BRR": "R CONS COTEGIPE 891 BELENZINHO", "CEP": "03058-000", "CLAS_SUB": "RE1", "CNAE": " ", "TIP_CC": "RES-Tipo03", "FAS_CON": "ABN", "GRU_TEN": "BT", "TEN_FORN": "10", "GRU_TAR": "B1", "SIT_ATIV": "AT", "DAT_CON": "27/05/2014", "CAR_INST": 7.0, "LIV": 0, "ARE_LOC": "UB", "TIP_SIST": "RD_INTERLIG", "ENE_01": 66.54, "ENE_02": 120.0, "ENE_03": 111.0, "ENE_04": 130.0, "ENE_05": 132.0, "ENE_06": 122.0, "ENE_07": 142.0, "ENE_08": 142.0, "ENE_09": 130.0, "ENE_10": 118.0, "ENE_11": 119.0, "ENE_12": 118.45, "DIC_01": 0.0, "DIC_02": 0.0, "DIC_03": 0.08, "DIC_04": 1.02, "DIC_05": 0.0, "DIC_06": 0.0, "DIC_07": 0.0, "DIC_08": 0.0, "DIC_09": 1.76, "DIC_10": 10.18, "DIC_11": 0.0, "DIC_12": 0.0, "FIC_01": 0.0, "FIC_02": 0.0, "FIC_03": 1.0, "FIC_04": 1.0, "FIC_05": 0.0, "FIC_06": 0.0, "FIC_07": 0.0, "FIC_08": 0.0, "FIC_09": 1.0, "FIC_10": 1.0, "FIC_11": 0.0, "FIC_12": 0.0, "SEMRED": 0, "DESCR": " ", "COD_ID": "c764e23028f97b5658bf35b34bafd4a6fbc46f628398527aee878345a0c72cbd", "__layer": "UCBT_tab" }, "geometry": null },
{ "type": "Feature", "properties": { "DIST": 390, "PAC": "33822810739612185L", "RAMAL": "421537999S1", "PN_CON": "812224", "UNI_TR_MT": "14433230", "CTMT": "TTI0114", "UNI_TR_AT": "DTTI-EQ-TR1", "SUB": "DTTI", "CONJ": 12986, "MUN": "3550308", "CEG_GD": " ", "BRR": "R CONS COTEGIPE 891 BELENZINHO", "CEP": "03058-000", "CLAS_SUB": "RE1", "CNAE": " ", "TIP_CC": "RES-Tipo02", "FAS_CON": "ABN", "GRU_TEN": "BT", "TEN_FORN": "10", "GRU_TAR": "B1", "SIT_ATIV": "AT", "DAT_CON": "27/05/2014", "CAR_INST": 11.8, "LIV": 0, "ARE_LOC": "UB", "TIP_SIST": "RD_INTERLIG", "ENE_01": 0.0, "ENE_02": 0.0, "ENE_03": 0.0, "ENE_04": 30.0, "ENE_05": 30.0, "ENE_06": 73.0, "ENE_07": 158.0, "ENE_08": 149.0, "ENE_09": 164.0, "ENE_10": 54.0, "ENE_11": 254.0, "ENE_12": 154.37, "DIC_01": 0.0, "DIC_02": 0.0, "DIC_03": 0.0, "DIC_04": 1.02, "DIC_05": 0.0, "DIC_06": 0.0, "DIC_07": 0.0, "DIC_08": 0.0, "DIC_09": 1.76, "DIC_10": 10.18, "DIC_11": 0.0, "DIC_12": 0.0, "FIC_01": 0.0, "FIC_02": 0.0, "FIC_03": 0.0, "FIC_04": 1.0, "FIC_05": 0.0, "FIC_06": 0.0, "FIC_07": 0.0, "FIC_08": 0.0, "FIC_09": 1.0, "FIC_10": 1.0, "FIC_11": 0.0, "FIC_12": 0.0, "SEMRED": 0, "DESCR": " ", "COD_ID": "e2d76a8b4e1f621501347d6e315f3943e0f6af8c6bd7ccf5cba9258b94f4911e", "__layer": "UCBT_tab" }, "geometry": null },
{ "type": "Feature", "properties": { "DIST": 390, "PAC": "33822810739612185L", "RAMAL": "421537999S1", "PN_CON": "812224", "UNI_TR_MT": "14433230", "CTMT": "TTI0114", "UNI_TR_AT": "DTTI-EQ-TR1", "SUB": "DTTI", "CONJ": 12986, "MUN": "3550308", "CEG_GD": " ", "BRR": "R CONS COTEGIPE 891 BELENZINHO", "CEP": "03058-000", "CLAS_SUB": "RE1", "CNAE": " ", "TIP_CC": "RES-Tipo02", "FAS_CON": "ABCN", "GRU_TEN": "BT", "TEN_FORN": "10", "GRU_TAR": "B1", "SIT_ATIV": "AT", "DAT_CON": "27/05/2014", "CAR_INST": 21.1, "LIV": 0, "ARE_LOC": "UB", "TIP_SIST": "RD_INTERLIG", "ENE_01": 88.55, "ENE_02": 155.0, "ENE_03": 151.0, "ENE_04": 151.0, "ENE_05": 163.0, "ENE_06": 172.0, "ENE_07": 165.0, "ENE_08": 137.0, "ENE_09": 141.0, "ENE_10": 160.0, "ENE_11": 192.0, "ENE_12": 150.49, "DIC_01": 0.0, "DIC_02": 0.0, "DIC_03": 0.08, "DIC_04": 1.02, "DIC_05": 0.0, "DIC_06": 0.0, "DIC_07": 0.0, "DIC_08": 0.0, "DIC_09": 1.76, "DIC_10": 10.18, "DIC_11": 0.0, "DIC_12": 0.0, "FIC_01": 0.0, "FIC_02": 0.0, "FIC_03": 1.0, "FIC_04": 1.0, "FIC_05": 0.0, "FIC_06": 0.0, "FIC_07": 0.0, "FIC_08": 0.0, "FIC_09": 1.0, "FIC_10": 1.0, "FIC_11": 0.0, "FIC_12": 0.0, "SEMRED": 0, "DESCR": " ", "COD_ID": "2171177bee470912c6cdd8fbe69e88656be1e2bdae5cde491ff2f6be159f400d", "__layer": "UCBT_tab" }, "geometry": null },
{ "type": "Feature", "properties": { "DIST": 390, "PAC": "33822810739612185L", "RAMAL": "421537999S1", "PN_CON": "812224", "UNI_TR_MT": "14433230", "CTMT": "TTI0114", "UNI_TR_AT": "DTTI-EQ-TR1", "SUB": "DTTI", "CONJ": 12986, "MUN": "3550308", "CEG_GD": " ", "BRR": "R CONS COTEGIPE 891 BELENZINHO", "CEP": "03058-000", "CLAS_SUB": "RE1", "CNAE": " ", "TIP_CC": "RES-Tipo03", "FAS_CON": "ABCN", "GRU_TEN": "BT", "TEN_FORN": "10", "GRU_TAR": "B1", "SIT_ATIV": "AT", "DAT_CON": "27/05/2014", "CAR_INST": 9.9, "LIV": 0, "ARE_LOC": "UB", "TIP_SIST": "RD_INTERLIG", "ENE_01": 0.0, "ENE_02": 0.0, "ENE_03": 0.0, "ENE_04": 0.0, "ENE_05": 0.0, "ENE_06": 0.0, "ENE_07": 197.0, "ENE_08": 176.0, "ENE_09": 192.0, "ENE_10": 186.0, "ENE_11": 193.0, "ENE_12": 172.82, "DIC_01": 0.0, "DIC_02": 0.0, "DIC_03": 0.0, "DIC_04": 0.0, "DIC_05": 0.0, "DIC_06": 0.0, "DIC_07": 0.0, "DIC_08": 0.0, "DIC_09": 1.76, "DIC_10": 10.18, "DIC_11": 0.0, "DIC_12": 0.0, "FIC_01": 0.0, "FIC_02": 0.0, "FIC_03": 0.0, "FIC_04": 0.0, "FIC_05": 0.0, "FIC_06": 0.0, "FIC_07": 0.0, "FIC_08": 0.0, "FIC_09": 1.0, "FIC_10": 1.0, "FIC_11": 0.0, "FIC_12": 0.0, "SEMRED": 0, "DESCR": " ", "COD_ID": "624989cdbb93f851edb4a42f8f7ae95a347d3b8e52e90a9f64f9f8eca5dab38f", "__layer": "UCBT_tab" }, "geometry": null },
{ "type": "Feature", "properties": { "DIST": 390, "PAC": "33740766739596649L", "RAMAL": "421642085S1", "PN_CON": "789185", "UNI_TR_MT": "14426186", "CTMT": "TTI0115", "UNI_TR_AT": "DTTI-EQ-TR2", "SUB": "DTTI", "CONJ": 12986, "MUN": "3550308", "CEG_GD": " ", "BRR": "R CONS COTEGIPE 80 BELENZINHO", "CEP": "03058-000", "CLAS_SUB": "CO1", "CNAE": "6822-6/00", "TIP_CC": "RES-Tipo02", "FAS_CON": "ABN", "GRU_TEN": "BT", "TEN_FORN": "10", "GRU_TAR": "B3", "SIT_ATIV": "AT", "DAT_CON": "25/11/2015", "CAR_INST": 4.7, "LIV": 0, "ARE_LOC": "UB", "TIP_SIST": "RD_INTERLIG", "ENE_01": 133.0, "ENE_02": 170.0, "ENE_03": 219.588, "ENE_04": 167.0, "ENE_05": 228.0, "ENE_06": 169.0, "ENE_07": 546.0, "ENE_08": 300.12, "ENE_09": 399.0, "ENE_10": 389.0, "ENE_11": 232.46, "ENE_12": 420.76, "DIC_01": 7.58, "DIC_02": 0.16, "DIC_03": 0.0, "DIC_04": 0.0, "DIC_05": 0.0, "DIC_06": 0.0, "DIC_07": 0.0, "DIC_08": 0.0, "DIC_09": 0.0, "DIC_10": 0.0, "DIC_11": 0.0, "DIC_12": 0.23, "FIC_01": 2.0, "FIC_02": 2.0, "FIC_03": 0.0, "FIC_04": 0.0, "FIC_05": 0.0, "FIC_06": 0.0, "FIC_07": 0.0, "FIC_08": 0.0, "FIC_09": 0.0, "FIC_10": 0.0, "FIC_11": 0.0, "FIC_12": 1.0, "SEMRED": 0, "DESCR": " ", "COD_ID": "4c7682c29153a9a3b9e880895367b08ed58993259582eaeddb2adaca965d405d", "__layer": "UCBT_tab" }, "geometry": null },
{ "type": "Feature", "properties": { "DIST": 390, "PAC": "33740766739596649L", "RAMAL": "421642085S1", "PN_CON": "789185", "UNI_TR_MT": "14426186", "CTMT": "TTI0115", "UNI_TR_AT": "DTTI-EQ-TR2", "SUB": "DTTI", "CONJ": 12986, "MUN": "3550308", "CEG_GD": " ", "BRR": "R CONS COTEGIPE 80 BELENZINHO", "CEP": "03058-000", "CLAS_SUB": "CO1", "CNAE": "6822-6/00", "TIP_CC": "RES-Tipo01", "FAS_CON": "ABN", "GRU_TEN": "BT", "TEN_FORN": "10", "GRU_TAR": "B3", "SIT_ATIV": "AT", "DAT_CON": "25/11/2015", "CAR_INST": 4.7, "LIV": 0, "ARE_LOC": "UB", "TIP_SIST": "RD_INTERLIG", "ENE_01": 43.0, "ENE_02": 58.0, "ENE_03": 47.831, "ENE_04": 34.0, "ENE_05": 37.0, "ENE_06": 41.0, "ENE_07": 32.76, "ENE_08": 26.23, "ENE_09": 30.0, "ENE_10": 92.0, "ENE_11": 28.32, "ENE_12": 47.81, "DIC_01": 7.58, "DIC_02": 0.16, "DIC_03": 0.0, "DIC_04": 0.0, "DIC_05": 0.0, "DIC_06": 0.0, "DIC_07": 0.0, "DIC_08": 0.0, "DIC_09": 0.0, "DIC_10": 0.0, "DIC_11": 0.0, "DIC_12": 0.23, "FIC_01": 2.0, "FIC_02": 2.0, "FIC_03": 0.0, "FIC_04": 0.0, "FIC_05": 0.0, "FIC_06": 0.0, "FIC_07": 0.0, "FIC_08": 0.0, "FIC_09": 0.0, "FIC_10": 0.0, "FIC_11": 0.0, "FIC_12": 1.0, "SEMRED": 0, "DESCR": " ", "COD_ID": "f39574241ede4aae56871ec83278fee77640fe78f77d10e4800fe91d9708be69", "__layer": "UCBT_tab" }, "geometry": null },
{ "type": "Feature", "properties": { "DIST": 390, "PAC": "33740766739596649L", "RAMAL": "421642085S1", "PN_CON": "789185", "UNI_TR_MT": "14426186", "CTMT": "TTI0115", "UNI_TR_AT": "DTTI-EQ-TR2", "SUB": "DTTI", "CONJ": 12986, "MUN": "3550308", "CEG_GD": " ", "BRR": "R CONS COTEGIPE 80 BELENZINHO", "CEP": "03058-000", "CLAS_SUB": "CO1", "CNAE": "6822-6/00", "TIP_CC": "RES-Tipo01", "FAS_CON": "ABN", "GRU_TEN": "BT", "TEN_FORN": "10", "GRU_TAR": "B3", "SIT_ATIV": "AT", "DAT_CON": "25/11/2015", "CAR_INST": 10.8, "LIV": 0, "ARE_LOC": "UB", "TIP_SIST": "RD_INTERLIG", "ENE_01": 30.0, "ENE_02": 30.0, "ENE_03": 32.612, "ENE_04": 30.0, "ENE_05": 30.0, "ENE_06": 30.0, "ENE_07": 25.2, "ENE_08": 18.3, "ENE_09": 30.0, "ENE_10": 30.0, "ENE_11": 17.7, "ENE_12": 28.68, "DIC_01": 7.58, "DIC_02": 0.16, "DIC_03": 0.0, "DIC_04": 0.0, "DIC_05": 0.0, "DIC_06": 0.0, "DIC_07": 0.0, "DIC_08": 0.0, "DIC_09": 0.0, "DIC_10": 0.0, "DIC_11": 0.0, "DIC_12": 0.23, "FIC_01": 2.0, "FIC_02": 2.0, "FIC_03": 0.0, "FIC_04": 0.0, "FIC_05": 0.0, "FIC_06": 0.0, "FIC_07": 0.0, "FIC_08": 0.0, "FIC_09": 0.0, "FIC_10": 0.0, "FIC_11": 0.0, "FIC_12": 1.0, "SEMRED": 0, "DESCR": " ", "COD_ID": "1fc286ae74fc20fafeaca4af845987c972c27fa2fc2effd20fa0008ad9dfa54a", "__layer": "UCBT_tab" }, "geometry": null },
{ "type": "Feature", "properties": { "DIST": 390, "PAC": "33740766739596649L", "RAMAL": "421642085S1", "PN_CON": "789185", "UNI_TR_MT": "14426186", "CTMT": "TTI0115", "UNI_TR_AT": "DTTI-EQ-TR2", "SUB": "DTTI", "CONJ": 12986, "MUN": "3550308", "CEG_GD": " ", "BRR": "R CONS COTEGIPE 80 BELENZINHO", "CEP": "03058-000", "CLAS_SUB": "CO1", "CNAE": "6822-6/00", "TIP_CC": "RES-Tipo05", "FAS_CON": "ABN", "GRU_TEN": "BT", "TEN_FORN": "10", "GRU_TAR": "B3", "SIT_ATIV": "AT", "DAT_CON": "25/11/2015", "CAR_INST": 12.4, "LIV": 0, "ARE_LOC": "UB", "TIP_SIST": "RD_INTERLIG", "ENE_01": 585.0, "ENE_02": 325.0, "ENE_03": 181.541, "ENE_04": 118.0, "ENE_05": 86.0, "ENE_06": 148.0, "ENE_07": 267.12, "ENE_08": 48.8, "ENE_09": 176.0, "ENE_10": 210.0, "ENE_11": 141.6, "ENE_12": 236.2, "DIC_01": 7.58, "DIC_02": 0.16, "DIC_03": 0.0, "DIC_04": 0.0, "DIC_05": 0.0, "DIC_06": 0.0, "DIC_07": 0.0, "DIC_08": 0.0, "DIC_09": 0.0, "DIC_10": 0.0, "DIC_11": 0.0, "DIC_12": 0.23, "FIC_01": 2.0, "FIC_02": 2.0, "FIC_03": 0.0, "FIC_04": 0.0, "FIC_05": 0.0, "FIC_06": 0.0, "FIC_07": 0.0, "FIC_08": 0.0, "FIC_09": 0.0, "FIC_10": 0.0, "FIC_11": 0.0, "FIC_12": 1.0, "SEMRED": 0, "DESCR": " ", "COD_ID": "606567afa18a0a612f5b6e2728a017355d310ca608fd6ef17fbbe4ed449f7a79", "__layer": "UCBT_tab" }, "geometry": null },
{ "type": "Feature", "properties": { "DIST": 390, "PAC": "33740766739596649L", "RAMAL": "421642085S1", "PN_CON": "789185", "UNI_TR_MT": "14426186", "CTMT": "TTI0115", "UNI_TR_AT": "DTTI-EQ-TR2", "SUB": "DTTI", "CONJ": 12986, "MUN": "3550308", "CEG_GD": " ", "BRR": "R CONS COTEGIPE 80 BELENZINHO", "CEP": "03058-000", "CLAS_SUB": "CO1", "CNAE": "6822-6/00", "TIP_CC": "RES-Tipo04", "FAS_CON": "ABN", "GRU_TEN": "BT", "TEN_FORN": "10", "GRU_TAR": "B3", "SIT_ATIV": "AT", "DAT_CON": "26/11/2015", "CAR_INST": 7.8, "LIV": 0, "ARE_LOC": "UB", "TIP_SIST": "RD_INTERLIG", "ENE_01": 169.0, "ENE_02": 197.0, "ENE_03": 209.805, "ENE_04": 127.0, "ENE_05": 159.0, "ENE_06": 258.0, "ENE_07": 231.84, "ENE_08": 109.19, "ENE_09": 217.0, "ENE_10": 348.0, "ENE_11": 184.67, "ENE_12": 317.48, "DIC_01": 7.58, "DIC_02": 0.16, "DIC_03": 0.0, "DIC_04": 0.0, "DIC_05": 0.0, "DIC_06": 0.0, "DIC_07": 0.0, "DIC_08": 0.0, "DIC_09": 0.0, "DIC_10": 0.0, "DIC_11": 0.0, "DIC_12": 0.23, "FIC_01": 2.0, "FIC_02": 2.0, "FIC_03": 0.0, "FIC_04": 0.0, "FIC_05": 0.0, "FIC_06": 0.0, "FIC_07": 0.0, "FIC_08": 0.0, "FIC_09": 0.0, "FIC_10": 0.0, "FIC_11": 0.0, "FIC_12": 1.0, "SEMRED": 0, "DESCR": " ", "COD_ID": "292be9313b76122e81aa0fbc824a4621b4a33a0d370498ba4251ee1bdbc4e5d4", "__layer": "UCBT_tab" }, "geometry": null },
{ "type": "Feature", "properties": { "DIST": 390, "PAC": "33740766739596649L", "RAMAL": "421642085S1", "PN_CON": "789185", "UNI_TR_MT": "14426186", "CTMT": "TTI0115", "UNI_TR_AT": "DTTI-EQ-TR2", "SUB": "DTTI", "CONJ": 12986, "MUN": "3550308", "CEG_GD": " ", "BRR": "R CONS COTEGIPE 80 BELENZINHO", "CEP": "03058-000", "CLAS_SUB": "CO1", "CNAE": "6822-6/00", "TIP_CC": "RES-Tipo03", "FAS_CON": "ABN", "GRU_TEN": "BT", "TEN_FORN": "10", "GRU_TAR": "B3", "SIT_ATIV": "AT", "DAT_CON": "25/11/2015", "CAR_INST": 8.4, "LIV": 0, "ARE_LOC": "UB", "TIP_SIST": "RD_INTERLIG", "ENE_01": 131.0, "ENE_02": 109.0, "ENE_03": 135.884, "ENE_04": 114.0, "ENE_05": 112.0, "ENE_06": 76.0, "ENE_07": 73.92, "ENE_08": 62.22, "ENE_09": 106.0, "ENE_10": 205.0, "ENE_11": 149.86, "ENE_12": 283.06, "DIC_01": 7.58, "DIC_02": 0.16, "DIC_03": 0.0, "DIC_04": 0.0, "DIC_05": 0.0, "DIC_06": 0.0, "DIC_07": 0.0, "DIC_08": 0.0, "DIC_09": 0.0, "DIC_10": 0.0, "DIC_11": 0.0, "DIC_12": 0.23, "FIC_01": 2.0, "FIC_02": 2.0, "FIC_03": 0.0, "FIC_04": 0.0, "FIC_05": 0.0, "FIC_06": 0.0, "FIC_07": 0.0, "FIC_08": 0.0, "FIC_09": 0.0, "FIC_10": 0.0, "FIC_11": 0.0, "FIC_12": 1.0, "SEMRED": 0, "DESCR": " ", "COD_ID": "1c37227b974db54be3866a383990c590933e59c246394499bafdfad7bf1bce70", "__layer": "UCBT_tab" }, "geometry": null },
{ "type": "Feature", "properties": { "DIST": 390, "PAC": "33759727739598794L", "RAMAL": "9667754S1", "PN_CON": "794671", "UNI_TR_MT": "14426519", "CTMT": "TTI0115", "UNI_TR_AT": "DTTI-EQ-TR2", "SUB": "DTTI", "CONJ": 12986, "MUN": "3550308", "CEG_GD": " ", "BRR": "R CONS COTEGIPE 245 BELENZINHO", "CEP": "03058-000", "CLAS_SUB": "RE1", "CNAE": " ", "TIP_CC": "RES-Tipo01", "FAS_CON": "ABN", "GRU_TEN": "BT", "TEN_FORN": "10", "GRU_TAR": "B1", "SIT_ATIV": "DS", "DAT_CON": "01/06/2006", "CAR_INST": 9.5, "LIV": 0, "ARE_LOC": "UB", "TIP_SIST": "RD_INTERLIG", "ENE_01": 15.51, "ENE_02": 22.0, "ENE_03": 44.0, "ENE_04": 72.0, "ENE_05": 98.0, "ENE_06": 80.0, "ENE_07": 56.0, "ENE_08": 67.0, "ENE_09": 0.0, "ENE_10": 0.0, "ENE_11": 0.0, "ENE_12": 0.0, "DIC_01": 3.76, "DIC_02": 0.16, "DIC_03": 0.0, "DIC_04": 0.0, "DIC_05": 0.0, "DIC_06": 0.0, "DIC_07": 0.0, "DIC_08": 0.0, "DIC_09": 0.0, "DIC_10": 0.0, "DIC_11": 0.0, "DIC_12": 0.0, "FIC_01": 1.0, "FIC_02": 2.0, "FIC_03": 0.0, "FIC_04": 0.0, "FIC_05": 0.0, "FIC_06": 0.0, "FIC_07": 0.0, "FIC_08": 0.0, "FIC_09": 0.0, "FIC_10": 0.0, "FIC_11": 0.0, "FIC_12": 0.0, "SEMRED": 0, "DESCR": " ", "COD_ID": "f42551425de6e5310491df6e49e7e747fd089c34a837e297d290f7a5d80b118a", "__layer": "UCBT_tab" }, "geometry": null },
{ "type": "Feature", "properties": { "DIST": 390, "PAC": "33795666739604869L", "RAMAL": "421783869S1", "PN_CON": "805034", "UNI_TR_MT": "14432141", "CTMT": "TTI0114", "UNI_TR_AT": "DTTI-EQ-TR1", "SUB": "DTTI", "CONJ": 12986, "MUN": "3550308", "CEG_GD": " ", "BRR": "R CONS COTEGIPE 630 BELENZINHO", "CEP": "03058-000", "CLAS_SUB": "RE2", "CNAE": " ", "TIP_CC": "RES-Tipo03", "FAS_CON": "ABN", "GRU_TEN": "BT", "TEN_FORN": "10", "GRU_TAR": "B1BR", "SIT_ATIV": "AT", "DAT_CON": "16/10/2017", "CAR_INST": 4.4, "LIV": 0, "ARE_LOC": "UB", "TIP_SIST": "RD_INTERLIG", "ENE_01": 54.53, "ENE_02": 96.0, "ENE_03": 111.0, "ENE_04": 111.0, "ENE_05": 125.0, "ENE_06": 108.0, "ENE_07": 107.0, "ENE_08": 120.0, "ENE_09": 101.0, "ENE_10": 107.0, "ENE_11": 115.0, "ENE_12": 101.94, "DIC_01": 0.0, "DIC_02": 0.0, "DIC_03": 0.08, "DIC_04": 1.02, "DIC_05": 0.0, "DIC_06": 0.0, "DIC_07": 0.0, "DIC_08": 0.0, "DIC_09": 4.99, "DIC_10": 0.0, "DIC_11": 0.0, "DIC_12": 0.0, "FIC_01": 0.0, "FIC_02": 0.0, "FIC_03": 1.0, "FIC_04": 1.0, "FIC_05": 0.0, "FIC_06": 0.0, "FIC_07": 0.0, "FIC_08": 0.0, "FIC_09": 2.0, "FIC_10": 0.0, "FIC_11": 0.0, "FIC_12": 0.0, "SEMRED": 0, "DESCR": " ", "COD_ID": "de9ee36f7d17fcb86f7067a3ba66af9155a697df8f13e83e799aa77f4e6a7cbb", "__layer": "UCBT_tab" }, "geometry": null },
{ "type": "Feature", "properties": { "DIST": 390, "PAC": "33739826739598033L", "RAMAL": "102341080S1", "PN_CON": "789185", "UNI_TR_MT": "14426186", "CTMT": "TTI0115", "UNI_TR_AT": "DTTI-EQ-TR2", "SUB": "DTTI", "CONJ": 12986, "MUN": "3550308", "CEG_GD": " ", "BRR": "R CONS COTEGIPE 60 BELENZINHO", "CEP": "03058-000", "CLAS_SUB": "RE1", "CNAE": " ", "TIP_CC": "RES-Tipo01", "FAS_CON": "ABN", "GRU_TEN": "BT", "TEN_FORN": "10", "GRU_TAR": "B1", "SIT_ATIV": "AT", "DAT_CON": "05/12/2017", "CAR_INST": 6.2, "LIV": 0, "ARE_LOC": "UB", "TIP_SIST": "RD_INTERLIG", "ENE_01": 52.03, "ENE_02": 90.0, "ENE_03": 106.0, "ENE_04": 85.0, "ENE_05": 81.0, "ENE_06": 82.0, "ENE_07": 71.0, "ENE_08": 47.0, "ENE_09": 30.0, "ENE_10": 98.0, "ENE_11": 99.0, "ENE_12": 97.09, "DIC_01": 7.58, "DIC_02": 0.16, "DIC_03": 0.0, "DIC_04": 0.0, "DIC_05": 0.0, "DIC_06": 0.0, "DIC_07": 0.0, "DIC_08": 0.0, "DIC_09": 0.0, "DIC_10": 0.0, "DIC_11": 0.0, "DIC_12": 0.23, "FIC_01": 2.0, "FIC_02": 2.0, "FIC_03": 0.0, "FIC_04": 0.0, "FIC_05": 0.0, "FIC_06": 0.0, "FIC_07": 0.0, "FIC_08": 0.0, "FIC_09": 0.0, "FIC_10": 0.0, "FIC_11": 0.0, "FIC_12": 1.0, "SEMRED": 0, "DESCR": " ", "COD_ID": "123fc70007b759e6ce4b552f73f954f8f478caf6d1603ef7baecfec60efe6667", "__layer": "UCBT_tab" }, "geometry": null },
{ "type": "Feature", "properties": { "DIST": 390, "PAC": "33795666739604869L", "RAMAL": "421783869S1", "PN_CON": "805034", "UNI_TR_MT": "14432141", "CTMT": "TTI0114", "UNI_TR_AT": "DTTI-EQ-TR1", "SUB": "DTTI", "CONJ": 12986, "MUN": "3550308", "CEG_GD": " ", "BRR": "R CONS COTEGIPE 630 BELENZINHO", "CEP": "03058-000", "CLAS_SUB": "RE1", "CNAE": " ", "TIP_CC": "RES-Tipo03", "FAS_CON": "ABN", "GRU_TEN": "BT", "TEN_FORN": "10", "GRU_TAR": "B1", "SIT_ATIV": "AT", "DAT_CON": "11/05/2018", "CAR_INST": 4.4, "LIV": 0, "ARE_LOC": "UB", "TIP_SIST": "RD_INTERLIG", "ENE_01": 43.52, "ENE_02": 90.0, "ENE_03": 96.0, "ENE_04": 91.0, "ENE_05": 93.0, "ENE_06": 76.0, "ENE_07": 77.0, "ENE_08": 100.0, "ENE_09": 91.0, "ENE_10": 84.0, "ENE_11": 119.0, "ENE_12": 92.23, "DIC_01": 0.0, "DIC_02": 0.0, "DIC_03": 0.08, "DIC_04": 1.02, "DIC_05": 0.0, "DIC_06": 0.0, "DIC_07": 0.0, "DIC_08": 0.0, "DIC_09": 4.99, "DIC_10": 0.0, "DIC_11": 0.0, "DIC_12": 0.0, "FIC_01": 0.0, "FIC_02": 0.0, "FIC_03": 1.0, "FIC_04": 1.0, "FIC_05": 0.0, "FIC_06": 0.0, "FIC_07": 0.0, "FIC_08": 0.0, "FIC_09": 2.0, "FIC_10": 0.0, "FIC_11": 0.0, "FIC_12": 0.0, "SEMRED": 0, "DESCR": " ", "COD_ID": "bb903c09f17c930c5bdd31a8707df88003b7d1df9a73bb7f9a1f54381204213e", "__layer": "UCBT_tab" }, "geometry": null },
{ "type": "Feature", "properties": { "DIST": 390, "PAC": "33784828739602465L", "RAMAL": "421538122S1", "PN_CON": "802102", "UNI_TR_MT": "14427639", "CTMT": "TTI0114", "UNI_TR_AT": "DTTI-EQ-TR1", "SUB": "DTTI", "CONJ": 12986, "MUN": "3550308", "CEG_GD": " ", "BRR": "R CONS COTEGIPE 522 BELENZINHO", "CEP": "03058-000", "CLAS_SUB": "RE1", "CNAE": " ", "TIP_CC": "RES-Tipo05", "FAS_CON": "ABN", "GRU_TEN": "BT", "TEN_FORN": "10", "GRU_TAR": "B1", "SIT_ATIV": "AT", "DAT_CON": "02/09/2019", "CAR_INST": 6.0, "LIV": 0, "ARE_LOC": "UB", "TIP_SIST": "RD_INTERLIG", "ENE_01": 1587.06, "ENE_02": 2150.0, "ENE_03": 2784.0, "ENE_04": 2761.0, "ENE_05": 1406.0, "ENE_06": 2791.0, "ENE_07": 2552.0, "ENE_08": 2711.0, "ENE_09": 2560.0, "ENE_10": 2790.0, "ENE_11": 2706.0, "ENE_12": 2411.76, "DIC_01": 0.0, "DIC_02": 0.0, "DIC_03": 0.08, "DIC_04": 3.35, "DIC_05": 0.0, "DIC_06": 0.0, "DIC_07": 0.0, "DIC_08": 0.0, "DIC_09": 4.99, "DIC_10": 0.0, "DIC_11": 0.0, "DIC_12": 0.0, "FIC_01": 0.0, "FIC_02": 0.0, "FIC_03": 1.0, "FIC_04": 2.0, "FIC_05": 0.0, "FIC_06": 0.0, "FIC_07": 0.0, "FIC_08": 0.0, "FIC_09": 1.0, "FIC_10": 0.0, "FIC_11": 0.0, "FIC_12": 0.0, "SEMRED": 0, "DESCR": " ", "COD_ID": "026bcf6c82777cd464cc9b853adc9efbe9402df3a7392a801ffc55646bc053db", "__layer": "UCBT_tab" }, "geometry": null },
{ "type": "Feature", "properties": { "DIST": 390, "PAC": "33795666739604869L", "RAMAL": "421783869S1", "PN_CON": "805034", "UNI_TR_MT": "14432141", "CTMT": "TTI0114", "UNI_TR_AT": "DTTI-EQ-TR1", "SUB": "DTTI", "CONJ": 12986, "MUN": "3550308", "CEG_GD": " ", "BRR": "R CONS COTEGIPE 630 BELENZINHO", "CEP": "03058-000", "CLAS_SUB": "RE1", "CNAE": " ", "TIP_CC": "RES-Tipo03", "FAS_CON": "ABN", "GRU_TEN": "BT", "TEN_FORN": "10", "GRU_TAR": "B1", "SIT_ATIV": "AT", "DAT_CON": "09/03/2021", "CAR_INST": 6.4, "LIV": 0, "ARE_LOC": "UB", "TIP_SIST": "RD_INTERLIG", "ENE_01": 76.05, "ENE_02": 122.0, "ENE_03": 142.0, "ENE_04": 120.0, "ENE_05": 120.0, "ENE_06": 110.0, "ENE_07": 93.0, "ENE_08": 106.0, "ENE_09": 115.0, "ENE_10": 127.0, "ENE_11": 103.0, "ENE_12": 108.74, "DIC_01": 0.0, "DIC_02": 0.0, "DIC_03": 0.08, "DIC_04": 1.02, "DIC_05": 0.0, "DIC_06": 0.0, "DIC_07": 0.0, "DIC_08": 0.0, "DIC_09": 4.99, "DIC_10": 0.0, "DIC_11": 0.0, "DIC_12": 0.0, "FIC_01": 0.0, "FIC_02": 0.0, "FIC_03": 1.0, "FIC_04": 1.0, "FIC_05": 0.0, "FIC_06": 0.0, "FIC_07": 0.0, "FIC_08": 0.0, "FIC_09": 1.0, "FIC_10": 0.0, "FIC_11": 0.0, "FIC_12": 0.0, "SEMRED": 0, "DESCR": " ", "COD_ID": "b84a06df34c178c88ee22b8ef322b92211fb64acc9ca9369c3fab46ca40ee772", "__layer": "UCBT_tab" }, "geometry": null },
{ "type": "Feature", "properties": { "DIST": 390, "PAC": "33830406739614519L", "RAMAL": "9727800S1", "PN_CON": "814212", "UNI_TR_MT": "14433230", "CTMT": "TTI0114", "UNI_TR_AT": "DTTI-EQ-TR1", "SUB": "DTTI", "CONJ": 12986, "MUN": "3550308", "CEG_GD": " ", "BRR": "R CONS COTEGIPE 999 BELENZINHO", "CEP": "03058-000", "CLAS_SUB": "CO6", "CNAE": "6810-2/01", "TIP_CC": "COM-Tipo02", "FAS_CON": "ABN", "GRU_TEN": "BT", "TEN_FORN": "10", "GRU_TAR": "B3", "SIT_ATIV": "AT", "DAT_CON": "18/10/2022", "CAR_INST": 1.7, "LIV": 0, "ARE_LOC": "UB", "TIP_SIST": "RD_INTERLIG", "ENE_01": 2.0, "ENE_02": 2.0, "ENE_03": 3.261, "ENE_04": 3.0, "ENE_05": 30.0, "ENE_06": 30.0, "ENE_07": 3.36, "ENE_08": 3.05, "ENE_09": 1365.0, "ENE_10": 32.0, "ENE_11": 17.7, "ENE_12": 120.49, "DIC_01": 0.0, "DIC_02": 0.0, "DIC_03": 0.08, "DIC_04": 1.02, "DIC_05": 0.0, "DIC_06": 0.0, "DIC_07": 0.0, "DIC_08": 0.0, "DIC_09": 1.76, "DIC_10": 12.71, "DIC_11": 0.0, "DIC_12": 0.0, "FIC_01": 0.0, "FIC_02": 0.0, "FIC_03": 1.0, "FIC_04": 1.0, "FIC_05": 0.0, "FIC_06": 0.0, "FIC_07": 0.0, "FIC_08": 0.0, "FIC_09": 1.0, "FIC_10": 2.0, "FIC_11": 0.0, "FIC_12": 0.0, "SEMRED": 0, "DESCR": " ", "COD_ID": "8323365717417a833302c617a6e672b54beb6f695172bc66b2063a70654a4690", "__layer": "UCBT_tab" }, "geometry": null },
{ "type": "Feature", "properties": { "DIST": 390, "PAC": "33830406739614519L", "RAMAL": "9727800S1", "PN_CON": "814212", "UNI_TR_MT": "14433230", "CTMT": "TTI0114", "UNI_TR_AT": "DTTI-EQ-TR1", "SUB": "DTTI", "CONJ": 12986, "MUN": "3550308", "CEG_GD": " ", "BRR": "R CONS COTEGIPE 999 BELENZINHO", "CEP": "03058-000", "CLAS_SUB": "RE1", "CNAE": " ", "TIP_CC": "RES-Tipo01", "FAS_CON": "ABN", "GRU_TEN": "BT", "TEN_FORN": "10", "GRU_TAR": "B1", "SIT_ATIV": "AT", "DAT_CON": "18/10/2022", "CAR_INST": 10.0, "LIV": 0, "ARE_LOC": "UB", "TIP_SIST": "RD_INTERLIG", "ENE_01": 281.12, "ENE_02": 30.0, "ENE_03": 207.0, "ENE_04": 303.0, "ENE_05": 225.0, "ENE_06": 230.0, "ENE_07": 236.0, "ENE_08": 237.0, "ENE_09": 176.0, "ENE_10": 244.0, "ENE_11": 230.0, "ENE_12": 193.21, "DIC_01": 0.0, "DIC_02": 0.0, "DIC_03": 0.08, "DIC_04": 1.02, "DIC_05": 0.0, "DIC_06": 0.0, "DIC_07": 0.0, "DIC_08": 0.0, "DIC_09": 1.76, "DIC_10": 12.71, "DIC_11": 0.0, "DIC_12": 0.0, "FIC_01": 0.0, "FIC_02": 0.0, "FIC_03": 1.0, "FIC_04": 1.0, "FIC_05": 0.0, "FIC_06": 0.0, "FIC_07": 0.0, "FIC_08": 0.0, "FIC_09": 1.0, "FIC_10": 2.0, "FIC_11": 0.0, "FIC_12": 0.0, "SEMRED": 0, "DESCR": " ", "COD_ID": "86f226f8c0425b39b504e36dd7ba9f2a008ed9cc4cf3a314e49bc512425c20c7", "__layer": "UCBT_tab" }, "geometry": null },
{ "type": "Feature", "properties": { "DIST": 390, "PAC": "33830406739614519L", "RAMAL": "9727800S1", "PN_CON": "814212", "UNI_TR_MT": "14433230", "CTMT": "TTI0114", "UNI_TR_AT": "DTTI-EQ-TR1", "SUB": "DTTI", "CONJ": 12986, "MUN": "3550308", "CEG_GD": " ", "BRR": "R CONS COTEGIPE 999 BELENZINHO", "CEP": "03058-000", "CLAS_SUB": "RE1", "CNAE": " ", "TIP_CC": "RES-Tipo01", "FAS_CON": "ABN", "GRU_TEN": "BT", "TEN_FORN": "10", "GRU_TAR": "B1", "SIT_ATIV": "AT", "DAT_CON": "18/10/2022", "CAR_INST": 10.0, "LIV": 0, "ARE_LOC": "UB", "TIP_SIST": "RD_INTERLIG", "ENE_01": 3059.3, "ENE_02": 121.0, "ENE_03": 267.0, "ENE_04": 197.0, "ENE_05": 196.0, "ENE_06": 218.0, "ENE_07": 213.0, "ENE_08": 217.0, "ENE_09": 213.0, "ENE_10": 194.0, "ENE_11": 213.0, "ENE_12": 211.66, "DIC_01": 0.0, "DIC_02": 0.0, "DIC_03": 0.08, "DIC_04": 1.02, "DIC_05": 0.0, "DIC_06": 0.0, "DIC_07": 0.0, "DIC_08": 0.0, "DIC_09": 1.76, "DIC_10": 12.71, "DIC_11": 0.0, "DIC_12": 0.0, "FIC_01": 0.0, "FIC_02": 0.0, "FIC_03": 1.0, "FIC_04": 1.0, "FIC_05": 0.0, "FIC_06": 0.0, "FIC_07": 0.0, "FIC_08": 0.0, "FIC_09": 1.0, "FIC_10": 2.0, "FIC_11": 0.0, "FIC_12": 0.0, "SEMRED": 0, "DESCR": " ", "COD_ID": "81263f7d75fa1ca6d6b3c84de962c159189b55a9122bf294936b1f82dd0a9888", "__layer": "UCBT_tab" }, "geometry": null },
{ "type": "Feature", "properties": { "DIST": 390, "PAC": "33830406739614519L", "RAMAL": "9727800S1", "PN_CON": "814212", "UNI_TR_MT": "14433230", "CTMT": "TTI0114", "UNI_TR_AT": "DTTI-EQ-TR1", "SUB": "DTTI", "CONJ": 12986, "MUN": "3550308", "CEG_GD": " ", "BRR": "R CONS COTEGIPE 999 BELENZINHO", "CEP": "03058-000", "CLAS_SUB": "RE1", "CNAE": " ", "TIP_CC": "RES-Tipo01", "FAS_CON": "ABN", "GRU_TEN": "BT", "TEN_FORN": "10", "GRU_TAR": "B1", "SIT_ATIV": "AT", "DAT_CON": "18/10/2022", "CAR_INST": 10.0, "LIV": 0, "ARE_LOC": "UB", "TIP_SIST": "RD_INTERLIG", "ENE_01": 1835.58, "ENE_02": 112.0, "ENE_03": 95.0, "ENE_04": 201.0, "ENE_05": 186.0, "ENE_06": 190.0, "ENE_07": 214.0, "ENE_08": 256.0, "ENE_09": 226.0, "ENE_10": 197.0, "ENE_11": 170.0, "ENE_12": 191.27, "DIC_01": 0.0, "DIC_02": 0.0, "DIC_03": 0.08, "DIC_04": 1.02, "DIC_05": 0.0, "DIC_06": 0.0, "DIC_07": 0.0, "DIC_08": 0.0, "DIC_09": 1.76, "DIC_10": 12.71, "DIC_11": 0.0, "DIC_12": 0.0, "FIC_01": 0.0, "FIC_02": 0.0, "FIC_03": 1.0, "FIC_04": 1.0, "FIC_05": 0.0, "FIC_06": 0.0, "FIC_07": 0.0, "FIC_08": 0.0, "FIC_09": 1.0, "FIC_10": 2.0, "FIC_11": 0.0, "FIC_12": 0.0, "SEMRED": 0, "DESCR": " ", "COD_ID": "1aee8fd596001a805e602f743460d6cdbf8d60a6839e48cbe7f8f8a9cc4b7430", "__layer": "UCBT_tab" }, "geometry": null },
{ "type": "Feature", "properties": { "DIST": 390, "PAC": "33735622739597336L", "RAMAL": "455002150S1", "PN_CON": "787701", "UNI_TR_MT": "14426186", "CTMT": "TTI0115", "UNI_TR_AT": "DTTI-EQ-TR2", "SUB": "DTTI", "CONJ": 12986, "MUN": "3550308", "CEG_GD": " ", "BRR": "R CONS COTEGIPE 24 BELENZINHO", "CEP": "03058-000", "CLAS_SUB": "RE1", "CNAE": " ", "TIP_CC": "RES-Tipo05", "FAS_CON": "ABN", "GRU_TEN": "BT", "TEN_FORN": "10", "GRU_TAR": "B1", "SIT_ATIV": "AT", "DAT_CON": "30/01/2023", "CAR_INST": 2.0, "LIV": 0, "ARE_LOC": "UB", "TIP_SIST": "RD_INTERLIG", "ENE_01": 0.0, "ENE_02": 1869.0, "ENE_03": 950.0, "ENE_04": 859.0, "ENE_05": 953.0, "ENE_06": 882.0, "ENE_07": 864.0, "ENE_08": 888.0, "ENE_09": 866.0, "ENE_10": 996.0, "ENE_11": 1011.0, "ENE_12": 920.43, "DIC_01": 0.0, "DIC_02": 0.16, "DIC_03": 0.0, "DIC_04": 0.0, "DIC_05": 0.0, "DIC_06": 0.0, "DIC_07": 0.0, "DIC_08": 0.0, "DIC_09": 0.0, "DIC_10": 0.0, "DIC_11": 0.0, "DIC_12": 0.23, "FIC_01": 0.0, "FIC_02": 2.0, "FIC_03": 0.0, "FIC_04": 0.0, "FIC_05": 0.0, "FIC_06": 0.0, "FIC_07": 0.0, "FIC_08": 0.0, "FIC_09": 0.0, "FIC_10": 0.0, "FIC_11": 0.0, "FIC_12": 1.0, "SEMRED": 0, "DESCR": " ", "COD_ID": "c82dfeba4ba2b5fd77124ab9820085b136ceb371dd04e398839f9825a2d423a6", "__layer": "UCBT_tab" }, "geometry": null },
{ "type": "Feature", "properties": { "DIST": 390, "PAC": "33796255739604306L", "RAMAL": "455459777S1", "PN_CON": "805034", "UNI_TR_MT": "14432141", "CTMT": "TTI0114", "UNI_TR_AT": "DTTI-EQ-TR1", "SUB": "DTTI", "CONJ": 12986, "MUN": "3550308", "CEG_GD": " ", "BRR": "R CONS COTEGIPE 642 BELENZINHO", "CEP": "03058-000", "CLAS_SUB": "RE1", "CNAE": " ", "TIP_CC": "RES-Tipo01", "FAS_CON": "ABN", "GRU_TEN": "BT", "TEN_FORN": "10", "GRU_TAR": "B1", "SIT_ATIV": "AT", "DAT_CON": "02/03/2023", "CAR_INST": 3.3, "LIV": 0, "ARE_LOC": "UB", "TIP_SIST": "RD_INTERLIG", "ENE_01": 496.1, "ENE_02": 30.0, "ENE_03": 30.0, "ENE_04": 30.0, "ENE_05": 30.0, "ENE_06": 30.0, "ENE_07": 30.0, "ENE_08": 15.0, "ENE_09": 30.0, "ENE_10": 50.0, "ENE_11": 14.0, "ENE_12": 29.12, "DIC_01": 0.0, "DIC_02": 0.0, "DIC_03": 0.08, "DIC_04": 1.02, "DIC_05": 0.0, "DIC_06": 0.0, "DIC_07": 0.0, "DIC_08": 0.0, "DIC_09": 4.99, "DIC_10": 0.0, "DIC_11": 0.0, "DIC_12": 0.0, "FIC_01": 0.0, "FIC_02": 0.0, "FIC_03": 1.0, "FIC_04": 1.0, "FIC_05": 0.0, "FIC_06": 0.0, "FIC_07": 0.0, "FIC_08": 0.0, "FIC_09": 1.0, "FIC_10": 0.0, "FIC_11": 0.0, "FIC_12": 0.0, "SEMRED": 0, "DESCR": " ", "COD_ID": "88e2c703da8f6cab981a21271d40bda77152bbd207c7585302e7cb8b223e0c32", "__layer": "UCBT_tab" }, "geometry": null },
{ "type": "Feature", "properties": { "DIST": 390, "PAC": "33808883739608067L", "RAMAL": "421617145S1", "PN_CON": "808527", "UNI_TR_MT": "14432746", "CTMT": "TTI0114", "UNI_TR_AT": "DTTI-EQ-TR1", "SUB": "DTTI", "CONJ": 12986, "MUN": "3550308", "CEG_GD": " ", "BRR": "R CONS COTEGIPE 759 BELENZINHO", "CEP": "03058-000", "CLAS_SUB": "RE2", "CNAE": " ", "TIP_CC": "RES-Tipo02", "FAS_CON": "ABN", "GRU_TEN": "BT", "TEN_FORN": "10", "GRU_TAR": "B1BR", "SIT_ATIV": "AT", "DAT_CON": "01/02/1971", "CAR_INST": 6.0, "LIV": 0, "ARE_LOC": "UB", "TIP_SIST": "RD_INTERLIG", "ENE_01": 84.55, "ENE_02": 149.0, "ENE_03": 164.0, "ENE_04": 159.0, "ENE_05": 142.0, "ENE_06": 139.0, "ENE_07": 135.0, "ENE_08": 140.0, "ENE_09": 142.0, "ENE_10": 142.0, "ENE_11": 164.0, "ENE_12": 144.66, "DIC_01": 0.0, "DIC_02": 0.0, "DIC_03": 0.08, "DIC_04": 1.02, "DIC_05": 0.0, "DIC_06": 0.0, "DIC_07": 0.0, "DIC_08": 0.0, "DIC_09": 1.76, "DIC_10": 0.0, "DIC_11": 0.0, "DIC_12": 0.0, "FIC_01": 0.0, "FIC_02": 0.0, "FIC_03": 1.0, "FIC_04": 1.0, "FIC_05": 0.0, "FIC_06": 0.0, "FIC_07": 0.0, "FIC_08": 0.0, "FIC_09": 1.0, "FIC_10": 0.0, "FIC_11": 0.0, "FIC_12": 0.0, "SEMRED": 0, "DESCR": " ", "COD_ID": "ee5db5759183fe96a148d98bbb37e69170cc59e8a9a8bbdaffdeb482a008acd7", "__layer": "UCBT_tab" }, "geometry": null },
{ "type": "Feature", "properties": { "DIST": 390, "PAC": "33805584739607185L", "RAMAL": "9709759S1", "PN_CON": "807664", "UNI_TR_MT": "14432600", "CTMT": "TTI0114", "UNI_TR_AT": "DTTI-EQ-TR1", "SUB": "DTTI", "CONJ": 12986, "MUN": "3550308", "CEG_GD": " ", "BRR": "R CONS COTEGIPE 741 BELENZINHO", "CEP": "03058-000", "CLAS_SUB": "RE1", "CNAE": " ", "TIP_CC": "RES-Tipo04", "FAS_CON": "ABN", "GRU_TEN": "BT", "TEN_FORN": "10", "GRU_TAR": "B1", "SIT_ATIV": "AT", "DAT_CON": "01/09/1951", "CAR_INST": 8.0, "LIV": 0, "ARE_LOC": "UB", "TIP_SIST": "RD_INTERLIG", "ENE_01": 72.04, "ENE_02": 224.0, "ENE_03": 236.0, "ENE_04": 270.0, "ENE_05": 237.0, "ENE_06": 212.0, "ENE_07": 191.0, "ENE_08": 212.0, "ENE_09": 211.0, "ENE_10": 236.0, "ENE_11": 227.0, "ENE_12": 206.8, "DIC_01": 0.0, "DIC_02": 0.0, "DIC_03": 0.08, "DIC_04": 1.02, "DIC_05": 0.0, "DIC_06": 0.0, "DIC_07": 0.0, "DIC_08": 0.0, "DIC_09": 1.76, "DIC_10": 0.0, "DIC_11": 0.0, "DIC_12": 0.0, "FIC_01": 0.0, "FIC_02": 0.0, "FIC_03": 1.0, "FIC_04": 1.0, "FIC_05": 0.0, "FIC_06": 0.0, "FIC_07": 0.0, "FIC_08": 0.0, "FIC_09": 1.0, "FIC_10": 0.0, "FIC_11": 0.0, "FIC_12": 0.0, "SEMRED": 0, "DESCR": " ", "COD_ID": "852c4f411e291059ab26a569c992411715d65d9c94990af6f98ec50f4e7781aa", "__layer": "UCBT_tab" }, "geometry": null },
{ "type": "Feature", "properties": { "DIST": 390, "PAC": "33809051739607970L", "RAMAL": "421617188S1", "PN_CON": "808527", "UNI_TR_MT": "14432746", "CTMT": "TTI0114", "UNI_TR_AT": "DTTI-EQ-TR1", "SUB": "DTTI", "CONJ": 12986, "MUN": "3550308", "CEG_GD": " ", "BRR": "R CONS COTEGIPE 774 BELENZINHO", "CEP": "03058-000", "CLAS_SUB": "RE1", "CNAE": " ", "TIP_CC": "RES-Tipo02", "FAS_CON": "ABN", "GRU_TEN": "BT", "TEN_FORN": "10", "GRU_TAR": "B1", "SIT_ATIV": "AT", "DAT_CON": "01/10/1978", "CAR_INST": 2.5, "LIV": 0, "ARE_LOC": "UB", "TIP_SIST": "RD_INTERLIG", "ENE_01": 110.57, "ENE_02": 203.0, "ENE_03": 174.0, "ENE_04": 182.0, "ENE_05": 150.0, "ENE_06": 203.0, "ENE_07": 182.0, "ENE_08": 206.0, "ENE_09": 200.0, "ENE_10": 193.0, "ENE_11": 176.0, "ENE_12": 186.41, "DIC_01": 0.0, "DIC_02": 0.0, "DIC_03": 0.08, "DIC_04": 1.02, "DIC_05": 0.0, "DIC_06": 0.0, "DIC_07": 0.0, "DIC_08": 0.0, "DIC_09": 1.76, "DIC_10": 0.0, "DIC_11": 0.0, "DIC_12": 0.0, "FIC_01": 0.0, "FIC_02": 0.0, "FIC_03": 1.0, "FIC_04": 1.0, "FIC_05": 0.0, "FIC_06": 0.0, "FIC_07": 0.0, "FIC_08": 0.0, "FIC_09": 1.0, "FIC_10": 0.0, "FIC_11": 0.0, "FIC_12": 0.0, "SEMRED": 0, "DESCR": " ", "COD_ID": "84106919a7d42858f664994343071085609d865198e0fb1c3854e2553b3758d4", "__layer": "UCBT_tab" }, "geometry": null },
{ "type": "Feature", "properties": { "DIST": 390, "PAC": "33819715739611217L", "RAMAL": "421649673S1", "PN_CON": "811341", "UNI_TR_MT": "14433230", "CTMT": "TTI0114", "UNI_TR_AT": "DTTI-EQ-TR1", "SUB": "DTTI", "CONJ": 12986, "MUN": "3550308", "CEG_GD": " ", "BRR": "R CONS COTEGIPE 872 BELENZINHO", "CEP": "03058-000", "CLAS_SUB": "RE1", "CNAE": " ", "TIP_CC": "RES-Tipo01", "FAS_CON": "ABN", "GRU_TEN": "BT", "TEN_FORN": "10", "GRU_TAR": "B1", "SIT_ATIV": "AT", "DAT_CON": "01/01/1980", "CAR_INST": 6.2, "LIV": 0, "ARE_LOC": "UB", "TIP_SIST": "RD_INTERLIG", "ENE_01": 32.52, "ENE_02": 62.0, "ENE_03": 62.0, "ENE_04": 57.0, "ENE_05": 74.0, "ENE_06": 0.0, "ENE_07": 0.0, "ENE_08": 0.0, "ENE_09": 0.0, "ENE_10": 0.0, "ENE_11": 0.0, "ENE_12": 29.12, "DIC_01": 0.0, "DIC_02": 0.0, "DIC_03": 0.08, "DIC_04": 1.02, "DIC_05": 0.0, "DIC_06": 0.0, "DIC_07": 0.0, "DIC_08": 0.0, "DIC_09": 0.0, "DIC_10": 0.0, "DIC_11": 0.0, "DIC_12": 0.0, "FIC_01": 0.0, "FIC_02": 0.0, "FIC_03": 1.0, "FIC_04": 1.0, "FIC_05": 0.0, "FIC_06": 0.0, "FIC_07": 0.0, "FIC_08": 0.0, "FIC_09": 0.0, "FIC_10": 0.0, "FIC_11": 0.0, "FIC_12": 0.0, "SEMRED": 0, "DESCR": " ", "COD_ID": "b52ed51970f7d5e2e580478bec020e485fecdae368a2d9a33c1c5eeeacf99820", "__layer": "UCBT_tab" }, "geometry": null },
{ "type": "Feature", "properties": { "DIST": 390, "PAC": "33819785739611164L", "RAMAL": "421649679S1", "PN_CON": "811341", "UNI_TR_MT": "14433230", "CTMT": "TTI0114", "UNI_TR_AT": "DTTI-EQ-TR1", "SUB": "DTTI", "CONJ": 12986, "MUN": "3550308", "CEG_GD": " ", "BRR": "R CONS COTEGIPE 890 BELENZINHO", "CEP": "03058-000", "CLAS_SUB": "RE1", "CNAE": " ", "TIP_CC": "RES-Tipo01", "FAS_CON": "ABN", "GRU_TEN": "BT", "TEN_FORN": "10", "GRU_TAR": "B1", "SIT_ATIV": "AT", "DAT_CON": "01/04/1962", "CAR_INST": 2.0, "LIV": 0, "ARE_LOC": "UB", "TIP_SIST": "RD_INTERLIG", "ENE_01": 60.04, "ENE_02": 26.0, "ENE_03": 30.0, "ENE_04": 30.0, "ENE_05": 30.0, "ENE_06": 30.0, "ENE_07": 30.0, "ENE_08": 30.0, "ENE_09": 30.0, "ENE_10": 300.0, "ENE_11": 64.0, "ENE_12": 29.12, "DIC_01": 0.0, "DIC_02": 0.0, "DIC_03": 0.08, "DIC_04": 1.02, "DIC_05": 0.0, "DIC_06": 0.0, "DIC_07": 0.0, "DIC_08": 0.0, "DIC_09": 1.76, "DIC_10": 10.18, "DIC_11": 0.0, "DIC_12": 0.0, "FIC_01": 0.0, "FIC_02": 0.0, "FIC_03": 1.0, "FIC_04": 1.0, "FIC_05": 0.0, "FIC_06": 0.0, "FIC_07": 0.0, "FIC_08": 0.0, "FIC_09": 1.0, "FIC_10": 1.0, "FIC_11": 0.0, "FIC_12": 0.0, "SEMRED": 0, "DESCR": " ", "COD_ID": "89c714f1953a8c73566b33f3701f1149a03c0f0c30130135ef855381ba57e23a", "__layer": "UCBT_tab" }, "geometry": null },
{ "type": "Feature", "properties": { "DIST": 390, "PAC": "33823162739610324L", "RAMAL": "9722283S1", "PN_CON": "812224", "UNI_TR_MT": "14433230", "CTMT": "TTI0114", "UNI_TR_AT": "DTTI-EQ-TR1", "SUB": "DTTI", "CONJ": 12986, "MUN": "3550308", "CEG_GD": " ", "BRR": "R CONS COTEGIPE 922 BELENZINHO", "CEP": "03058-000", "CLAS_SUB": "RE1", "CNAE": " ", "TIP_CC": "RES-Tipo02", "FAS_CON": "ABCN", "GRU_TEN": "BT", "TEN_FORN": "10", "GRU_TAR": "B1", "SIT_ATIV": "AT", "DAT_CON": "01/03/1983", "CAR_INST": 8.9, "LIV": 0, "ARE_LOC": "UB", "TIP_SIST": "RD_INTERLIG", "ENE_01": 106.57, "ENE_02": 221.0, "ENE_03": 160.0, "ENE_04": 202.0, "ENE_05": 166.0, "ENE_06": 131.0, "ENE_07": 161.0, "ENE_08": 183.0, "ENE_09": 249.0, "ENE_10": 201.0, "ENE_11": 135.0, "ENE_12": 178.64, "DIC_01": 0.0, "DIC_02": 0.0, "DIC_03": 0.08, "DIC_04": 1.02, "DIC_05": 0.0, "DIC_06": 0.0, "DIC_07": 0.0, "DIC_08": 0.0, "DIC_09": 1.76, "DIC_10": 10.18, "DIC_11": 0.0, "DIC_12": 0.0, "FIC_01": 0.0, "FIC_02": 0.0, "FIC_03": 1.0, "FIC_04": 1.0, "FIC_05": 0.0, "FIC_06": 0.0, "FIC_07": 0.0, "FIC_08": 0.0, "FIC_09": 1.0, "FIC_10": 1.0, "FIC_11": 0.0, "FIC_12": 0.0, "SEMRED": 0, "DESCR": " ", "COD_ID": "573eec9ee02a80fd7b0a3d9c106fd68ee5b1ef48869f795a988559c6fcec766f", "__layer": "UCBT_tab" }, "geometry": null },
{ "type": "Feature", "properties": { "DIST": 390, "PAC": "33827511739613189L", "RAMAL": "421641950S1", "PN_CON": "813410", "UNI_TR_MT": "14433230", "CTMT": "TTI0114", "UNI_TR_AT": "DTTI-EQ-TR1", "SUB": "DTTI", "CONJ": 12986, "MUN": "3550308", "CEG_GD": " ", "BRR": "R CONS COTEGIPE 960 BELENZINHO", "CEP": "03058-000", "CLAS_SUB": "RE1", "CNAE": " ", "TIP_CC": "RES-Tipo05", "FAS_CON": "ABN", "GRU_TEN": "BT", "TEN_FORN": "10", "GRU_TAR": "B1", "SIT_ATIV": "AT", "DAT_CON": "01/07/1979", "CAR_INST": 8.0, "LIV": 0, "ARE_LOC": "UB", "TIP_SIST": "RD_INTERLIG", "ENE_01": 245.66, "ENE_02": 489.0, "ENE_03": 516.0, "ENE_04": 554.0, "ENE_05": 527.0, "ENE_06": 534.0, "ENE_07": 511.0, "ENE_08": 558.0, "ENE_09": 554.0, "ENE_10": 504.0, "ENE_11": 493.0, "ENE_12": 441.76, "DIC_01": 0.0, "DIC_02": 0.0, "DIC_03": 0.08, "DIC_04": 1.02, "DIC_05": 0.0, "DIC_06": 0.0, "DIC_07": 0.0, "DIC_08": 0.0, "DIC_09": 1.76, "DIC_10": 10.18, "DIC_11": 0.0, "DIC_12": 0.0, "FIC_01": 0.0, "FIC_02": 0.0, "FIC_03": 1.0, "FIC_04": 1.0, "FIC_05": 0.0, "FIC_06": 0.0, "FIC_07": 0.0, "FIC_08": 0.0, "FIC_09": 1.0, "FIC_10": 1.0, "FIC_11": 0.0, "FIC_12": 0.0, "SEMRED": 0, "DESCR": " ", "COD_ID": "05272fbfb19e3b582719af469b3a078c82cfdeeaaa0408d4990c19c55afa6203", "__layer": "UCBT_tab" }, "geometry": null },
{ "type": "Feature", "properties": { "DIST": 390, "PAC": "33826185739613742L", "RAMAL": "421783776S1", "PN_CON": "813229", "UNI_TR_MT": "14433291", "CTMT": "TTI0114", "UNI_TR_AT": "DTTI-EQ-TR1", "SUB": "DTTI", "CONJ": 12986, "MUN": "3550308", "CEG_GD": " ", "BRR": "R CONS COTEGIPE 933 BELENZINHO", "CEP": "03058-000", "CLAS_SUB": "CO9", "CNAE": "8511-2/00", "TIP_CC": "COM-Tipo05", "FAS_CON": "ABCN", "GRU_TEN": "BT", "TEN_FORN": "10", "GRU_TAR": "B3", "SIT_ATIV": "AT", "DAT_CON": "01/04/1973", "CAR_INST": 247.4, "LIV": 0, "ARE_LOC": "UB", "TIP_SIST": "RD_INTERLIG", "ENE_01": 4384.8, "ENE_02": 2954.4, "ENE_03": 4343.936, "ENE_04": 5472.0, "ENE_05": 4051.2, "ENE_06": 2925.6, "ENE_07": 2205.5, "ENE_08": 1524.02, "ENE_09": 3024.0, "ENE_10": 3804.0, "ENE_11": 2156.57, "ENE_12": 3873.91, "DIC_01": 0.0, "DIC_02": 0.0, "DIC_03": 0.08, "DIC_04": 1.02, "DIC_05": 0.0, "DIC_06": 0.0, "DIC_07": 0.0, "DIC_08": 0.0, "DIC_09": 1.76, "DIC_10": 0.0, "DIC_11": 0.0, "DIC_12": 0.0, "FIC_01": 0.0, "FIC_02": 0.0, "FIC_03": 1.0, "FIC_04": 1.0, "FIC_05": 0.0, "FIC_06": 0.0, "FIC_07": 0.0, "FIC_08": 0.0, "FIC_09": 1.0, "FIC_10": 0.0, "FIC_11": 0.0, "FIC_12": 0.0, "SEMRED": 0, "DESCR": " ", "COD_ID": "3c2fd2329154a3e1d00662f9d9244e0e0b1039caf9fdaede66c79cf50de59780", "__layer": "UCBT_tab" }, "geometry": null },
{ "type": "Feature", "properties": { "DIST": 390, "PAC": "33822980739612139L", "RAMAL": "421538012S1", "PN_CON": "812224", "UNI_TR_MT": "14433230", "CTMT": "TTI0114", "UNI_TR_AT": "DTTI-EQ-TR1", "SUB": "DTTI", "CONJ": 12986, "MUN": "3550308", "CEG_GD": " ", "BRR": "R CONS COTEGIPE 913 BELENZINHO", "CEP": "03058-000", "CLAS_SUB": "RE1", "CNAE": " ", "TIP_CC": "RES-Tipo03", "FAS_CON": "ABN", "GRU_TEN": "BT", "TEN_FORN": "10", "GRU_TAR": "B1", "SIT_ATIV": "AT", "DAT_CON": "01/01/1961", "CAR_INST": 10.5, "LIV": 0, "ARE_LOC": "UB", "TIP_SIST": "RD_INTERLIG", "ENE_01": 86.05, "ENE_02": 168.0, "ENE_03": 179.0, "ENE_04": 194.0, "ENE_05": 148.0, "ENE_06": 171.0, "ENE_07": 30.0, "ENE_08": 204.0, "ENE_09": 1.0, "ENE_10": 30.0, "ENE_11": 30.0, "ENE_12": 29.12, "DIC_01": 0.0, "DIC_02": 0.0, "DIC_03": 0.08, "DIC_04": 1.02, "DIC_05": 0.0, "DIC_06": 0.0, "DIC_07": 0.0, "DIC_08": 0.0, "DIC_09": 1.76, "DIC_10": 10.18, "DIC_11": 0.0, "DIC_12": 0.0, "FIC_01": 0.0, "FIC_02": 0.0, "FIC_03": 1.0, "FIC_04": 1.0, "FIC_05": 0.0, "FIC_06": 0.0, "FIC_07": 0.0, "FIC_08": 0.0, "FIC_09": 1.0, "FIC_10": 1.0, "FIC_11": 0.0, "FIC_12": 0.0, "SEMRED": 0, "DESCR": " ", "COD_ID": "fd26d7ad2e40df8ee758084e2d250dd63fc8d5688780506a10a2db2ca48a802b", "__layer": "UCBT_tab" }, "geometry": null },
{ "type": "Feature", "properties": { "DIST": 390, "PAC": "33819640739611265L", "RAMAL": "421649667S1", "PN_CON": "811341", "UNI_TR_MT": "14433230", "CTMT": "TTI0114", "UNI_TR_AT": "DTTI-EQ-TR1", "SUB": "DTTI", "CONJ": 12986, "MUN": "3550308", "CEG_GD": " ", "BRR": "R CONS COTEGIPE 887 BELENZINHO", "CEP": "03058-000", "CLAS_SUB": "RE1", "CNAE": " ", "TIP_CC": "RES-Tipo01", "FAS_CON": "ABN", "GRU_TEN": "BT", "TEN_FORN": "10", "GRU_TAR": "B1", "SIT_ATIV": "AT", "DAT_CON": "01/02/1966", "CAR_INST": 6.0, "LIV": 0, "ARE_LOC": "UB", "TIP_SIST": "RD_INTERLIG", "ENE_01": 36.52, "ENE_02": 75.0, "ENE_03": 72.0, "ENE_04": 69.0, "ENE_05": 66.0, "ENE_06": 62.0, "ENE_07": 30.0, "ENE_08": 0.0, "ENE_09": 0.0, "ENE_10": 0.0, "ENE_11": 56.0, "ENE_12": 359.24, "DIC_01": 0.0, "DIC_02": 0.0, "DIC_03": 0.08, "DIC_04": 1.02, "DIC_05": 0.0, "DIC_06": 0.0, "DIC_07": 0.0, "DIC_08": 0.0, "DIC_09": 0.0, "DIC_10": 0.0, "DIC_11": 0.0, "DIC_12": 0.0, "FIC_01": 0.0, "FIC_02": 0.0, "FIC_03": 1.0, "FIC_04": 1.0, "FIC_05": 0.0, "FIC_06": 0.0, "FIC_07": 0.0, "FIC_08": 0.0, "FIC_09": 0.0, "FIC_10": 0.0, "FIC_11": 0.0, "FIC_12": 0.0, "SEMRED": 0, "DESCR": " ", "COD_ID": "54c2dc8745eea3651e7003fc1a64426881f3a65a91b6acd8ef53437aa3d0a998", "__layer": "UCBT_tab" }, "geometry": null },
{ "type": "Feature", "properties": { "DIST": 390, "PAC": "33817312739610887L", "RAMAL": "421827799S1", "PN_CON": "810833", "UNI_TR_MT": "14433230", "CTMT": "TTI0114", "UNI_TR_AT": "DTTI-EQ-TR1", "SUB": "DTTI", "CONJ": 12986, "MUN": "3550308", "CEG_GD": " ", "BRR": "R CONS COTEGIPE 857 BELENZINHO", "CEP": "03058-000", "CLAS_SUB": "CO1", "CNAE": "4721-1/02", "TIP_CC": "COM-Tipo05", "FAS_CON": "ABN", "GRU_TEN": "BT", "TEN_FORN": "10", "GRU_TAR": "B3", "SIT_ATIV": "AT", "DAT_CON": "01/06/1986", "CAR_INST": 11.0, "LIV": 0, "ARE_LOC": "UB", "TIP_SIST": "RD_INTERLIG", "ENE_01": 2032.0, "ENE_02": 1917.0, "ENE_03": 3487.324, "ENE_04": 3371.0, "ENE_05": 3500.0, "ENE_06": 3319.0, "ENE_07": 3143.28, "ENE_08": 1255.99, "ENE_09": 3027.0, "ENE_10": 3233.0, "ENE_11": 1664.39, "ENE_12": 2652.73, "DIC_01": 0.0, "DIC_02": 0.0, "DIC_03": 0.08, "DIC_04": 1.02, "DIC_05": 0.0, "DIC_06": 0.0, "DIC_07": 0.0, "DIC_08": 0.0, "DIC_09": 1.76, "DIC_10": 10.18, "DIC_11": 0.0, "DIC_12": 0.0, "FIC_01": 0.0, "FIC_02": 0.0, "FIC_03": 1.0, "FIC_04": 1.0, "FIC_05": 0.0, "FIC_06": 0.0, "FIC_07": 0.0, "FIC_08": 0.0, "FIC_09": 1.0, "FIC_10": 1.0, "FIC_11": 0.0, "FIC_12": 0.0, "SEMRED": 0, "DESCR": " ", "COD_ID": "100f00f387c51d7ede53d65be06dafc663094b13725cb7fd6a7957c3735126c2", "__layer": "UCBT_tab" }, "geometry": null },
{ "type": "Feature", "properties": { "DIST": 390, "PAC": "33831114739612071L", "RAMAL": "9727858S1", "PN_CON": "814231", "UNI_TR_MT": "14433230", "CTMT": "TTI0114", "UNI_TR_AT": "DTTI-EQ-TR1", "SUB": "DTTI", "CONJ": 12986, "MUN": "3550308", "CEG_GD": " ", "BRR": "R CONS COTEGIPE 996 BELENZINHO", "CEP": "03058-000", "CLAS_SUB": "RE1", "CNAE": " ", "TIP_CC": "RES-Tipo05", "FAS_CON": "ABN", "GRU_TEN": "BT", "TEN_FORN": "10", "GRU_TAR": "B1", "SIT_ATIV": "AT", "DAT_CON": "01/04/1976", "CAR_INST": 4.5, "LIV": 0, "ARE_LOC": "UB", "TIP_SIST": "RD_INTERLIG", "ENE_01": 252.16, "ENE_02": 407.0, "ENE_03": 444.0, "ENE_04": 516.0, "ENE_05": 381.0, "ENE_06": 368.0, "ENE_07": 281.0, "ENE_08": 307.0, "ENE_09": 405.0, "ENE_10": 372.0, "ENE_11": 383.0, "ENE_12": 445.65, "DIC_01": 0.0, "DIC_02": 0.0, "DIC_03": 0.08, "DIC_04": 1.02, "DIC_05": 0.0, "DIC_06": 0.0, "DIC_07": 0.0, "DIC_08": 0.0, "DIC_09": 1.76, "DIC_10": 10.18, "DIC_11": 0.0, "DIC_12": 0.0, "FIC_01": 0.0, "FIC_02": 0.0, "FIC_03": 1.0, "FIC_04": 1.0, "FIC_05": 0.0, "FIC_06": 0.0, "FIC_07": 0.0, "FIC_08": 0.0, "FIC_09": 1.0, "FIC_10": 1.0, "FIC_11": 0.0, "FIC_12": 0.0, "SEMRED": 0, "DESCR": " ", "COD_ID": "326a4e1084305b1fd5870d5c598cb3d402e5ac5520d9e1d933734578f4383cca", "__layer": "UCBT_tab" }, "geometry": null },
{ "type": "Feature", "properties": { "DIST": 390, "PAC": "33834327739614847L", "RAMAL": "421357725S1", "PN_CON": "815324", "UNI_TR_MT": "14433230", "CTMT": "TTI0114", "UNI_TR_AT": "DTTI-EQ-TR1", "SUB": "DTTI", "CONJ": 12986, "MUN": "3550308", "CEG_GD": " ", "BRR": "R CONS COTEGIPE 1040 BELENZINHO", "CEP": "03058-000", "CLAS_SUB": "RE1", "CNAE": " ", "TIP_CC": "RES-Tipo02", "FAS_CON": "ABN", "GRU_TEN": "BT", "TEN_FORN": "10", "GRU_TAR": "B1", "SIT_ATIV": "AT", "DAT_CON": "01/07/1982", "CAR_INST": 4.7, "LIV": 0, "ARE_LOC": "UB", "TIP_SIST": "RD_INTERLIG", "ENE_01": 100.06, "ENE_02": 179.0, "ENE_03": 178.0, "ENE_04": 202.0, "ENE_05": 191.0, "ENE_06": 229.0, "ENE_07": 13.0, "ENE_08": 4.0, "ENE_09": 11.0, "ENE_10": 30.0, "ENE_11": 30.0, "ENE_12": 29.12, "DIC_01": 0.0, "DIC_02": 0.0, "DIC_03": 0.08, "DIC_04": 1.02, "DIC_05": 0.0, "DIC_06": 0.0, "DIC_07": 0.0, "DIC_08": 0.0, "DIC_09": 1.76, "DIC_10": 10.18, "DIC_11": 0.0, "DIC_12": 0.0, "FIC_01": 0.0, "FIC_02": 0.0, "FIC_03": 1.0, "FIC_04": 1.0, "FIC_05": 0.0, "FIC_06": 0.0, "FIC_07": 0.0, "FIC_08": 0.0, "FIC_09": 1.0, "FIC_10": 1.0, "FIC_11": 0.0, "FIC_12": 0.0, "SEMRED": 0, "DESCR": " ", "COD_ID": "09651392da0d7aee54bd0f8d1d358a02c302390a7062ccc5ebfa5cf05f74c10d", "__layer": "UCBT_tab" }, "geometry": null },
{ "type": "Feature", "properties": { "DIST": 390, "PAC": "33793930739604345L", "RAMAL": "9700774S1", "PN_CON": "458185131", "UNI_TR_MT": "14432141", "CTMT": "TTI0114", "UNI_TR_AT": "DTTI-EQ-TR1", "SUB": "DTTI", "CONJ": 12986, "MUN": "3550308", "CEG_GD": " ", "BRR": "R CONS COTEGIPE 614 BELENZINHO", "CEP": "03058-000", "CLAS_SUB": "IN", "CNAE": "4399-1/03", "TIP_CC": "IND-Tipo05", "FAS_CON": "ABN", "GRU_TEN": "BT", "TEN_FORN": "10", "GRU_TAR": "B3", "SIT_ATIV": "AT", "DAT_CON": "01/12/1980", "CAR_INST": 48.3, "LIV": 0, "ARE_LOC": "UB", "TIP_SIST": "RD_INTERLIG", "ENE_01": 120.0, "ENE_02": 80.0, "ENE_03": 120.0, "ENE_04": 120.0, "ENE_05": 200.0, "ENE_06": 120.0, "ENE_07": 200.0, "ENE_08": 200.0, "ENE_09": 160.0, "ENE_10": 320.0, "ENE_11": 160.0, "ENE_12": 153.78, "DIC_01": 0.0, "DIC_02": 0.0, "DIC_03": 0.08, "DIC_04": 1.02, "DIC_05": 0.0, "DIC_06": 0.0, "DIC_07": 0.0, "DIC_08": 0.0, "DIC_09": 4.99, "DIC_10": 0.0, "DIC_11": 0.0, "DIC_12": 0.0, "FIC_01": 0.0, "FIC_02": 0.0, "FIC_03": 1.0, "FIC_04": 1.0, "FIC_05": 0.0, "FIC_06": 0.0, "FIC_07": 0.0, "FIC_08": 0.0, "FIC_09": 2.0, "FIC_10": 0.0, "FIC_11": 0.0, "FIC_12": 0.0, "SEMRED": 0, "DESCR": " ", "COD_ID": "b7aa7ee6c3fb1467916ad3e659def509073aef3a65e508dd74415fce5987b8f1", "__layer": "UCBT_tab" }, "geometry": null },
{ "type": "Feature", "properties": { "DIST": 390, "PAC": "33795511739604842L", "RAMAL": "421783897S1", "PN_CON": "805034", "UNI_TR_MT": "14432141", "CTMT": "TTI0114", "UNI_TR_AT": "DTTI-EQ-TR1", "SUB": "DTTI", "CONJ": 12986, "MUN": "3550308", "CEG_GD": " ", "BRR": "R CONS COTEGIPE 640 BELENZINHO", "CEP": "03058-000", "CLAS_SUB": "RE2", "CNAE": " ", "TIP_CC": "RES-Tipo04", "FAS_CON": "ABN", "GRU_TEN": "BT", "TEN_FORN": "10", "GRU_TAR": "B1BR", "SIT_ATIV": "AT", "DAT_CON": "01/12/1977", "CAR_INST": 2.1, "LIV": 0, "ARE_LOC": "UB", "TIP_SIST": "RD_INTERLIG", "ENE_01": 166.61, "ENE_02": 291.0, "ENE_03": 346.0, "ENE_04": 343.0, "ENE_05": 177.0, "ENE_06": 246.0, "ENE_07": 262.0, "ENE_08": 359.0, "ENE_09": 323.0, "ENE_10": 362.0, "ENE_11": 354.0, "ENE_12": 365.06, "DIC_01": 0.0, "DIC_02": 0.0, "DIC_03": 0.08, "DIC_04": 1.02, "DIC_05": 0.0, "DIC_06": 0.0, "DIC_07": 0.0, "DIC_08": 0.0, "DIC_09": 4.99, "DIC_10": 0.0, "DIC_11": 0.0, "DIC_12": 0.0, "FIC_01": 0.0, "FIC_02": 0.0, "FIC_03": 1.0, "FIC_04": 1.0, "FIC_05": 0.0, "FIC_06": 0.0, "FIC_07": 0.0, "FIC_08": 0.0, "FIC_09": 2.0, "FIC_10": 0.0, "FIC_11": 0.0, "FIC_12": 0.0, "SEMRED": 0, "DESCR": " ", "COD_ID": "094372d0d8881dac03ba460f1df45e69eb721e51ea93a87d97b339ecadcfb629", "__layer": "UCBT_tab" }, "geometry": null },
{ "type": "Feature", "properties": { "DIST": 390, "PAC": "33800176739605933L", "RAMAL": "421513871S1", "PN_CON": "806172", "UNI_TR_MT": "14432141", "CTMT": "TTI0114", "UNI_TR_AT": "DTTI-EQ-TR1", "SUB": "DTTI", "CONJ": 12986, "MUN": "3550308", "CEG_GD": " ", "BRR": "R CONS COTEGIPE 670 BELENZINHO", "CEP": "03058-000", "CLAS_SUB": "RE1", "CNAE": " ", "TIP_CC": "RES-Tipo01", "FAS_CON": "ABCN", "GRU_TEN": "BT", "TEN_FORN": "10", "GRU_TAR": "B1", "SIT_ATIV": "AT", "DAT_CON": "01/01/1956", "CAR_INST": 9.9, "LIV": 0, "ARE_LOC": "UB", "TIP_SIST": "RD_INTERLIG", "ENE_01": 15.01, "ENE_02": 30.0, "ENE_03": 16.0, "ENE_04": 15.0, "ENE_05": 30.0, "ENE_06": 30.0, "ENE_07": 18.0, "ENE_08": 18.0, "ENE_09": 30.0, "ENE_10": 30.0, "ENE_11": 24.0, "ENE_12": 29.12, "DIC_01": 0.0, "DIC_02": 0.0, "DIC_03": 0.08, "DIC_04": 1.02, "DIC_05": 0.0, "DIC_06": 0.0, "DIC_07": 0.0, "DIC_08": 0.0, "DIC_09": 4.99, "DIC_10": 0.0, "DIC_11": 0.0, "DIC_12": 0.0, "FIC_01": 0.0, "FIC_02": 0.0, "FIC_03": 1.0, "FIC_04": 1.0, "FIC_05": 0.0, "FIC_06": 0.0, "FIC_07": 0.0, "FIC_08": 0.0, "FIC_09": 2.0, "FIC_10": 0.0, "FIC_11": 0.0, "FIC_12": 0.0, "SEMRED": 0, "DESCR": " ", "COD_ID": "630a678ccf7886b20ead4af6cef98590ff966b8bce329d594ce13d5a1020037a", "__layer": "UCBT_tab" }, "geometry": null },
{ "type": "Feature", "properties": { "DIST": 390, "PAC": "33800107739605961L", "RAMAL": "421513853S1", "PN_CON": "806172", "UNI_TR_MT": "14432141", "CTMT": "TTI0114", "UNI_TR_AT": "DTTI-EQ-TR1", "SUB": "DTTI", "CONJ": 12986, "MUN": "3550308", "CEG_GD": " ", "BRR": "R CONS COTEGIPE 678 BELENZINHO", "CEP": "03058-000", "CLAS_SUB": "RE1", "CNAE": " ", "TIP_CC": "RES-Tipo02", "FAS_CON": "ABN", "GRU_TEN": "BT", "TEN_FORN": "10", "GRU_TAR": "B1", "SIT_ATIV": "AT", "DAT_CON": "01/08/1951", "CAR_INST": 3.0, "LIV": 0, "ARE_LOC": "UB", "TIP_SIST": "RD_INTERLIG", "ENE_01": 33.52, "ENE_02": 74.0, "ENE_03": 86.0, "ENE_04": 86.0, "ENE_05": 96.0, "ENE_06": 87.0, "ENE_07": 78.0, "ENE_08": 76.0, "ENE_09": 89.0, "ENE_10": 99.0, "ENE_11": 88.0, "ENE_12": 83.49, "DIC_01": 0.0, "DIC_02": 0.0, "DIC_03": 0.08, "DIC_04": 1.02, "DIC_05": 0.0, "DIC_06": 0.0, "DIC_07": 0.0, "DIC_08": 0.0, "DIC_09": 4.99, "DIC_10": 0.0, "DIC_11": 0.0, "DIC_12": 0.0, "FIC_01": 0.0, "FIC_02": 0.0, "FIC_03": 1.0, "FIC_04": 1.0, "FIC_05": 0.0, "FIC_06": 0.0, "FIC_07": 0.0, "FIC_08": 0.0, "FIC_09": 2.0, "FIC_10": 0.0, "FIC_11": 0.0, "FIC_12": 0.0, "SEMRED": 0, "DESCR": " ", "COD_ID": "96df473b0ef65c64e65110b951b91702ea3e061ab90299f5ff04c149248e6b2c", "__layer": "UCBT_tab" }, "geometry": null },
{ "type": "Feature", "properties": { "DIST": 390, "PAC": "33803927739606595L", "RAMAL": "9708347S1", "PN_CON": "807149", "UNI_TR_MT": "14432600", "CTMT": "TTI0114", "UNI_TR_AT": "DTTI-EQ-TR1", "SUB": "DTTI", "CONJ": 12986, "MUN": "3550308", "CEG_GD": " ", "BRR": "R CONS COTEGIPE 713 BELENZINHO", "CEP": "03058-000", "CLAS_SUB": "RE1", "CNAE": " ", "TIP_CC": "RES-Tipo01", "FAS_CON": "ABN", "GRU_TEN": "BT", "TEN_FORN": "10", "GRU_TAR": "B1", "SIT_ATIV": "AT", "DAT_CON": "01/05/1985", "CAR_INST": 3.0, "LIV": 0, "ARE_LOC": "UB", "TIP_SIST": "RD_INTERLIG", "ENE_01": 104.07, "ENE_02": 94.0, "ENE_03": 87.0, "ENE_04": 116.0, "ENE_05": 91.0, "ENE_06": 91.0, "ENE_07": 73.0, "ENE_08": 93.0, "ENE_09": 95.0, "ENE_10": 30.0, "ENE_11": 30.0, "ENE_12": 29.12, "DIC_01": 0.0, "DIC_02": 0.0, "DIC_03": 0.08, "DIC_04": 1.02, "DIC_05": 0.0, "DIC_06": 0.0, "DIC_07": 0.0, "DIC_08": 0.0, "DIC_09": 1.76, "DIC_10": 0.0, "DIC_11": 0.0, "DIC_12": 0.0, "FIC_01": 0.0, "FIC_02": 0.0, "FIC_03": 1.0, "FIC_04": 1.0, "FIC_05": 0.0, "FIC_06": 0.0, "FIC_07": 0.0, "FIC_08": 0.0, "FIC_09": 1.0, "FIC_10": 0.0, "FIC_11": 0.0, "FIC_12": 0.0, "SEMRED": 0, "DESCR": " ", "COD_ID": "55ce52a03df59f0fe7ee8c5e8e96f106278fe1a6433011c93bc5572cdbf30a94", "__layer": "UCBT_tab" }, "geometry": null },
{ "type": "Feature", "properties": { "DIST": 390, "PAC": "33800131739605954L", "RAMAL": "421513859S1", "PN_CON": "806172", "UNI_TR_MT": "14432141", "CTMT": "TTI0114", "UNI_TR_AT": "DTTI-EQ-TR1", "SUB": "DTTI", "CONJ": 12986, "MUN": "3550308", "CEG_GD": " ", "BRR": "R CONS COTEGIPE 693 BELENZINHO", "CEP": "03058-000", "CLAS_SUB": "RE1", "CNAE": " ", "TIP_CC": "RES-Tipo05", "FAS_CON": "ABN", "GRU_TEN": "BT", "TEN_FORN": "10", "GRU_TAR": "B1", "SIT_ATIV": "AT", "DAT_CON": "01/02/1950", "CAR_INST": 8.9, "LIV": 0, "ARE_LOC": "UB", "TIP_SIST": "RD_INTERLIG", "ENE_01": 234.15, "ENE_02": 236.0, "ENE_03": 190.0, "ENE_04": 215.0, "ENE_05": 216.0, "ENE_06": 215.0, "ENE_07": 206.0, "ENE_08": 212.0, "ENE_09": 225.0, "ENE_10": 252.0, "ENE_11": 219.0, "ENE_12": 199.03, "DIC_01": 0.0, "DIC_02": 0.0, "DIC_03": 0.08, "DIC_04": 1.02, "DIC_05": 0.0, "DIC_06": 0.0, "DIC_07": 0.0, "DIC_08": 0.0, "DIC_09": 4.99, "DIC_10": 0.0, "DIC_11": 0.0, "DIC_12": 0.0, "FIC_01": 0.0, "FIC_02": 0.0, "FIC_03": 1.0, "FIC_04": 1.0, "FIC_05": 0.0, "FIC_06": 0.0, "FIC_07": 0.0, "FIC_08": 0.0, "FIC_09": 2.0, "FIC_10": 0.0, "FIC_11": 0.0, "FIC_12": 0.0, "SEMRED": 0, "DESCR": " ", "COD_ID": "42fee9811356586a0bfd00ef409f41591fad2bfab9dbd040f19f72d70d3c66cd", "__layer": "UCBT_tab" }, "geometry": null },
{ "type": "Feature", "properties": { "DIST": 390, "PAC": "33795650739604872L", "RAMAL": "421783863S1", "PN_CON": "805034", "UNI_TR_MT": "14432141", "CTMT": "TTI0114", "UNI_TR_AT": "DTTI-EQ-TR1", "SUB": "DTTI", "CONJ": 12986, "MUN": "3550308", "CEG_GD": " ", "BRR": "R CONS COTEGIPE 625 BELENZINHO", "CEP": "03058-000", "CLAS_SUB": "RE1", "CNAE": " ", "TIP_CC": "RES-Tipo04", "FAS_CON": "ABN", "GRU_TEN": "BT", "TEN_FORN": "10", "GRU_TAR": "B1", "SIT_ATIV": "AT", "DAT_CON": "01/07/1956", "CAR_INST": 0.3, "LIV": 0, "ARE_LOC": "UB", "TIP_SIST": "RD_INTERLIG", "ENE_01": 139.59, "ENE_02": 238.0, "ENE_03": 252.0, "ENE_04": 254.0, "ENE_05": 303.0, "ENE_06": 273.0, "ENE_07": 245.0, "ENE_08": 289.0, "ENE_09": 253.0, "ENE_10": 285.0, "ENE_11": 269.0, "ENE_12": 241.75, "DIC_01": 0.0, "DIC_02": 0.0, "DIC_03": 0.08, "DIC_04": 1.02, "DIC_05": 0.0, "DIC_06": 0.0, "DIC_07": 0.0, "DIC_08": 0.0, "DIC_09": 4.99, "DIC_10": 0.0, "DIC_11": 0.0, "DIC_12": 0.0, "FIC_01": 0.0, "FIC_02": 0.0, "FIC_03": 1.0, "FIC_04": 1.0, "FIC_05": 0.0, "FIC_06": 0.0, "FIC_07": 0.0, "FIC_08": 0.0, "FIC_09": 2.0, "FIC_10": 0.0, "FIC_11": 0.0, "FIC_12": 0.0, "SEMRED": 0, "DESCR": " ", "COD_ID": "fcf079a54025dd0de1e672661012973c2d3b1db6f938366bac6ae7a1eddf6bab", "__layer": "UCBT_tab" }, "geometry": null },
{ "type": "Feature", "properties": { "DIST": 390, "PAC": "33778669739601079L", "RAMAL": "421421381S1", "PN_CON": "800403", "UNI_TR_MT": "14427639", "CTMT": "TTI0114", "UNI_TR_AT": "DTTI-EQ-TR1", "SUB": "DTTI", "CONJ": 12986, "MUN": "3550308", "CEG_GD": " ", "BRR": "R CONS COTEGIPE 472 BELENZINHO", "CEP": "03058-000", "CLAS_SUB": "RE1", "CNAE": " ", "TIP_CC": "RES-Tipo01", "FAS_CON": "ABN", "GRU_TEN": "BT", "TEN_FORN": "10", "GRU_TAR": "B1", "SIT_ATIV": "AT", "DAT_CON": "01/01/1986", "CAR_INST": 10.0, "LIV": 0, "ARE_LOC": "UB", "TIP_SIST": "RD_INTERLIG", "ENE_01": 15.01, "ENE_02": 30.0, "ENE_03": 30.0, "ENE_04": 30.0, "ENE_05": 30.0, "ENE_06": 30.0, "ENE_07": 30.0, "ENE_08": 30.0, "ENE_09": 30.0, "ENE_10": 30.0, "ENE_11": 30.0, "ENE_12": 29.12, "DIC_01": 0.0, "DIC_02": 0.0, "DIC_03": 0.08, "DIC_04": 1.02, "DIC_05": 0.0, "DIC_06": 0.0, "DIC_07": 0.0, "DIC_08": 0.0, "DIC_09": 4.99, "DIC_10": 0.0, "DIC_11": 0.0, "DIC_12": 0.0, "FIC_01": 0.0, "FIC_02": 0.0, "FIC_03": 1.0, "FIC_04": 1.0, "FIC_05": 0.0, "FIC_06": 0.0, "FIC_07": 0.0, "FIC_08": 0.0, "FIC_09": 2.0, "FIC_10": 0.0, "FIC_11": 0.0, "FIC_12": 0.0, "SEMRED": 0, "DESCR": " ", "COD_ID": "f3d83fd48a6ccf4661ff1dd6200e6b2468dbbb9e29adac13a07d6255b261f4e0", "__layer": "UCBT_tab" }, "geometry": null },
{ "type": "Feature", "properties": { "DIST": 390, "PAC": "33781249739601561L", "RAMAL": "421410822S1", "PN_CON": "801160", "UNI_TR_MT": "14427639", "CTMT": "TTI0114", "UNI_TR_AT": "DTTI-EQ-TR1", "SUB": "DTTI", "CONJ": 12986, "MUN": "3550308", "CEG_GD": " ", "BRR": "R CONS COTEGIPE 498 BELENZINHO", "CEP": "03058-000", "CLAS_SUB": "RE1", "CNAE": " ", "TIP_CC": "RES-Tipo02", "FAS_CON": "ABN", "GRU_TEN": "BT", "TEN_FORN": "10", "GRU_TAR": "B1", "SIT_ATIV": "AT", "DAT_CON": "01/01/1957", "CAR_INST": 0.3, "LIV": 0, "ARE_LOC": "UB", "TIP_SIST": "RD_INTERLIG", "ENE_01": 68.54, "ENE_02": 130.0, "ENE_03": 156.0, "ENE_04": 141.0, "ENE_05": 160.0, "ENE_06": 166.0, "ENE_07": 170.0, "ENE_08": 192.0, "ENE_09": 166.0, "ENE_10": 163.0, "ENE_11": 158.0, "ENE_12": 145.63, "DIC_01": 0.0, "DIC_02": 0.0, "DIC_03": 0.08, "DIC_04": 1.02, "DIC_05": 0.0, "DIC_06": 0.0, "DIC_07": 0.0, "DIC_08": 0.0, "DIC_09": 4.99, "DIC_10": 0.0, "DIC_11": 0.0, "DIC_12": 0.0, "FIC_01": 0.0, "FIC_02": 0.0, "FIC_03": 1.0, "FIC_04": 1.0, "FIC_05": 0.0, "FIC_06": 0.0, "FIC_07": 0.0, "FIC_08": 0.0, "FIC_09": 2.0, "FIC_10": 0.0, "FIC_11": 0.0, "FIC_12": 0.0, "SEMRED": 0, "DESCR": " ", "COD_ID": "3bfd42ae7b2aa65dd741ec7743a5909774397f126173447819be485323e1b134", "__layer": "UCBT_tab" }, "geometry": null },
{ "type": "Feature", "properties": { "DIST": 390, "PAC": "33784777739602495L", "RAMAL": "421538110S1", "PN_CON": "802102", "UNI_TR_MT": "14427639", "CTMT": "TTI0114", "UNI_TR_AT": "DTTI-EQ-TR1", "SUB": "DTTI", "CONJ": 12986, "MUN": "3550308", "CEG_GD": " ", "BRR": "R CONS COTEGIPE 524 BELENZINHO", "CEP": "03058-000", "CLAS_SUB": "RE1", "CNAE": " ", "TIP_CC": "RES-Tipo01", "FAS_CON": "ABN", "GRU_TEN": "BT", "TEN_FORN": "10", "GRU_TAR": "B1", "SIT_ATIV": "AT", "DAT_CON": "01/04/1956", "CAR_INST": 3.5, "LIV": 0, "ARE_LOC": "UB", "TIP_SIST": "RD_INTERLIG", "ENE_01": 127.58, "ENE_02": 224.0, "ENE_03": 264.0, "ENE_04": 221.0, "ENE_05": 277.0, "ENE_06": 183.0, "ENE_07": 165.0, "ENE_08": 176.0, "ENE_09": 173.0, "ENE_10": 211.0, "ENE_11": 194.0, "ENE_12": 196.12, "DIC_01": 0.0, "DIC_02": 0.0, "DIC_03": 0.08, "DIC_04": 1.02, "DIC_05": 0.0, "DIC_06": 0.0, "DIC_07": 0.0, "DIC_08": 0.0, "DIC_09": 4.99, "DIC_10": 0.0, "DIC_11": 0.0, "DIC_12": 0.0, "FIC_01": 0.0, "FIC_02": 0.0, "FIC_03": 1.0, "FIC_04": 1.0, "FIC_05": 0.0, "FIC_06": 0.0, "FIC_07": 0.0, "FIC_08": 0.0, "FIC_09": 2.0, "FIC_10": 0.0, "FIC_11": 0.0, "FIC_12": 0.0, "SEMRED": 0, "DESCR": " ", "COD_ID": "d11847afd4b226f68180b1f80b26b0b71604c4cca0ab912d48e05fd2d5f3eae9", "__layer": "UCBT_tab" }, "geometry": null },
{ "type": "Feature", "properties": { "DIST": 390, "PAC": "33787343739603461L", "RAMAL": "9695775S1", "PN_CON": "357579689", "UNI_TR_MT": "14427639", "CTMT": "TTI0114", "UNI_TR_AT": "DTTI-EQ-TR1", "SUB": "DTTI", "CONJ": 12986, "MUN": "3550308", "CEG_GD": " ", "BRR": "R CONS COTEGIPE 538 BELENZINHO", "CEP": "03058-000", "CLAS_SUB": "RE2", "CNAE": " ", "TIP_CC": "RES-Tipo04", "FAS_CON": "ABN", "GRU_TEN": "BT", "TEN_FORN": "10", "GRU_TAR": "B1BR", "SIT_ATIV": "AT", "DAT_CON": "01/05/1961", "CAR_INST": 6.0, "LIV": 0, "ARE_LOC": "UB", "TIP_SIST": "RD_INTERLIG", "ENE_01": 126.58, "ENE_02": 272.0, "ENE_03": 255.0, "ENE_04": 248.0, "ENE_05": 283.0, "ENE_06": 306.0, "ENE_07": 309.0, "ENE_08": 347.0, "ENE_09": 348.0, "ENE_10": 316.0, "ENE_11": 253.0, "ENE_12": 198.06, "DIC_01": 0.0, "DIC_02": 0.0, "DIC_03": 0.08, "DIC_04": 1.02, "DIC_05": 0.0, "DIC_06": 0.0, "DIC_07": 0.0, "DIC_08": 0.0, "DIC_09": 4.99, "DIC_10": 0.0, "DIC_11": 0.0, "DIC_12": 0.0, "FIC_01": 0.0, "FIC_02": 0.0, "FIC_03": 1.0, "FIC_04": 1.0, "FIC_05": 0.0, "FIC_06": 0.0, "FIC_07": 0.0, "FIC_08": 0.0, "FIC_09": 2.0, "FIC_10": 0.0, "FIC_11": 0.0, "FIC_12": 0.0, "SEMRED": 0, "DESCR": " ", "COD_ID": "95925d7157f7eda9942049aec5217b3d9318ff2f283970f8e755f3344b989dcc", "__layer": "UCBT_tab" }, "geometry": null },
{ "type": "Feature", "properties": { "DIST": 390, "PAC": "33790514739603868L", "RAMAL": "9697746S1", "PN_CON": "803596", "UNI_TR_MT": "14432141", "CTMT": "TTI0114", "UNI_TR_AT": "DTTI-EQ-TR1", "SUB": "DTTI", "CONJ": 12986, "MUN": "3550308", "CEG_GD": " ", "BRR": "R CONS COTEGIPE 574 BELENZINHO", "CEP": "03058-000", "CLAS_SUB": "RE1", "CNAE": " ", "TIP_CC": "RES-Tipo01", "FAS_CON": "ABN", "GRU_TEN": "BT", "TEN_FORN": "10", "GRU_TAR": "B1", "SIT_ATIV": "AT", "DAT_CON": "01/05/1976", "CAR_INST": 3.0, "LIV": 0, "ARE_LOC": "UB", "TIP_SIST": "RD_INTERLIG", "ENE_01": 0.0, "ENE_02": 0.0, "ENE_03": 0.0, "ENE_04": 0.0, "ENE_05": 0.0, "ENE_06": 1443.0, "ENE_07": 1038.0, "ENE_08": 541.0, "ENE_09": 756.0, "ENE_10": 312.0, "ENE_11": 963.0, "ENE_12": 1485.5, "DIC_01": 0.0, "DIC_02": 0.0, "DIC_03": 0.0, "DIC_04": 0.0, "DIC_05": 0.0, "DIC_06": 0.0, "DIC_07": 0.0, "DIC_08": 0.0, "DIC_09": 4.99, "DIC_10": 0.0, "DIC_11": 0.0, "DIC_12": 0.0, "FIC_01": 0.0, "FIC_02": 0.0, "FIC_03": 0.0, "FIC_04": 0.0, "FIC_05": 0.0, "FIC_06": 0.0, "FIC_07": 0.0, "FIC_08": 0.0, "FIC_09": 2.0, "FIC_10": 0.0, "FIC_11": 0.0, "FIC_12": 0.0, "SEMRED": 0, "DESCR": " ", "COD_ID": "a04e27942e264da4d54c3807b1ebd9c10d64bc58533c73d7174bc46517598808", "__layer": "UCBT_tab" }, "geometry": null },
{ "type": "Feature", "properties": { "DIST": 390, "PAC": "33759583739598866L", "RAMAL": "421736509S1", "PN_CON": "794671", "UNI_TR_MT": "14426519", "CTMT": "TTI0115", "UNI_TR_AT": "DTTI-EQ-TR2", "SUB": "DTTI", "CONJ": 12986, "MUN": "3550308", "CEG_GD": " ", "BRR": "R CONS COTEGIPE 261 BELENZINHO", "CEP": "03058-000", "CLAS_SUB": "RE1", "CNAE": " ", "TIP_CC": "RES-Tipo05", "FAS_CON": "ABN", "GRU_TEN": "BT", "TEN_FORN": "10", "GRU_TAR": "B1", "SIT_ATIV": "AT", "DAT_CON": "01/09/1980", "CAR_INST": 8.8, "LIV": 0, "ARE_LOC": "UB", "TIP_SIST": "RD_INTERLIG", "ENE_01": 208.64, "ENE_02": 164.0, "ENE_03": 404.0, "ENE_04": 653.0, "ENE_05": 466.0, "ENE_06": 359.0, "ENE_07": 275.0, "ENE_08": 256.0, "ENE_09": 326.0, "ENE_10": 369.0, "ENE_11": 287.0, "ENE_12": 253.41, "DIC_01": 3.76, "DIC_02": 0.16, "DIC_03": 0.0, "DIC_04": 0.0, "DIC_05": 0.0, "DIC_06": 0.0, "DIC_07": 0.0, "DIC_08": 0.0, "DIC_09": 0.0, "DIC_10": 0.0, "DIC_11": 0.0, "DIC_12": 0.23, "FIC_01": 1.0, "FIC_02": 2.0, "FIC_03": 0.0, "FIC_04": 0.0, "FIC_05": 0.0, "FIC_06": 0.0, "FIC_07": 0.0, "FIC_08": 0.0, "FIC_09": 0.0, "FIC_10": 0.0, "FIC_11": 0.0, "FIC_12": 1.0, "SEMRED": 0, "DESCR": " ", "COD_ID": "8794b8af06beabd4162e77b66988f08ca454513de23737cd2ea49e3276f53925", "__layer": "UCBT_tab" }, "geometry": null },
{ "type": "Feature", "properties": { "DIST": 390, "PAC": "33753483739598266L", "RAMAL": "421599937S1", "PN_CON": "792896", "UNI_TR_MT": "14426519", "CTMT": "TTI0115", "UNI_TR_AT": "DTTI-EQ-TR2", "SUB": "DTTI", "CONJ": 12986, "MUN": "3550308", "CEG_GD": " ", "BRR": "R CONS COTEGIPE 211 BELENZINHO", "CEP": "03058-000", "CLAS_SUB": "RE1", "CNAE": " ", "TIP_CC": "RES-Tipo05", "FAS_CON": "ABN", "GRU_TEN": "BT", "TEN_FORN": "10", "GRU_TAR": "B1", "SIT_ATIV": "AT", "DAT_CON": "01/11/1952", "CAR_INST": 5.6, "LIV": 0, "ARE_LOC": "UB", "TIP_SIST": "RD_INTERLIG", "ENE_01": 365.74, "ENE_02": 628.0, "ENE_03": 628.0, "ENE_04": 285.0, "ENE_05": 492.0, "ENE_06": 396.0, "ENE_07": 255.0, "ENE_08": 256.0, "ENE_09": 197.0, "ENE_10": 254.0, "ENE_11": 168.0, "ENE_12": 132.04, "DIC_01": 3.76, "DIC_02": 0.16, "DIC_03": 0.0, "DIC_04": 0.0, "DIC_05": 0.0, "DIC_06": 0.0, "DIC_07": 0.0, "DIC_08": 0.0, "DIC_09": 0.0, "DIC_10": 0.0, "DIC_11": 0.0, "DIC_12": 0.23, "FIC_01": 1.0, "FIC_02": 2.0, "FIC_03": 0.0, "FIC_04": 0.0, "FIC_05": 0.0, "FIC_06": 0.0, "FIC_07": 0.0, "FIC_08": 0.0, "FIC_09": 0.0, "FIC_10": 0.0, "FIC_11": 0.0, "FIC_12": 1.0, "SEMRED": 0, "DESCR": " ", "COD_ID": "3dbb5c931d575cceec84687a44501f46d5c5e16f0ff190396272b6d164287731", "__layer": "UCBT_tab" }, "geometry": null },
{ "type": "Feature", "properties": { "DIST": 390, "PAC": "33750946739598164L", "RAMAL": "421441224S1", "PN_CON": "792224", "UNI_TR_MT": "14426186", "CTMT": "TTI0115", "UNI_TR_AT": "DTTI-EQ-TR2", "SUB": "DTTI", "CONJ": 12986, "MUN": "3550308", "CEG_GD": " ", "BRR": "R CONS COTEGIPE 183 BELENZINHO", "CEP": "03058-000", "CLAS_SUB": "CO1", "CNAE": "4755-5/02", "TIP_CC": "COM-Tipo02", "FAS_CON": "ABN", "GRU_TEN": "BT", "TEN_FORN": "10", "GRU_TAR": "B3", "SIT_ATIV": "DS", "DAT_CON": "01/12/1963", "CAR_INST": 2.0, "LIV": 0, "ARE_LOC": "UB", "TIP_SIST": "RD_INTERLIG", "ENE_01": 189.0, "ENE_02": 129.0, "ENE_03": 280.464, "ENE_04": 154.0, "ENE_05": 0.0, "ENE_06": 0.0, "ENE_07": 0.0, "ENE_08": 0.0, "ENE_09": 0.0, "ENE_10": 0.0, "ENE_11": 0.0, "ENE_12": 0.0, "DIC_01": 7.58, "DIC_02": 0.16, "DIC_03": 0.0, "DIC_04": 0.0, "DIC_05": 0.0, "DIC_06": 0.0, "DIC_07": 0.0, "DIC_08": 0.0, "DIC_09": 0.0, "DIC_10": 0.0, "DIC_11": 0.0, "DIC_12": 0.0, "FIC_01": 2.0, "FIC_02": 2.0, "FIC_03": 0.0, "FIC_04": 0.0, "FIC_05": 0.0, "FIC_06": 0.0, "FIC_07": 0.0, "FIC_08": 0.0, "FIC_09": 0.0, "FIC_10": 0.0, "FIC_11": 0.0, "FIC_12": 0.0, "SEMRED": 0, "DESCR": " ", "COD_ID": "27fce43555e9fc3406fca9252a83f3808cd06518f23cd3f1595a2ac35b023d44", "__layer": "UCBT_tab" }, "geometry": null },
{ "type": "Feature", "properties": { "DIST": 390, "PAC": "33750994739598154L", "RAMAL": "421441230S1", "PN_CON": "792224", "UNI_TR_MT": "14426186", "CTMT": "TTI0115", "UNI_TR_AT": "DTTI-EQ-TR2", "SUB": "DTTI", "CONJ": 12986, "MUN": "3550308", "CEG_GD": " ", "BRR": "R CONS COTEGIPE 173 BELENZINHO", "CEP": "03058-000", "CLAS_SUB": "RE1", "CNAE": " ", "TIP_CC": "RES-Tipo02", "FAS_CON": "ABN", "GRU_TEN": "BT", "TEN_FORN": "10", "GRU_TAR": "B1", "SIT_ATIV": "AT", "DAT_CON": "01/09/1972", "CAR_INST": 200.0, "LIV": 0, "ARE_LOC": "UB", "TIP_SIST": "RD_INTERLIG", "ENE_01": 112.07, "ENE_02": 177.0, "ENE_03": 233.0, "ENE_04": 178.0, "ENE_05": 178.0, "ENE_06": 183.0, "ENE_07": 138.0, "ENE_08": 165.0, "ENE_09": 140.0, "ENE_10": 165.0, "ENE_11": 136.0, "ENE_12": 225.25, "DIC_01": 7.58, "DIC_02": 0.16, "DIC_03": 0.0, "DIC_04": 0.0, "DIC_05": 0.0, "DIC_06": 0.0, "DIC_07": 0.0, "DIC_08": 0.0, "DIC_09": 0.0, "DIC_10": 0.0, "DIC_11": 0.0, "DIC_12": 0.23, "FIC_01": 2.0, "FIC_02": 2.0, "FIC_03": 0.0, "FIC_04": 0.0, "FIC_05": 0.0, "FIC_06": 0.0, "FIC_07": 0.0, "FIC_08": 0.0, "FIC_09": 0.0, "FIC_10": 0.0, "FIC_11": 0.0, "FIC_12": 1.0, "SEMRED": 0, "DESCR": " ", "COD_ID": "0e551d88b7df82bbd9301dcf0eddd2380198eab39caec7f5ba5e15d7916df46e", "__layer": "UCBT_tab" }, "geometry": null },
{ "type": "Feature", "properties": { "DIST": 390, "PAC": "33746826739597480L", "RAMAL": "9656009S1", "PN_CON": "790929", "UNI_TR_MT": "14426186", "CTMT": "TTI0115", "UNI_TR_AT": "DTTI-EQ-TR2", "SUB": "DTTI", "CONJ": 12986, "MUN": "3550308", "CEG_GD": " ", "BRR": "R CONS COTEGIPE 135 BELENZINHO", "CEP": "03058-000", "CLAS_SUB": "RE1", "CNAE": " ", "TIP_CC": "RES-Tipo05", "FAS_CON": "ABN", "GRU_TEN": "BT", "TEN_FORN": "10", "GRU_TAR": "B1", "SIT_ATIV": "AT", "DAT_CON": "01/11/1961", "CAR_INST": 3.0, "LIV": 0, "ARE_LOC": "UB", "TIP_SIST": "RD_INTERLIG", "ENE_01": 242.16, "ENE_02": 445.0, "ENE_03": 493.0, "ENE_04": 0.0, "ENE_05": 0.0, "ENE_06": 0.0, "ENE_07": 0.0, "ENE_08": 0.0, "ENE_09": 2153.29, "ENE_10": 574.0, "ENE_11": 482.0, "ENE_12": 450.5, "DIC_01": 7.58, "DIC_02": 0.16, "DIC_03": 0.0, "DIC_04": 0.0, "DIC_05": 0.0, "DIC_06": 0.0, "DIC_07": 0.0, "DIC_08": 0.0, "DIC_09": 0.0, "DIC_10": 0.0, "DIC_11": 0.0, "DIC_12": 46.44, "FIC_01": 2.0, "FIC_02": 2.0, "FIC_03": 0.0, "FIC_04": 0.0, "FIC_05": 0.0, "FIC_06": 0.0, "FIC_07": 0.0, "FIC_08": 0.0, "FIC_09": 0.0, "FIC_10": 0.0, "FIC_11": 0.0, "FIC_12": 2.0, "SEMRED": 0, "DESCR": " ", "COD_ID": "26e0bd4bb90534f40733a88714df1bd823d3475831b200442eea66827e564fb8", "__layer": "UCBT_tab" }, "geometry": null },
{ "type": "Feature", "properties": { "DIST": 390, "PAC": "33746706739597546L", "RAMAL": "421326377S1", "PN_CON": "790929", "UNI_TR_MT": "14426186", "CTMT": "TTI0115", "UNI_TR_AT": "DTTI-EQ-TR2", "SUB": "DTTI", "CONJ": 12986, "MUN": "3550308", "CEG_GD": " ", "BRR": "R CONS COTEGIPE 125 BELENZINHO", "CEP": "03058-000", "CLAS_SUB": "RE1", "CNAE": " ", "TIP_CC": "RES-Tipo01", "FAS_CON": "ABN", "GRU_TEN": "BT", "TEN_FORN": "10", "GRU_TAR": "B1", "SIT_ATIV": "AT", "DAT_CON": "01/04/1969", "CAR_INST": 5.6, "LIV": 0, "ARE_LOC": "UB", "TIP_SIST": "RD_INTERLIG", "ENE_01": 0.0, "ENE_02": 0.0, "ENE_03": 0.0, "ENE_04": 0.0, "ENE_05": 0.0, "ENE_06": 0.0, "ENE_07": 0.0, "ENE_08": 0.0, "ENE_09": 73.0, "ENE_10": 47.0, "ENE_11": 47.0, "ENE_12": 45.63, "DIC_01": 0.0, "DIC_02": 0.0, "DIC_03": 0.0, "DIC_04": 0.0, "DIC_05": 0.0, "DIC_06": 0.0, "DIC_07": 0.0, "DIC_08": 0.0, "DIC_09": 0.0, "DIC_10": 0.0, "DIC_11": 0.0, "DIC_12": 0.23, "FIC_01": 0.0, "FIC_02": 0.0, "FIC_03": 0.0, "FIC_04": 0.0, "FIC_05": 0.0, "FIC_06": 0.0, "FIC_07": 0.0, "FIC_08": 0.0, "FIC_09": 0.0, "FIC_10": 0.0, "FIC_11": 0.0, "FIC_12": 1.0, "SEMRED": 0, "DESCR": " ", "COD_ID": "b7f61750552c61f00edb90eef6db5b69f1ac353adff701fb7611c1923254b5f6", "__layer": "UCBT_tab" }, "geometry": null },
{ "type": "Feature", "properties": { "DIST": 390, "PAC": "33743451739597081L", "RAMAL": "421421418S1", "PN_CON": "789997", "UNI_TR_MT": "14426186", "CTMT": "TTI0115", "UNI_TR_AT": "DTTI-EQ-TR2", "SUB": "DTTI", "CONJ": 12986, "MUN": "3550308", "CEG_GD": " ", "BRR": "R CONS COTEGIPE 101 BELENZINHO", "CEP": "03058-000", "CLAS_SUB": "RE1", "CNAE": " ", "TIP_CC": "RES-Tipo01", "FAS_CON": "ABN", "GRU_TEN": "BT", "TEN_FORN": "10", "GRU_TAR": "B1", "SIT_ATIV": "AT", "DAT_CON": "01/02/1976", "CAR_INST": 5.6, "LIV": 0, "ARE_LOC": "UB", "TIP_SIST": "RD_INTERLIG", "ENE_01": 0.0, "ENE_02": 0.0, "ENE_03": 0.0, "ENE_04": 98.0, "ENE_05": 92.0, "ENE_06": 85.0, "ENE_07": 93.0, "ENE_08": 108.0, "ENE_09": 131.0, "ENE_10": 182.0, "ENE_11": 179.0, "ENE_12": 163.11, "DIC_01": 0.0, "DIC_02": 0.0, "DIC_03": 0.0, "DIC_04": 0.0, "DIC_05": 0.0, "DIC_06": 0.0, "DIC_07": 0.0, "DIC_08": 0.0, "DIC_09": 0.0, "DIC_10": 0.0, "DIC_11": 0.0, "DIC_12": 0.23, "FIC_01": 0.0, "FIC_02": 0.0, "FIC_03": 0.0, "FIC_04": 0.0, "FIC_05": 0.0, "FIC_06": 0.0, "FIC_07": 0.0, "FIC_08": 0.0, "FIC_09": 0.0, "FIC_10": 0.0, "FIC_11": 0.0, "FIC_12": 1.0, "SEMRED": 0, "DESCR": " ", "COD_ID": "ddd66092cd1b08b8dde371b552401c4521479dc51999307ad4784747a2039224", "__layer": "UCBT_tab" }, "geometry": null },
{ "type": "Feature", "properties": { "DIST": 390, "PAC": "33740676739596732L", "RAMAL": "421642061S1", "PN_CON": "789185", "UNI_TR_MT": "14426186", "CTMT": "TTI0115", "UNI_TR_AT": "DTTI-EQ-TR2", "SUB": "DTTI", "CONJ": 12986, "MUN": "3550308", "CEG_GD": " ", "BRR": "R CONS COTEGIPE 63 BELENZINHO", "CEP": "03058-000", "CLAS_SUB": "RE1", "CNAE": " ", "TIP_CC": "RES-Tipo05", "FAS_CON": "ABN", "GRU_TEN": "BT", "TEN_FORN": "10", "GRU_TAR": "B1", "SIT_ATIV": "AT", "DAT_CON": "01/09/1980", "CAR_INST": 2.9, "LIV": 0, "ARE_LOC": "UB", "TIP_SIST": "RD_INTERLIG", "ENE_01": 352.73, "ENE_02": 601.0, "ENE_03": 753.0, "ENE_04": 759.0, "ENE_05": 779.0, "ENE_06": 725.0, "ENE_07": 722.0, "ENE_08": 692.0, "ENE_09": 762.0, "ENE_10": 799.0, "ENE_11": 730.0, "ENE_12": 737.89, "DIC_01": 7.58, "DIC_02": 0.16, "DIC_03": 0.0, "DIC_04": 0.0, "DIC_05": 0.0, "DIC_06": 0.0, "DIC_07": 0.0, "DIC_08": 0.0, "DIC_09": 0.0, "DIC_10": 0.0, "DIC_11": 0.0, "DIC_12": 0.23, "FIC_01": 2.0, "FIC_02": 2.0, "FIC_03": 0.0, "FIC_04": 0.0, "FIC_05": 0.0, "FIC_06": 0.0, "FIC_07": 0.0, "FIC_08": 0.0, "FIC_09": 0.0, "FIC_10": 0.0, "FIC_11": 0.0, "FIC_12": 1.0, "SEMRED": 0, "DESCR": " ", "COD_ID": "b5378d1beb9ef5ff9b8dd8c57551ed7555d324cfcea7be93aecb53182c2e8fed", "__layer": "UCBT_tab" }, "geometry": null },
{ "type": "Feature", "properties": { "DIST": 390, "PAC": "33737094739595939L", "RAMAL": "9647202S1", "PN_CON": "788175", "UNI_TR_MT": "14426186", "CTMT": "TTI0115", "UNI_TR_AT": "DTTI-EQ-TR2", "SUB": "DTTI", "CONJ": 12986, "MUN": "3550308", "CEG_GD": " ", "BRR": "R CONS COTEGIPE 33 BELENZINHO", "CEP": "03058-000", "CLAS_SUB": "RE1", "CNAE": " ", "TIP_CC": "RES-Tipo03", "FAS_CON": "ABN", "GRU_TEN": "BT", "TEN_FORN": "10", "GRU_TAR": "B1", "SIT_ATIV": "AT", "DAT_CON": "01/10/1979", "CAR_INST": 3.5, "LIV": 0, "ARE_LOC": "UB", "TIP_SIST": "RD_INTERLIG", "ENE_01": 49.53, "ENE_02": 100.0, "ENE_03": 99.0, "ENE_04": 135.0, "ENE_05": 102.0, "ENE_06": 126.0, "ENE_07": 114.0, "ENE_08": 122.0, "ENE_09": 97.0, "ENE_10": 120.0, "ENE_11": 117.0, "ENE_12": 105.83, "DIC_01": 7.58, "DIC_02": 0.16, "DIC_03": 0.0, "DIC_04": 0.0, "DIC_05": 0.0, "DIC_06": 0.0, "DIC_07": 0.0, "DIC_08": 0.0, "DIC_09": 0.0, "DIC_10": 0.0, "DIC_11": 0.0, "DIC_12": 0.23, "FIC_01": 2.0, "FIC_02": 2.0, "FIC_03": 0.0, "FIC_04": 0.0, "FIC_05": 0.0, "FIC_06": 0.0, "FIC_07": 0.0, "FIC_08": 0.0, "FIC_09": 0.0, "FIC_10": 0.0, "FIC_11": 0.0, "FIC_12": 1.0, "SEMRED": 0, "DESCR": " ", "COD_ID": "8a12a19d6e8af1dfe2adb0b78b6067841545be34e9c6f9528c9db20b8d3b34b0", "__layer": "UCBT_tab" }, "geometry": null },
{ "type": "Feature", "properties": { "DIST": 390, "PAC": "33736893739596276L", "RAMAL": "421459794S1", "PN_CON": "788175", "UNI_TR_MT": "14426186", "CTMT": "TTI0115", "UNI_TR_AT": "DTTI-EQ-TR2", "SUB": "DTTI", "CONJ": 12986, "MUN": "3550308", "CEG_GD": " ", "BRR": "R CONS COTEGIPE 40 BELENZINHO", "CEP": "03058-000", "CLAS_SUB": "RE2", "CNAE": " ", "TIP_CC": "RES-Tipo05", "FAS_CON": "ABN", "GRU_TEN": "BT", "TEN_FORN": "10", "GRU_TAR": "B1BR", "SIT_ATIV": "AT", "DAT_CON": "01/12/1976", "CAR_INST": 3.0, "LIV": 0, "ARE_LOC": "UB", "TIP_SIST": "RD_INTERLIG", "ENE_01": 462.31, "ENE_02": 727.0, "ENE_03": 752.0, "ENE_04": 676.0, "ENE_05": 719.0, "ENE_06": 587.0, "ENE_07": 610.0, "ENE_08": 655.0, "ENE_09": 619.0, "ENE_10": 708.0, "ENE_11": 630.0, "ENE_12": 633.04, "DIC_01": 7.58, "DIC_02": 0.16, "DIC_03": 0.0, "DIC_04": 0.0, "DIC_05": 0.0, "DIC_06": 0.0, "DIC_07": 0.0, "DIC_08": 0.0, "DIC_09": 0.0, "DIC_10": 0.0, "DIC_11": 0.0, "DIC_12": 0.23, "FIC_01": 2.0, "FIC_02": 2.0, "FIC_03": 0.0, "FIC_04": 0.0, "FIC_05": 0.0, "FIC_06": 0.0, "FIC_07": 0.0, "FIC_08": 0.0, "FIC_09": 0.0, "FIC_10": 0.0, "FIC_11": 0.0, "FIC_12": 1.0, "SEMRED": 0, "DESCR": " ", "COD_ID": "bf86c58f326edba04578ca0002cc6d1b2dcda1458b27e773e9051ef5f3024c3b", "__layer": "UCBT_tab" }, "geometry": null },
{ "type": "Feature", "properties": { "DIST": 390, "PAC": "33739826739598033L", "RAMAL": "102341080S1", "PN_CON": "789185", "UNI_TR_MT": "14426186", "CTMT": "TTI0115", "UNI_TR_AT": "DTTI-EQ-TR2", "SUB": "DTTI", "CONJ": 12986, "MUN": "3550308", "CEG_GD": " ", "BRR": "R CONS COTEGIPE 60 BELENZINHO", "CEP": "03058-000", "CLAS_SUB": "RE1", "CNAE": " ", "TIP_CC": "RES-Tipo02", "FAS_CON": "ABN", "GRU_TEN": "BT", "TEN_FORN": "10", "GRU_TAR": "B1", "SIT_ATIV": "AT", "DAT_CON": "01/06/1970", "CAR_INST": 6.2, "LIV": 0, "ARE_LOC": "UB", "TIP_SIST": "RD_INTERLIG", "ENE_01": 73.54, "ENE_02": 151.0, "ENE_03": 156.0, "ENE_04": 148.0, "ENE_05": 169.0, "ENE_06": 165.0, "ENE_07": 147.0, "ENE_08": 159.0, "ENE_09": 155.0, "ENE_10": 162.0, "ENE_11": 164.0, "ENE_12": 150.49, "DIC_01": 7.58, "DIC_02": 0.16, "DIC_03": 0.0, "DIC_04": 0.0, "DIC_05": 0.0, "DIC_06": 0.0, "DIC_07": 0.0, "DIC_08": 0.0, "DIC_09": 0.0, "DIC_10": 0.0, "DIC_11": 0.0, "DIC_12": 0.23, "FIC_01": 2.0, "FIC_02": 2.0, "FIC_03": 0.0, "FIC_04": 0.0, "FIC_05": 0.0, "FIC_06": 0.0, "FIC_07": 0.0, "FIC_08": 0.0, "FIC_09": 0.0, "FIC_10": 0.0, "FIC_11": 0.0, "FIC_12": 1.0, "SEMRED": 0, "DESCR": " ", "COD_ID": "b7e004741f53975c1cba2f5fb68bce52a2a65d6387ea1d11511dfa7eb424472d", "__layer": "UCBT_tab" }, "geometry": null },
{ "type": "Feature", "properties": { "DIST": 390, "PAC": "33743468739597079L", "RAMAL": "421421425S1", "PN_CON": "789997", "UNI_TR_MT": "14426186", "CTMT": "TTI0115", "UNI_TR_AT": "DTTI-EQ-TR2", "SUB": "DTTI", "CONJ": 12986, "MUN": "3550308", "CEG_GD": " ", "BRR": "R CONS COTEGIPE 94 BELENZINHO", "CEP": "03058-000", "CLAS_SUB": "RE1", "CNAE": " ", "TIP_CC": "RES-Tipo05", "FAS_CON": "ABCN", "GRU_TEN": "BT", "TEN_FORN": "10", "GRU_TAR": "B1", "SIT_ATIV": "AT", "DAT_CON": "01/01/1980", "CAR_INST": 37.9, "LIV": 0, "ARE_LOC": "UB", "TIP_SIST": "RD_INTERLIG", "ENE_01": 1465.98, "ENE_02": 4010.0, "ENE_03": 3620.0, "ENE_04": 3010.0, "ENE_05": 5140.0, "ENE_06": 4140.0, "ENE_07": 3640.0, "ENE_08": 4560.0, "ENE_09": 4340.0, "ENE_10": 4880.0, "ENE_11": 4800.0, "ENE_12": 4116.7, "DIC_01": 7.58, "DIC_02": 0.16, "DIC_03": 0.0, "DIC_04": 0.0, "DIC_05": 0.0, "DIC_06": 0.0, "DIC_07": 0.0, "DIC_08": 0.0, "DIC_09": 0.0, "DIC_10": 0.0, "DIC_11": 0.0, "DIC_12": 0.23, "FIC_01": 2.0, "FIC_02": 2.0, "FIC_03": 0.0, "FIC_04": 0.0, "FIC_05": 0.0, "FIC_06": 0.0, "FIC_07": 0.0, "FIC_08": 0.0, "FIC_09": 0.0, "FIC_10": 0.0, "FIC_11": 0.0, "FIC_12": 1.0, "SEMRED": 0, "DESCR": " ", "COD_ID": "e37472296bdc52b9f8bde71aa02e464b1fe2e405d7479863608043db72bc60c3", "__layer": "UCBT_tab" }, "geometry": null },
{ "type": "Feature", "properties": { "DIST": 390, "PAC": "33747307739597060L", "RAMAL": "421441148S1", "PN_CON": "791067", "UNI_TR_MT": "14426186", "CTMT": "TTI0115", "UNI_TR_AT": "DTTI-EQ-TR2", "SUB": "DTTI", "CONJ": 12986, "MUN": "3550308", "CEG_GD": " ", "BRR": "R CONS COTEGIPE 168 BELENZINHO", "CEP": "03058-000", "CLAS_SUB": "RE1", "CNAE": " ", "TIP_CC": "RES-Tipo03", "FAS_CON": "ABN", "GRU_TEN": "BT", "TEN_FORN": "10", "GRU_TAR": "B1", "SIT_ATIV": "AT", "DAT_CON": "01/03/1970", "CAR_INST": 17.3, "LIV": 0, "ARE_LOC": "UB", "TIP_SIST": "RD_INTERLIG", "ENE_01": 115.57, "ENE_02": 194.0, "ENE_03": 99.0, "ENE_04": 95.0, "ENE_05": 230.0, "ENE_06": 107.0, "ENE_07": 734.0, "ENE_08": 410.0, "ENE_09": 354.0, "ENE_10": 452.0, "ENE_11": 406.0, "ENE_12": 329.14, "DIC_01": 7.58, "DIC_02": 0.16, "DIC_03": 0.0, "DIC_04": 0.0, "DIC_05": 0.0, "DIC_06": 0.0, "DIC_07": 0.0, "DIC_08": 0.0, "DIC_09": 0.0, "DIC_10": 0.0, "DIC_11": 0.0, "DIC_12": 0.23, "FIC_01": 2.0, "FIC_02": 2.0, "FIC_03": 0.0, "FIC_04": 0.0, "FIC_05": 0.0, "FIC_06": 0.0, "FIC_07": 0.0, "FIC_08": 0.0, "FIC_09": 0.0, "FIC_10": 0.0, "FIC_11": 0.0, "FIC_12": 1.0, "SEMRED": 0, "DESCR": " ", "COD_ID": "f74b06845cb4cb4f40e2e5970c33545a82d5f411cba4f3163df112c74687d7bd", "__layer": "UCBT_tab" }, "geometry": null },
{ "type": "Feature", "properties": { "DIST": 390, "PAC": "33747331739597053L", "RAMAL": "421441154S1", "PN_CON": "791067", "UNI_TR_MT": "14426186", "CTMT": "TTI0115", "UNI_TR_AT": "DTTI-EQ-TR2", "SUB": "DTTI", "CONJ": 12986, "MUN": "3550308", "CEG_GD": " ", "BRR": "R CONS COTEGIPE 172 BELENZINHO", "CEP": "03058-000", "CLAS_SUB": "RE1", "CNAE": " ", "TIP_CC": "RES-Tipo03", "FAS_CON": "ABN", "GRU_TEN": "BT", "TEN_FORN": "10", "GRU_TAR": "B1", "SIT_ATIV": "AT", "DAT_CON": "01/07/1982", "CAR_INST": 3.0, "LIV": 0, "ARE_LOC": "UB", "TIP_SIST": "RD_INTERLIG", "ENE_01": 71.54, "ENE_02": 138.0, "ENE_03": 123.0, "ENE_04": 115.0, "ENE_05": 122.0, "ENE_06": 26.0, "ENE_07": 129.0, "ENE_08": 224.0, "ENE_09": 100.0, "ENE_10": 123.0, "ENE_11": 105.0, "ENE_12": 103.88, "DIC_01": 7.58, "DIC_02": 0.16, "DIC_03": 0.0, "DIC_04": 0.0, "DIC_05": 0.0, "DIC_06": 0.0, "DIC_07": 0.0, "DIC_08": 0.0, "DIC_09": 0.0, "DIC_10": 0.0, "DIC_11": 0.0, "DIC_12": 0.23, "FIC_01": 2.0, "FIC_02": 2.0, "FIC_03": 0.0, "FIC_04": 0.0, "FIC_05": 0.0, "FIC_06": 0.0, "FIC_07": 0.0, "FIC_08": 0.0, "FIC_09": 0.0, "FIC_10": 0.0, "FIC_11": 0.0, "FIC_12": 1.0, "SEMRED": 0, "DESCR": " ", "COD_ID": "d3c5f6a009aeb67fd662d58c6ab7a55e60b23878a0972343994e990298766b2f", "__layer": "UCBT_tab" }, "geometry": null },
{ "type": "Feature", "properties": { "DIST": 390, "PAC": "33747331739597053L", "RAMAL": "421441154S1", "PN_CON": "791067", "UNI_TR_MT": "14426186", "CTMT": "TTI0115", "UNI_TR_AT": "DTTI-EQ-TR2", "SUB": "DTTI", "CONJ": 12986, "MUN": "3550308", "CEG_GD": " ", "BRR": "R CONS COTEGIPE 172 BELENZINHO", "CEP": "03058-000", "CLAS_SUB": "RE1", "CNAE": " ", "TIP_CC": "RES-Tipo03", "FAS_CON": "ABN", "GRU_TEN": "BT", "TEN_FORN": "10", "GRU_TAR": "B1", "SIT_ATIV": "AT", "DAT_CON": "01/09/1982", "CAR_INST": 2.9, "LIV": 0, "ARE_LOC": "UB", "TIP_SIST": "RD_INTERLIG", "ENE_01": 46.53, "ENE_02": 77.0, "ENE_03": 145.0, "ENE_04": 116.0, "ENE_05": 159.0, "ENE_06": 145.0, "ENE_07": 162.0, "ENE_08": 134.0, "ENE_09": 110.0, "ENE_10": 156.0, "ENE_11": 167.0, "ENE_12": 141.75, "DIC_01": 7.58, "DIC_02": 0.16, "DIC_03": 0.0, "DIC_04": 0.0, "DIC_05": 0.0, "DIC_06": 0.0, "DIC_07": 0.0, "DIC_08": 0.0, "DIC_09": 0.0, "DIC_10": 0.0, "DIC_11": 0.0, "DIC_12": 0.23, "FIC_01": 2.0, "FIC_02": 2.0, "FIC_03": 0.0, "FIC_04": 0.0, "FIC_05": 0.0, "FIC_06": 0.0, "FIC_07": 0.0, "FIC_08": 0.0, "FIC_09": 0.0, "FIC_10": 0.0, "FIC_11": 0.0, "FIC_12": 1.0, "SEMRED": 0, "DESCR": " ", "COD_ID": "68944d5f36e82fbae0eebbca6fff1165db00652269af48eda73ead3e7f82267e", "__layer": "UCBT_tab" }, "geometry": null },
{ "type": "Feature", "properties": { "DIST": 390, "PAC": "33747331739597053L", "RAMAL": "421441154S1", "PN_CON": "791067", "UNI_TR_MT": "14426186", "CTMT": "TTI0115", "UNI_TR_AT": "DTTI-EQ-TR2", "SUB": "DTTI", "CONJ": 12986, "MUN": "3550308", "CEG_GD": " ", "BRR": "R CONS COTEGIPE 172 BELENZINHO", "CEP": "03058-000", "CLAS_SUB": "RE1", "CNAE": " ", "TIP_CC": "RES-Tipo04", "FAS_CON": "ABN", "GRU_TEN": "BT", "TEN_FORN": "10", "GRU_TAR": "B1", "SIT_ATIV": "AT", "DAT_CON": "01/09/1982", "CAR_INST": 3.0, "LIV": 0, "ARE_LOC": "UB", "TIP_SIST": "RD_INTERLIG", "ENE_01": 94.06, "ENE_02": 204.0, "ENE_03": 234.0, "ENE_04": 204.0, "ENE_05": 229.0, "ENE_06": 214.0, "ENE_07": 218.0, "ENE_08": 238.0, "ENE_09": 217.0, "ENE_10": 286.0, "ENE_11": 252.0, "ENE_12": 238.84, "DIC_01": 7.58, "DIC_02": 0.16, "DIC_03": 0.0, "DIC_04": 0.0, "DIC_05": 0.0, "DIC_06": 0.0, "DIC_07": 0.0, "DIC_08": 0.0, "DIC_09": 0.0, "DIC_10": 0.0, "DIC_11": 0.0, "DIC_12": 0.23, "FIC_01": 2.0, "FIC_02": 2.0, "FIC_03": 0.0, "FIC_04": 0.0, "FIC_05": 0.0, "FIC_06": 0.0, "FIC_07": 0.0, "FIC_08": 0.0, "FIC_09": 0.0, "FIC_10": 0.0, "FIC_11": 0.0, "FIC_12": 1.0, "SEMRED": 0, "DESCR": " ", "COD_ID": "9912148c177572e1b1882192d7325fa5a8d484286b41c1080ff3721e752cab71", "__layer": "UCBT_tab" }, "geometry": null },
{ "type": "Feature", "properties": { "DIST": 390, "PAC": "33747331739597053L", "RAMAL": "421441154S1", "PN_CON": "791067", "UNI_TR_MT": "14426186", "CTMT": "TTI0115", "UNI_TR_AT": "DTTI-EQ-TR2", "SUB": "DTTI", "CONJ": 12986, "MUN": "3550308", "CEG_GD": " ", "BRR": "R CONS COTEGIPE 172 BELENZINHO", "CEP": "03058-000", "CLAS_SUB": "RE1", "CNAE": " ", "TIP_CC": "RES-Tipo01", "FAS_CON": "ABN", "GRU_TEN": "BT", "TEN_FORN": "10", "GRU_TAR": "B1", "SIT_ATIV": "AT", "DAT_CON": "01/01/1980", "CAR_INST": 2.9, "LIV": 0, "ARE_LOC": "UB", "TIP_SIST": "RD_INTERLIG", "ENE_01": 48.53, "ENE_02": 75.0, "ENE_03": 49.0, "ENE_04": 46.0, "ENE_05": 49.0, "ENE_06": 70.0, "ENE_07": 65.0, "ENE_08": 69.0, "ENE_09": 66.0, "ENE_10": 82.0, "ENE_11": 78.0, "ENE_12": 76.7, "DIC_01": 7.58, "DIC_02": 0.16, "DIC_03": 0.0, "DIC_04": 0.0, "DIC_05": 0.0, "DIC_06": 0.0, "DIC_07": 0.0, "DIC_08": 0.0, "DIC_09": 0.0, "DIC_10": 0.0, "DIC_11": 0.0, "DIC_12": 0.23, "FIC_01": 2.0, "FIC_02": 2.0, "FIC_03": 0.0, "FIC_04": 0.0, "FIC_05": 0.0, "FIC_06": 0.0, "FIC_07": 0.0, "FIC_08": 0.0, "FIC_09": 0.0, "FIC_10": 0.0, "FIC_11": 0.0, "FIC_12": 1.0, "SEMRED": 0, "DESCR": " ", "COD_ID": "3442f832dcd7963b0e81be3d85dfe6901a5c0d3a4a058d31ef74ef44b14d067a", "__layer": "UCBT_tab" }, "geometry": null },
{ "type": "Feature", "properties": { "DIST": 390, "PAC": "33840805739614888L", "RAMAL": "9735615S1", "PN_CON": "817146", "UNI_TR_MT": "14433831", "CTMT": "TTI0103", "UNI_TR_AT": "DTTI-EQ-TR1", "SUB": "DTTI", "CONJ": 12986, "MUN": "3550308", "CEG_GD": " ", "BRR": "R CONS COTEGIPE 1094 BELENZINHO", "CEP": "03058-000", "CLAS_SUB": "RE1", "CNAE": " ", "TIP_CC": "RES-Tipo02", "FAS_CON": "ABN", "GRU_TEN": "BT", "TEN_FORN": "10", "GRU_TAR": "B1", "SIT_ATIV": "AT", "DAT_CON": "01/08/1955", "CAR_INST": 2.3, "LIV": 0, "ARE_LOC": "UB", "TIP_SIST": "RD_INTERLIG", "ENE_01": 144.09, "ENE_02": 262.0, "ENE_03": 275.0, "ENE_04": 280.0, "ENE_05": 271.0, "ENE_06": 277.0, "ENE_07": 30.0, "ENE_08": 443.0, "ENE_09": 268.0, "ENE_10": 344.0, "ENE_11": 275.0, "ENE_12": 122.33, "DIC_01": 0.0, "DIC_02": 0.0, "DIC_03": 0.0, "DIC_04": 0.0, "DIC_05": 0.0, "DIC_06": 0.0, "DIC_07": 0.0, "DIC_08": 0.0, "DIC_09": 0.0, "DIC_10": 2.07, "DIC_11": 0.0, "DIC_12": 0.0, "FIC_01": 0.0, "FIC_02": 0.0, "FIC_03": 0.0, "FIC_04": 0.0, "FIC_05": 0.0, "FIC_06": 0.0, "FIC_07": 0.0, "FIC_08": 0.0, "FIC_09": 0.0, "FIC_10": 1.0, "FIC_11": 0.0, "FIC_12": 0.0, "SEMRED": 0, "DESCR": " ", "COD_ID": "13282aedfcb2a2b087fab2e6d26aa1978c47fbc94e51fe69219223622ba1b214", "__layer": "UCBT_tab" }, "geometry": null },
{ "type": "Feature", "properties": { "DIST": 390, "PAC": "33840487739614796L", "RAMAL": "9735614S1", "PN_CON": "817146", "UNI_TR_MT": "14433831", "CTMT": "TTI0103", "UNI_TR_AT": "DTTI-EQ-TR1", "SUB": "DTTI", "CONJ": 12986, "MUN": "3550308", "CEG_GD": " ", "BRR": "R CONS COTEGIPE 1092 BELENZINHO", "CEP": "03058-000", "CLAS_SUB": "RE1", "CNAE": " ", "TIP_CC": "RES-Tipo01", "FAS_CON": "ABN", "GRU_TEN": "BT", "TEN_FORN": "10", "GRU_TAR": "B1", "SIT_ATIV": "DS", "DAT_CON": "01/04/1959", "CAR_INST": 0.3, "LIV": 0, "ARE_LOC": "UB", "TIP_SIST": "RD_INTERLIG", "ENE_01": 50.03, "ENE_02": 85.0, "ENE_03": 99.0, "ENE_04": 87.0, "ENE_05": 0.0, "ENE_06": 0.0, "ENE_07": 0.0, "ENE_08": 0.0, "ENE_09": 0.0, "ENE_10": 0.0, "ENE_11": 0.0, "ENE_12": 0.0, "DIC_01": 0.0, "DIC_02": 0.0, "DIC_03": 0.0, "DIC_04": 0.0, "DIC_05": 0.0, "DIC_06": 0.0, "DIC_07": 0.0, "DIC_08": 0.0, "DIC_09": 0.0, "DIC_10": 0.0, "DIC_11": 0.0, "DIC_12": 0.0, "FIC_01": 0.0, "FIC_02": 0.0, "FIC_03": 0.0, "FIC_04": 0.0, "FIC_05": 0.0, "FIC_06": 0.0, "FIC_07": 0.0, "FIC_08": 0.0, "FIC_09": 0.0, "FIC_10": 0.0, "FIC_11": 0.0, "FIC_12": 0.0, "SEMRED": 0, "DESCR": " ", "COD_ID": "baa361223da9fc92a776e9fa06f094fcc0267850d387bd2e940b32ad9e255f96", "__layer": "UCBT_tab" }, "geometry": null },
{ "type": "Feature", "properties": { "DIST": 390, "PAC": "33837990739616197L", "RAMAL": "9733289S1", "PN_CON": "816275", "UNI_TR_MT": "14433831", "CTMT": "TTI0103", "UNI_TR_AT": "DTTI-EQ-TR1", "SUB": "DTTI", "CONJ": 12986, "MUN": "3550308", "CEG_GD": " ", "BRR": "R CONS COTEGIPE 1073 BELENZINHO", "CEP": "03058-000", "CLAS_SUB": "RE1", "CNAE": " ", "TIP_CC": "RES-Tipo04", "FAS_CON": "ABN", "GRU_TEN": "BT", "TEN_FORN": "10", "GRU_TAR": "B1", "SIT_ATIV": "AT", "DAT_CON": "01/08/1965", "CAR_INST": 3.0, "LIV": 0, "ARE_LOC": "UB", "TIP_SIST": "RD_INTERLIG", "ENE_01": 168.61, "ENE_02": 306.0, "ENE_03": 310.0, "ENE_04": 436.0, "ENE_05": 213.0, "ENE_06": 316.0, "ENE_07": 328.0, "ENE_08": 307.0, "ENE_09": 320.0, "ENE_10": 290.0, "ENE_11": 285.0, "ENE_12": 272.82, "DIC_01": 0.0, "DIC_02": 0.0, "DIC_03": 0.0, "DIC_04": 0.0, "DIC_05": 0.0, "DIC_06": 0.0, "DIC_07": 0.0, "DIC_08": 0.0, "DIC_09": 0.0, "DIC_10": 2.07, "DIC_11": 0.0, "DIC_12": 0.0, "FIC_01": 0.0, "FIC_02": 0.0, "FIC_03": 0.0, "FIC_04": 0.0, "FIC_05": 0.0, "FIC_06": 0.0, "FIC_07": 0.0, "FIC_08": 0.0, "FIC_09": 0.0, "FIC_10": 1.0, "FIC_11": 0.0, "FIC_12": 0.0, "SEMRED": 0, "DESCR": " ", "COD_ID": "b85da3d0a0a502e70e1c710ffa71687f7a16467265cfc8b7ef298011a4df3953", "__layer": "UCBT_tab" }, "geometry": null },
{ "type": "Feature", "properties": { "DIST": 390, "PAC": "33840223739616685L", "RAMAL": "9735619S1", "PN_CON": "817146", "UNI_TR_MT": "14433831", "CTMT": "TTI0103", "UNI_TR_AT": "DTTI-EQ-TR1", "SUB": "DTTI", "CONJ": 12986, "MUN": "3550308", "CEG_GD": " ", "BRR": "R CONS COTEGIPE 1099 BELENZINHO", "CEP": "03058-000", "CLAS_SUB": "RE1", "CNAE": " ", "TIP_CC": "RES-Tipo01", "FAS_CON": "ABN", "GRU_TEN": "BT", "TEN_FORN": "10", "GRU_TAR": "B1", "SIT_ATIV": "AT", "DAT_CON": "01/09/1951", "CAR_INST": 9.6, "LIV": 0, "ARE_LOC": "UB", "TIP_SIST": "RD_INTERLIG", "ENE_01": 42.02, "ENE_02": 54.0, "ENE_03": 27.0, "ENE_04": 134.0, "ENE_05": 142.0, "ENE_06": 167.0, "ENE_07": 174.0, "ENE_08": 155.0, "ENE_09": 171.0, "ENE_10": 162.0, "ENE_11": 187.0, "ENE_12": 204.86, "DIC_01": 0.0, "DIC_02": 0.0, "DIC_03": 0.0, "DIC_04": 0.0, "DIC_05": 0.0, "DIC_06": 0.0, "DIC_07": 0.0, "DIC_08": 0.0, "DIC_09": 0.0, "DIC_10": 2.07, "DIC_11": 0.0, "DIC_12": 0.0, "FIC_01": 0.0, "FIC_02": 0.0, "FIC_03": 0.0, "FIC_04": 0.0, "FIC_05": 0.0, "FIC_06": 0.0, "FIC_07": 0.0, "FIC_08": 0.0, "FIC_09": 0.0, "FIC_10": 1.0, "FIC_11": 0.0, "FIC_12": 0.0, "SEMRED": 0, "DESCR": " ", "COD_ID": "bf572a9b367769bcdbc485700d95039a6e87428a040cd7caad5d69478f946204", "__layer": "UCBT_tab" }, "geometry": null },
{ "type": "Feature", "properties": { "DIST": 390, "PAC": "33842086739617148L", "RAMAL": "9737152S1", "PN_CON": "817687", "UNI_TR_MT": "14433831", "CTMT": "TTI0103", "UNI_TR_AT": "DTTI-EQ-TR1", "SUB": "DTTI", "CONJ": 12986, "MUN": "3550308", "CEG_GD": " ", "BRR": "R CONS COTEGIPE 1131 BELENZINHO", "CEP": "03058-000", "CLAS_SUB": "RE1", "CNAE": " ", "TIP_CC": "RES-Tipo04", "FAS_CON": "ABN", "GRU_TEN": "BT", "TEN_FORN": "10", "GRU_TAR": "B1", "SIT_ATIV": "AT", "DAT_CON": "01/10/1969", "CAR_INST": 8.0, "LIV": 0, "ARE_LOC": "UB", "TIP_SIST": "RD_INTERLIG", "ENE_01": 178.11, "ENE_02": 298.0, "ENE_03": 293.0, "ENE_04": 422.0, "ENE_05": 490.0, "ENE_06": 413.0, "ENE_07": 393.0, "ENE_08": 389.0, "ENE_09": 369.0, "ENE_10": 398.0, "ENE_11": 431.0, "ENE_12": 444.68, "DIC_01": 0.0, "DIC_02": 0.0, "DIC_03": 0.0, "DIC_04": 0.0, "DIC_05": 0.0, "DIC_06": 0.0, "DIC_07": 0.0, "DIC_08": 0.0, "DIC_09": 0.0, "DIC_10": 2.07, "DIC_11": 0.0, "DIC_12": 0.0, "FIC_01": 0.0, "FIC_02": 0.0, "FIC_03": 0.0, "FIC_04": 0.0, "FIC_05": 0.0, "FIC_06": 0.0, "FIC_07": 0.0, "FIC_08": 0.0, "FIC_09": 0.0, "FIC_10": 1.0, "FIC_11": 0.0, "FIC_12": 0.0, "SEMRED": 0, "DESCR": " ", "COD_ID": "9d884264d420a972d9b98a3f466a22d0d87989a255e31853d9cb0bece7d0f88e", "__layer": "UCBT_tab" }, "geometry": null },
{ "type": "Feature", "properties": { "DIST": 390, "PAC": "33812017739608785L", "RAMAL": "9714379S1", "PN_CON": "809335", "UNI_TR_MT": "14432825", "CTMT": "TTI0114", "UNI_TR_AT": "DTTI-EQ-TR1", "SUB": "DTTI", "CONJ": 12986, "MUN": "3550308", "CEG_GD": " ", "BRR": "R CONS COTEGIPE 790 BELENZINHO", "CEP": "03058-000", "CLAS_SUB": "RE1", "CNAE": " ", "TIP_CC": "RES-Tipo04", "FAS_CON": "ABN", "GRU_TEN": "BT", "TEN_FORN": "10", "GRU_TAR": "B1", "SIT_ATIV": "AT", "DAT_CON": "18/11/1996", "CAR_INST": 19.2, "LIV": 0, "ARE_LOC": "UB", "TIP_SIST": "RD_INTERLIG", "ENE_01": 169.61, "ENE_02": 327.0, "ENE_03": 333.0, "ENE_04": 310.0, "ENE_05": 306.0, "ENE_06": 300.0, "ENE_07": 267.0, "ENE_08": 273.0, "ENE_09": 278.0, "ENE_10": 302.0, "ENE_11": 296.0, "ENE_12": 273.79, "DIC_01": 0.0, "DIC_02": 0.0, "DIC_03": 0.08, "DIC_04": 1.02, "DIC_05": 0.0, "DIC_06": 0.0, "DIC_07": 0.0, "DIC_08": 0.0, "DIC_09": 1.76, "DIC_10": 0.0, "DIC_11": 0.0, "DIC_12": 0.0, "FIC_01": 0.0, "FIC_02": 0.0, "FIC_03": 1.0, "FIC_04": 1.0, "FIC_05": 0.0, "FIC_06": 0.0, "FIC_07": 0.0, "FIC_08": 0.0, "FIC_09": 1.0, "FIC_10": 0.0, "FIC_11": 0.0, "FIC_12": 0.0, "SEMRED": 0, "DESCR": " ", "COD_ID": "432fcae0ec2668b17371d0fde556bbe2fdd20dd162199b86d8268bfe5da7656f", "__layer": "UCBT_tab" }, "geometry": null },
{ "type": "Feature", "properties": { "DIST": 390, "PAC": "33812017739608785L", "RAMAL": "9714379S1", "PN_CON": "809335", "UNI_TR_MT": "14432825", "CTMT": "TTI0114", "UNI_TR_AT": "DTTI-EQ-TR1", "SUB": "DTTI", "CONJ": 12986, "MUN": "3550308", "CEG_GD": " ", "BRR": "R CONS COTEGIPE 790 BELENZINHO", "CEP": "03058-000", "CLAS_SUB": "RE1", "CNAE": " ", "TIP_CC": "RES-Tipo04", "FAS_CON": "ABN", "GRU_TEN": "BT", "TEN_FORN": "10", "GRU_TAR": "B1", "SIT_ATIV": "AT", "DAT_CON": "18/11/1996", "CAR_INST": 19.2, "LIV": 0, "ARE_LOC": "UB", "TIP_SIST": "RD_INTERLIG", "ENE_01": 153.1, "ENE_02": 310.0, "ENE_03": 330.0, "ENE_04": 356.0, "ENE_05": 378.0, "ENE_06": 326.0, "ENE_07": 305.0, "ENE_08": 332.0, "ENE_09": 327.0, "ENE_10": 325.0, "ENE_11": 314.0, "ENE_12": 281.56, "DIC_01": 0.0, "DIC_02": 0.0, "DIC_03": 0.08, "DIC_04": 1.02, "DIC_05": 0.0, "DIC_06": 0.0, "DIC_07": 0.0, "DIC_08": 0.0, "DIC_09": 1.76, "DIC_10": 0.0, "DIC_11": 0.0, "DIC_12": 0.0, "FIC_01": 0.0, "FIC_02": 0.0, "FIC_03": 1.0, "FIC_04": 1.0, "FIC_05": 0.0, "FIC_06": 0.0, "FIC_07": 0.0, "FIC_08": 0.0, "FIC_09": 1.0, "FIC_10": 0.0, "FIC_11": 0.0, "FIC_12": 0.0, "SEMRED": 0, "DESCR": " ", "COD_ID": "b95e8ae77e8e708f38a084a1bd8b1d1db07fb47d8b0b5d1c484376e00143fe32", "__layer": "UCBT_tab" }, "geometry": null },
{ "type": "Feature", "properties": { "DIST": 390, "PAC": "33812017739608785L", "RAMAL": "9714379S1", "PN_CON": "809335", "UNI_TR_MT": "14432825", "CTMT": "TTI0114", "UNI_TR_AT": "DTTI-EQ-TR1", "SUB": "DTTI", "CONJ": 12986, "MUN": "3550308", "CEG_GD": " ", "BRR": "R CONS COTEGIPE 790 BELENZINHO", "CEP": "03058-000", "CLAS_SUB": "RE1", "CNAE": " ", "TIP_CC": "RES-Tipo02", "FAS_CON": "ABN", "GRU_TEN": "BT", "TEN_FORN": "10", "GRU_TAR": "B1", "SIT_ATIV": "AT", "DAT_CON": "18/11/1996", "CAR_INST": 19.2, "LIV": 0, "ARE_LOC": "UB", "TIP_SIST": "RD_INTERLIG", "ENE_01": 91.56, "ENE_02": 192.0, "ENE_03": 194.0, "ENE_04": 170.0, "ENE_05": 214.0, "ENE_06": 176.0, "ENE_07": 193.0, "ENE_08": 197.0, "ENE_09": 174.0, "ENE_10": 194.0, "ENE_11": 191.0, "ENE_12": 197.09, "DIC_01": 0.0, "DIC_02": 0.0, "DIC_03": 0.08, "DIC_04": 1.02, "DIC_05": 0.0, "DIC_06": 0.0, "DIC_07": 0.0, "DIC_08": 0.0, "DIC_09": 1.76, "DIC_10": 0.0, "DIC_11": 0.0, "DIC_12": 0.0, "FIC_01": 0.0, "FIC_02": 0.0, "FIC_03": 1.0, "FIC_04": 1.0, "FIC_05": 0.0, "FIC_06": 0.0, "FIC_07": 0.0, "FIC_08": 0.0, "FIC_09": 1.0, "FIC_10": 0.0, "FIC_11": 0.0, "FIC_12": 0.0, "SEMRED": 0, "DESCR": " ", "COD_ID": "538b4ff830b5adcb7d96795a9d9ee986ffbd97edce77ab9412eb5582360cb25f", "__layer": "UCBT_tab" }, "geometry": null },
{ "type": "Feature", "properties": { "DIST": 390, "PAC": "33812017739608785L", "RAMAL": "9714379S1", "PN_CON": "809335", "UNI_TR_MT": "14432825", "CTMT": "TTI0114", "UNI_TR_AT": "DTTI-EQ-TR1", "SUB": "DTTI", "CONJ": 12986, "MUN": "3550308", "CEG_GD": " ", "BRR": "R CONS COTEGIPE 790 BELENZINHO", "CEP": "03058-000", "CLAS_SUB": "RE1", "CNAE": " ", "TIP_CC": "RES-Tipo04", "FAS_CON": "ABN", "GRU_TEN": "BT", "TEN_FORN": "10", "GRU_TAR": "B1", "SIT_ATIV": "AT", "DAT_CON": "09/12/1996", "CAR_INST": 12.3, "LIV": 0, "ARE_LOC": "UB", "TIP_SIST": "RD_INTERLIG", "ENE_01": 99.06, "ENE_02": 220.0, "ENE_03": 186.0, "ENE_04": 213.0, "ENE_05": 235.0, "ENE_06": 225.0, "ENE_07": 253.0, "ENE_08": 227.0, "ENE_09": 215.0, "ENE_10": 219.0, "ENE_11": 198.0, "ENE_12": 200.98, "DIC_01": 0.0, "DIC_02": 0.0, "DIC_03": 0.08, "DIC_04": 1.02, "DIC_05": 0.0, "DIC_06": 0.0, "DIC_07": 0.0, "DIC_08": 0.0, "DIC_09": 1.76, "DIC_10": 0.0, "DIC_11": 0.0, "DIC_12": 0.0, "FIC_01": 0.0, "FIC_02": 0.0, "FIC_03": 1.0, "FIC_04": 1.0, "FIC_05": 0.0, "FIC_06": 0.0, "FIC_07": 0.0, "FIC_08": 0.0, "FIC_09": 1.0, "FIC_10": 0.0, "FIC_11": 0.0, "FIC_12": 0.0, "SEMRED": 0, "DESCR": " ", "COD_ID": "c3d034e748e304c414013e14735ef858d64fb13da8ed446eb52daaecf5884349", "__layer": "UCBT_tab" }, "geometry": null },
{ "type": "Feature", "properties": { "DIST": 390, "PAC": "33840223739616685L", "RAMAL": "9735619S1", "PN_CON": "817146", "UNI_TR_MT": "14433831", "CTMT": "TTI0103", "UNI_TR_AT": "DTTI-EQ-TR1", "SUB": "DTTI", "CONJ": 12986, "MUN": "3550308", "CEG_GD": " ", "BRR": "R CONS COTEGIPE 1099 BELENZINHO", "CEP": "03058-000", "CLAS_SUB": "RE1", "CNAE": " ", "TIP_CC": "RES-Tipo01", "FAS_CON": "ABN", "GRU_TEN": "BT", "TEN_FORN": "10", "GRU_TAR": "B1", "SIT_ATIV": "AT", "DAT_CON": "07/05/1997", "CAR_INST": 4.5, "LIV": 0, "ARE_LOC": "UB", "TIP_SIST": "RD_INTERLIG", "ENE_01": 41.02, "ENE_02": 30.0, "ENE_03": 30.0, "ENE_04": 211.0, "ENE_05": 88.0, "ENE_06": 138.0, "ENE_07": 75.0, "ENE_08": 78.0, "ENE_09": 187.0, "ENE_10": 96.0, "ENE_11": 285.0, "ENE_12": 100.0, "DIC_01": 0.0, "DIC_02": 0.0, "DIC_03": 0.0, "DIC_04": 0.0, "DIC_05": 0.0, "DIC_06": 0.0, "DIC_07": 0.0, "DIC_08": 0.0, "DIC_09": 0.0, "DIC_10": 2.07, "DIC_11": 0.0, "DIC_12": 0.0, "FIC_01": 0.0, "FIC_02": 0.0, "FIC_03": 0.0, "FIC_04": 0.0, "FIC_05": 0.0, "FIC_06": 0.0, "FIC_07": 0.0, "FIC_08": 0.0, "FIC_09": 0.0, "FIC_10": 1.0, "FIC_11": 0.0, "FIC_12": 0.0, "SEMRED": 0, "DESCR": " ", "COD_ID": "ab9052cc8979a04b3d6ef84a3b603dcf71b8c06f998fdb9737ff721f9de626a3", "__layer": "UCBT_tab" }, "geometry": null },
{ "type": "Feature", "properties": { "DIST": 390, "PAC": "33812017739608785L", "RAMAL": "9714379S1", "PN_CON": "809335", "UNI_TR_MT": "14432825", "CTMT": "TTI0114", "UNI_TR_AT": "DTTI-EQ-TR1", "SUB": "DTTI", "CONJ": 12986, "MUN": "3550308", "CEG_GD": " ", "BRR": "R CONS COTEGIPE 790 BELENZINHO", "CEP": "03058-000", "CLAS_SUB": "RE1", "CNAE": " ", "TIP_CC": "RES-Tipo01", "FAS_CON": "ABCN", "GRU_TEN": "BT", "TEN_FORN": "10", "GRU_TAR": "B1", "SIT_ATIV": "AT", "DAT_CON": "25/06/1997", "CAR_INST": 10.7, "LIV": 0, "ARE_LOC": "UB", "TIP_SIST": "RD_INTERLIG", "ENE_01": 18.01, "ENE_02": 59.0, "ENE_03": 61.0, "ENE_04": 56.0, "ENE_05": 0.0, "ENE_06": 0.0, "ENE_07": 0.0, "ENE_08": 10.0, "ENE_09": 75.0, "ENE_10": 84.0, "ENE_11": 86.0, "ENE_12": 80.58, "DIC_01": 0.0, "DIC_02": 0.0, "DIC_03": 0.08, "DIC_04": 1.02, "DIC_05": 0.0, "DIC_06": 0.0, "DIC_07": 0.0, "DIC_08": 0.0, "DIC_09": 1.76, "DIC_10": 0.0, "DIC_11": 0.0, "DIC_12": 0.0, "FIC_01": 0.0, "FIC_02": 0.0, "FIC_03": 1.0, "FIC_04": 1.0, "FIC_05": 0.0, "FIC_06": 0.0, "FIC_07": 0.0, "FIC_08": 0.0, "FIC_09": 1.0, "FIC_10": 0.0, "FIC_11": 0.0, "FIC_12": 0.0, "SEMRED": 0, "DESCR": " ", "COD_ID": "8e735dc75f0f3a4cc5610de1f2811a995b67c0cf65710714635b7fa3859c9f98", "__layer": "UCBT_tab" }, "geometry": null },
{ "type": "Feature", "properties": { "DIST": 390, "PAC": "33754071739611908L", "RAMAL": "9662054S1", "PN_CON": "792872", "UNI_TR_MT": "14426514", "CTMT": "TTI0115", "UNI_TR_AT": "DTTI-EQ-TR2", "SUB": "DTTI", "CONJ": 12986, "MUN": "3550308", "CEG_GD": " ", "BRR": "R CONS COTEGIPE 219 BELENZINHO", "CEP": "03058-000", "CLAS_SUB": "RE1", "CNAE": " ", "TIP_CC": "RES-Tipo03", "FAS_CON": "ABN", "GRU_TEN": "BT", "TEN_FORN": "10", "GRU_TAR": "B1", "SIT_ATIV": "DS", "DAT_CON": "09/12/2013", "CAR_INST": 6.4, "LIV": 0, "ARE_LOC": "UB", "TIP_SIST": "RD_INTERLIG", "ENE_01": 0.5, "ENE_02": 0.0, "ENE_03": 0.0, "ENE_04": 0.0, "ENE_05": 0.0, "ENE_06": 0.0, "ENE_07": 0.0, "ENE_08": 0.0, "ENE_09": 0.0, "ENE_10": 0.0, "ENE_11": 0.0, "ENE_12": 0.0, "DIC_01": 0.0, "DIC_02": 0.0, "DIC_03": 0.0, "DIC_04": 0.0, "DIC_05": 0.0, "DIC_06": 0.0, "DIC_07": 0.0, "DIC_08": 0.0, "DIC_09": 0.0, "DIC_10": 0.0, "DIC_11": 0.0, "DIC_12": 0.0, "FIC_01": 0.0, "FIC_02": 0.0, "FIC_03": 0.0, "FIC_04": 0.0, "FIC_05": 0.0, "FIC_06": 0.0, "FIC_07": 0.0, "FIC_08": 0.0, "FIC_09": 0.0, "FIC_10": 0.0, "FIC_11": 0.0, "FIC_12": 0.0, "SEMRED": 0, "DESCR": " ", "COD_ID": "86291c0ff188f1f44572a44a60b5d31ba29fc4bd852131d6f135c6f119851a90", "__layer": "UCBT_tab" }, "geometry": null },
{ "type": "Feature", "properties": { "DIST": 390, "PAC": "33800998739606837L", "RAMAL": "461996007S1", "PN_CON": "806172", "UNI_TR_MT": "14432141", "CTMT": "TTI0114", "UNI_TR_AT": "DTTI-EQ-TR1", "SUB": "DTTI", "CONJ": 12986, "MUN": "3550308", "CEG_GD": " ", "BRR": "R CONS COTEGIPE 687 BELENZINHO", "CEP": "03058-000", "CLAS_SUB": "RE1", "CNAE": " ", "TIP_CC": "RES-Tipo01", "FAS_CON": "ABN", "GRU_TEN": "BT", "TEN_FORN": "10", "GRU_TAR": "B1", "SIT_ATIV": "DS", "DAT_CON": "08/11/2024", "CAR_INST": 5.0, "LIV": 0, "ARE_LOC": "UB", "TIP_SIST": "RD_INTERLIG", "ENE_01": 0.0, "ENE_02": 0.0, "ENE_03": 0.0, "ENE_04": 0.0, "ENE_05": 0.0, "ENE_06": 0.0, "ENE_07": 0.0, "ENE_08": 0.0, "ENE_09": 0.0, "ENE_10": 0.0, "ENE_11": 0.0, "ENE_12": 787.41, "DIC_01": 0.0, "DIC_02": 0.0, "DIC_03": 0.0, "DIC_04": 0.0, "DIC_05": 0.0, "DIC_06": 0.0, "DIC_07": 0.0, "DIC_08": 0.0, "DIC_09": 0.0, "DIC_10": 0.0, "DIC_11": 0.0, "DIC_12": 0.0, "FIC_01": 0.0, "FIC_02": 0.0, "FIC_03": 0.0, "FIC_04": 0.0, "FIC_05": 0.0, "FIC_06": 0.0, "FIC_07": 0.0, "FIC_08": 0.0, "FIC_09": 0.0, "FIC_10": 0.0, "FIC_11": 0.0, "FIC_12": 0.0, "SEMRED": 0, "DESCR": " ", "COD_ID": "f482564970ec92fa12a1b2761eef5684175cc27d91847b0fdf8e352fb2cf6b82", "__layer": "UCBT_tab" }, "geometry": null },
{ "type": "Feature", "properties": { "DIST": 390, "PAC": "33740676739596732L", "RAMAL": "421642061S1", "PN_CON": "789185", "UNI_TR_MT": "14426186", "CTMT": "TTI0115", "UNI_TR_AT": "DTTI-EQ-TR2", "SUB": "DTTI", "CONJ": 12986, "MUN": "3550308", "CEG_GD": " ", "BRR": "R CONS COTEGIPE 63 BELENZINHO", "CEP": "03058-000", "CLAS_SUB": "RE1", "CNAE": " ", "TIP_CC": "RES-Tipo01", "FAS_CON": "ABN", "GRU_TEN": "BT", "TEN_FORN": "10", "GRU_TAR": "B1", "SIT_ATIV": "AT", "DAT_CON": "19/04/2002", "CAR_INST": 5.4, "LIV": 0, "ARE_LOC": "UB", "TIP_SIST": "RD_INTERLIG", "ENE_01": 28.51, "ENE_02": 57.0, "ENE_03": 63.0, "ENE_04": 61.0, "ENE_05": 64.0, "ENE_06": 58.0, "ENE_07": 55.0, "ENE_08": 51.0, "ENE_09": 53.0, "ENE_10": 64.0, "ENE_11": 65.0, "ENE_12": 64.08, "DIC_01": 7.58, "DIC_02": 0.16, "DIC_03": 0.0, "DIC_04": 0.0, "DIC_05": 0.0, "DIC_06": 0.0, "DIC_07": 0.0, "DIC_08": 0.0, "DIC_09": 0.0, "DIC_10": 0.0, "DIC_11": 0.0, "DIC_12": 0.23, "FIC_01": 2.0, "FIC_02": 2.0, "FIC_03": 0.0, "FIC_04": 0.0, "FIC_05": 0.0, "FIC_06": 0.0, "FIC_07": 0.0, "FIC_08": 0.0, "FIC_09": 0.0, "FIC_10": 0.0, "FIC_11": 0.0, "FIC_12": 1.0, "SEMRED": 0, "DESCR": " ", "COD_ID": "4ecc46961288bded2692b6b74d6850322ee7551108337d4387456d0f82bf418a", "__layer": "UCBT_tab" }, "geometry": null },
{ "type": "Feature", "properties": { "DIST": 390, "PAC": "33740766739598172L", "RAMAL": "102541975S1", "PN_CON": "789185", "UNI_TR_MT": "14426186", "CTMT": "TTI0115", "UNI_TR_AT": "DTTI-EQ-TR2", "SUB": "DTTI", "CONJ": 12986, "MUN": "3550308", "CEG_GD": " ", "BRR": "R CONS COTEGIPE 63 BELENZINHO", "CEP": "03058-000", "CLAS_SUB": "RE1", "CNAE": " ", "TIP_CC": "RES-Tipo01", "FAS_CON": "AB", "GRU_TEN": "BT", "TEN_FORN": "10", "GRU_TAR": "B1", "SIT_ATIV": "AT", "DAT_CON": "19/04/2002", "CAR_INST": 8.9, "LIV": 0, "ARE_LOC": "UB", "TIP_SIST": "RD_INTERLIG", "ENE_01": 38.02, "ENE_02": 97.0, "ENE_03": 94.0, "ENE_04": 107.0, "ENE_05": 98.0, "ENE_06": 91.0, "ENE_07": 82.0, "ENE_08": 80.0, "ENE_09": 94.0, "ENE_10": 94.0, "ENE_11": 80.0, "ENE_12": 74.76, "DIC_01": 7.58, "DIC_02": 0.16, "DIC_03": 0.0, "DIC_04": 0.0, "DIC_05": 0.0, "DIC_06": 0.0, "DIC_07": 0.0, "DIC_08": 0.0, "DIC_09": 0.0, "DIC_10": 0.0, "DIC_11": 0.0, "DIC_12": 0.23, "FIC_01": 2.0, "FIC_02": 2.0, "FIC_03": 0.0, "FIC_04": 0.0, "FIC_05": 0.0, "FIC_06": 0.0, "FIC_07": 0.0, "FIC_08": 0.0, "FIC_09": 0.0, "FIC_10": 0.0, "FIC_11": 0.0, "FIC_12": 1.0, "SEMRED": 0, "DESCR": " ", "COD_ID": "50c9a696f07b808dd65f495bd8ae51381aefe94e323de9ec07f3d07731b68327", "__layer": "UCBT_tab" }, "geometry": null },
{ "type": "Feature", "properties": { "DIST": 390, "PAC": "33759727739598794L", "RAMAL": "9667754S1", "PN_CON": "794671", "UNI_TR_MT": "14426519", "CTMT": "TTI0115", "UNI_TR_AT": "DTTI-EQ-TR2", "SUB": "DTTI", "CONJ": 12986, "MUN": "3550308", "CEG_GD": " ", "BRR": "R CONS COTEGIPE 245 BELENZINHO", "CEP": "03058-000", "CLAS_SUB": "CO1", "CNAE": "9491-0/00", "TIP_CC": "COM-Tipo02", "FAS_CON": "ABN", "GRU_TEN": "BT", "TEN_FORN": "10", "GRU_TAR": "B3", "SIT_ATIV": "AT", "DAT_CON": "05/06/2006", "CAR_INST": 11.2, "LIV": 0, "ARE_LOC": "UB", "TIP_SIST": "RD_INTERLIG", "ENE_01": 65.0, "ENE_02": 49.0, "ENE_03": 167.409, "ENE_04": 110.0, "ENE_05": 68.0, "ENE_06": 62.0, "ENE_07": 42.84, "ENE_08": 24.4, "ENE_09": 36.0, "ENE_10": 41.0, "ENE_11": 22.42, "ENE_12": 46.85, "DIC_01": 3.76, "DIC_02": 0.16, "DIC_03": 0.0, "DIC_04": 0.0, "DIC_05": 0.0, "DIC_06": 0.0, "DIC_07": 0.0, "DIC_08": 0.0, "DIC_09": 0.0, "DIC_10": 0.0, "DIC_11": 0.0, "DIC_12": 0.23, "FIC_01": 1.0, "FIC_02": 2.0, "FIC_03": 0.0, "FIC_04": 0.0, "FIC_05": 0.0, "FIC_06": 0.0, "FIC_07": 0.0, "FIC_08": 0.0, "FIC_09": 0.0, "FIC_10": 0.0, "FIC_11": 0.0, "FIC_12": 1.0, "SEMRED": 0, "DESCR": " ", "COD_ID": "d0fa0f258c6c3ece0e8720f25ca5a27b5e4377cf6f958b8aec16f75fe250d255", "__layer": "UCBT_tab" }, "geometry": null },
{ "type": "Feature", "properties": { "DIST": 390, "PAC": "33759727739598794L", "RAMAL": "9667754S1", "PN_CON": "794671", "UNI_TR_MT": "14426519", "CTMT": "TTI0115", "UNI_TR_AT": "DTTI-EQ-TR2", "SUB": "DTTI", "CONJ": 12986, "MUN": "3550308", "CEG_GD": " ", "BRR": "R CONS COTEGIPE 245 BELENZINHO", "CEP": "03058-000", "CLAS_SUB": "RE1", "CNAE": " ", "TIP_CC": "RES-Tipo02", "FAS_CON": "ABN", "GRU_TEN": "BT", "TEN_FORN": "10", "GRU_TAR": "B1", "SIT_ATIV": "AT", "DAT_CON": "01/08/2008", "CAR_INST": 8.9, "LIV": 0, "ARE_LOC": "UB", "TIP_SIST": "RD_INTERLIG", "ENE_01": 127.08, "ENE_02": 281.0, "ENE_03": 304.0, "ENE_04": 274.0, "ENE_05": 255.0, "ENE_06": 198.0, "ENE_07": 148.0, "ENE_08": 148.0, "ENE_09": 162.0, "ENE_10": 266.0, "ENE_11": 205.0, "ENE_12": 223.31, "DIC_01": 3.76, "DIC_02": 0.16, "DIC_03": 0.0, "DIC_04": 0.0, "DIC_05": 0.0, "DIC_06": 0.0, "DIC_07": 0.0, "DIC_08": 0.0, "DIC_09": 0.0, "DIC_10": 0.0, "DIC_11": 0.0, "DIC_12": 0.23, "FIC_01": 1.0, "FIC_02": 2.0, "FIC_03": 0.0, "FIC_04": 0.0, "FIC_05": 0.0, "FIC_06": 0.0, "FIC_07": 0.0, "FIC_08": 0.0, "FIC_09": 0.0, "FIC_10": 0.0, "FIC_11": 0.0, "FIC_12": 1.0, "SEMRED": 0, "DESCR": " ", "COD_ID": "269a7bbe292cab8f6ee4989b98828f0db9d47e5dace8919cfed72f2eb24776d6", "__layer": "UCBT_tab" }, "geometry": null },
{ "type": "Feature", "properties": { "DIST": 390, "PAC": "33753576739598232L", "RAMAL": "421599961S1", "PN_CON": "792896", "UNI_TR_MT": "14426519", "CTMT": "TTI0115", "UNI_TR_AT": "DTTI-EQ-TR2", "SUB": "DTTI", "CONJ": 12986, "MUN": "3550308", "CEG_GD": " ", "BRR": "R CONS COTEGIPE 188 BELENZINHO", "CEP": "03058-000", "CLAS_SUB": "RE1", "CNAE": " ", "TIP_CC": "RES-Tipo03", "FAS_CON": "ABN", "GRU_TEN": "BT", "TEN_FORN": "10", "GRU_TAR": "B1", "SIT_ATIV": "AT", "DAT_CON": "28/04/2009", "CAR_INST": 10.6, "LIV": 0, "ARE_LOC": "UB", "TIP_SIST": "RD_INTERLIG", "ENE_01": 52.03, "ENE_02": 98.0, "ENE_03": 105.0, "ENE_04": 111.0, "ENE_05": 130.0, "ENE_06": 132.0, "ENE_07": 127.0, "ENE_08": 144.0, "ENE_09": 151.0, "ENE_10": 148.0, "ENE_11": 69.0, "ENE_12": 113.59, "DIC_01": 3.76, "DIC_02": 0.16, "DIC_03": 0.0, "DIC_04": 0.0, "DIC_05": 0.0, "DIC_06": 0.0, "DIC_07": 0.0, "DIC_08": 0.0, "DIC_09": 0.0, "DIC_10": 0.0, "DIC_11": 0.0, "DIC_12": 0.23, "FIC_01": 1.0, "FIC_02": 2.0, "FIC_03": 0.0, "FIC_04": 0.0, "FIC_05": 0.0, "FIC_06": 0.0, "FIC_07": 0.0, "FIC_08": 0.0, "FIC_09": 0.0, "FIC_10": 0.0, "FIC_11": 0.0, "FIC_12": 1.0, "SEMRED": 0, "DESCR": " ", "COD_ID": "fd98db6e1893760de145456468496e60e752dfef10bafb98213e4ef2026473a1", "__layer": "UCBT_tab" }, "geometry": null },
{ "type": "Feature", "properties": { "DIST": 390, "PAC": "33746706739597546L", "RAMAL": "421326377S1", "PN_CON": "790929", "UNI_TR_MT": "14426186", "CTMT": "TTI0115", "UNI_TR_AT": "DTTI-EQ-TR2", "SUB": "DTTI", "CONJ": 12986, "MUN": "3550308", "CEG_GD": " ", "BRR": "R CONS COTEGIPE 125 BELENZINHO", "CEP": "03058-000", "CLAS_SUB": "RE1", "CNAE": " ", "TIP_CC": "RES-Tipo01", "FAS_CON": "ABN", "GRU_TEN": "BT", "TEN_FORN": "10", "GRU_TAR": "B1", "SIT_ATIV": "AT", "DAT_CON": "08/06/2010", "CAR_INST": 5.6, "LIV": 0, "ARE_LOC": "UB", "TIP_SIST": "RD_INTERLIG", "ENE_01": 0.0, "ENE_02": 0.0, "ENE_03": 0.0, "ENE_04": 0.0, "ENE_05": 0.0, "ENE_06": 0.0, "ENE_07": 0.0, "ENE_08": 0.0, "ENE_09": 8.0, "ENE_10": 30.0, "ENE_11": 30.0, "ENE_12": 29.12, "DIC_01": 0.0, "DIC_02": 0.0, "DIC_03": 0.0, "DIC_04": 0.0, "DIC_05": 0.0, "DIC_06": 0.0, "DIC_07": 0.0, "DIC_08": 0.0, "DIC_09": 0.0, "DIC_10": 0.0, "DIC_11": 0.0, "DIC_12": 0.23, "FIC_01": 0.0, "FIC_02": 0.0, "FIC_03": 0.0, "FIC_04": 0.0, "FIC_05": 0.0, "FIC_06": 0.0, "FIC_07": 0.0, "FIC_08": 0.0, "FIC_09": 0.0, "FIC_10": 0.0, "FIC_11": 0.0, "FIC_12": 1.0, "SEMRED": 0, "DESCR": " ", "COD_ID": "dd1f5f23bd7326e1073437dfc2d81e45c501737ea791691f3a9432ec88cd9de2", "__layer": "UCBT_tab" }, "geometry": null },
{ "type": "Feature", "properties": { "DIST": 390, "PAC": "33754071739611908L", "RAMAL": "9662054S1", "PN_CON": "792872", "UNI_TR_MT": "14426514", "CTMT": "TTI0115", "UNI_TR_AT": "DTTI-EQ-TR2", "SUB": "DTTI", "CONJ": 12986, "MUN": "3550308", "CEG_GD": " ", "BRR": "R CONS COTEGIPE 219 BELENZINHO", "CEP": "03058-000", "CLAS_SUB": "RE1", "CNAE": " ", "TIP_CC": "RES-Tipo05", "FAS_CON": "ABN", "GRU_TEN": "BT", "TEN_FORN": "10", "GRU_TAR": "B1", "SIT_ATIV": "AT", "DAT_CON": "09/12/2013", "CAR_INST": 9.6, "LIV": 0, "ARE_LOC": "UB", "TIP_SIST": "RD_INTERLIG", "ENE_01": 488.82, "ENE_02": 908.0, "ENE_03": 830.0, "ENE_04": 854.0, "ENE_05": 911.0, "ENE_06": 1139.0, "ENE_07": 150.0, "ENE_08": 160.0, "ENE_09": 1482.0, "ENE_10": 1698.0, "ENE_11": 1600.0, "ENE_12": 1703.96, "DIC_01": 8.36, "DIC_02": 0.16, "DIC_03": 0.0, "DIC_04": 0.0, "DIC_05": 0.0, "DIC_06": 0.0, "DIC_07": 0.0, "DIC_08": 0.0, "DIC_09": 0.0, "DIC_10": 0.0, "DIC_11": 0.0, "DIC_12": 0.23, "FIC_01": 2.0, "FIC_02": 2.0, "FIC_03": 0.0, "FIC_04": 0.0, "FIC_05": 0.0, "FIC_06": 0.0, "FIC_07": 0.0, "FIC_08": 0.0, "FIC_09": 0.0, "FIC_10": 0.0, "FIC_11": 0.0, "FIC_12": 1.0, "SEMRED": 0, "DESCR": " ", "COD_ID": "304d6b63ba76d14f3f2fe4a1e0ee420a288251c67f571d1ba4d13f77cee2e6b8", "__layer": "UCBT_tab" }, "geometry": null },
{ "type": "Feature", "properties": { "DIST": 390, "PAC": "33754071739611908L", "RAMAL": "9662054S1", "PN_CON": "792872", "UNI_TR_MT": "14426514", "CTMT": "TTI0115", "UNI_TR_AT": "DTTI-EQ-TR2", "SUB": "DTTI", "CONJ": 12986, "MUN": "3550308", "CEG_GD": " ", "BRR": "R CONS COTEGIPE 219 BELENZINHO", "CEP": "03058-000", "CLAS_SUB": "RE1", "CNAE": " ", "TIP_CC": "RES-Tipo02", "FAS_CON": "ABN", "GRU_TEN": "BT", "TEN_FORN": "10", "GRU_TAR": "B1", "SIT_ATIV": "AT", "DAT_CON": "09/12/2013", "CAR_INST": 10.8, "LIV": 0, "ARE_LOC": "UB", "TIP_SIST": "RD_INTERLIG", "ENE_01": 98.56, "ENE_02": 189.0, "ENE_03": 177.0, "ENE_04": 179.0, "ENE_05": 193.0, "ENE_06": 192.0, "ENE_07": 117.0, "ENE_08": 132.0, "ENE_09": 142.0, "ENE_10": 151.0, "ENE_11": 146.0, "ENE_12": 144.66, "DIC_01": 8.36, "DIC_02": 0.16, "DIC_03": 0.0, "DIC_04": 0.0, "DIC_05": 0.0, "DIC_06": 0.0, "DIC_07": 0.0, "DIC_08": 0.0, "DIC_09": 0.0, "DIC_10": 0.0, "DIC_11": 0.0, "DIC_12": 0.23, "FIC_01": 2.0, "FIC_02": 2.0, "FIC_03": 0.0, "FIC_04": 0.0, "FIC_05": 0.0, "FIC_06": 0.0, "FIC_07": 0.0, "FIC_08": 0.0, "FIC_09": 0.0, "FIC_10": 0.0, "FIC_11": 0.0, "FIC_12": 1.0, "SEMRED": 0, "DESCR": " ", "COD_ID": "e1a1e178f38e40d176dfe5d407b9f035c0a06626be03f753954c613d7892c73e", "__layer": "UCBT_tab" }, "geometry": null },
{ "type": "Feature", "properties": { "DIST": 390, "PAC": "33754071739611908L", "RAMAL": "9662054S1", "PN_CON": "792872", "UNI_TR_MT": "14426514", "CTMT": "TTI0115", "UNI_TR_AT": "DTTI-EQ-TR2", "SUB": "DTTI", "CONJ": 12986, "MUN": "3550308", "CEG_GD": " ", "BRR": "R CONS COTEGIPE 219 BELENZINHO", "CEP": "03058-000", "CLAS_SUB": "RE1", "CNAE": " ", "TIP_CC": "RES-Tipo03", "FAS_CON": "ABN", "GRU_TEN": "BT", "TEN_FORN": "10", "GRU_TAR": "B1", "SIT_ATIV": "AT", "DAT_CON": "09/12/2013", "CAR_INST": 10.8, "LIV": 0, "ARE_LOC": "UB", "TIP_SIST": "RD_INTERLIG", "ENE_01": 178.11, "ENE_02": 271.0, "ENE_03": 312.0, "ENE_04": 349.0, "ENE_05": 171.0, "ENE_06": 169.0, "ENE_07": 107.0, "ENE_08": 101.0, "ENE_09": 119.0, "ENE_10": 183.0, "ENE_11": 118.0, "ENE_12": 182.53, "DIC_01": 8.36, "DIC_02": 0.16, "DIC_03": 0.0, "DIC_04": 0.0, "DIC_05": 0.0, "DIC_06": 0.0, "DIC_07": 0.0, "DIC_08": 0.0, "DIC_09": 0.0, "DIC_10": 0.0, "DIC_11": 0.0, "DIC_12": 0.23, "FIC_01": 2.0, "FIC_02": 2.0, "FIC_03": 0.0, "FIC_04": 0.0, "FIC_05": 0.0, "FIC_06": 0.0, "FIC_07": 0.0, "FIC_08": 0.0, "FIC_09": 0.0, "FIC_10": 0.0, "FIC_11": 0.0, "FIC_12": 1.0, "SEMRED": 0, "DESCR": " ", "COD_ID": "41fefc37f0135970f43452ea20728ef85bd2c0b142285216476f7ca34f3f95a2", "__layer": "UCBT_tab" }, "geometry": null },
{ "type": "Feature", "properties": { "DIST": 390, "PAC": "33754071739611908L", "RAMAL": "9662054S1", "PN_CON": "792872", "UNI_TR_MT": "14426514", "CTMT": "TTI0115", "UNI_TR_AT": "DTTI-EQ-TR2", "SUB": "DTTI", "CONJ": 12986, "MUN": "3550308", "CEG_GD": " ", "BRR": "R CONS COTEGIPE 219 BELENZINHO", "CEP": "03058-000", "CLAS_SUB": "RE1", "CNAE": " ", "TIP_CC": "RES-Tipo03", "FAS_CON": "ABN", "GRU_TEN": "BT", "TEN_FORN": "10", "GRU_TAR": "B1", "SIT_ATIV": "AT", "DAT_CON": "09/12/2013", "CAR_INST": 6.4, "LIV": 0, "ARE_LOC": "UB", "TIP_SIST": "RD_INTERLIG", "ENE_01": 56.53, "ENE_02": 112.0, "ENE_03": 111.0, "ENE_04": 111.0, "ENE_05": 110.0, "ENE_06": 109.0, "ENE_07": 109.0, "ENE_08": 110.0, "ENE_09": 50.0, "ENE_10": 107.0, "ENE_11": 101.0, "ENE_12": 101.94, "DIC_01": 8.36, "DIC_02": 0.16, "DIC_03": 0.0, "DIC_04": 0.0, "DIC_05": 0.0, "DIC_06": 0.0, "DIC_07": 0.0, "DIC_08": 0.0, "DIC_09": 0.0, "DIC_10": 0.0, "DIC_11": 0.0, "DIC_12": 0.23, "FIC_01": 2.0, "FIC_02": 2.0, "FIC_03": 0.0, "FIC_04": 0.0, "FIC_05": 0.0, "FIC_06": 0.0, "FIC_07": 0.0, "FIC_08": 0.0, "FIC_09": 0.0, "FIC_10": 0.0, "FIC_11": 0.0, "FIC_12": 1.0, "SEMRED": 0, "DESCR": " ", "COD_ID": "1adbd8bbd4f2334cb9cb8635ba3b03a75b75c38f71c3edf52daf0cf75c9c96f4", "__layer": "UCBT_tab" }, "geometry": null },
{ "type": "Feature", "properties": { "DIST": 390, "PAC": "33754071739611908L", "RAMAL": "9662054S1", "PN_CON": "792872", "UNI_TR_MT": "14426514", "CTMT": "TTI0115", "UNI_TR_AT": "DTTI-EQ-TR2", "SUB": "DTTI", "CONJ": 12986, "MUN": "3550308", "CEG_GD": " ", "BRR": "R CONS COTEGIPE 219 BELENZINHO", "CEP": "03058-000", "CLAS_SUB": "RE1", "CNAE": " ", "TIP_CC": "RES-Tipo02", "FAS_CON": "ABCN", "GRU_TEN": "BT", "TEN_FORN": "10", "GRU_TAR": "B1", "SIT_ATIV": "AT", "DAT_CON": "09/12/2013", "CAR_INST": 5.3, "LIV": 0, "ARE_LOC": "UB", "TIP_SIST": "RD_INTERLIG", "ENE_01": 121.58, "ENE_02": 194.0, "ENE_03": 189.0, "ENE_04": 193.0, "ENE_05": 180.0, "ENE_06": 200.0, "ENE_07": 169.0, "ENE_08": 160.0, "ENE_09": 168.0, "ENE_10": 191.0, "ENE_11": 168.0, "ENE_12": 142.72, "DIC_01": 8.36, "DIC_02": 0.16, "DIC_03": 0.0, "DIC_04": 0.0, "DIC_05": 0.0, "DIC_06": 0.0, "DIC_07": 0.0, "DIC_08": 0.0, "DIC_09": 0.0, "DIC_10": 0.0, "DIC_11": 0.0, "DIC_12": 0.23, "FIC_01": 2.0, "FIC_02": 2.0, "FIC_03": 0.0, "FIC_04": 0.0, "FIC_05": 0.0, "FIC_06": 0.0, "FIC_07": 0.0, "FIC_08": 0.0, "FIC_09": 0.0, "FIC_10": 0.0, "FIC_11": 0.0, "FIC_12": 1.0, "SEMRED": 0, "DESCR": " ", "COD_ID": "a5d3e7d0d757d6e87fe92bd7abc33edc2c838bef3bef9d9feb7949d18a1baef5", "__layer": "UCBT_tab" }, "geometry": null },
{ "type": "Feature", "properties": { "DIST": 390, "PAC": "33754071739611908L", "RAMAL": "9662054S1", "PN_CON": "792872", "UNI_TR_MT": "14426514", "CTMT": "TTI0115", "UNI_TR_AT": "DTTI-EQ-TR2", "SUB": "DTTI", "CONJ": 12986, "MUN": "3550308", "CEG_GD": " ", "BRR": "R CONS COTEGIPE 219 BELENZINHO", "CEP": "03058-000", "CLAS_SUB": "RE1", "CNAE": " ", "TIP_CC": "RES-Tipo02", "FAS_CON": "ABN", "GRU_TEN": "BT", "TEN_FORN": "10", "GRU_TAR": "B1", "SIT_ATIV": "AT", "DAT_CON": "09/12/2013", "CAR_INST": 10.8, "LIV": 0, "ARE_LOC": "UB", "TIP_SIST": "RD_INTERLIG", "ENE_01": 96.06, "ENE_02": 144.0, "ENE_03": 126.0, "ENE_04": 200.0, "ENE_05": 127.0, "ENE_06": 155.0, "ENE_07": 143.0, "ENE_08": 148.0, "ENE_09": 132.0, "ENE_10": 137.0, "ENE_11": 114.0, "ENE_12": 125.24, "DIC_01": 8.36, "DIC_02": 0.16, "DIC_03": 0.0, "DIC_04": 0.0, "DIC_05": 0.0, "DIC_06": 0.0, "DIC_07": 0.0, "DIC_08": 0.0, "DIC_09": 0.0, "DIC_10": 0.0, "DIC_11": 0.0, "DIC_12": 0.23, "FIC_01": 2.0, "FIC_02": 2.0, "FIC_03": 0.0, "FIC_04": 0.0, "FIC_05": 0.0, "FIC_06": 0.0, "FIC_07": 0.0, "FIC_08": 0.0, "FIC_09": 0.0, "FIC_10": 0.0, "FIC_11": 0.0, "FIC_12": 1.0, "SEMRED": 0, "DESCR": " ", "COD_ID": "4c284db522bd09f7f42e27b467f39a0f7b06e7253fd01954a22b6f40e72d22a2", "__layer": "UCBT_tab" }, "geometry": null },
{ "type": "Feature", "properties": { "DIST": 390, "PAC": "33754071739611908L", "RAMAL": "9662054S1", "PN_CON": "792872", "UNI_TR_MT": "14426514", "CTMT": "TTI0115", "UNI_TR_AT": "DTTI-EQ-TR2", "SUB": "DTTI", "CONJ": 12986, "MUN": "3550308", "CEG_GD": " ", "BRR": "R CONS COTEGIPE 219 BELENZINHO", "CEP": "03058-000", "CLAS_SUB": "RE1", "CNAE": " ", "TIP_CC": "RES-Tipo02", "FAS_CON": "ABCN", "GRU_TEN": "BT", "TEN_FORN": "10", "GRU_TAR": "B1", "SIT_ATIV": "AT", "DAT_CON": "09/12/2013", "CAR_INST": 10.8, "LIV": 0, "ARE_LOC": "UB", "TIP_SIST": "RD_INTERLIG", "ENE_01": 87.55, "ENE_02": 206.0, "ENE_03": 178.0, "ENE_04": 219.0, "ENE_05": 202.0, "ENE_06": 180.0, "ENE_07": 128.0, "ENE_08": 121.0, "ENE_09": 21.0, "ENE_10": 6.0, "ENE_11": 73.0, "ENE_12": 145.63, "DIC_01": 8.36, "DIC_02": 0.16, "DIC_03": 0.0, "DIC_04": 0.0, "DIC_05": 0.0, "DIC_06": 0.0, "DIC_07": 0.0, "DIC_08": 0.0, "DIC_09": 0.0, "DIC_10": 0.0, "DIC_11": 0.0, "DIC_12": 0.23, "FIC_01": 2.0, "FIC_02": 2.0, "FIC_03": 0.0, "FIC_04": 0.0, "FIC_05": 0.0, "FIC_06": 0.0, "FIC_07": 0.0, "FIC_08": 0.0, "FIC_09": 0.0, "FIC_10": 0.0, "FIC_11": 0.0, "FIC_12": 1.0, "SEMRED": 0, "DESCR": " ", "COD_ID": "d0d941a04932e2a3c93aeca063889cfb11f691f0e5bbae0b39998b008521fde8", "__layer": "UCBT_tab" }, "geometry": null },
{ "type": "Feature", "properties": { "DIST": 390, "PAC": "33754071739611908L", "RAMAL": "9662054S1", "PN_CON": "792872", "UNI_TR_MT": "14426514", "CTMT": "TTI0115", "UNI_TR_AT": "DTTI-EQ-TR2", "SUB": "DTTI", "CONJ": 12986, "MUN": "3550308", "CEG_GD": " ", "BRR": "R CONS COTEGIPE 219 BELENZINHO", "CEP": "03058-000", "CLAS_SUB": "RE1", "CNAE": " ", "TIP_CC": "RES-Tipo02", "FAS_CON": "ABN", "GRU_TEN": "BT", "TEN_FORN": "10", "GRU_TAR": "B1", "SIT_ATIV": "AT", "DAT_CON": "09/12/2013", "CAR_INST": 10.8, "LIV": 0, "ARE_LOC": "UB", "TIP_SIST": "RD_INTERLIG", "ENE_01": 79.55, "ENE_02": 145.0, "ENE_03": 142.0, "ENE_04": 151.0, "ENE_05": 127.0, "ENE_06": 121.0, "ENE_07": 108.0, "ENE_08": 100.0, "ENE_09": 113.0, "ENE_10": 117.0, "ENE_11": 114.0, "ENE_12": 122.33, "DIC_01": 8.36, "DIC_02": 0.16, "DIC_03": 0.0, "DIC_04": 0.0, "DIC_05": 0.0, "DIC_06": 0.0, "DIC_07": 0.0, "DIC_08": 0.0, "DIC_09": 0.0, "DIC_10": 0.0, "DIC_11": 0.0, "DIC_12": 0.23, "FIC_01": 2.0, "FIC_02": 2.0, "FIC_03": 0.0, "FIC_04": 0.0, "FIC_05": 0.0, "FIC_06": 0.0, "FIC_07": 0.0, "FIC_08": 0.0, "FIC_09": 0.0, "FIC_10": 0.0, "FIC_11": 0.0, "FIC_12": 1.0, "SEMRED": 0, "DESCR": " ", "COD_ID": "da53ec75369681afd44118dc41640fc97f459319146f77e91d0d68f9035a2590", "__layer": "UCBT_tab" }, "geometry": null },
{ "type": "Feature", "properties": { "DIST": 390, "PAC": "33754071739611908L", "RAMAL": "9662054S1", "PN_CON": "792872", "UNI_TR_MT": "14426514", "CTMT": "TTI0115", "UNI_TR_AT": "DTTI-EQ-TR2", "SUB": "DTTI", "CONJ": 12986, "MUN": "3550308", "CEG_GD": " ", "BRR": "R CONS COTEGIPE 219 BELENZINHO", "CEP": "03058-000", "CLAS_SUB": "RE1", "CNAE": " ", "TIP_CC": "RES-Tipo02", "FAS_CON": "ABN", "GRU_TEN": "BT", "TEN_FORN": "10", "GRU_TAR": "B1", "SIT_ATIV": "AT", "DAT_CON": "09/12/2013", "CAR_INST": 10.8, "LIV": 0, "ARE_LOC": "UB", "TIP_SIST": "RD_INTERLIG", "ENE_01": 86.05, "ENE_02": 187.0, "ENE_03": 187.0, "ENE_04": 226.0, "ENE_05": 201.0, "ENE_06": 181.0, "ENE_07": 145.0, "ENE_08": 151.0, "ENE_09": 177.0, "ENE_10": 179.0, "ENE_11": 178.0, "ENE_12": 180.59, "DIC_01": 8.36, "DIC_02": 0.16, "DIC_03": 0.0, "DIC_04": 0.0, "DIC_05": 0.0, "DIC_06": 0.0, "DIC_07": 0.0, "DIC_08": 0.0, "DIC_09": 0.0, "DIC_10": 0.0, "DIC_11": 0.0, "DIC_12": 0.23, "FIC_01": 2.0, "FIC_02": 2.0, "FIC_03": 0.0, "FIC_04": 0.0, "FIC_05": 0.0, "FIC_06": 0.0, "FIC_07": 0.0, "FIC_08": 0.0, "FIC_09": 0.0, "FIC_10": 0.0, "FIC_11": 0.0, "FIC_12": 1.0, "SEMRED": 0, "DESCR": " ", "COD_ID": "54c31f5ce7ce1ee70dcd62b2580adcf3c9bd1f934129fd9685cfb81fa143069b", "__layer": "UCBT_tab" }, "geometry": null },
{ "type": "Feature", "properties": { "DIST": 390, "PAC": "33754071739611908L", "RAMAL": "9662054S1", "PN_CON": "792872", "UNI_TR_MT": "14426514", "CTMT": "TTI0115", "UNI_TR_AT": "DTTI-EQ-TR2", "SUB": "DTTI", "CONJ": 12986, "MUN": "3550308", "CEG_GD": " ", "BRR": "R CONS COTEGIPE 219 BELENZINHO", "CEP": "03058-000", "CLAS_SUB": "RE1", "CNAE": " ", "TIP_CC": "RES-Tipo03", "FAS_CON": "ABN", "GRU_TEN": "BT", "TEN_FORN": "10", "GRU_TAR": "B1", "SIT_ATIV": "AT", "DAT_CON": "09/12/2013", "CAR_INST": 10.8, "LIV": 0, "ARE_LOC": "UB", "TIP_SIST": "RD_INTERLIG", "ENE_01": 65.54, "ENE_02": 126.0, "ENE_03": 115.0, "ENE_04": 132.0, "ENE_05": 122.0, "ENE_06": 129.0, "ENE_07": 108.0, "ENE_08": 112.0, "ENE_09": 117.0, "ENE_10": 116.0, "ENE_11": 117.0, "ENE_12": 113.59, "DIC_01": 8.36, "DIC_02": 0.16, "DIC_03": 0.0, "DIC_04": 0.0, "DIC_05": 0.0, "DIC_06": 0.0, "DIC_07": 0.0, "DIC_08": 0.0, "DIC_09": 0.0, "DIC_10": 0.0, "DIC_11": 0.0, "DIC_12": 0.23, "FIC_01": 2.0, "FIC_02": 2.0, "FIC_03": 0.0, "FIC_04": 0.0, "FIC_05": 0.0, "FIC_06": 0.0, "FIC_07": 0.0, "FIC_08": 0.0, "FIC_09": 0.0, "FIC_10": 0.0, "FIC_11": 0.0, "FIC_12": 1.0, "SEMRED": 0, "DESCR": " ", "COD_ID": "f0bdb1484397f4e35447b1073089899683e6b2863142f86e84698e15517cc5cc", "__layer": "UCBT_tab" }, "geometry": null },
{ "type": "Feature", "properties": { "DIST": 390, "PAC": "33754071739611908L", "RAMAL": "9662054S1", "PN_CON": "792872", "UNI_TR_MT": "14426514", "CTMT": "TTI0115", "UNI_TR_AT": "DTTI-EQ-TR2", "SUB": "DTTI", "CONJ": 12986, "MUN": "3550308", "CEG_GD": " ", "BRR": "R CONS COTEGIPE 219 BELENZINHO", "CEP": "03058-000", "CLAS_SUB": "RE1", "CNAE": " ", "TIP_CC": "RES-Tipo02", "FAS_CON": "ABN", "GRU_TEN": "BT", "TEN_FORN": "10", "GRU_TAR": "B1", "SIT_ATIV": "AT", "DAT_CON": "09/12/2013", "CAR_INST": 5.6, "LIV": 0, "ARE_LOC": "UB", "TIP_SIST": "RD_INTERLIG", "ENE_01": 0.0, "ENE_02": 126.0, "ENE_03": 136.0, "ENE_04": 204.0, "ENE_05": 191.0, "ENE_06": 205.0, "ENE_07": 171.0, "ENE_08": 142.0, "ENE_09": 199.0, "ENE_10": 230.0, "ENE_11": 219.0, "ENE_12": 237.87, "DIC_01": 0.0, "DIC_02": 0.16, "DIC_03": 0.0, "DIC_04": 0.0, "DIC_05": 0.0, "DIC_06": 0.0, "DIC_07": 0.0, "DIC_08": 0.0, "DIC_09": 0.0, "DIC_10": 0.0, "DIC_11": 0.0, "DIC_12": 0.23, "FIC_01": 0.0, "FIC_02": 2.0, "FIC_03": 0.0, "FIC_04": 0.0, "FIC_05": 0.0, "FIC_06": 0.0, "FIC_07": 0.0, "FIC_08": 0.0, "FIC_09": 0.0, "FIC_10": 0.0, "FIC_11": 0.0, "FIC_12": 1.0, "SEMRED": 0, "DESCR": " ", "COD_ID": "2a1f2d9464a0a6694eb4779704cfc109f9871e2890266edc88fbe632c9f6361a", "__layer": "UCBT_tab" }, "geometry": null },
{ "type": "Feature", "properties": { "DIST": 390, "PAC": "33754071739611908L", "RAMAL": "9662054S1", "PN_CON": "792872", "UNI_TR_MT": "14426514", "CTMT": "TTI0115", "UNI_TR_AT": "DTTI-EQ-TR2", "SUB": "DTTI", "CONJ": 12986, "MUN": "3550308", "CEG_GD": " ", "BRR": "R CONS COTEGIPE 219 BELENZINHO", "CEP": "03058-000", "CLAS_SUB": "RE1", "CNAE": " ", "TIP_CC": "RES-Tipo01", "FAS_CON": "ABN", "GRU_TEN": "BT", "TEN_FORN": "10", "GRU_TAR": "B1", "SIT_ATIV": "AT", "DAT_CON": "09/12/2013", "CAR_INST": 10.8, "LIV": 0, "ARE_LOC": "UB", "TIP_SIST": "RD_INTERLIG", "ENE_01": 34.52, "ENE_02": 57.0, "ENE_03": 63.0, "ENE_04": 73.0, "ENE_05": 55.0, "ENE_06": 65.0, "ENE_07": 48.0, "ENE_08": 47.0, "ENE_09": 57.0, "ENE_10": 51.0, "ENE_11": 57.0, "ENE_12": 72.81, "DIC_01": 8.36, "DIC_02": 0.16, "DIC_03": 0.0, "DIC_04": 0.0, "DIC_05": 0.0, "DIC_06": 0.0, "DIC_07": 0.0, "DIC_08": 0.0, "DIC_09": 0.0, "DIC_10": 0.0, "DIC_11": 0.0, "DIC_12": 0.23, "FIC_01": 2.0, "FIC_02": 2.0, "FIC_03": 0.0, "FIC_04": 0.0, "FIC_05": 0.0, "FIC_06": 0.0, "FIC_07": 0.0, "FIC_08": 0.0, "FIC_09": 0.0, "FIC_10": 0.0, "FIC_11": 0.0, "FIC_12": 1.0, "SEMRED": 0, "DESCR": " ", "COD_ID": "18f76d5f517ae602d397db459724165d762b22f221567338ee954c46c59d6e50", "__layer": "UCBT_tab" }, "geometry": null },
{ "type": "Feature", "properties": { "DIST": 390, "PAC": "33754071739611908L", "RAMAL": "9662054S1", "PN_CON": "792872", "UNI_TR_MT": "14426514", "CTMT": "TTI0115", "UNI_TR_AT": "DTTI-EQ-TR2", "SUB": "DTTI", "CONJ": 12986, "MUN": "3550308", "CEG_GD": " ", "BRR": "R CONS COTEGIPE 219 BELENZINHO", "CEP": "03058-000", "CLAS_SUB": "RE1", "CNAE": " ", "TIP_CC": "RES-Tipo05", "FAS_CON": "ABN", "GRU_TEN": "BT", "TEN_FORN": "10", "GRU_TAR": "B1", "SIT_ATIV": "AT", "DAT_CON": "09/12/2013", "CAR_INST": 10.8, "LIV": 0, "ARE_LOC": "UB", "TIP_SIST": "RD_INTERLIG", "ENE_01": 211.64, "ENE_02": 426.0, "ENE_03": 343.0, "ENE_04": 469.0, "ENE_05": 316.0, "ENE_06": 339.0, "ENE_07": 286.0, "ENE_08": 347.0, "ENE_09": 334.0, "ENE_10": 404.0, "ENE_11": 344.0, "ENE_12": 228.16, "DIC_01": 8.36, "DIC_02": 0.16, "DIC_03": 0.0, "DIC_04": 0.0, "DIC_05": 0.0, "DIC_06": 0.0, "DIC_07": 0.0, "DIC_08": 0.0, "DIC_09": 0.0, "DIC_10": 0.0, "DIC_11": 0.0, "DIC_12": 0.23, "FIC_01": 2.0, "FIC_02": 2.0, "FIC_03": 0.0, "FIC_04": 0.0, "FIC_05": 0.0, "FIC_06": 0.0, "FIC_07": 0.0, "FIC_08": 0.0, "FIC_09": 0.0, "FIC_10": 0.0, "FIC_11": 0.0, "FIC_12": 1.0, "SEMRED": 0, "DESCR": " ", "COD_ID": "343c9fd3442c6bf37770b8659a74b64bc528d606d92519be5085f3326cb3b1d3", "__layer": "UCBT_tab" }, "geometry": null },
{ "type": "Feature", "properties": { "DIST": 390, "PAC": "33754071739611908L", "RAMAL": "9662054S1", "PN_CON": "792872", "UNI_TR_MT": "14426514", "CTMT": "TTI0115", "UNI_TR_AT": "DTTI-EQ-TR2", "SUB": "DTTI", "CONJ": 12986, "MUN": "3550308", "CEG_GD": " ", "BRR": "R CONS COTEGIPE 219 BELENZINHO", "CEP": "03058-000", "CLAS_SUB": "RE1", "CNAE": " ", "TIP_CC": "RES-Tipo01", "FAS_CON": "ABN", "GRU_TEN": "BT", "TEN_FORN": "10", "GRU_TAR": "B1", "SIT_ATIV": "AT", "DAT_CON": "09/12/2013", "CAR_INST": 10.8, "LIV": 0, "ARE_LOC": "UB", "TIP_SIST": "RD_INTERLIG", "ENE_01": 25.01, "ENE_02": 50.0, "ENE_03": 50.0, "ENE_04": 50.0, "ENE_05": 50.0, "ENE_06": 50.0, "ENE_07": 50.0, "ENE_08": 50.0, "ENE_09": 50.0, "ENE_10": 50.0, "ENE_11": 50.0, "ENE_12": 48.54, "DIC_01": 8.36, "DIC_02": 0.16, "DIC_03": 0.0, "DIC_04": 0.0, "DIC_05": 0.0, "DIC_06": 0.0, "DIC_07": 0.0, "DIC_08": 0.0, "DIC_09": 0.0, "DIC_10": 0.0, "DIC_11": 0.0, "DIC_12": 0.23, "FIC_01": 2.0, "FIC_02": 2.0, "FIC_03": 0.0, "FIC_04": 0.0, "FIC_05": 0.0, "FIC_06": 0.0, "FIC_07": 0.0, "FIC_08": 0.0, "FIC_09": 0.0, "FIC_10": 0.0, "FIC_11": 0.0, "FIC_12": 1.0, "SEMRED": 0, "DESCR": " ", "COD_ID": "5439af1e9c46a93680617d20b986245b2c4ccaa5e981d0b7b0f78484bf012688", "__layer": "UCBT_tab" }, "geometry": null },
{ "type": "Feature", "properties": { "DIST": 390, "PAC": "33754071739611908L", "RAMAL": "9662054S1", "PN_CON": "792872", "UNI_TR_MT": "14426514", "CTMT": "TTI0115", "UNI_TR_AT": "DTTI-EQ-TR2", "SUB": "DTTI", "CONJ": 12986, "MUN": "3550308", "CEG_GD": " ", "BRR": "R CONS COTEGIPE 219 BELENZINHO", "CEP": "03058-000", "CLAS_SUB": "RE1", "CNAE": " ", "TIP_CC": "RES-Tipo01", "FAS_CON": "ABN", "GRU_TEN": "BT", "TEN_FORN": "10", "GRU_TAR": "B1", "SIT_ATIV": "AT", "DAT_CON": "09/12/2013", "CAR_INST": 10.8, "LIV": 0, "ARE_LOC": "UB", "TIP_SIST": "RD_INTERLIG", "ENE_01": 30.02, "ENE_02": 53.0, "ENE_03": 69.0, "ENE_04": 59.0, "ENE_05": 56.0, "ENE_06": 58.0, "ENE_07": 45.0, "ENE_08": 51.0, "ENE_09": 56.0, "ENE_10": 64.0, "ENE_11": 55.0, "ENE_12": 59.22, "DIC_01": 8.36, "DIC_02": 0.16, "DIC_03": 0.0, "DIC_04": 0.0, "DIC_05": 0.0, "DIC_06": 0.0, "DIC_07": 0.0, "DIC_08": 0.0, "DIC_09": 0.0, "DIC_10": 0.0, "DIC_11": 0.0, "DIC_12": 0.23, "FIC_01": 2.0, "FIC_02": 2.0, "FIC_03": 0.0, "FIC_04": 0.0, "FIC_05": 0.0, "FIC_06": 0.0, "FIC_07": 0.0, "FIC_08": 0.0, "FIC_09": 0.0, "FIC_10": 0.0, "FIC_11": 0.0, "FIC_12": 1.0, "SEMRED": 0, "DESCR": " ", "COD_ID": "a334bb0f117dd22e9727923277d7e00584b7a1a27988e673005b7d99fba709ed", "__layer": "UCBT_tab" }, "geometry": null },
{ "type": "Feature", "properties": { "DIST": 390, "PAC": "33754071739611908L", "RAMAL": "9662054S1", "PN_CON": "792872", "UNI_TR_MT": "14426514", "CTMT": "TTI0115", "UNI_TR_AT": "DTTI-EQ-TR2", "SUB": "DTTI", "CONJ": 12986, "MUN": "3550308", "CEG_GD": " ", "BRR": "R CONS COTEGIPE 219 BELENZINHO", "CEP": "03058-000", "CLAS_SUB": "RE1", "CNAE": " ", "TIP_CC": "RES-Tipo02", "FAS_CON": "ABN", "GRU_TEN": "BT", "TEN_FORN": "10", "GRU_TAR": "B1", "SIT_ATIV": "AT", "DAT_CON": "09/12/2013", "CAR_INST": 10.8, "LIV": 0, "ARE_LOC": "UB", "TIP_SIST": "RD_INTERLIG", "ENE_01": 111.07, "ENE_02": 249.0, "ENE_03": 202.0, "ENE_04": 262.0, "ENE_05": 253.0, "ENE_06": 258.0, "ENE_07": 164.0, "ENE_08": 141.0, "ENE_09": 194.0, "ENE_10": 220.0, "ENE_11": 183.0, "ENE_12": 155.34, "DIC_01": 8.36, "DIC_02": 0.16, "DIC_03": 0.0, "DIC_04": 0.0, "DIC_05": 0.0, "DIC_06": 0.0, "DIC_07": 0.0, "DIC_08": 0.0, "DIC_09": 0.0, "DIC_10": 0.0, "DIC_11": 0.0, "DIC_12": 0.23, "FIC_01": 2.0, "FIC_02": 2.0, "FIC_03": 0.0, "FIC_04": 0.0, "FIC_05": 0.0, "FIC_06": 0.0, "FIC_07": 0.0, "FIC_08": 0.0, "FIC_09": 0.0, "FIC_10": 0.0, "FIC_11": 0.0, "FIC_12": 1.0, "SEMRED": 0, "DESCR": " ", "COD_ID": "890a01bfc2a1f24784e6a735177f0ec3a825750c404153b4a89c1321df236adc", "__layer": "UCBT_tab" }, "geometry": null },
{ "type": "Feature", "properties": { "DIST": 390, "PAC": "33754071739611908L", "RAMAL": "9662054S1", "PN_CON": "792872", "UNI_TR_MT": "14426514", "CTMT": "TTI0115", "UNI_TR_AT": "DTTI-EQ-TR2", "SUB": "DTTI", "CONJ": 12986, "MUN": "3550308", "CEG_GD": " ", "BRR": "R CONS COTEGIPE 219 BELENZINHO", "CEP": "03058-000", "CLAS_SUB": "RE1", "CNAE": " ", "TIP_CC": "RES-Tipo03", "FAS_CON": "ABN", "GRU_TEN": "BT", "TEN_FORN": "10", "GRU_TAR": "B1", "SIT_ATIV": "AT", "DAT_CON": "09/12/2013", "CAR_INST": 10.8, "LIV": 0, "ARE_LOC": "UB", "TIP_SIST": "RD_INTERLIG", "ENE_01": 75.05, "ENE_02": 101.0, "ENE_03": 87.0, "ENE_04": 89.0, "ENE_05": 89.0, "ENE_06": 103.0, "ENE_07": 64.0, "ENE_08": 79.0, "ENE_09": 102.0, "ENE_10": 125.0, "ENE_11": 120.0, "ENE_12": 121.36, "DIC_01": 8.36, "DIC_02": 0.16, "DIC_03": 0.0, "DIC_04": 0.0, "DIC_05": 0.0, "DIC_06": 0.0, "DIC_07": 0.0, "DIC_08": 0.0, "DIC_09": 0.0, "DIC_10": 0.0, "DIC_11": 0.0, "DIC_12": 0.23, "FIC_01": 2.0, "FIC_02": 2.0, "FIC_03": 0.0, "FIC_04": 0.0, "FIC_05": 0.0, "FIC_06": 0.0, "FIC_07": 0.0, "FIC_08": 0.0, "FIC_09": 0.0, "FIC_10": 0.0, "FIC_11": 0.0, "FIC_12": 1.0, "SEMRED": 0, "DESCR": " ", "COD_ID": "bc87fa1971f68e4c1022222f073f87143bde61f040ec4f652d0cc74d808fac67", "__layer": "UCBT_tab" }, "geometry": null },
{ "type": "Feature", "properties": { "DIST": 390, "PAC": "33754071739611908L", "RAMAL": "9662054S1", "PN_CON": "792872", "UNI_TR_MT": "14426514", "CTMT": "TTI0115", "UNI_TR_AT": "DTTI-EQ-TR2", "SUB": "DTTI", "CONJ": 12986, "MUN": "3550308", "CEG_GD": " ", "BRR": "R CONS COTEGIPE 219 BELENZINHO", "CEP": "03058-000", "CLAS_SUB": "RE1", "CNAE": " ", "TIP_CC": "RES-Tipo02", "FAS_CON": "ABN", "GRU_TEN": "BT", "TEN_FORN": "10", "GRU_TAR": "B1", "SIT_ATIV": "AT", "DAT_CON": "09/12/2013", "CAR_INST": 10.8, "LIV": 0, "ARE_LOC": "UB", "TIP_SIST": "RD_INTERLIG", "ENE_01": 154.1, "ENE_02": 209.0, "ENE_03": 219.0, "ENE_04": 263.0, "ENE_05": 153.0, "ENE_06": 196.0, "ENE_07": 106.0, "ENE_08": 120.0, "ENE_09": 128.0, "ENE_10": 194.0, "ENE_11": 120.0, "ENE_12": 154.37, "DIC_01": 8.36, "DIC_02": 0.16, "DIC_03": 0.0, "DIC_04": 0.0, "DIC_05": 0.0, "DIC_06": 0.0, "DIC_07": 0.0, "DIC_08": 0.0, "DIC_09": 0.0, "DIC_10": 0.0, "DIC_11": 0.0, "DIC_12": 0.23, "FIC_01": 2.0, "FIC_02": 2.0, "FIC_03": 0.0, "FIC_04": 0.0, "FIC_05": 0.0, "FIC_06": 0.0, "FIC_07": 0.0, "FIC_08": 0.0, "FIC_09": 0.0, "FIC_10": 0.0, "FIC_11": 0.0, "FIC_12": 1.0, "SEMRED": 0, "DESCR": " ", "COD_ID": "7f6b82d6a775129ba15e9d5d503b5e1375aa3ccee61f06d522188dab753b3fe2", "__layer": "UCBT_tab" }, "geometry": null },
{ "type": "Feature", "properties": { "DIST": 390, "PAC": "33754071739611908L", "RAMAL": "9662054S1", "PN_CON": "792872", "UNI_TR_MT": "14426514", "CTMT": "TTI0115", "UNI_TR_AT": "DTTI-EQ-TR2", "SUB": "DTTI", "CONJ": 12986, "MUN": "3550308", "CEG_GD": " ", "BRR": "R CONS COTEGIPE 219 BELENZINHO", "CEP": "03058-000", "CLAS_SUB": "RE1", "CNAE": " ", "TIP_CC": "RES-Tipo03", "FAS_CON": "ABN", "GRU_TEN": "BT", "TEN_FORN": "10", "GRU_TAR": "B1", "SIT_ATIV": "AT", "DAT_CON": "09/12/2013", "CAR_INST": 8.4, "LIV": 0, "ARE_LOC": "UB", "TIP_SIST": "RD_INTERLIG", "ENE_01": 61.04, "ENE_02": 119.0, "ENE_03": 110.0, "ENE_04": 109.0, "ENE_05": 87.0, "ENE_06": 100.0, "ENE_07": 77.0, "ENE_08": 82.0, "ENE_09": 91.0, "ENE_10": 98.0, "ENE_11": 92.0, "ENE_12": 100.97, "DIC_01": 8.36, "DIC_02": 0.16, "DIC_03": 0.0, "DIC_04": 0.0, "DIC_05": 0.0, "DIC_06": 0.0, "DIC_07": 0.0, "DIC_08": 0.0, "DIC_09": 0.0, "DIC_10": 0.0, "DIC_11": 0.0, "DIC_12": 0.23, "FIC_01": 2.0, "FIC_02": 2.0, "FIC_03": 0.0, "FIC_04": 0.0, "FIC_05": 0.0, "FIC_06": 0.0, "FIC_07": 0.0, "FIC_08": 0.0, "FIC_09": 0.0, "FIC_10": 0.0, "FIC_11": 0.0, "FIC_12": 1.0, "SEMRED": 0, "DESCR": " ", "COD_ID": "37a2a64a5e099378bf4ae32116422df7bf751316304fa4be41a34391e0f076a8", "__layer": "UCBT_tab" }, "geometry": null },
{ "type": "Feature", "properties": { "DIST": 390, "PAC": "33754071739611908L", "RAMAL": "9662054S1", "PN_CON": "792872", "UNI_TR_MT": "14426514", "CTMT": "TTI0115", "UNI_TR_AT": "DTTI-EQ-TR2", "SUB": "DTTI", "CONJ": 12986, "MUN": "3550308", "CEG_GD": " ", "BRR": "R CONS COTEGIPE 219 BELENZINHO", "CEP": "03058-000", "CLAS_SUB": "RE1", "CNAE": " ", "TIP_CC": "RES-Tipo03", "FAS_CON": "ABN", "GRU_TEN": "BT", "TEN_FORN": "10", "GRU_TAR": "B1", "SIT_ATIV": "AT", "DAT_CON": "09/12/2013", "CAR_INST": 10.8, "LIV": 0, "ARE_LOC": "UB", "TIP_SIST": "RD_INTERLIG", "ENE_01": 63.04, "ENE_02": 123.0, "ENE_03": 50.0, "ENE_04": 50.0, "ENE_05": 50.0, "ENE_06": 104.0, "ENE_07": 72.0, "ENE_08": 242.0, "ENE_09": 241.0, "ENE_10": 220.0, "ENE_11": 143.0, "ENE_12": 166.99, "DIC_01": 8.36, "DIC_02": 0.16, "DIC_03": 0.0, "DIC_04": 0.0, "DIC_05": 0.0, "DIC_06": 0.0, "DIC_07": 0.0, "DIC_08": 0.0, "DIC_09": 0.0, "DIC_10": 0.0, "DIC_11": 0.0, "DIC_12": 0.23, "FIC_01": 2.0, "FIC_02": 2.0, "FIC_03": 0.0, "FIC_04": 0.0, "FIC_05": 0.0, "FIC_06": 0.0, "FIC_07": 0.0, "FIC_08": 0.0, "FIC_09": 0.0, "FIC_10": 0.0, "FIC_11": 0.0, "FIC_12": 1.0, "SEMRED": 0, "DESCR": " ", "COD_ID": "fd62060e86f4e3dda680c35fd2c556da41d9e0d38fc8f8c63fc0a4730cf1c991", "__layer": "UCBT_tab" }, "geometry": null },
{ "type": "Feature", "properties": { "DIST": 390, "PAC": "33754071739611908L", "RAMAL": "9662054S1", "PN_CON": "792872", "UNI_TR_MT": "14426514", "CTMT": "TTI0115", "UNI_TR_AT": "DTTI-EQ-TR2", "SUB": "DTTI", "CONJ": 12986, "MUN": "3550308", "CEG_GD": " ", "BRR": "R CONS COTEGIPE 219 BELENZINHO", "CEP": "03058-000", "CLAS_SUB": "RE1", "CNAE": " ", "TIP_CC": "RES-Tipo03", "FAS_CON": "ABN", "GRU_TEN": "BT", "TEN_FORN": "10", "GRU_TAR": "B1", "SIT_ATIV": "AT", "DAT_CON": "09/12/2013", "CAR_INST": 10.8, "LIV": 0, "ARE_LOC": "UB", "TIP_SIST": "RD_INTERLIG", "ENE_01": 82.05, "ENE_02": 160.0, "ENE_03": 139.0, "ENE_04": 166.0, "ENE_05": 154.0, "ENE_06": 176.0, "ENE_07": 134.0, "ENE_08": 170.0, "ENE_09": 181.0, "ENE_10": 176.0, "ENE_11": 156.0, "ENE_12": 158.26, "DIC_01": 8.36, "DIC_02": 0.16, "DIC_03": 0.0, "DIC_04": 0.0, "DIC_05": 0.0, "DIC_06": 0.0, "DIC_07": 0.0, "DIC_08": 0.0, "DIC_09": 0.0, "DIC_10": 0.0, "DIC_11": 0.0, "DIC_12": 0.23, "FIC_01": 2.0, "FIC_02": 2.0, "FIC_03": 0.0, "FIC_04": 0.0, "FIC_05": 0.0, "FIC_06": 0.0, "FIC_07": 0.0, "FIC_08": 0.0, "FIC_09": 0.0, "FIC_10": 0.0, "FIC_11": 0.0, "FIC_12": 1.0, "SEMRED": 0, "DESCR": " ", "COD_ID": "94d516438b47e296de349ee6ce9ffaa9184abf16f7adb4f83ae4349df962db03", "__layer": "UCBT_tab" }, "geometry": null },
{ "type": "Feature", "properties": { "DIST": 390, "PAC": "33754071739611908L", "RAMAL": "9662054S1", "PN_CON": "792872", "UNI_TR_MT": "14426514", "CTMT": "TTI0115", "UNI_TR_AT": "DTTI-EQ-TR2", "SUB": "DTTI", "CONJ": 12986, "MUN": "3550308", "CEG_GD": " ", "BRR": "R CONS COTEGIPE 219 BELENZINHO", "CEP": "03058-000", "CLAS_SUB": "RE1", "CNAE": " ", "TIP_CC": "RES-Tipo03", "FAS_CON": "ABN", "GRU_TEN": "BT", "TEN_FORN": "10", "GRU_TAR": "B1", "SIT_ATIV": "AT", "DAT_CON": "09/12/2013", "CAR_INST": 10.8, "LIV": 0, "ARE_LOC": "UB", "TIP_SIST": "RD_INTERLIG", "ENE_01": 33.52, "ENE_02": 96.0, "ENE_03": 122.0, "ENE_04": 157.0, "ENE_05": 159.0, "ENE_06": 161.0, "ENE_07": 140.0, "ENE_08": 156.0, "ENE_09": 163.0, "ENE_10": 165.0, "ENE_11": 140.0, "ENE_12": 133.01, "DIC_01": 8.36, "DIC_02": 0.16, "DIC_03": 0.0, "DIC_04": 0.0, "DIC_05": 0.0, "DIC_06": 0.0, "DIC_07": 0.0, "DIC_08": 0.0, "DIC_09": 0.0, "DIC_10": 0.0, "DIC_11": 0.0, "DIC_12": 0.23, "FIC_01": 2.0, "FIC_02": 2.0, "FIC_03": 0.0, "FIC_04": 0.0, "FIC_05": 0.0, "FIC_06": 0.0, "FIC_07": 0.0, "FIC_08": 0.0, "FIC_09": 0.0, "FIC_10": 0.0, "FIC_11": 0.0, "FIC_12": 1.0, "SEMRED": 0, "DESCR": " ", "COD_ID": "dfde58722524abc495bd897a537df203fcde60d14b24a8e265f26b91b2974eb5", "__layer": "UCBT_tab" }, "geometry": null },
{ "type": "Feature", "properties": { "DIST": 390, "PAC": "33754071739611908L", "RAMAL": "9662054S1", "PN_CON": "792872", "UNI_TR_MT": "14426514", "CTMT": "TTI0115", "UNI_TR_AT": "DTTI-EQ-TR2", "SUB": "DTTI", "CONJ": 12986, "MUN": "3550308", "CEG_GD": " ", "BRR": "R CONS COTEGIPE 219 BELENZINHO", "CEP": "03058-000", "CLAS_SUB": "RE1", "CNAE": " ", "TIP_CC": "RES-Tipo02", "FAS_CON": "ABN", "GRU_TEN": "BT", "TEN_FORN": "10", "GRU_TAR": "B1", "SIT_ATIV": "AT", "DAT_CON": "09/12/2013", "CAR_INST": 10.8, "LIV": 0, "ARE_LOC": "UB", "TIP_SIST": "RD_INTERLIG", "ENE_01": 94.06, "ENE_02": 192.0, "ENE_03": 192.0, "ENE_04": 214.0, "ENE_05": 212.0, "ENE_06": 177.0, "ENE_07": 188.0, "ENE_08": 163.0, "ENE_09": 196.0, "ENE_10": 224.0, "ENE_11": 195.0, "ENE_12": 217.48, "DIC_01": 8.36, "DIC_02": 0.16, "DIC_03": 0.0, "DIC_04": 0.0, "DIC_05": 0.0, "DIC_06": 0.0, "DIC_07": 0.0, "DIC_08": 0.0, "DIC_09": 0.0, "DIC_10": 0.0, "DIC_11": 0.0, "DIC_12": 0.23, "FIC_01": 2.0, "FIC_02": 2.0, "FIC_03": 0.0, "FIC_04": 0.0, "FIC_05": 0.0, "FIC_06": 0.0, "FIC_07": 0.0, "FIC_08": 0.0, "FIC_09": 0.0, "FIC_10": 0.0, "FIC_11": 0.0, "FIC_12": 1.0, "SEMRED": 0, "DESCR": " ", "COD_ID": "1abd522bde7a78e1ba14961db2360db071551d59439dfc76cd5e1eef643ea2c2", "__layer": "UCBT_tab" }, "geometry": null },
{ "type": "Feature", "properties": { "DIST": 390, "PAC": "33754071739611908L", "RAMAL": "9662054S1", "PN_CON": "792872", "UNI_TR_MT": "14426514", "CTMT": "TTI0115", "UNI_TR_AT": "DTTI-EQ-TR2", "SUB": "DTTI", "CONJ": 12986, "MUN": "3550308", "CEG_GD": " ", "BRR": "R CONS COTEGIPE 219 BELENZINHO", "CEP": "03058-000", "CLAS_SUB": "RE1", "CNAE": " ", "TIP_CC": "RES-Tipo01", "FAS_CON": "ABCN", "GRU_TEN": "BT", "TEN_FORN": "10", "GRU_TAR": "B1", "SIT_ATIV": "AT", "DAT_CON": "09/12/2013", "CAR_INST": 5.1, "LIV": 0, "ARE_LOC": "UB", "TIP_SIST": "RD_INTERLIG", "ENE_01": 45.53, "ENE_02": 86.0, "ENE_03": 83.0, "ENE_04": 101.0, "ENE_05": 74.0, "ENE_06": 144.0, "ENE_07": 95.0, "ENE_08": 71.0, "ENE_09": 84.0, "ENE_10": 117.0, "ENE_11": 91.0, "ENE_12": 91.26, "DIC_01": 8.36, "DIC_02": 0.16, "DIC_03": 0.0, "DIC_04": 0.0, "DIC_05": 0.0, "DIC_06": 0.0, "DIC_07": 0.0, "DIC_08": 0.0, "DIC_09": 0.0, "DIC_10": 0.0, "DIC_11": 0.0, "DIC_12": 0.23, "FIC_01": 2.0, "FIC_02": 2.0, "FIC_03": 0.0, "FIC_04": 0.0, "FIC_05": 0.0, "FIC_06": 0.0, "FIC_07": 0.0, "FIC_08": 0.0, "FIC_09": 0.0, "FIC_10": 0.0, "FIC_11": 0.0, "FIC_12": 1.0, "SEMRED": 0, "DESCR": " ", "COD_ID": "dc9cde02d68f98aa0f8616af15e7ffa97c0a7d9c5f9b9f7b7f17157fc3ab79ce", "__layer": "UCBT_tab" }, "geometry": null },
{ "type": "Feature", "properties": { "DIST": 390, "PAC": "33754071739611908L", "RAMAL": "9662054S1", "PN_CON": "792872", "UNI_TR_MT": "14426514", "CTMT": "TTI0115", "UNI_TR_AT": "DTTI-EQ-TR2", "SUB": "DTTI", "CONJ": 12986, "MUN": "3550308", "CEG_GD": " ", "BRR": "R CONS COTEGIPE 219 BELENZINHO", "CEP": "03058-000", "CLAS_SUB": "RE1", "CNAE": " ", "TIP_CC": "RES-Tipo03", "FAS_CON": "ABN", "GRU_TEN": "BT", "TEN_FORN": "10", "GRU_TAR": "B1", "SIT_ATIV": "AT", "DAT_CON": "09/12/2013", "CAR_INST": 10.8, "LIV": 0, "ARE_LOC": "UB", "TIP_SIST": "RD_INTERLIG", "ENE_01": 57.03, "ENE_02": 108.0, "ENE_03": 101.0, "ENE_04": 123.0, "ENE_05": 118.0, "ENE_06": 118.0, "ENE_07": 98.0, "ENE_08": 104.0, "ENE_09": 132.0, "ENE_10": 130.0, "ENE_11": 115.0, "ENE_12": 103.88, "DIC_01": 8.36, "DIC_02": 0.16, "DIC_03": 0.0, "DIC_04": 0.0, "DIC_05": 0.0, "DIC_06": 0.0, "DIC_07": 0.0, "DIC_08": 0.0, "DIC_09": 0.0, "DIC_10": 0.0, "DIC_11": 0.0, "DIC_12": 0.23, "FIC_01": 2.0, "FIC_02": 2.0, "FIC_03": 0.0, "FIC_04": 0.0, "FIC_05": 0.0, "FIC_06": 0.0, "FIC_07": 0.0, "FIC_08": 0.0, "FIC_09": 0.0, "FIC_10": 0.0, "FIC_11": 0.0, "FIC_12": 1.0, "SEMRED": 0, "DESCR": " ", "COD_ID": "1bc2821c4f108648a8697f3e0d697fee5ba93b59befd2765c36e48a043112118", "__layer": "UCBT_tab" }, "geometry": null },
{ "type": "Feature", "properties": { "DIST": 390, "PAC": "33754071739611908L", "RAMAL": "9662054S1", "PN_CON": "792872", "UNI_TR_MT": "14426514", "CTMT": "TTI0115", "UNI_TR_AT": "DTTI-EQ-TR2", "SUB": "DTTI", "CONJ": 12986, "MUN": "3550308", "CEG_GD": " ", "BRR": "R CONS COTEGIPE 219 BELENZINHO", "CEP": "03058-000", "CLAS_SUB": "RE1", "CNAE": " ", "TIP_CC": "RES-Tipo02", "FAS_CON": "ABN", "GRU_TEN": "BT", "TEN_FORN": "10", "GRU_TAR": "B1", "SIT_ATIV": "AT", "DAT_CON": "09/12/2013", "CAR_INST": 10.8, "LIV": 0, "ARE_LOC": "UB", "TIP_SIST": "RD_INTERLIG", "ENE_01": 113.07, "ENE_02": 180.0, "ENE_03": 175.0, "ENE_04": 212.0, "ENE_05": 187.0, "ENE_06": 187.0, "ENE_07": 161.0, "ENE_08": 150.0, "ENE_09": 155.0, "ENE_10": 177.0, "ENE_11": 160.0, "ENE_12": 172.82, "DIC_01": 8.36, "DIC_02": 0.16, "DIC_03": 0.0, "DIC_04": 0.0, "DIC_05": 0.0, "DIC_06": 0.0, "DIC_07": 0.0, "DIC_08": 0.0, "DIC_09": 0.0, "DIC_10": 0.0, "DIC_11": 0.0, "DIC_12": 0.23, "FIC_01": 2.0, "FIC_02": 2.0, "FIC_03": 0.0, "FIC_04": 0.0, "FIC_05": 0.0, "FIC_06": 0.0, "FIC_07": 0.0, "FIC_08": 0.0, "FIC_09": 0.0, "FIC_10": 0.0, "FIC_11": 0.0, "FIC_12": 1.0, "SEMRED": 0, "DESCR": " ", "COD_ID": "568745f9ed3efe680a9dfd87e6d52ef0bbc5ade47189fb3616f57547f84398a6", "__layer": "UCBT_tab" }, "geometry": null },
{ "type": "Feature", "properties": { "DIST": 390, "PAC": "33754071739611908L", "RAMAL": "9662054S1", "PN_CON": "792872", "UNI_TR_MT": "14426514", "CTMT": "TTI0115", "UNI_TR_AT": "DTTI-EQ-TR2", "SUB": "DTTI", "CONJ": 12986, "MUN": "3550308", "CEG_GD": " ", "BRR": "R CONS COTEGIPE 219 BELENZINHO", "CEP": "03058-000", "CLAS_SUB": "RE1", "CNAE": " ", "TIP_CC": "RES-Tipo01", "FAS_CON": "ABN", "GRU_TEN": "BT", "TEN_FORN": "10", "GRU_TAR": "B1", "SIT_ATIV": "AT", "DAT_CON": "09/12/2013", "CAR_INST": 10.8, "LIV": 0, "ARE_LOC": "UB", "TIP_SIST": "RD_INTERLIG", "ENE_01": 25.01, "ENE_02": 50.0, "ENE_03": 50.0, "ENE_04": 50.0, "ENE_05": 50.0, "ENE_06": 1.0, "ENE_07": 1.0, "ENE_08": 16.0, "ENE_09": 177.0, "ENE_10": 261.0, "ENE_11": 153.0, "ENE_12": 180.59, "DIC_01": 8.36, "DIC_02": 0.16, "DIC_03": 0.0, "DIC_04": 0.0, "DIC_05": 0.0, "DIC_06": 0.0, "DIC_07": 0.0, "DIC_08": 0.0, "DIC_09": 0.0, "DIC_10": 0.0, "DIC_11": 0.0, "DIC_12": 0.23, "FIC_01": 2.0, "FIC_02": 2.0, "FIC_03": 0.0, "FIC_04": 0.0, "FIC_05": 0.0, "FIC_06": 0.0, "FIC_07": 0.0, "FIC_08": 0.0, "FIC_09": 0.0, "FIC_10": 0.0, "FIC_11": 0.0, "FIC_12": 1.0, "SEMRED": 0, "DESCR": " ", "COD_ID": "e47ee23b137d354c1465d79eab3a7f1fafbf6db02629a0422d6d9396c90e62b2", "__layer": "UCBT_tab" }, "geometry": null },
{ "type": "Feature", "properties": { "DIST": 390, "PAC": "33754071739611908L", "RAMAL": "9662054S1", "PN_CON": "792872", "UNI_TR_MT": "14426514", "CTMT": "TTI0115", "UNI_TR_AT": "DTTI-EQ-TR2", "SUB": "DTTI", "CONJ": 12986, "MUN": "3550308", "CEG_GD": " ", "BRR": "R CONS COTEGIPE 219 BELENZINHO", "CEP": "03058-000", "CLAS_SUB": "RE1", "CNAE": " ", "TIP_CC": "RES-Tipo01", "FAS_CON": "ABN", "GRU_TEN": "BT", "TEN_FORN": "10", "GRU_TAR": "B1", "SIT_ATIV": "AT", "DAT_CON": "09/12/2013", "CAR_INST": 10.8, "LIV": 0, "ARE_LOC": "UB", "TIP_SIST": "RD_INTERLIG", "ENE_01": 87.55, "ENE_02": 206.0, "ENE_03": 233.0, "ENE_04": 266.0, "ENE_05": 263.0, "ENE_06": 279.0, "ENE_07": 218.0, "ENE_08": 214.0, "ENE_09": 231.0, "ENE_10": 189.0, "ENE_11": 247.0, "ENE_12": 232.05, "DIC_01": 8.36, "DIC_02": 0.16, "DIC_03": 0.0, "DIC_04": 0.0, "DIC_05": 0.0, "DIC_06": 0.0, "DIC_07": 0.0, "DIC_08": 0.0, "DIC_09": 0.0, "DIC_10": 0.0, "DIC_11": 0.0, "DIC_12": 0.23, "FIC_01": 2.0, "FIC_02": 2.0, "FIC_03": 0.0, "FIC_04": 0.0, "FIC_05": 0.0, "FIC_06": 0.0, "FIC_07": 0.0, "FIC_08": 0.0, "FIC_09": 0.0, "FIC_10": 0.0, "FIC_11": 0.0, "FIC_12": 1.0, "SEMRED": 0, "DESCR": " ", "COD_ID": "c5934c4c382833665ca2d951cde773c2531120e2b01fe74f168bb715a6f0e98b", "__layer": "UCBT_tab" }, "geometry": null },
{ "type": "Feature", "properties": { "DIST": 390, "PAC": "33754071739611908L", "RAMAL": "9662054S1", "PN_CON": "792872", "UNI_TR_MT": "14426514", "CTMT": "TTI0115", "UNI_TR_AT": "DTTI-EQ-TR2", "SUB": "DTTI", "CONJ": 12986, "MUN": "3550308", "CEG_GD": " ", "BRR": "R CONS COTEGIPE 219 BELENZINHO", "CEP": "03058-000", "CLAS_SUB": "RE1", "CNAE": " ", "TIP_CC": "RES-Tipo01", "FAS_CON": "ABN", "GRU_TEN": "BT", "TEN_FORN": "10", "GRU_TAR": "B1", "SIT_ATIV": "AT", "DAT_CON": "09/12/2013", "CAR_INST": 10.8, "LIV": 0, "ARE_LOC": "UB", "TIP_SIST": "RD_INTERLIG", "ENE_01": 49.53, "ENE_02": 77.0, "ENE_03": 82.0, "ENE_04": 134.0, "ENE_05": 150.0, "ENE_06": 165.0, "ENE_07": 122.0, "ENE_08": 164.0, "ENE_09": 124.0, "ENE_10": 128.0, "ENE_11": 110.0, "ENE_12": 48.54, "DIC_01": 8.36, "DIC_02": 0.16, "DIC_03": 0.0, "DIC_04": 0.0, "DIC_05": 0.0, "DIC_06": 0.0, "DIC_07": 0.0, "DIC_08": 0.0, "DIC_09": 0.0, "DIC_10": 0.0, "DIC_11": 0.0, "DIC_12": 0.23, "FIC_01": 2.0, "FIC_02": 2.0, "FIC_03": 0.0, "FIC_04": 0.0, "FIC_05": 0.0, "FIC_06": 0.0, "FIC_07": 0.0, "FIC_08": 0.0, "FIC_09": 0.0, "FIC_10": 0.0, "FIC_11": 0.0, "FIC_12": 1.0, "SEMRED": 0, "DESCR": " ", "COD_ID": "9327f7e51f8ae7b18424f3bbd1fe42236a1310cb28caeaeb7fa419c3cebb65b9", "__layer": "UCBT_tab" }, "geometry": null },
{ "type": "Feature", "properties": { "DIST": 390, "PAC": "33754071739611908L", "RAMAL": "9662054S1", "PN_CON": "792872", "UNI_TR_MT": "14426514", "CTMT": "TTI0115", "UNI_TR_AT": "DTTI-EQ-TR2", "SUB": "DTTI", "CONJ": 12986, "MUN": "3550308", "CEG_GD": " ", "BRR": "R CONS COTEGIPE 219 BELENZINHO", "CEP": "03058-000", "CLAS_SUB": "RE1", "CNAE": " ", "TIP_CC": "RES-Tipo03", "FAS_CON": "ABN", "GRU_TEN": "BT", "TEN_FORN": "10", "GRU_TAR": "B1", "SIT_ATIV": "AT", "DAT_CON": "09/12/2013", "CAR_INST": 10.8, "LIV": 0, "ARE_LOC": "UB", "TIP_SIST": "RD_INTERLIG", "ENE_01": 83.55, "ENE_02": 153.0, "ENE_03": 142.0, "ENE_04": 179.0, "ENE_05": 170.0, "ENE_06": 193.0, "ENE_07": 136.0, "ENE_08": 124.0, "ENE_09": 135.0, "ENE_10": 130.0, "ENE_11": 122.0, "ENE_12": 130.1, "DIC_01": 8.36, "DIC_02": 0.16, "DIC_03": 0.0, "DIC_04": 0.0, "DIC_05": 1.9, "DIC_06": 0.0, "DIC_07": 0.0, "DIC_08": 0.0, "DIC_09": 0.0, "DIC_10": 0.0, "DIC_11": 0.0, "DIC_12": 0.23, "FIC_01": 2.0, "FIC_02": 2.0, "FIC_03": 0.0, "FIC_04": 0.0, "FIC_05": 1.0, "FIC_06": 0.0, "FIC_07": 0.0, "FIC_08": 0.0, "FIC_09": 0.0, "FIC_10": 0.0, "FIC_11": 0.0, "FIC_12": 1.0, "SEMRED": 0, "DESCR": " ", "COD_ID": "125992e3b5ba732a04fbfa3b1274b3aad5efcdcd97fbc1a6f68353fe52fa4456", "__layer": "UCBT_tab" }, "geometry": null },
{ "type": "Feature", "properties": { "DIST": 390, "PAC": "33754071739611908L", "RAMAL": "9662054S1", "PN_CON": "792872", "UNI_TR_MT": "14426514", "CTMT": "TTI0115", "UNI_TR_AT": "DTTI-EQ-TR2", "SUB": "DTTI", "CONJ": 12986, "MUN": "3550308", "CEG_GD": " ", "BRR": "R CONS COTEGIPE 219 BELENZINHO", "CEP": "03058-000", "CLAS_SUB": "RE1", "CNAE": " ", "TIP_CC": "RES-Tipo01", "FAS_CON": "ABN", "GRU_TEN": "BT", "TEN_FORN": "10", "GRU_TAR": "B1", "SIT_ATIV": "AT", "DAT_CON": "09/12/2013", "CAR_INST": 10.8, "LIV": 0, "ARE_LOC": "UB", "TIP_SIST": "RD_INTERLIG", "ENE_01": 0.0, "ENE_02": 11.0, "ENE_03": 50.0, "ENE_04": 50.0, "ENE_05": 50.0, "ENE_06": 50.0, "ENE_07": 50.0, "ENE_08": 50.0, "ENE_09": 50.0, "ENE_10": 50.0, "ENE_11": 40.0, "ENE_12": 48.54, "DIC_01": 0.0, "DIC_02": 0.16, "DIC_03": 0.0, "DIC_04": 0.0, "DIC_05": 0.0, "DIC_06": 0.0, "DIC_07": 0.0, "DIC_08": 0.0, "DIC_09": 0.0, "DIC_10": 0.0, "DIC_11": 0.0, "DIC_12": 0.23, "FIC_01": 0.0, "FIC_02": 2.0, "FIC_03": 0.0, "FIC_04": 0.0, "FIC_05": 0.0, "FIC_06": 0.0, "FIC_07": 0.0, "FIC_08": 0.0, "FIC_09": 0.0, "FIC_10": 0.0, "FIC_11": 0.0, "FIC_12": 1.0, "SEMRED": 0, "DESCR": " ", "COD_ID": "f04569f9573c0f8b18ab318e459de4e8115db9d889aafe34303cddcd858441f3", "__layer": "UCBT_tab" }, "geometry": null },
{ "type": "Feature", "properties": { "DIST": 390, "PAC": "33754071739611908L", "RAMAL": "9662054S1", "PN_CON": "792872", "UNI_TR_MT": "14426514", "CTMT": "TTI0115", "UNI_TR_AT": "DTTI-EQ-TR2", "SUB": "DTTI", "CONJ": 12986, "MUN": "3550308", "CEG_GD": " ", "BRR": "R CONS COTEGIPE 219 BELENZINHO", "CEP": "03058-000", "CLAS_SUB": "RE1", "CNAE": " ", "TIP_CC": "RES-Tipo04", "FAS_CON": "ABN", "GRU_TEN": "BT", "TEN_FORN": "10", "GRU_TAR": "B1", "SIT_ATIV": "AT", "DAT_CON": "09/12/2013", "CAR_INST": 10.8, "LIV": 0, "ARE_LOC": "UB", "TIP_SIST": "RD_INTERLIG", "ENE_01": 131.58, "ENE_02": 239.0, "ENE_03": 219.0, "ENE_04": 270.0, "ENE_05": 229.0, "ENE_06": 263.0, "ENE_07": 204.0, "ENE_08": 229.0, "ENE_09": 237.0, "ENE_10": 227.0, "ENE_11": 222.0, "ENE_12": 231.07, "DIC_01": 8.36, "DIC_02": 0.16, "DIC_03": 0.0, "DIC_04": 0.0, "DIC_05": 0.0, "DIC_06": 0.0, "DIC_07": 0.0, "DIC_08": 0.0, "DIC_09": 0.0, "DIC_10": 0.0, "DIC_11": 0.0, "DIC_12": 0.23, "FIC_01": 2.0, "FIC_02": 2.0, "FIC_03": 0.0, "FIC_04": 0.0, "FIC_05": 0.0, "FIC_06": 0.0, "FIC_07": 0.0, "FIC_08": 0.0, "FIC_09": 0.0, "FIC_10": 0.0, "FIC_11": 0.0, "FIC_12": 1.0, "SEMRED": 0, "DESCR": " ", "COD_ID": "befa4b1555da7780898ad97650182b431b4fcbe0461e2cdf1b56146b53e22f96", "__layer": "UCBT_tab" }, "geometry": null },
{ "type": "Feature", "properties": { "DIST": 390, "PAC": "33754071739611908L", "RAMAL": "9662054S1", "PN_CON": "792872", "UNI_TR_MT": "14426514", "CTMT": "TTI0115", "UNI_TR_AT": "DTTI-EQ-TR2", "SUB": "DTTI", "CONJ": 12986, "MUN": "3550308", "CEG_GD": " ", "BRR": "R CONS COTEGIPE 219 BELENZINHO", "CEP": "03058-000", "CLAS_SUB": "RE1", "CNAE": " ", "TIP_CC": "RES-Tipo02", "FAS_CON": "ABN", "GRU_TEN": "BT", "TEN_FORN": "10", "GRU_TAR": "B1", "SIT_ATIV": "AT", "DAT_CON": "09/12/2013", "CAR_INST": 10.8, "LIV": 0, "ARE_LOC": "UB", "TIP_SIST": "RD_INTERLIG", "ENE_01": 102.56, "ENE_02": 186.0, "ENE_03": 168.0, "ENE_04": 191.0, "ENE_05": 170.0, "ENE_06": 183.0, "ENE_07": 143.0, "ENE_08": 151.0, "ENE_09": 159.0, "ENE_10": 152.0, "ENE_11": 162.0, "ENE_12": 166.99, "DIC_01": 8.36, "DIC_02": 0.16, "DIC_03": 0.0, "DIC_04": 0.0, "DIC_05": 0.0, "DIC_06": 0.0, "DIC_07": 0.0, "DIC_08": 0.0, "DIC_09": 0.0, "DIC_10": 0.0, "DIC_11": 0.0, "DIC_12": 0.23, "FIC_01": 2.0, "FIC_02": 2.0, "FIC_03": 0.0, "FIC_04": 0.0, "FIC_05": 0.0, "FIC_06": 0.0, "FIC_07": 0.0, "FIC_08": 0.0, "FIC_09": 0.0, "FIC_10": 0.0, "FIC_11": 0.0, "FIC_12": 1.0, "SEMRED": 0, "DESCR": " ", "COD_ID": "4529c1fae37a9774ccbed3b5369285c2ab6c591fb079b0df2759a84c4e68de45", "__layer": "UCBT_tab" }, "geometry": null },
{ "type": "Feature", "properties": { "DIST": 390, "PAC": "33754071739611908L", "RAMAL": "9662054S1", "PN_CON": "792872", "UNI_TR_MT": "14426514", "CTMT": "TTI0115", "UNI_TR_AT": "DTTI-EQ-TR2", "SUB": "DTTI", "CONJ": 12986, "MUN": "3550308", "CEG_GD": " ", "BRR": "R CONS COTEGIPE 219 BELENZINHO", "CEP": "03058-000", "CLAS_SUB": "RE1", "CNAE": " ", "TIP_CC": "RES-Tipo02", "FAS_CON": "ABN", "GRU_TEN": "BT", "TEN_FORN": "10", "GRU_TAR": "B1", "SIT_ATIV": "AT", "DAT_CON": "09/12/2013", "CAR_INST": 10.8, "LIV": 0, "ARE_LOC": "UB", "TIP_SIST": "RD_INTERLIG", "ENE_01": 286.69, "ENE_02": 507.0, "ENE_03": 313.0, "ENE_04": 441.0, "ENE_05": 299.0, "ENE_06": 344.0, "ENE_07": 193.0, "ENE_08": 175.0, "ENE_09": 148.0, "ENE_10": 323.0, "ENE_11": 217.0, "ENE_12": 165.05, "DIC_01": 8.36, "DIC_02": 0.16, "DIC_03": 0.0, "DIC_04": 0.0, "DIC_05": 0.0, "DIC_06": 0.0, "DIC_07": 0.0, "DIC_08": 0.0, "DIC_09": 0.0, "DIC_10": 0.0, "DIC_11": 0.0, "DIC_12": 0.23, "FIC_01": 2.0, "FIC_02": 2.0, "FIC_03": 0.0, "FIC_04": 0.0, "FIC_05": 0.0, "FIC_06": 0.0, "FIC_07": 0.0, "FIC_08": 0.0, "FIC_09": 0.0, "FIC_10": 0.0, "FIC_11": 0.0, "FIC_12": 1.0, "SEMRED": 0, "DESCR": " ", "COD_ID": "930a59652c4181f010c0b04ef20809d13c129d44d5fa5b5b25c347b400c8b1e4", "__layer": "UCBT_tab" }, "geometry": null },
{ "type": "Feature", "properties": { "DIST": 390, "PAC": "33754071739611908L", "RAMAL": "9662054S1", "PN_CON": "792872", "UNI_TR_MT": "14426514", "CTMT": "TTI0115", "UNI_TR_AT": "DTTI-EQ-TR2", "SUB": "DTTI", "CONJ": 12986, "MUN": "3550308", "CEG_GD": " ", "BRR": "R CONS COTEGIPE 219 BELENZINHO", "CEP": "03058-000", "CLAS_SUB": "RE1", "CNAE": " ", "TIP_CC": "RES-Tipo03", "FAS_CON": "ABN", "GRU_TEN": "BT", "TEN_FORN": "10", "GRU_TAR": "B1", "SIT_ATIV": "AT", "DAT_CON": "09/12/2013", "CAR_INST": 10.8, "LIV": 0, "ARE_LOC": "UB", "TIP_SIST": "RD_INTERLIG", "ENE_01": 79.55, "ENE_02": 149.0, "ENE_03": 134.0, "ENE_04": 168.0, "ENE_05": 162.0, "ENE_06": 168.0, "ENE_07": 151.0, "ENE_08": 141.0, "ENE_09": 184.0, "ENE_10": 378.0, "ENE_11": 161.0, "ENE_12": 157.28, "DIC_01": 8.36, "DIC_02": 0.16, "DIC_03": 0.0, "DIC_04": 0.0, "DIC_05": 0.0, "DIC_06": 0.0, "DIC_07": 0.0, "DIC_08": 0.0, "DIC_09": 0.0, "DIC_10": 0.0, "DIC_11": 0.0, "DIC_12": 0.23, "FIC_01": 2.0, "FIC_02": 2.0, "FIC_03": 0.0, "FIC_04": 0.0, "FIC_05": 0.0, "FIC_06": 0.0, "FIC_07": 0.0, "FIC_08": 0.0, "FIC_09": 0.0, "FIC_10": 0.0, "FIC_11": 0.0, "FIC_12": 1.0, "SEMRED": 0, "DESCR": " ", "COD_ID": "5b0beb722d511f7d520cbb19120497a48c327ad9e50416b7d5624dcc3f9485c1", "__layer": "UCBT_tab" }, "geometry": null },
{ "type": "Feature", "properties": { "DIST": 390, "PAC": "33754071739611908L", "RAMAL": "9662054S1", "PN_CON": "792872", "UNI_TR_MT": "14426514", "CTMT": "TTI0115", "UNI_TR_AT": "DTTI-EQ-TR2", "SUB": "DTTI", "CONJ": 12986, "MUN": "3550308", "CEG_GD": " ", "BRR": "R CONS COTEGIPE 219 BELENZINHO", "CEP": "03058-000", "CLAS_SUB": "RE1", "CNAE": " ", "TIP_CC": "RES-Tipo01", "FAS_CON": "ABN", "GRU_TEN": "BT", "TEN_FORN": "10", "GRU_TAR": "B1", "SIT_ATIV": "AT", "DAT_CON": "09/12/2013", "CAR_INST": 10.5, "LIV": 0, "ARE_LOC": "UB", "TIP_SIST": "RD_INTERLIG", "ENE_01": 52.03, "ENE_02": 99.0, "ENE_03": 92.0, "ENE_04": 111.0, "ENE_05": 101.0, "ENE_06": 104.0, "ENE_07": 85.0, "ENE_08": 74.0, "ENE_09": 88.0, "ENE_10": 96.0, "ENE_11": 88.0, "ENE_12": 86.41, "DIC_01": 8.36, "DIC_02": 0.16, "DIC_03": 0.0, "DIC_04": 0.0, "DIC_05": 0.0, "DIC_06": 0.0, "DIC_07": 0.0, "DIC_08": 0.0, "DIC_09": 0.0, "DIC_10": 0.0, "DIC_11": 0.0, "DIC_12": 0.23, "FIC_01": 2.0, "FIC_02": 2.0, "FIC_03": 0.0, "FIC_04": 0.0, "FIC_05": 0.0, "FIC_06": 0.0, "FIC_07": 0.0, "FIC_08": 0.0, "FIC_09": 0.0, "FIC_10": 0.0, "FIC_11": 0.0, "FIC_12": 1.0, "SEMRED": 0, "DESCR": " ", "COD_ID": "7d67a501a17846967726b32165c39d30a765da0d5e4fbde6594a18f7b0e21090", "__layer": "UCBT_tab" }, "geometry": null },
{ "type": "Feature", "properties": { "DIST": 390, "PAC": "33754071739611908L", "RAMAL": "9662054S1", "PN_CON": "792872", "UNI_TR_MT": "14426514", "CTMT": "TTI0115", "UNI_TR_AT": "DTTI-EQ-TR2", "SUB": "DTTI", "CONJ": 12986, "MUN": "3550308", "CEG_GD": " ", "BRR": "R CONS COTEGIPE 219 BELENZINHO", "CEP": "03058-000", "CLAS_SUB": "RE1", "CNAE": " ", "TIP_CC": "RES-Tipo03", "FAS_CON": "ABN", "GRU_TEN": "BT", "TEN_FORN": "10", "GRU_TAR": "B1", "SIT_ATIV": "AT", "DAT_CON": "09/12/2013", "CAR_INST": 10.5, "LIV": 0, "ARE_LOC": "UB", "TIP_SIST": "RD_INTERLIG", "ENE_01": 65.54, "ENE_02": 151.0, "ENE_03": 116.0, "ENE_04": 140.0, "ENE_05": 104.0, "ENE_06": 2.0, "ENE_07": 0.0, "ENE_08": 135.0, "ENE_09": 281.0, "ENE_10": 162.0, "ENE_11": 177.0, "ENE_12": 156.31, "DIC_01": 8.36, "DIC_02": 0.16, "DIC_03": 0.0, "DIC_04": 0.0, "DIC_05": 0.0, "DIC_06": 0.0, "DIC_07": 0.0, "DIC_08": 0.0, "DIC_09": 0.0, "DIC_10": 0.0, "DIC_11": 0.0, "DIC_12": 0.23, "FIC_01": 2.0, "FIC_02": 2.0, "FIC_03": 0.0, "FIC_04": 0.0, "FIC_05": 0.0, "FIC_06": 0.0, "FIC_07": 0.0, "FIC_08": 0.0, "FIC_09": 0.0, "FIC_10": 0.0, "FIC_11": 0.0, "FIC_12": 1.0, "SEMRED": 0, "DESCR": " ", "COD_ID": "3bb18357dc5d8cece5756500c119a3497dc7876f76d57b1ebc6c9a98a5ea3311", "__layer": "UCBT_tab" }, "geometry": null },
{ "type": "Feature", "properties": { "DIST": 390, "PAC": "33754071739611908L", "RAMAL": "9662054S1", "PN_CON": "792872", "UNI_TR_MT": "14426514", "CTMT": "TTI0115", "UNI_TR_AT": "DTTI-EQ-TR2", "SUB": "DTTI", "CONJ": 12986, "MUN": "3550308", "CEG_GD": " ", "BRR": "R CONS COTEGIPE 219 BELENZINHO", "CEP": "03058-000", "CLAS_SUB": "RE1", "CNAE": " ", "TIP_CC": "RES-Tipo02", "FAS_CON": "ABN", "GRU_TEN": "BT", "TEN_FORN": "10", "GRU_TAR": "B1", "SIT_ATIV": "AT", "DAT_CON": "09/12/2013", "CAR_INST": 10.5, "LIV": 0, "ARE_LOC": "UB", "TIP_SIST": "RD_INTERLIG", "ENE_01": 152.1, "ENE_02": 230.0, "ENE_03": 240.0, "ENE_04": 353.0, "ENE_05": 115.0, "ENE_06": 70.0, "ENE_07": 62.0, "ENE_08": 52.0, "ENE_09": 76.0, "ENE_10": 72.0, "ENE_11": 60.0, "ENE_12": 152.43, "DIC_01": 8.36, "DIC_02": 0.16, "DIC_03": 0.0, "DIC_04": 0.0, "DIC_05": 0.0, "DIC_06": 0.0, "DIC_07": 0.0, "DIC_08": 0.0, "DIC_09": 0.0, "DIC_10": 0.0, "DIC_11": 0.0, "DIC_12": 0.23, "FIC_01": 2.0, "FIC_02": 2.0, "FIC_03": 0.0, "FIC_04": 0.0, "FIC_05": 0.0, "FIC_06": 0.0, "FIC_07": 0.0, "FIC_08": 0.0, "FIC_09": 0.0, "FIC_10": 0.0, "FIC_11": 0.0, "FIC_12": 1.0, "SEMRED": 0, "DESCR": " ", "COD_ID": "9432ff4791d3258db9461e699cb50786aaf57635295092e9081804097547bf22", "__layer": "UCBT_tab" }, "geometry": null },
{ "type": "Feature", "properties": { "DIST": 390, "PAC": "33754071739611908L", "RAMAL": "9662054S1", "PN_CON": "792872", "UNI_TR_MT": "14426514", "CTMT": "TTI0115", "UNI_TR_AT": "DTTI-EQ-TR2", "SUB": "DTTI", "CONJ": 12986, "MUN": "3550308", "CEG_GD": " ", "BRR": "R CONS COTEGIPE 219 BELENZINHO", "CEP": "03058-000", "CLAS_SUB": "RE1", "CNAE": " ", "TIP_CC": "RES-Tipo01", "FAS_CON": "ABN", "GRU_TEN": "BT", "TEN_FORN": "10", "GRU_TAR": "B1", "SIT_ATIV": "AT", "DAT_CON": "09/12/2013", "CAR_INST": 10.5, "LIV": 0, "ARE_LOC": "UB", "TIP_SIST": "RD_INTERLIG", "ENE_01": 25.01, "ENE_02": 5.0, "ENE_03": 61.0, "ENE_04": 111.0, "ENE_05": 100.0, "ENE_06": 169.0, "ENE_07": 162.0, "ENE_08": 186.0, "ENE_09": 199.0, "ENE_10": 164.0, "ENE_11": 178.0, "ENE_12": 163.11, "DIC_01": 8.36, "DIC_02": 0.16, "DIC_03": 0.0, "DIC_04": 0.0, "DIC_05": 0.0, "DIC_06": 0.0, "DIC_07": 0.0, "DIC_08": 0.0, "DIC_09": 0.0, "DIC_10": 0.0, "DIC_11": 0.0, "DIC_12": 0.23, "FIC_01": 2.0, "FIC_02": 2.0, "FIC_03": 0.0, "FIC_04": 0.0, "FIC_05": 0.0, "FIC_06": 0.0, "FIC_07": 0.0, "FIC_08": 0.0, "FIC_09": 0.0, "FIC_10": 0.0, "FIC_11": 0.0, "FIC_12": 1.0, "SEMRED": 0, "DESCR": " ", "COD_ID": "9237a8c7037150a41ba5f62937ee764d2e25b1569fcefb31b3fd5a717692a6f8", "__layer": "UCBT_tab" }, "geometry": null },
{ "type": "Feature", "properties": { "DIST": 390, "PAC": "33754071739611908L", "RAMAL": "9662054S1", "PN_CON": "792872", "UNI_TR_MT": "14426514", "CTMT": "TTI0115", "UNI_TR_AT": "DTTI-EQ-TR2", "SUB": "DTTI", "CONJ": 12986, "MUN": "3550308", "CEG_GD": " ", "BRR": "R CONS COTEGIPE 219 BELENZINHO", "CEP": "03058-000", "CLAS_SUB": "RE1", "CNAE": " ", "TIP_CC": "RES-Tipo02", "FAS_CON": "ABN", "GRU_TEN": "BT", "TEN_FORN": "10", "GRU_TAR": "B1", "SIT_ATIV": "AT", "DAT_CON": "09/12/2013", "CAR_INST": 10.5, "LIV": 0, "ARE_LOC": "UB", "TIP_SIST": "RD_INTERLIG", "ENE_01": 93.56, "ENE_02": 173.0, "ENE_03": 178.0, "ENE_04": 203.0, "ENE_05": 193.0, "ENE_06": 226.0, "ENE_07": 178.0, "ENE_08": 199.0, "ENE_09": 186.0, "ENE_10": 158.0, "ENE_11": 165.0, "ENE_12": 164.08, "DIC_01": 8.36, "DIC_02": 0.16, "DIC_03": 0.0, "DIC_04": 0.0, "DIC_05": 0.0, "DIC_06": 0.0, "DIC_07": 0.0, "DIC_08": 0.0, "DIC_09": 0.0, "DIC_10": 0.0, "DIC_11": 0.0, "DIC_12": 0.23, "FIC_01": 2.0, "FIC_02": 2.0, "FIC_03": 0.0, "FIC_04": 0.0, "FIC_05": 0.0, "FIC_06": 0.0, "FIC_07": 0.0, "FIC_08": 0.0, "FIC_09": 0.0, "FIC_10": 0.0, "FIC_11": 0.0, "FIC_12": 1.0, "SEMRED": 0, "DESCR": " ", "COD_ID": "0b6f2637d59ed9c630b0d99a3cf24acf19fbcdecf22370c95a9b282701c7953c", "__layer": "UCBT_tab" }, "geometry": null },
{ "type": "Feature", "properties": { "DIST": 390, "PAC": "33754071739611908L", "RAMAL": "9662054S1", "PN_CON": "792872", "UNI_TR_MT": "14426514", "CTMT": "TTI0115", "UNI_TR_AT": "DTTI-EQ-TR2", "SUB": "DTTI", "CONJ": 12986, "MUN": "3550308", "CEG_GD": " ", "BRR": "R CONS COTEGIPE 219 BELENZINHO", "CEP": "03058-000", "CLAS_SUB": "RE1", "CNAE": " ", "TIP_CC": "RES-Tipo03", "FAS_CON": "ABN", "GRU_TEN": "BT", "TEN_FORN": "10", "GRU_TAR": "B1", "SIT_ATIV": "AT", "DAT_CON": "09/12/2013", "CAR_INST": 10.5, "LIV": 0, "ARE_LOC": "UB", "TIP_SIST": "RD_INTERLIG", "ENE_01": 51.53, "ENE_02": 84.0, "ENE_03": 91.0, "ENE_04": 124.0, "ENE_05": 123.0, "ENE_06": 118.0, "ENE_07": 97.0, "ENE_08": 97.0, "ENE_09": 111.0, "ENE_10": 114.0, "ENE_11": 118.0, "ENE_12": 114.56, "DIC_01": 8.36, "DIC_02": 0.16, "DIC_03": 0.0, "DIC_04": 0.0, "DIC_05": 0.0, "DIC_06": 0.0, "DIC_07": 0.0, "DIC_08": 0.0, "DIC_09": 0.0, "DIC_10": 0.0, "DIC_11": 0.0, "DIC_12": 0.23, "FIC_01": 2.0, "FIC_02": 2.0, "FIC_03": 0.0, "FIC_04": 0.0, "FIC_05": 0.0, "FIC_06": 0.0, "FIC_07": 0.0, "FIC_08": 0.0, "FIC_09": 0.0, "FIC_10": 0.0, "FIC_11": 0.0, "FIC_12": 1.0, "SEMRED": 0, "DESCR": " ", "COD_ID": "2c061f096846567bc1f5c994a5725cc3e82024fa219215285ec4bdd952a2df30", "__layer": "UCBT_tab" }, "geometry": null },
{ "type": "Feature", "properties": { "DIST": 390, "PAC": "33754071739611908L", "RAMAL": "9662054S1", "PN_CON": "792872", "UNI_TR_MT": "14426514", "CTMT": "TTI0115", "UNI_TR_AT": "DTTI-EQ-TR2", "SUB": "DTTI", "CONJ": 12986, "MUN": "3550308", "CEG_GD": " ", "BRR": "R CONS COTEGIPE 219 BELENZINHO", "CEP": "03058-000", "CLAS_SUB": "RE1", "CNAE": " ", "TIP_CC": "RES-Tipo01", "FAS_CON": "ABN", "GRU_TEN": "BT", "TEN_FORN": "10", "GRU_TAR": "B1", "SIT_ATIV": "AT", "DAT_CON": "09/12/2013", "CAR_INST": 10.5, "LIV": 0, "ARE_LOC": "UB", "TIP_SIST": "RD_INTERLIG", "ENE_01": 25.01, "ENE_02": 50.0, "ENE_03": 50.0, "ENE_04": 1.0, "ENE_05": 50.0, "ENE_06": 50.0, "ENE_07": 50.0, "ENE_08": 50.0, "ENE_09": 50.0, "ENE_10": 50.0, "ENE_11": 50.0, "ENE_12": 48.54, "DIC_01": 8.36, "DIC_02": 0.16, "DIC_03": 0.0, "DIC_04": 0.0, "DIC_05": 0.0, "DIC_06": 0.0, "DIC_07": 0.0, "DIC_08": 0.0, "DIC_09": 0.0, "DIC_10": 0.0, "DIC_11": 0.0, "DIC_12": 0.23, "FIC_01": 2.0, "FIC_02": 2.0, "FIC_03": 0.0, "FIC_04": 0.0, "FIC_05": 0.0, "FIC_06": 0.0, "FIC_07": 0.0, "FIC_08": 0.0, "FIC_09": 0.0, "FIC_10": 0.0, "FIC_11": 0.0, "FIC_12": 1.0, "SEMRED": 0, "DESCR": " ", "COD_ID": "3b668297f115c8508be1bed31475b27fc27593a7b945349b6f78bdb4c00131b5", "__layer": "UCBT_tab" }, "geometry": null },
{ "type": "Feature", "properties": { "DIST": 390, "PAC": "33754071739611908L", "RAMAL": "9662054S1", "PN_CON": "792872", "UNI_TR_MT": "14426514", "CTMT": "TTI0115", "UNI_TR_AT": "DTTI-EQ-TR2", "SUB": "DTTI", "CONJ": 12986, "MUN": "3550308", "CEG_GD": " ", "BRR": "R CONS COTEGIPE 219 BELENZINHO", "CEP": "03058-000", "CLAS_SUB": "RE1", "CNAE": " ", "TIP_CC": "RES-Tipo02", "FAS_CON": "ABN", "GRU_TEN": "BT", "TEN_FORN": "10", "GRU_TAR": "B1", "SIT_ATIV": "AT", "DAT_CON": "09/12/2013", "CAR_INST": 9.5, "LIV": 0, "ARE_LOC": "UB", "TIP_SIST": "RD_INTERLIG", "ENE_01": 9.0, "ENE_02": 52.0, "ENE_03": 57.0, "ENE_04": 66.0, "ENE_05": 50.0, "ENE_06": 63.0, "ENE_07": 76.0, "ENE_08": 83.0, "ENE_09": 88.0, "ENE_10": 81.0, "ENE_11": 82.0, "ENE_12": 82.52, "DIC_01": 8.36, "DIC_02": 0.16, "DIC_03": 0.0, "DIC_04": 0.0, "DIC_05": 0.0, "DIC_06": 0.0, "DIC_07": 0.0, "DIC_08": 0.0, "DIC_09": 0.0, "DIC_10": 0.0, "DIC_11": 0.0, "DIC_12": 0.23, "FIC_01": 2.0, "FIC_02": 2.0, "FIC_03": 0.0, "FIC_04": 0.0, "FIC_05": 0.0, "FIC_06": 0.0, "FIC_07": 0.0, "FIC_08": 0.0, "FIC_09": 0.0, "FIC_10": 0.0, "FIC_11": 0.0, "FIC_12": 1.0, "SEMRED": 0, "DESCR": " ", "COD_ID": "6eaf7f76ad123d1bbae84e0bb3d06d59881870308036385854a24c4e68b5c6d2", "__layer": "UCBT_tab" }, "geometry": null },
{ "type": "Feature", "properties": { "DIST": 390, "PAC": "33754071739611908L", "RAMAL": "9662054S1", "PN_CON": "792872", "UNI_TR_MT": "14426514", "CTMT": "TTI0115", "UNI_TR_AT": "DTTI-EQ-TR2", "SUB": "DTTI", "CONJ": 12986, "MUN": "3550308", "CEG_GD": " ", "BRR": "R CONS COTEGIPE 219 BELENZINHO", "CEP": "03058-000", "CLAS_SUB": "RE1", "CNAE": " ", "TIP_CC": "RES-Tipo02", "FAS_CON": "ABN", "GRU_TEN": "BT", "TEN_FORN": "10", "GRU_TAR": "B1", "SIT_ATIV": "AT", "DAT_CON": "09/12/2013", "CAR_INST": 10.5, "LIV": 0, "ARE_LOC": "UB", "TIP_SIST": "RD_INTERLIG", "ENE_01": 75.55, "ENE_02": 145.0, "ENE_03": 156.0, "ENE_04": 162.0, "ENE_05": 183.0, "ENE_06": 172.0, "ENE_07": 127.0, "ENE_08": 116.0, "ENE_09": 141.0, "ENE_10": 145.0, "ENE_11": 145.0, "ENE_12": 139.81, "DIC_01": 8.36, "DIC_02": 0.16, "DIC_03": 0.0, "DIC_04": 0.0, "DIC_05": 0.0, "DIC_06": 0.0, "DIC_07": 0.0, "DIC_08": 0.0, "DIC_09": 0.0, "DIC_10": 0.0, "DIC_11": 0.0, "DIC_12": 0.23, "FIC_01": 2.0, "FIC_02": 2.0, "FIC_03": 0.0, "FIC_04": 0.0, "FIC_05": 0.0, "FIC_06": 0.0, "FIC_07": 0.0, "FIC_08": 0.0, "FIC_09": 0.0, "FIC_10": 0.0, "FIC_11": 0.0, "FIC_12": 1.0, "SEMRED": 0, "DESCR": " ", "COD_ID": "a21f8c8e1d4170663ca74362cd0aeb007bce7363fc8db3d266d7be4eb2b58c03", "__layer": "UCBT_tab" }, "geometry": null },
{ "type": "Feature", "properties": { "DIST": 390, "PAC": "33754071739611908L", "RAMAL": "9662054S1", "PN_CON": "792872", "UNI_TR_MT": "14426514", "CTMT": "TTI0115", "UNI_TR_AT": "DTTI-EQ-TR2", "SUB": "DTTI", "CONJ": 12986, "MUN": "3550308", "CEG_GD": " ", "BRR": "R CONS COTEGIPE 219 BELENZINHO", "CEP": "03058-000", "CLAS_SUB": "RE1", "CNAE": " ", "TIP_CC": "RES-Tipo01", "FAS_CON": "ABN", "GRU_TEN": "BT", "TEN_FORN": "10", "GRU_TAR": "B1", "SIT_ATIV": "AT", "DAT_CON": "09/12/2013", "CAR_INST": 10.5, "LIV": 0, "ARE_LOC": "UB", "TIP_SIST": "RD_INTERLIG", "ENE_01": 46.03, "ENE_02": 99.0, "ENE_03": 83.0, "ENE_04": 103.0, "ENE_05": 100.0, "ENE_06": 117.0, "ENE_07": 89.0, "ENE_08": 83.0, "ENE_09": 111.0, "ENE_10": 111.0, "ENE_11": 101.0, "ENE_12": 102.91, "DIC_01": 8.36, "DIC_02": 0.16, "DIC_03": 0.0, "DIC_04": 0.0, "DIC_05": 0.0, "DIC_06": 0.0, "DIC_07": 0.0, "DIC_08": 0.0, "DIC_09": 0.0, "DIC_10": 0.0, "DIC_11": 0.0, "DIC_12": 0.23, "FIC_01": 2.0, "FIC_02": 2.0, "FIC_03": 0.0, "FIC_04": 0.0, "FIC_05": 0.0, "FIC_06": 0.0, "FIC_07": 0.0, "FIC_08": 0.0, "FIC_09": 0.0, "FIC_10": 0.0, "FIC_11": 0.0, "FIC_12": 1.0, "SEMRED": 0, "DESCR": " ", "COD_ID": "a9d38ce34ab9daff85c253bb252c2b49bd4f45e3c6c631684ca786093a97c1bc", "__layer": "UCBT_tab" }, "geometry": null },
{ "type": "Feature", "properties": { "DIST": 390, "PAC": "33754071739611908L", "RAMAL": "9662054S1", "PN_CON": "792872", "UNI_TR_MT": "14426514", "CTMT": "TTI0115", "UNI_TR_AT": "DTTI-EQ-TR2", "SUB": "DTTI", "CONJ": 12986, "MUN": "3550308", "CEG_GD": " ", "BRR": "R CONS COTEGIPE 219 BELENZINHO", "CEP": "03058-000", "CLAS_SUB": "RE1", "CNAE": " ", "TIP_CC": "RES-Tipo03", "FAS_CON": "ABN", "GRU_TEN": "BT", "TEN_FORN": "10", "GRU_TAR": "B1", "SIT_ATIV": "AT", "DAT_CON": "09/12/2013", "CAR_INST": 10.5, "LIV": 0, "ARE_LOC": "UB", "TIP_SIST": "RD_INTERLIG", "ENE_01": 68.54, "ENE_02": 142.0, "ENE_03": 127.0, "ENE_04": 138.0, "ENE_05": 148.0, "ENE_06": 152.0, "ENE_07": 122.0, "ENE_08": 114.0, "ENE_09": 139.0, "ENE_10": 139.0, "ENE_11": 130.0, "ENE_12": 119.42, "DIC_01": 8.36, "DIC_02": 0.16, "DIC_03": 0.0, "DIC_04": 0.0, "DIC_05": 0.0, "DIC_06": 0.0, "DIC_07": 0.0, "DIC_08": 0.0, "DIC_09": 0.0, "DIC_10": 0.0, "DIC_11": 0.0, "DIC_12": 0.23, "FIC_01": 2.0, "FIC_02": 2.0, "FIC_03": 0.0, "FIC_04": 0.0, "FIC_05": 0.0, "FIC_06": 0.0, "FIC_07": 0.0, "FIC_08": 0.0, "FIC_09": 0.0, "FIC_10": 0.0, "FIC_11": 0.0, "FIC_12": 1.0, "SEMRED": 0, "DESCR": " ", "COD_ID": "4005fd3ca7a49077406d73f77de734d4ca51e1faad7d66598e39fef2fddbef48", "__layer": "UCBT_tab" }, "geometry": null },
{ "type": "Feature", "properties": { "DIST": 390, "PAC": "33754071739611908L", "RAMAL": "9662054S1", "PN_CON": "792872", "UNI_TR_MT": "14426514", "CTMT": "TTI0115", "UNI_TR_AT": "DTTI-EQ-TR2", "SUB": "DTTI", "CONJ": 12986, "MUN": "3550308", "CEG_GD": " ", "BRR": "R CONS COTEGIPE 219 BELENZINHO", "CEP": "03058-000", "CLAS_SUB": "RE1", "CNAE": " ", "TIP_CC": "RES-Tipo01", "FAS_CON": "ABN", "GRU_TEN": "BT", "TEN_FORN": "10", "GRU_TAR": "B1", "SIT_ATIV": "AT", "DAT_CON": "09/12/2013", "CAR_INST": 10.5, "LIV": 0, "ARE_LOC": "UB", "TIP_SIST": "RD_INTERLIG", "ENE_01": 66.04, "ENE_02": 122.0, "ENE_03": 108.0, "ENE_04": 139.0, "ENE_05": 116.0, "ENE_06": 138.0, "ENE_07": 98.0, "ENE_08": 96.0, "ENE_09": 117.0, "ENE_10": 140.0, "ENE_11": 115.0, "ENE_12": 123.3, "DIC_01": 8.36, "DIC_02": 0.16, "DIC_03": 0.0, "DIC_04": 0.0, "DIC_05": 0.0, "DIC_06": 0.0, "DIC_07": 0.0, "DIC_08": 0.0, "DIC_09": 0.0, "DIC_10": 0.0, "DIC_11": 0.0, "DIC_12": 0.23, "FIC_01": 2.0, "FIC_02": 2.0, "FIC_03": 0.0, "FIC_04": 0.0, "FIC_05": 0.0, "FIC_06": 0.0, "FIC_07": 0.0, "FIC_08": 0.0, "FIC_09": 0.0, "FIC_10": 0.0, "FIC_11": 0.0, "FIC_12": 1.0, "SEMRED": 0, "DESCR": " ", "COD_ID": "8917e72ca998929efd200e46eb276ec096df1f66487bee52639dab893de28b49", "__layer": "UCBT_tab" }, "geometry": null },
{ "type": "Feature", "properties": { "DIST": 390, "PAC": "33754071739611908L", "RAMAL": "9662054S1", "PN_CON": "792872", "UNI_TR_MT": "14426514", "CTMT": "TTI0115", "UNI_TR_AT": "DTTI-EQ-TR2", "SUB": "DTTI", "CONJ": 12986, "MUN": "3550308", "CEG_GD": " ", "BRR": "R CONS COTEGIPE 219 BELENZINHO", "CEP": "03058-000", "CLAS_SUB": "RE2", "CNAE": " ", "TIP_CC": "RES-Tipo02", "FAS_CON": "ABN", "GRU_TEN": "BT", "TEN_FORN": "10", "GRU_TAR": "B1BR", "SIT_ATIV": "AT", "DAT_CON": "09/12/2013", "CAR_INST": 10.5, "LIV": 0, "ARE_LOC": "UB", "TIP_SIST": "RD_INTERLIG", "ENE_01": 144.09, "ENE_02": 137.0, "ENE_03": 176.0, "ENE_04": 258.0, "ENE_05": 204.0, "ENE_06": 226.0, "ENE_07": 189.0, "ENE_08": 205.0, "ENE_09": 210.0, "ENE_10": 271.0, "ENE_11": 250.0, "ENE_12": 262.14, "DIC_01": 8.36, "DIC_02": 0.16, "DIC_03": 0.0, "DIC_04": 0.0, "DIC_05": 0.0, "DIC_06": 0.0, "DIC_07": 0.0, "DIC_08": 0.0, "DIC_09": 0.0, "DIC_10": 0.0, "DIC_11": 0.0, "DIC_12": 0.23, "FIC_01": 2.0, "FIC_02": 2.0, "FIC_03": 0.0, "FIC_04": 0.0, "FIC_05": 0.0, "FIC_06": 0.0, "FIC_07": 0.0, "FIC_08": 0.0, "FIC_09": 0.0, "FIC_10": 0.0, "FIC_11": 0.0, "FIC_12": 1.0, "SEMRED": 0, "DESCR": " ", "COD_ID": "1784f96304fb52a44cc43cacd1d14ff4608cd64c1fae4bd84f6b814fc99dae9a", "__layer": "UCBT_tab" }, "geometry": null },
{ "type": "Feature", "properties": { "DIST": 390, "PAC": "33754071739611908L", "RAMAL": "9662054S1", "PN_CON": "792872", "UNI_TR_MT": "14426514", "CTMT": "TTI0115", "UNI_TR_AT": "DTTI-EQ-TR2", "SUB": "DTTI", "CONJ": 12986, "MUN": "3550308", "CEG_GD": " ", "BRR": "R CONS COTEGIPE 219 BELENZINHO", "CEP": "03058-000", "CLAS_SUB": "RE1", "CNAE": " ", "TIP_CC": "RES-Tipo03", "FAS_CON": "ABN", "GRU_TEN": "BT", "TEN_FORN": "10", "GRU_TAR": "B1", "SIT_ATIV": "AT", "DAT_CON": "09/12/2013", "CAR_INST": 6.0, "LIV": 0, "ARE_LOC": "UB", "TIP_SIST": "RD_INTERLIG", "ENE_01": 74.55, "ENE_02": 112.0, "ENE_03": 0.0, "ENE_04": 0.0, "ENE_05": 46.0, "ENE_06": 123.0, "ENE_07": 95.0, "ENE_08": 136.0, "ENE_09": 142.0, "ENE_10": 100.0, "ENE_11": 75.0, "ENE_12": 78.64, "DIC_01": 8.36, "DIC_02": 0.09, "DIC_03": 0.0, "DIC_04": 0.0, "DIC_05": 0.0, "DIC_06": 0.0, "DIC_07": 0.0, "DIC_08": 0.0, "DIC_09": 0.0, "DIC_10": 0.0, "DIC_11": 0.0, "DIC_12": 0.23, "FIC_01": 2.0, "FIC_02": 1.0, "FIC_03": 0.0, "FIC_04": 0.0, "FIC_05": 0.0, "FIC_06": 0.0, "FIC_07": 0.0, "FIC_08": 0.0, "FIC_09": 0.0, "FIC_10": 0.0, "FIC_11": 0.0, "FIC_12": 1.0, "SEMRED": 0, "DESCR": " ", "COD_ID": "3f1c8c6d4f1ee3666b83e8ed0e44bcb18fb507f8800ce90c6ddf3ff3e2af8b10", "__layer": "UCBT_tab" }, "geometry": null },
{ "type": "Feature", "properties": { "DIST": 390, "PAC": "33754071739611908L", "RAMAL": "9662054S1", "PN_CON": "792872", "UNI_TR_MT": "14426514", "CTMT": "TTI0115", "UNI_TR_AT": "DTTI-EQ-TR2", "SUB": "DTTI", "CONJ": 12986, "MUN": "3550308", "CEG_GD": " ", "BRR": "R CONS COTEGIPE 219 BELENZINHO", "CEP": "03058-000", "CLAS_SUB": "RE1", "CNAE": " ", "TIP_CC": "RES-Tipo02", "FAS_CON": "ABN", "GRU_TEN": "BT", "TEN_FORN": "10", "GRU_TAR": "B1", "SIT_ATIV": "AT", "DAT_CON": "09/12/2013", "CAR_INST": 10.5, "LIV": 0, "ARE_LOC": "UB", "TIP_SIST": "RD_INTERLIG", "ENE_01": 76.05, "ENE_02": 183.0, "ENE_03": 176.0, "ENE_04": 206.0, "ENE_05": 177.0, "ENE_06": 196.0, "ENE_07": 167.0, "ENE_08": 170.0, "ENE_09": 179.0, "ENE_10": 170.0, "ENE_11": 166.0, "ENE_12": 167.96, "DIC_01": 8.36, "DIC_02": 0.16, "DIC_03": 0.0, "DIC_04": 0.0, "DIC_05": 0.0, "DIC_06": 0.0, "DIC_07": 0.0, "DIC_08": 0.0, "DIC_09": 0.0, "DIC_10": 0.0, "DIC_11": 0.0, "DIC_12": 0.23, "FIC_01": 2.0, "FIC_02": 2.0, "FIC_03": 0.0, "FIC_04": 0.0, "FIC_05": 0.0, "FIC_06": 0.0, "FIC_07": 0.0, "FIC_08": 0.0, "FIC_09": 0.0, "FIC_10": 0.0, "FIC_11": 0.0, "FIC_12": 1.0, "SEMRED": 0, "DESCR": " ", "COD_ID": "c1164a0f30e45b0ba6d03355bdfad1aa64f43db0d7cf2a9fc40992b223bbebd9", "__layer": "UCBT_tab" }, "geometry": null },
{ "type": "Feature", "properties": { "DIST": 390, "PAC": "33754071739611908L", "RAMAL": "9662054S1", "PN_CON": "792872", "UNI_TR_MT": "14426514", "CTMT": "TTI0115", "UNI_TR_AT": "DTTI-EQ-TR2", "SUB": "DTTI", "CONJ": 12986, "MUN": "3550308", "CEG_GD": " ", "BRR": "R CONS COTEGIPE 219 BELENZINHO", "CEP": "03058-000", "CLAS_SUB": "RE1", "CNAE": " ", "TIP_CC": "RES-Tipo03", "FAS_CON": "ABN", "GRU_TEN": "BT", "TEN_FORN": "10", "GRU_TAR": "B1", "SIT_ATIV": "AT", "DAT_CON": "09/12/2013", "CAR_INST": 10.5, "LIV": 0, "ARE_LOC": "UB", "TIP_SIST": "RD_INTERLIG", "ENE_01": 59.03, "ENE_02": 121.0, "ENE_03": 108.0, "ENE_04": 136.0, "ENE_05": 123.0, "ENE_06": 126.0, "ENE_07": 89.0, "ENE_08": 83.0, "ENE_09": 83.0, "ENE_10": 75.0, "ENE_11": 73.0, "ENE_12": 77.67, "DIC_01": 8.36, "DIC_02": 0.16, "DIC_03": 0.0, "DIC_04": 0.0, "DIC_05": 0.0, "DIC_06": 0.0, "DIC_07": 0.0, "DIC_08": 0.0, "DIC_09": 0.0, "DIC_10": 0.0, "DIC_11": 0.0, "DIC_12": 0.23, "FIC_01": 2.0, "FIC_02": 2.0, "FIC_03": 0.0, "FIC_04": 0.0, "FIC_05": 0.0, "FIC_06": 0.0, "FIC_07": 0.0, "FIC_08": 0.0, "FIC_09": 0.0, "FIC_10": 0.0, "FIC_11": 0.0, "FIC_12": 1.0, "SEMRED": 0, "DESCR": " ", "COD_ID": "27c47031043ece28cf88f462de6d44b188e4280b3e5f8a1eb5260f2cbf12f6c8", "__layer": "UCBT_tab" }, "geometry": null },
{ "type": "Feature", "properties": { "DIST": 390, "PAC": "33754071739611908L", "RAMAL": "9662054S1", "PN_CON": "792872", "UNI_TR_MT": "14426514", "CTMT": "TTI0115", "UNI_TR_AT": "DTTI-EQ-TR2", "SUB": "DTTI", "CONJ": 12986, "MUN": "3550308", "CEG_GD": " ", "BRR": "R CONS COTEGIPE 219 BELENZINHO", "CEP": "03058-000", "CLAS_SUB": "RE1", "CNAE": " ", "TIP_CC": "RES-Tipo03", "FAS_CON": "ABN", "GRU_TEN": "BT", "TEN_FORN": "10", "GRU_TAR": "B1", "SIT_ATIV": "AT", "DAT_CON": "02/03/2014", "CAR_INST": 16.8, "LIV": 0, "ARE_LOC": "UB", "TIP_SIST": "RD_INTERLIG", "ENE_01": 72.54, "ENE_02": 149.0, "ENE_03": 156.0, "ENE_04": 173.0, "ENE_05": 145.0, "ENE_06": 169.0, "ENE_07": 122.0, "ENE_08": 155.0, "ENE_09": 176.0, "ENE_10": 154.0, "ENE_11": 134.0, "ENE_12": 144.66, "DIC_01": 8.36, "DIC_02": 0.16, "DIC_03": 0.0, "DIC_04": 0.0, "DIC_05": 0.0, "DIC_06": 0.0, "DIC_07": 0.0, "DIC_08": 0.0, "DIC_09": 0.0, "DIC_10": 0.0, "DIC_11": 0.0, "DIC_12": 0.23, "FIC_01": 2.0, "FIC_02": 2.0, "FIC_03": 0.0, "FIC_04": 0.0, "FIC_05": 0.0, "FIC_06": 0.0, "FIC_07": 0.0, "FIC_08": 0.0, "FIC_09": 0.0, "FIC_10": 0.0, "FIC_11": 0.0, "FIC_12": 1.0, "SEMRED": 0, "DESCR": " ", "COD_ID": "8ac26d85eb53544d5615e88ff817ea68b7797b5d6fd7d5e72ee12491f2a1e714", "__layer": "UCBT_tab" }, "geometry": null },
{ "type": "Feature", "properties": { "DIST": 390, "PAC": "33740766739596649L", "RAMAL": "421642085S1", "PN_CON": "789185", "UNI_TR_MT": "14426186", "CTMT": "TTI0115", "UNI_TR_AT": "DTTI-EQ-TR2", "SUB": "DTTI", "CONJ": 12986, "MUN": "3550308", "CEG_GD": " ", "BRR": "R CONS COTEGIPE 80 BELENZINHO", "CEP": "03058-000", "CLAS_SUB": "CO1", "CNAE": "6822-6/00", "TIP_CC": "RES-Tipo05", "FAS_CON": "ABN", "GRU_TEN": "BT", "TEN_FORN": "10", "GRU_TAR": "B3", "SIT_ATIV": "AT", "DAT_CON": "25/11/2015", "CAR_INST": 4.7, "LIV": 0, "ARE_LOC": "UB", "TIP_SIST": "RD_INTERLIG", "ENE_01": 254.0, "ENE_02": 308.0, "ENE_03": 394.607, "ENE_04": 320.0, "ENE_05": 322.0, "ENE_06": 368.0, "ENE_07": 239.4, "ENE_08": 95.77, "ENE_09": 339.0, "ENE_10": 366.0, "ENE_11": 198.24, "ENE_12": 300.27, "DIC_01": 7.58, "DIC_02": 0.16, "DIC_03": 0.0, "DIC_04": 0.0, "DIC_05": 0.0, "DIC_06": 0.0, "DIC_07": 0.0, "DIC_08": 0.0, "DIC_09": 0.0, "DIC_10": 0.0, "DIC_11": 0.0, "DIC_12": 0.23, "FIC_01": 2.0, "FIC_02": 2.0, "FIC_03": 0.0, "FIC_04": 0.0, "FIC_05": 0.0, "FIC_06": 0.0, "FIC_07": 0.0, "FIC_08": 0.0, "FIC_09": 0.0, "FIC_10": 0.0, "FIC_11": 0.0, "FIC_12": 1.0, "SEMRED": 0, "DESCR": " ", "COD_ID": "f1668cbdf74c56e68e34834c8ea9a5ab56e584600aec28740447e369f5340b66", "__layer": "UCBT_tab" }, "geometry": null },
{ "type": "Feature", "properties": { "DIST": 390, "PAC": "33740766739596649L", "RAMAL": "421642085S1", "PN_CON": "789185", "UNI_TR_MT": "14426186", "CTMT": "TTI0115", "UNI_TR_AT": "DTTI-EQ-TR2", "SUB": "DTTI", "CONJ": 12986, "MUN": "3550308", "CEG_GD": " ", "BRR": "R CONS COTEGIPE 80 BELENZINHO", "CEP": "03058-000", "CLAS_SUB": "CO1", "CNAE": "6822-6/00", "TIP_CC": "RES-Tipo04", "FAS_CON": "ABN", "GRU_TEN": "BT", "TEN_FORN": "10", "GRU_TAR": "B3", "SIT_ATIV": "AT", "DAT_CON": "24/11/2015", "CAR_INST": 6.6, "LIV": 0, "ARE_LOC": "UB", "TIP_SIST": "RD_INTERLIG", "ENE_01": 283.0, "ENE_02": 248.0, "ENE_03": 213.066, "ENE_04": 220.0, "ENE_05": 250.0, "ENE_06": 235.0, "ENE_07": 164.64, "ENE_08": 123.22, "ENE_09": 214.0, "ENE_10": 300.0, "ENE_11": 163.43, "ENE_12": 253.41, "DIC_01": 7.58, "DIC_02": 0.16, "DIC_03": 0.0, "DIC_04": 0.0, "DIC_05": 0.0, "DIC_06": 0.0, "DIC_07": 0.0, "DIC_08": 0.0, "DIC_09": 0.0, "DIC_10": 0.0, "DIC_11": 0.0, "DIC_12": 0.23, "FIC_01": 2.0, "FIC_02": 2.0, "FIC_03": 0.0, "FIC_04": 0.0, "FIC_05": 0.0, "FIC_06": 0.0, "FIC_07": 0.0, "FIC_08": 0.0, "FIC_09": 0.0, "FIC_10": 0.0, "FIC_11": 0.0, "FIC_12": 1.0, "SEMRED": 0, "DESCR": " ", "COD_ID": "5b2c0e48fbc0e206b17decf50a7bce2b8498b84e87a7cf35986a4509e8c3be6e", "__layer": "UCBT_tab" }, "geometry": null },
{ "type": "Feature", "properties": { "DIST": 390, "PAC": "33795666739604869L", "RAMAL": "421783869S1", "PN_CON": "805034", "UNI_TR_MT": "14432141", "CTMT": "TTI0114", "UNI_TR_AT": "DTTI-EQ-TR1", "SUB": "DTTI", "CONJ": 12986, "MUN": "3550308", "CEG_GD": " ", "BRR": "R CONS COTEGIPE 630 BELENZINHO", "CEP": "03058-000", "CLAS_SUB": "RE2", "CNAE": " ", "TIP_CC": "RES-Tipo01", "FAS_CON": "ABN", "GRU_TEN": "BT", "TEN_FORN": "10", "GRU_TAR": "B1BR", "SIT_ATIV": "AT", "DAT_CON": "10/10/2017", "CAR_INST": 4.4, "LIV": 0, "ARE_LOC": "UB", "TIP_SIST": "RD_INTERLIG", "ENE_01": 32.02, "ENE_02": 64.0, "ENE_03": 65.0, "ENE_04": 69.0, "ENE_05": 72.0, "ENE_06": 78.0, "ENE_07": 68.0, "ENE_08": 74.0, "ENE_09": 72.0, "ENE_10": 71.0, "ENE_11": 77.0, "ENE_12": 54.37, "DIC_01": 0.0, "DIC_02": 0.0, "DIC_03": 0.08, "DIC_04": 1.02, "DIC_05": 0.0, "DIC_06": 0.0, "DIC_07": 0.0, "DIC_08": 0.0, "DIC_09": 4.99, "DIC_10": 0.0, "DIC_11": 0.0, "DIC_12": 0.0, "FIC_01": 0.0, "FIC_02": 0.0, "FIC_03": 1.0, "FIC_04": 1.0, "FIC_05": 0.0, "FIC_06": 0.0, "FIC_07": 0.0, "FIC_08": 0.0, "FIC_09": 2.0, "FIC_10": 0.0, "FIC_11": 0.0, "FIC_12": 0.0, "SEMRED": 0, "DESCR": " ", "COD_ID": "3f805b6ea17448b4b6029b3459591bc21ac2b9284f145be76fee37ce014bd49d", "__layer": "UCBT_tab" }, "geometry": null },
{ "type": "Feature", "properties": { "DIST": 390, "PAC": "33746871739598166L", "RAMAL": "447713363S1", "PN_CON": "790929", "UNI_TR_MT": "14426186", "CTMT": "TTI0115", "UNI_TR_AT": "DTTI-EQ-TR2", "SUB": "DTTI", "CONJ": 12986, "MUN": "3550308", "CEG_GD": " ", "BRR": "R CONS COTEGIPE 128 BELENZINHO", "CEP": "03058-000", "CLAS_SUB": "RE1", "CNAE": " ", "TIP_CC": "RES-Tipo05", "FAS_CON": "ABN", "GRU_TEN": "BT", "TEN_FORN": "10", "GRU_TAR": "B1", "SIT_ATIV": "AT", "DAT_CON": "05/08/2020", "CAR_INST": 3.2, "LIV": 0, "ARE_LOC": "UB", "TIP_SIST": "RD_INTERLIG", "ENE_01": 264.17, "ENE_02": 455.0, "ENE_03": 490.0, "ENE_04": 455.0, "ENE_05": 533.0, "ENE_06": 535.0, "ENE_07": 527.0, "ENE_08": 546.0, "ENE_09": 573.0, "ENE_10": 615.0, "ENE_11": 552.0, "ENE_12": 571.87, "DIC_01": 7.58, "DIC_02": 0.16, "DIC_03": 0.0, "DIC_04": 0.0, "DIC_05": 0.0, "DIC_06": 0.0, "DIC_07": 0.0, "DIC_08": 0.0, "DIC_09": 0.0, "DIC_10": 0.0, "DIC_11": 0.0, "DIC_12": 0.23, "FIC_01": 2.0, "FIC_02": 2.0, "FIC_03": 0.0, "FIC_04": 0.0, "FIC_05": 0.0, "FIC_06": 0.0, "FIC_07": 0.0, "FIC_08": 0.0, "FIC_09": 0.0, "FIC_10": 0.0, "FIC_11": 0.0, "FIC_12": 1.0, "SEMRED": 0, "DESCR": " ", "COD_ID": "11df65c49b4999fd0800bce57d0bf4c5cb7a48f32478fee9936fede2e50cdbae", "__layer": "UCBT_tab" }, "geometry": null },
{ "type": "Feature", "properties": { "DIST": 390, "PAC": "33811831739608754L", "RAMAL": "421379811S1", "PN_CON": "809335", "UNI_TR_MT": "14432746", "CTMT": "TTI0114", "UNI_TR_AT": "DTTI-EQ-TR1", "SUB": "DTTI", "CONJ": 12986, "MUN": "3550308", "CEG_GD": " ", "BRR": "R CONS COTEGIPE 795 BELENZINHO", "CEP": "03058-000", "CLAS_SUB": "RE1", "CNAE": " ", "TIP_CC": "RES-Tipo01", "FAS_CON": "ABN", "GRU_TEN": "BT", "TEN_FORN": "10", "GRU_TAR": "B1", "SIT_ATIV": "AT", "DAT_CON": "01/10/1960", "CAR_INST": 0.3, "LIV": 0, "ARE_LOC": "UB", "TIP_SIST": "RD_INTERLIG", "ENE_01": 15.51, "ENE_02": 30.0, "ENE_03": 31.0, "ENE_04": 31.0, "ENE_05": 31.0, "ENE_06": 77.0, "ENE_07": 35.0, "ENE_08": 35.0, "ENE_09": 35.0, "ENE_10": 36.0, "ENE_11": 36.0, "ENE_12": 33.01, "DIC_01": 0.0, "DIC_02": 0.0, "DIC_03": 0.08, "DIC_04": 1.02, "DIC_05": 0.0, "DIC_06": 0.0, "DIC_07": 0.0, "DIC_08": 0.0, "DIC_09": 1.76, "DIC_10": 0.0, "DIC_11": 0.0, "DIC_12": 0.0, "FIC_01": 0.0, "FIC_02": 0.0, "FIC_03": 1.0, "FIC_04": 1.0, "FIC_05": 0.0, "FIC_06": 0.0, "FIC_07": 0.0, "FIC_08": 0.0, "FIC_09": 1.0, "FIC_10": 0.0, "FIC_11": 0.0, "FIC_12": 0.0, "SEMRED": 0, "DESCR": " ", "COD_ID": "601f59e3359c2e8c2654f7f52af4c90c078a6236c649d836fcb30a0ebf05802b", "__layer": "UCBT_tab" }, "geometry": null },
{ "type": "Feature", "properties": { "DIST": 390, "PAC": "33809016739608005L", "RAMAL": "421617182S1", "PN_CON": "808527", "UNI_TR_MT": "14432746", "CTMT": "TTI0114", "UNI_TR_AT": "DTTI-EQ-TR1", "SUB": "DTTI", "CONJ": 12986, "MUN": "3550308", "CEG_GD": " ", "BRR": "R CONS COTEGIPE 773 BELENZINHO", "CEP": "03058-000", "CLAS_SUB": "RE1", "CNAE": " ", "TIP_CC": "RES-Tipo02", "FAS_CON": "ABN", "GRU_TEN": "BT", "TEN_FORN": "10", "GRU_TAR": "B1", "SIT_ATIV": "AT", "DAT_CON": "01/03/1955", "CAR_INST": 12.0, "LIV": 0, "ARE_LOC": "UB", "TIP_SIST": "RD_INTERLIG", "ENE_01": 55.53, "ENE_02": 69.0, "ENE_03": 72.0, "ENE_04": 14.0, "ENE_05": 30.0, "ENE_06": 23.0, "ENE_07": 47.0, "ENE_08": 105.0, "ENE_09": 107.0, "ENE_10": 109.0, "ENE_11": 101.0, "ENE_12": 97.09, "DIC_01": 0.0, "DIC_02": 0.0, "DIC_03": 0.08, "DIC_04": 1.02, "DIC_05": 0.0, "DIC_06": 0.0, "DIC_07": 0.0, "DIC_08": 0.0, "DIC_09": 1.76, "DIC_10": 0.0, "DIC_11": 0.0, "DIC_12": 0.0, "FIC_01": 0.0, "FIC_02": 0.0, "FIC_03": 1.0, "FIC_04": 1.0, "FIC_05": 0.0, "FIC_06": 0.0, "FIC_07": 0.0, "FIC_08": 0.0, "FIC_09": 1.0, "FIC_10": 0.0, "FIC_11": 0.0, "FIC_12": 0.0, "SEMRED": 0, "DESCR": " ", "COD_ID": "d32bf060e482f44b273fce0c92f036d724e1f50b411c07a16b261b7bb02acb94", "__layer": "UCBT_tab" }, "geometry": null },
{ "type": "Feature", "properties": { "DIST": 390, "PAC": "33805652739607190L", "RAMAL": "421770596S1", "PN_CON": "807664", "UNI_TR_MT": "14432600", "CTMT": "TTI0114", "UNI_TR_AT": "DTTI-EQ-TR1", "SUB": "DTTI", "CONJ": 12986, "MUN": "3550308", "CEG_GD": " ", "BRR": "R CONS COTEGIPE 737 BELENZINHO", "CEP": "03058-000", "CLAS_SUB": "CO9", "CNAE": "8211-3/00", "TIP_CC": "COM-Tipo02", "FAS_CON": "ABN", "GRU_TEN": "BT", "TEN_FORN": "10", "GRU_TAR": "B3", "SIT_ATIV": "AT", "DAT_CON": "01/04/1956", "CAR_INST": 1.9, "LIV": 0, "ARE_LOC": "UB", "TIP_SIST": "RD_INTERLIG", "ENE_01": 297.0, "ENE_02": 338.0, "ENE_03": 427.219, "ENE_04": 376.0, "ENE_05": 401.0, "ENE_06": 348.0, "ENE_07": 349.44, "ENE_08": 211.67, "ENE_09": 358.0, "ENE_10": 337.0, "ENE_11": 224.79, "ENE_12": 324.18, "DIC_01": 0.0, "DIC_02": 0.0, "DIC_03": 0.08, "DIC_04": 1.02, "DIC_05": 0.0, "DIC_06": 0.0, "DIC_07": 0.0, "DIC_08": 0.0, "DIC_09": 1.76, "DIC_10": 0.0, "DIC_11": 0.0, "DIC_12": 0.0, "FIC_01": 0.0, "FIC_02": 0.0, "FIC_03": 1.0, "FIC_04": 1.0, "FIC_05": 0.0, "FIC_06": 0.0, "FIC_07": 0.0, "FIC_08": 0.0, "FIC_09": 1.0, "FIC_10": 0.0, "FIC_11": 0.0, "FIC_12": 0.0, "SEMRED": 0, "DESCR": " ", "COD_ID": "690770bc61f58528c65f410dfbacae1e5095eb5066e3a54e01bc825c2b6dcb65", "__layer": "UCBT_tab" }, "geometry": null },
{ "type": "Feature", "properties": { "DIST": 390, "PAC": "33809066739607950L", "RAMAL": "421617194S1", "PN_CON": "808527", "UNI_TR_MT": "14432746", "CTMT": "TTI0114", "UNI_TR_AT": "DTTI-EQ-TR1", "SUB": "DTTI", "CONJ": 12986, "MUN": "3550308", "CEG_GD": " ", "BRR": "R CONS COTEGIPE 804 BELENZINHO", "CEP": "03058-000", "CLAS_SUB": "RE1", "CNAE": " ", "TIP_CC": "RES-Tipo04", "FAS_CON": "ABN", "GRU_TEN": "BT", "TEN_FORN": "10", "GRU_TAR": "B1", "SIT_ATIV": "AT", "DAT_CON": "01/01/1980", "CAR_INST": 19.2, "LIV": 0, "ARE_LOC": "UB", "TIP_SIST": "RD_INTERLIG", "ENE_01": 210.64, "ENE_02": 332.0, "ENE_03": 352.0, "ENE_04": 402.0, "ENE_05": 389.0, "ENE_06": 361.0, "ENE_07": 436.0, "ENE_08": 343.0, "ENE_09": 364.0, "ENE_10": 427.0, "ENE_11": 340.0, "ENE_12": 325.25, "DIC_01": 0.0, "DIC_02": 0.0, "DIC_03": 0.08, "DIC_04": 1.02, "DIC_05": 0.0, "DIC_06": 0.0, "DIC_07": 0.0, "DIC_08": 0.0, "DIC_09": 1.76, "DIC_10": 0.0, "DIC_11": 0.0, "DIC_12": 0.0, "FIC_01": 0.0, "FIC_02": 0.0, "FIC_03": 1.0, "FIC_04": 1.0, "FIC_05": 0.0, "FIC_06": 0.0, "FIC_07": 0.0, "FIC_08": 0.0, "FIC_09": 1.0, "FIC_10": 0.0, "FIC_11": 0.0, "FIC_12": 0.0, "SEMRED": 0, "DESCR": " ", "COD_ID": "b99a2a0e2633eca76134379a7b731cec93e6e2b066dc1de7536367febf2c4cc6", "__layer": "UCBT_tab" }, "geometry": null },
{ "type": "Feature", "properties": { "DIST": 390, "PAC": "33823062739612106L", "RAMAL": "421538018S1", "PN_CON": "812224", "UNI_TR_MT": "14433230", "CTMT": "TTI0114", "UNI_TR_AT": "DTTI-EQ-TR1", "SUB": "DTTI", "CONJ": 12986, "MUN": "3550308", "CEG_GD": " ", "BRR": "R CONS COTEGIPE 914 BELENZINHO", "CEP": "03058-000", "CLAS_SUB": "RE1", "CNAE": " ", "TIP_CC": "RES-Tipo05", "FAS_CON": "ABCN", "GRU_TEN": "BT", "TEN_FORN": "10", "GRU_TAR": "B1", "SIT_ATIV": "AT", "DAT_CON": "01/05/1977", "CAR_INST": 18.2, "LIV": 0, "ARE_LOC": "UB", "TIP_SIST": "RD_INTERLIG", "ENE_01": 602.23, "ENE_02": 1269.6, "ENE_03": 1280.6, "ENE_04": 1359.8, "ENE_05": 1385.2, "ENE_06": 1716.8, "ENE_07": 1654.2, "ENE_08": 1409.73, "ENE_09": 1259.07, "ENE_10": 1275.8, "ENE_11": 1229.4, "ENE_12": 940.82, "DIC_01": 0.0, "DIC_02": 0.0, "DIC_03": 0.08, "DIC_04": 1.02, "DIC_05": 0.0, "DIC_06": 0.0, "DIC_07": 0.0, "DIC_08": 0.0, "DIC_09": 1.76, "DIC_10": 10.18, "DIC_11": 0.0, "DIC_12": 0.0, "FIC_01": 0.0, "FIC_02": 0.0, "FIC_03": 1.0, "FIC_04": 1.0, "FIC_05": 0.0, "FIC_06": 0.0, "FIC_07": 0.0, "FIC_08": 0.0, "FIC_09": 1.0, "FIC_10": 1.0, "FIC_11": 0.0, "FIC_12": 0.0, "SEMRED": 0, "DESCR": " ", "COD_ID": "a56c433001b6634afcfff6614e236a82059147b27ae2de7d5dad148611b8522e", "__layer": "UCBT_tab" }, "geometry": null },
{ "type": "Feature", "properties": { "DIST": 390, "PAC": "33824541739612036L", "RAMAL": "421379696S1", "PN_CON": "812662", "UNI_TR_MT": "14433230", "CTMT": "TTI0114", "UNI_TR_AT": "DTTI-EQ-TR1", "SUB": "DTTI", "CONJ": 12986, "MUN": "3550308", "CEG_GD": " ", "BRR": "R CONS COTEGIPE 930 BELENZINHO", "CEP": "03058-000", "CLAS_SUB": "RE1", "CNAE": " ", "TIP_CC": "RES-Tipo04", "FAS_CON": "ABN", "GRU_TEN": "BT", "TEN_FORN": "10", "GRU_TAR": "B1", "SIT_ATIV": "AT", "DAT_CON": "01/11/1985", "CAR_INST": 3.0, "LIV": 0, "ARE_LOC": "UB", "TIP_SIST": "RD_INTERLIG", "ENE_01": 119.58, "ENE_02": 248.0, "ENE_03": 202.0, "ENE_04": 243.0, "ENE_05": 239.0, "ENE_06": 214.0, "ENE_07": 224.0, "ENE_08": 140.0, "ENE_09": 304.0, "ENE_10": 206.0, "ENE_11": 221.0, "ENE_12": 219.42, "DIC_01": 0.0, "DIC_02": 0.0, "DIC_03": 0.08, "DIC_04": 1.02, "DIC_05": 0.0, "DIC_06": 0.0, "DIC_07": 0.0, "DIC_08": 0.0, "DIC_09": 1.76, "DIC_10": 10.18, "DIC_11": 0.0, "DIC_12": 0.0, "FIC_01": 0.0, "FIC_02": 0.0, "FIC_03": 1.0, "FIC_04": 1.0, "FIC_05": 0.0, "FIC_06": 0.0, "FIC_07": 0.0, "FIC_08": 0.0, "FIC_09": 1.0, "FIC_10": 1.0, "FIC_11": 0.0, "FIC_12": 0.0, "SEMRED": 0, "DESCR": " ", "COD_ID": "49bc45dc9525b047a475a5b72306225accf2ad6ad0252ff51e71bccb0441188e", "__layer": "UCBT_tab" }, "geometry": null },
{ "type": "Feature", "properties": { "DIST": 390, "PAC": "33822722739612197L", "RAMAL": "421537993S1", "PN_CON": "812224", "UNI_TR_MT": "14433230", "CTMT": "TTI0114", "UNI_TR_AT": "DTTI-EQ-TR1", "SUB": "DTTI", "CONJ": 12986, "MUN": "3550308", "CEG_GD": " ", "BRR": "R CONS COTEGIPE 905 BELENZINHO", "CEP": "03058-000", "CLAS_SUB": "CO1", "CNAE": "4755-5/02", "TIP_CC": "COM-Tipo05", "FAS_CON": "ABN", "GRU_TEN": "BT", "TEN_FORN": "10", "GRU_TAR": "B3", "SIT_ATIV": "AT", "DAT_CON": "01/07/1984", "CAR_INST": 3.0, "LIV": 0, "ARE_LOC": "UB", "TIP_SIST": "RD_INTERLIG", "ENE_01": 1888.0, "ENE_02": 2827.0, "ENE_03": 1196.865, "ENE_04": 1718.0, "ENE_05": 2540.0, "ENE_06": 1462.0, "ENE_07": 1497.72, "ENE_08": 875.96, "ENE_09": 1858.0, "ENE_10": 1975.0, "ENE_11": 1221.3, "ENE_12": 2019.67, "DIC_01": 0.0, "DIC_02": 0.0, "DIC_03": 0.08, "DIC_04": 1.02, "DIC_05": 0.0, "DIC_06": 0.0, "DIC_07": 0.0, "DIC_08": 0.0, "DIC_09": 1.76, "DIC_10": 10.18, "DIC_11": 0.0, "DIC_12": 0.0, "FIC_01": 0.0, "FIC_02": 0.0, "FIC_03": 1.0, "FIC_04": 1.0, "FIC_05": 0.0, "FIC_06": 0.0, "FIC_07": 0.0, "FIC_08": 0.0, "FIC_09": 1.0, "FIC_10": 1.0, "FIC_11": 0.0, "FIC_12": 0.0, "SEMRED": 0, "DESCR": " ", "COD_ID": "6ff5ce4162dd017806b793defa9661748b793174a3bde8aa5630c0410d272b6b", "__layer": "UCBT_tab" }, "geometry": null },
{ "type": "Feature", "properties": { "DIST": 390, "PAC": "33833496739615409L", "RAMAL": "9730185S1", "PN_CON": "815074", "UNI_TR_MT": "14433230", "CTMT": "TTI0114", "UNI_TR_AT": "DTTI-EQ-TR1", "SUB": "DTTI", "CONJ": 12986, "MUN": "3550308", "CEG_GD": " ", "BRR": "R CONS COTEGIPE 1001 BELENZINHO", "CEP": "03058-000", "CLAS_SUB": "RE1", "CNAE": " ", "TIP_CC": "RES-Tipo03", "FAS_CON": "ABN", "GRU_TEN": "BT", "TEN_FORN": "10", "GRU_TAR": "B1", "SIT_ATIV": "AT", "DAT_CON": "01/02/1972", "CAR_INST": 280.0, "LIV": 0, "ARE_LOC": "UB", "TIP_SIST": "RD_INTERLIG", "ENE_01": 87.05, "ENE_02": 68.0, "ENE_03": 358.0, "ENE_04": 58.0, "ENE_05": 258.0, "ENE_06": 176.0, "ENE_07": 66.0, "ENE_08": 134.0, "ENE_09": 160.0, "ENE_10": 154.0, "ENE_11": 138.0, "ENE_12": 143.69, "DIC_01": 0.0, "DIC_02": 0.0, "DIC_03": 0.08, "DIC_04": 1.02, "DIC_05": 0.0, "DIC_06": 0.0, "DIC_07": 0.0, "DIC_08": 0.0, "DIC_09": 1.76, "DIC_10": 10.18, "DIC_11": 0.0, "DIC_12": 0.0, "FIC_01": 0.0, "FIC_02": 0.0, "FIC_03": 1.0, "FIC_04": 1.0, "FIC_05": 0.0, "FIC_06": 0.0, "FIC_07": 0.0, "FIC_08": 0.0, "FIC_09": 1.0, "FIC_10": 1.0, "FIC_11": 0.0, "FIC_12": 0.0, "SEMRED": 0, "DESCR": " ", "COD_ID": "00020b8b1ea12411282e9522326de627cbf0f04ef28f162457f9710abf0295d0", "__layer": "UCBT_tab" }, "geometry": null },
{ "type": "Feature", "properties": { "DIST": 390, "PAC": "33834914739612971L", "RAMAL": "9730756S1", "PN_CON": "815324", "UNI_TR_MT": "14433230", "CTMT": "TTI0114", "UNI_TR_AT": "DTTI-EQ-TR1", "SUB": "DTTI", "CONJ": 12986, "MUN": "3550308", "CEG_GD": " ", "BRR": "R CONS COTEGIPE 1050 BELENZINHO", "CEP": "03058-000", "CLAS_SUB": "RE1", "CNAE": " ", "TIP_CC": "RES-Tipo04", "FAS_CON": "ABN", "GRU_TEN": "BT", "TEN_FORN": "10", "GRU_TAR": "B1", "SIT_ATIV": "AT", "DAT_CON": "01/05/1977", "CAR_INST": 6.5, "LIV": 0, "ARE_LOC": "UB", "TIP_SIST": "RD_INTERLIG", "ENE_01": 129.58, "ENE_02": 238.0, "ENE_03": 264.0, "ENE_04": 247.0, "ENE_05": 251.0, "ENE_06": 223.0, "ENE_07": 191.0, "ENE_08": 200.0, "ENE_09": 206.0, "ENE_10": 237.0, "ENE_11": 236.0, "ENE_12": 191.27, "DIC_01": 0.0, "DIC_02": 0.0, "DIC_03": 0.08, "DIC_04": 1.02, "DIC_05": 0.0, "DIC_06": 0.0, "DIC_07": 0.0, "DIC_08": 0.0, "DIC_09": 1.76, "DIC_10": 10.18, "DIC_11": 0.0, "DIC_12": 0.0, "FIC_01": 0.0, "FIC_02": 0.0, "FIC_03": 1.0, "FIC_04": 1.0, "FIC_05": 0.0, "FIC_06": 0.0, "FIC_07": 0.0, "FIC_08": 0.0, "FIC_09": 1.0, "FIC_10": 1.0, "FIC_11": 0.0, "FIC_12": 0.0, "SEMRED": 0, "DESCR": " ", "COD_ID": "104e0713728de36320e305325f7468e3aa75e4563dcf57ba2cb97f3e41a975cc", "__layer": "UCBT_tab" }, "geometry": null },
{ "type": "Feature", "properties": { "DIST": 390, "PAC": "33793958739604340L", "RAMAL": "421736490S1", "PN_CON": "458185131", "UNI_TR_MT": "14432141", "CTMT": "TTI0114", "UNI_TR_AT": "DTTI-EQ-TR1", "SUB": "DTTI", "CONJ": 12986, "MUN": "3550308", "CEG_GD": " ", "BRR": "R CONS COTEGIPE 620 BELENZINHO", "CEP": "03058-000", "CLAS_SUB": "RE1", "CNAE": " ", "TIP_CC": "RES-Tipo05", "FAS_CON": "ABN", "GRU_TEN": "BT", "TEN_FORN": "10", "GRU_TAR": "B1", "SIT_ATIV": "AT", "DAT_CON": "01/04/1956", "CAR_INST": 2.0, "LIV": 0, "ARE_LOC": "UB", "TIP_SIST": "RD_INTERLIG", "ENE_01": 212.14, "ENE_02": 447.0, "ENE_03": 471.0, "ENE_04": 484.0, "ENE_05": 473.0, "ENE_06": 385.0, "ENE_07": 323.0, "ENE_08": 339.0, "ENE_09": 325.0, "ENE_10": 403.0, "ENE_11": 393.0, "ENE_12": 383.51, "DIC_01": 0.0, "DIC_02": 0.0, "DIC_03": 0.08, "DIC_04": 1.02, "DIC_05": 0.0, "DIC_06": 0.0, "DIC_07": 0.0, "DIC_08": 0.0, "DIC_09": 4.99, "DIC_10": 0.0, "DIC_11": 0.0, "DIC_12": 0.0, "FIC_01": 0.0, "FIC_02": 0.0, "FIC_03": 1.0, "FIC_04": 1.0, "FIC_05": 0.0, "FIC_06": 0.0, "FIC_07": 0.0, "FIC_08": 0.0, "FIC_09": 2.0, "FIC_10": 0.0, "FIC_11": 0.0, "FIC_12": 0.0, "SEMRED": 0, "DESCR": " ", "COD_ID": "bb4c4b82018db3a6109315fae02d0acc5bdfa18eae728e63f3be006c56951fa0", "__layer": "UCBT_tab" }, "geometry": null },
{ "type": "Feature", "properties": { "DIST": 390, "PAC": "33797559739605370L", "RAMAL": "421608671S1", "PN_CON": "805513", "UNI_TR_MT": "14432343", "CTMT": "TTI0114", "UNI_TR_AT": "DTTI-EQ-TR1", "SUB": "DTTI", "CONJ": 12986, "MUN": "3550308", "CEG_GD": " ", "BRR": "R CONS COTEGIPE 656 BELENZINHO", "CEP": "03058-000", "CLAS_SUB": "RE1", "CNAE": " ", "TIP_CC": "RES-Tipo05", "FAS_CON": "ABN", "GRU_TEN": "BT", "TEN_FORN": "10", "GRU_TAR": "B1", "SIT_ATIV": "AT", "DAT_CON": "01/10/1954", "CAR_INST": 5.4, "LIV": 0, "ARE_LOC": "UB", "TIP_SIST": "RD_INTERLIG", "ENE_01": 213.14, "ENE_02": 364.0, "ENE_03": 426.0, "ENE_04": 397.0, "ENE_05": 460.0, "ENE_06": 373.0, "ENE_07": 326.0, "ENE_08": 361.0, "ENE_09": 349.0, "ENE_10": 406.0, "ENE_11": 336.0, "ENE_12": 341.76, "DIC_01": 0.0, "DIC_02": 0.0, "DIC_03": 0.08, "DIC_04": 1.02, "DIC_05": 0.0, "DIC_06": 0.0, "DIC_07": 0.0, "DIC_08": 0.0, "DIC_09": 4.99, "DIC_10": 0.0, "DIC_11": 0.0, "DIC_12": 0.0, "FIC_01": 0.0, "FIC_02": 0.0, "FIC_03": 1.0, "FIC_04": 1.0, "FIC_05": 0.0, "FIC_06": 0.0, "FIC_07": 0.0, "FIC_08": 0.0, "FIC_09": 2.0, "FIC_10": 0.0, "FIC_11": 0.0, "FIC_12": 0.0, "SEMRED": 0, "DESCR": " ", "COD_ID": "80f0a1620d5b63226147f0986f802e7864a09266cf7f5f60547a1d348ee9acf9", "__layer": "UCBT_tab" }, "geometry": null },
{ "type": "Feature", "properties": { "DIST": 390, "PAC": "33803783739606667L", "RAMAL": "421521425S1", "PN_CON": "807149", "UNI_TR_MT": "14432600", "CTMT": "TTI0114", "UNI_TR_AT": "DTTI-EQ-TR1", "SUB": "DTTI", "CONJ": 12986, "MUN": "3550308", "CEG_GD": " ", "BRR": "R CONS COTEGIPE 707 BELENZINHO", "CEP": "03058-000", "CLAS_SUB": "RE1", "CNAE": " ", "TIP_CC": "RES-Tipo02", "FAS_CON": "ABN", "GRU_TEN": "BT", "TEN_FORN": "10", "GRU_TAR": "B1", "SIT_ATIV": "AT", "DAT_CON": "01/11/1977", "CAR_INST": 3.9, "LIV": 0, "ARE_LOC": "UB", "TIP_SIST": "RD_INTERLIG", "ENE_01": 73.04, "ENE_02": 135.0, "ENE_03": 140.0, "ENE_04": 138.0, "ENE_05": 133.0, "ENE_06": 152.0, "ENE_07": 123.0, "ENE_08": 141.0, "ENE_09": 120.0, "ENE_10": 125.0, "ENE_11": 83.0, "ENE_12": 110.68, "DIC_01": 0.0, "DIC_02": 0.0, "DIC_03": 0.08, "DIC_04": 1.02, "DIC_05": 0.0, "DIC_06": 0.0, "DIC_07": 0.0, "DIC_08": 0.0, "DIC_09": 1.76, "DIC_10": 0.0, "DIC_11": 0.0, "DIC_12": 0.0, "FIC_01": 0.0, "FIC_02": 0.0, "FIC_03": 1.0, "FIC_04": 1.0, "FIC_05": 0.0, "FIC_06": 0.0, "FIC_07": 0.0, "FIC_08": 0.0, "FIC_09": 1.0, "FIC_10": 0.0, "FIC_11": 0.0, "FIC_12": 0.0, "SEMRED": 0, "DESCR": " ", "COD_ID": "7e88707c7c1672dc430ae984512ed4dab0d0bbbc9ce756e1b461d3ff9261d85c", "__layer": "UCBT_tab" }, "geometry": null },
{ "type": "Feature", "properties": { "DIST": 390, "PAC": "33799821739606125L", "RAMAL": "9705374S1", "PN_CON": "806172", "UNI_TR_MT": "14432141", "CTMT": "TTI0114", "UNI_TR_AT": "DTTI-EQ-TR1", "SUB": "DTTI", "CONJ": 12986, "MUN": "3550308", "CEG_GD": " ", "BRR": "R CONS COTEGIPE 669 BELENZINHO", "CEP": "03058-000", "CLAS_SUB": "RE1", "CNAE": " ", "TIP_CC": "RES-Tipo04", "FAS_CON": "ABCN", "GRU_TEN": "BT", "TEN_FORN": "10", "GRU_TAR": "B1", "SIT_ATIV": "AT", "DAT_CON": "01/01/1980", "CAR_INST": 3.0, "LIV": 0, "ARE_LOC": "UB", "TIP_SIST": "RD_INTERLIG", "ENE_01": 145.09, "ENE_02": 267.0, "ENE_03": 268.0, "ENE_04": 251.0, "ENE_05": 352.0, "ENE_06": 285.0, "ENE_07": 260.0, "ENE_08": 337.0, "ENE_09": 375.0, "ENE_10": 383.0, "ENE_11": 400.0, "ENE_12": 393.22, "DIC_01": 0.0, "DIC_02": 0.0, "DIC_03": 0.08, "DIC_04": 1.02, "DIC_05": 0.0, "DIC_06": 0.0, "DIC_07": 0.0, "DIC_08": 0.0, "DIC_09": 4.99, "DIC_10": 0.0, "DIC_11": 0.0, "DIC_12": 0.0, "FIC_01": 0.0, "FIC_02": 0.0, "FIC_03": 1.0, "FIC_04": 1.0, "FIC_05": 0.0, "FIC_06": 0.0, "FIC_07": 0.0, "FIC_08": 0.0, "FIC_09": 2.0, "FIC_10": 0.0, "FIC_11": 0.0, "FIC_12": 0.0, "SEMRED": 0, "DESCR": " ", "COD_ID": "2423626205fb1e9e75aa6937ceba0e5d5dad0b2a16a85384c6a3412ea4f129cc", "__layer": "UCBT_tab" }, "geometry": null },
{ "type": "Feature", "properties": { "DIST": 390, "PAC": "33795804739604759L", "RAMAL": "9702073S1", "PN_CON": "805034", "UNI_TR_MT": "14432141", "CTMT": "TTI0114", "UNI_TR_AT": "DTTI-EQ-TR1", "SUB": "DTTI", "CONJ": 12986, "MUN": "3550308", "CEG_GD": " ", "BRR": "R CONS COTEGIPE 649 BELENZINHO", "CEP": "03058-000", "CLAS_SUB": "RE1", "CNAE": " ", "TIP_CC": "RES-Tipo01", "FAS_CON": "ABN", "GRU_TEN": "BT", "TEN_FORN": "10", "GRU_TAR": "B1", "SIT_ATIV": "AT", "DAT_CON": "01/04/1956", "CAR_INST": 0.5, "LIV": 0, "ARE_LOC": "UB", "TIP_SIST": "RD_INTERLIG", "ENE_01": 15.01, "ENE_02": 30.0, "ENE_03": 166.0, "ENE_04": 96.0, "ENE_05": 75.0, "ENE_06": 10.0, "ENE_07": 2.0, "ENE_08": 30.0, "ENE_09": 30.0, "ENE_10": 30.0, "ENE_11": 30.0, "ENE_12": 29.12, "DIC_01": 0.0, "DIC_02": 0.0, "DIC_03": 0.08, "DIC_04": 1.02, "DIC_05": 0.0, "DIC_06": 0.0, "DIC_07": 0.0, "DIC_08": 0.0, "DIC_09": 4.99, "DIC_10": 0.0, "DIC_11": 0.0, "DIC_12": 0.0, "FIC_01": 0.0, "FIC_02": 0.0, "FIC_03": 1.0, "FIC_04": 1.0, "FIC_05": 0.0, "FIC_06": 0.0, "FIC_07": 0.0, "FIC_08": 0.0, "FIC_09": 2.0, "FIC_10": 0.0, "FIC_11": 0.0, "FIC_12": 0.0, "SEMRED": 0, "DESCR": " ", "COD_ID": "9faf64eedecd0ba759d06d5a74020cd0e255397798d33fa5547d73ad04210def", "__layer": "UCBT_tab" }, "geometry": null },
{ "type": "Feature", "properties": { "DIST": 390, "PAC": "33795794739604780L", "RAMAL": "421783933S1", "PN_CON": "805034", "UNI_TR_MT": "14432141", "CTMT": "TTI0114", "UNI_TR_AT": "DTTI-EQ-TR1", "SUB": "DTTI", "CONJ": 12986, "MUN": "3550308", "CEG_GD": " ", "BRR": "R CONS COTEGIPE 647 BELENZINHO", "CEP": "03058-000", "CLAS_SUB": "RE1", "CNAE": " ", "TIP_CC": "RES-Tipo02", "FAS_CON": "ABN", "GRU_TEN": "BT", "TEN_FORN": "10", "GRU_TAR": "B1", "SIT_ATIV": "DS", "DAT_CON": "01/07/1984", "CAR_INST": 18.2, "LIV": 0, "ARE_LOC": "UB", "TIP_SIST": "RD_INTERLIG", "ENE_01": 104.57, "ENE_02": 172.0, "ENE_03": 206.0, "ENE_04": 202.0, "ENE_05": 187.0, "ENE_06": 181.0, "ENE_07": 183.0, "ENE_08": 229.0, "ENE_09": 191.0, "ENE_10": 190.0, "ENE_11": 30.0, "ENE_12": 0.0, "DIC_01": 0.0, "DIC_02": 0.0, "DIC_03": 0.08, "DIC_04": 1.02, "DIC_05": 0.0, "DIC_06": 0.0, "DIC_07": 0.0, "DIC_08": 0.0, "DIC_09": 4.99, "DIC_10": 0.0, "DIC_11": 0.0, "DIC_12": 0.0, "FIC_01": 0.0, "FIC_02": 0.0, "FIC_03": 1.0, "FIC_04": 1.0, "FIC_05": 0.0, "FIC_06": 0.0, "FIC_07": 0.0, "FIC_08": 0.0, "FIC_09": 2.0, "FIC_10": 0.0, "FIC_11": 0.0, "FIC_12": 0.0, "SEMRED": 0, "DESCR": " ", "COD_ID": "909f649edae514915ea3da6c22e032d1d416f5d12e4ea52be1d8da7bf10f9bf1", "__layer": "UCBT_tab" }, "geometry": null },
{ "type": "Feature", "properties": { "DIST": 390, "PAC": "33784693739602522L", "RAMAL": "421538092S1", "PN_CON": "802102", "UNI_TR_MT": "14427639", "CTMT": "TTI0114", "UNI_TR_AT": "DTTI-EQ-TR1", "SUB": "DTTI", "CONJ": 12986, "MUN": "3550308", "CEG_GD": " ", "BRR": "R CONS COTEGIPE 521 BELENZINHO", "CEP": "03058-000", "CLAS_SUB": "RE1", "CNAE": " ", "TIP_CC": "RES-Tipo02", "FAS_CON": "ABN", "GRU_TEN": "BT", "TEN_FORN": "10", "GRU_TAR": "B1", "SIT_ATIV": "AT", "DAT_CON": "01/05/1980", "CAR_INST": 3.0, "LIV": 0, "ARE_LOC": "UB", "TIP_SIST": "RD_INTERLIG", "ENE_01": 75.55, "ENE_02": 133.0, "ENE_03": 146.0, "ENE_04": 149.0, "ENE_05": 185.0, "ENE_06": 165.0, "ENE_07": 156.0, "ENE_08": 176.0, "ENE_09": 164.0, "ENE_10": 154.0, "ENE_11": 154.0, "ENE_12": 164.08, "DIC_01": 0.0, "DIC_02": 0.0, "DIC_03": 0.08, "DIC_04": 1.02, "DIC_05": 0.0, "DIC_06": 0.0, "DIC_07": 0.0, "DIC_08": 0.0, "DIC_09": 4.99, "DIC_10": 0.0, "DIC_11": 0.0, "DIC_12": 0.0, "FIC_01": 0.0, "FIC_02": 0.0, "FIC_03": 1.0, "FIC_04": 1.0, "FIC_05": 0.0, "FIC_06": 0.0, "FIC_07": 0.0, "FIC_08": 0.0, "FIC_09": 2.0, "FIC_10": 0.0, "FIC_11": 0.0, "FIC_12": 0.0, "SEMRED": 0, "DESCR": " ", "COD_ID": "c1d637e70a00207d8778394fc795391de6fc6744d2c2648d398a813ac67f53fb", "__layer": "UCBT_tab" }, "geometry": null },
{ "type": "Feature", "properties": { "DIST": 390, "PAC": "33778844739600998L", "RAMAL": "9687256S1", "PN_CON": "800403", "UNI_TR_MT": "14427639", "CTMT": "TTI0114", "UNI_TR_AT": "DTTI-EQ-TR1", "SUB": "DTTI", "CONJ": 12986, "MUN": "3550308", "CEG_GD": " ", "BRR": "R CONS COTEGIPE 468 BELENZINHO", "CEP": "03058-000", "CLAS_SUB": "RE1", "CNAE": " ", "TIP_CC": "RES-Tipo05", "FAS_CON": "ABN", "GRU_TEN": "BT", "TEN_FORN": "10", "GRU_TAR": "B1", "SIT_ATIV": "AT", "DAT_CON": "01/05/1961", "CAR_INST": 6.5, "LIV": 0, "ARE_LOC": "UB", "TIP_SIST": "RD_INTERLIG", "ENE_01": 1342.4, "ENE_02": 2509.0, "ENE_03": 2442.0, "ENE_04": 2356.0, "ENE_05": 2482.0, "ENE_06": 1998.0, "ENE_07": 1705.0, "ENE_08": 1609.0, "ENE_09": 1714.0, "ENE_10": 2317.0, "ENE_11": 2018.0, "ENE_12": 1669.01, "DIC_01": 0.0, "DIC_02": 0.0, "DIC_03": 0.08, "DIC_04": 1.02, "DIC_05": 0.0, "DIC_06": 0.0, "DIC_07": 0.0, "DIC_08": 0.0, "DIC_09": 4.99, "DIC_10": 0.0, "DIC_11": 0.0, "DIC_12": 0.0, "FIC_01": 0.0, "FIC_02": 0.0, "FIC_03": 1.0, "FIC_04": 1.0, "FIC_05": 0.0, "FIC_06": 0.0, "FIC_07": 0.0, "FIC_08": 0.0, "FIC_09": 2.0, "FIC_10": 0.0, "FIC_11": 0.0, "FIC_12": 0.0, "SEMRED": 0, "DESCR": " ", "COD_ID": "eff1c5c424c47e791e14ed66455fc370fedd391053832ba8a434a6998a868792", "__layer": "UCBT_tab" }, "geometry": null },
{ "type": "Feature", "properties": { "DIST": 390, "PAC": "33781264739601559L", "RAMAL": "421410828S1", "PN_CON": "801160", "UNI_TR_MT": "14427639", "CTMT": "TTI0114", "UNI_TR_AT": "DTTI-EQ-TR1", "SUB": "DTTI", "CONJ": 12986, "MUN": "3550308", "CEG_GD": " ", "BRR": "R CONS COTEGIPE 480 BELENZINHO", "CEP": "03058-000", "CLAS_SUB": "RE1", "CNAE": " ", "TIP_CC": "RES-Tipo02", "FAS_CON": "ABN", "GRU_TEN": "BT", "TEN_FORN": "10", "GRU_TAR": "B1", "SIT_ATIV": "AT", "DAT_CON": "01/12/1978", "CAR_INST": 5.0, "LIV": 0, "ARE_LOC": "UB", "TIP_SIST": "RD_INTERLIG", "ENE_01": 76.55, "ENE_02": 155.0, "ENE_03": 136.0, "ENE_04": 152.0, "ENE_05": 152.0, "ENE_06": 149.0, "ENE_07": 140.0, "ENE_08": 160.0, "ENE_09": 156.0, "ENE_10": 143.0, "ENE_11": 132.0, "ENE_12": 119.42, "DIC_01": 0.0, "DIC_02": 0.0, "DIC_03": 0.08, "DIC_04": 1.02, "DIC_05": 0.0, "DIC_06": 0.0, "DIC_07": 0.0, "DIC_08": 0.0, "DIC_09": 4.99, "DIC_10": 0.0, "DIC_11": 0.0, "DIC_12": 0.0, "FIC_01": 0.0, "FIC_02": 0.0, "FIC_03": 1.0, "FIC_04": 1.0, "FIC_05": 0.0, "FIC_06": 0.0, "FIC_07": 0.0, "FIC_08": 0.0, "FIC_09": 2.0, "FIC_10": 0.0, "FIC_11": 0.0, "FIC_12": 0.0, "SEMRED": 0, "DESCR": " ", "COD_ID": "ad7e4949a94972a6b912c4ffeed5b393664dfa6f54301d562713d4dcd35dac52", "__layer": "UCBT_tab" }, "geometry": null },
{ "type": "Feature", "properties": { "DIST": 390, "PAC": "33784828739602465L", "RAMAL": "421538122S1", "PN_CON": "802102", "UNI_TR_MT": "14427639", "CTMT": "TTI0114", "UNI_TR_AT": "DTTI-EQ-TR1", "SUB": "DTTI", "CONJ": 12986, "MUN": "3550308", "CEG_GD": " ", "BRR": "R CONS COTEGIPE 522 BELENZINHO", "CEP": "03058-000", "CLAS_SUB": "RE1", "CNAE": " ", "TIP_CC": "RES-Tipo01", "FAS_CON": "ABN", "GRU_TEN": "BT", "TEN_FORN": "10", "GRU_TAR": "B1", "SIT_ATIV": "AT", "DAT_CON": "01/02/1973", "CAR_INST": 6.0, "LIV": 0, "ARE_LOC": "UB", "TIP_SIST": "RD_INTERLIG", "ENE_01": 33.52, "ENE_02": 63.0, "ENE_03": 59.0, "ENE_04": 65.0, "ENE_05": 73.0, "ENE_06": 71.0, "ENE_07": 72.0, "ENE_08": 56.0, "ENE_09": 92.0, "ENE_10": 77.0, "ENE_11": 76.0, "ENE_12": 60.19, "DIC_01": 0.0, "DIC_02": 0.0, "DIC_03": 0.08, "DIC_04": 3.35, "DIC_05": 0.0, "DIC_06": 0.0, "DIC_07": 0.0, "DIC_08": 0.0, "DIC_09": 4.99, "DIC_10": 0.0, "DIC_11": 0.0, "DIC_12": 0.0, "FIC_01": 0.0, "FIC_02": 0.0, "FIC_03": 1.0, "FIC_04": 2.0, "FIC_05": 0.0, "FIC_06": 0.0, "FIC_07": 0.0, "FIC_08": 0.0, "FIC_09": 2.0, "FIC_10": 0.0, "FIC_11": 0.0, "FIC_12": 0.0, "SEMRED": 0, "DESCR": " ", "COD_ID": "a412af69eab2cb35968e6629bab024728d340d6d5f6b2cc682d112d5279f01c1", "__layer": "UCBT_tab" }, "geometry": null },
{ "type": "Feature", "properties": { "DIST": 390, "PAC": "33759559739598869L", "RAMAL": "421736502S1", "PN_CON": "794671", "UNI_TR_MT": "14426519", "CTMT": "TTI0115", "UNI_TR_AT": "DTTI-EQ-TR2", "SUB": "DTTI", "CONJ": 12986, "MUN": "3550308", "CEG_GD": " ", "BRR": "R CONS COTEGIPE 255 BELENZINHO", "CEP": "03058-000", "CLAS_SUB": "CO1", "CNAE": "4671-1/00", "TIP_CC": "COM-Tipo05", "FAS_CON": "ABCN", "GRU_TEN": "BT", "TEN_FORN": "10", "GRU_TAR": "B3", "SIT_ATIV": "AT", "DAT_CON": "01/01/1980", "CAR_INST": 18.8, "LIV": 0, "ARE_LOC": "UB", "TIP_SIST": "RD_INTERLIG", "ENE_01": 1720.0, "ENE_02": 2680.0, "ENE_03": 3391.661, "ENE_04": 3240.0, "ENE_05": 2280.0, "ENE_06": 6000.0, "ENE_07": 2385.6, "ENE_08": 1903.2, "ENE_09": 3160.0, "ENE_10": 3680.0, "ENE_11": 2147.6, "ENE_12": 2907.1, "DIC_01": 3.76, "DIC_02": 0.16, "DIC_03": 0.0, "DIC_04": 3.28, "DIC_05": 0.0, "DIC_06": 0.0, "DIC_07": 0.0, "DIC_08": 0.0, "DIC_09": 0.0, "DIC_10": 0.0, "DIC_11": 0.0, "DIC_12": 0.23, "FIC_01": 1.0, "FIC_02": 2.0, "FIC_03": 0.0, "FIC_04": 1.0, "FIC_05": 0.0, "FIC_06": 0.0, "FIC_07": 0.0, "FIC_08": 0.0, "FIC_09": 0.0, "FIC_10": 0.0, "FIC_11": 0.0, "FIC_12": 1.0, "SEMRED": 0, "DESCR": " ", "COD_ID": "e2a778d72ff6943f1449ce2ce1aaac36cb435db8f856e983a0d3d2e310731c68", "__layer": "UCBT_tab" }, "geometry": null },
{ "type": "Feature", "properties": { "DIST": 390, "PAC": "33751040739598139L", "RAMAL": "421441236S1", "PN_CON": "792224", "UNI_TR_MT": "14426186", "CTMT": "TTI0115", "UNI_TR_AT": "DTTI-EQ-TR2", "SUB": "DTTI", "CONJ": 12986, "MUN": "3550308", "CEG_GD": " ", "BRR": "R CONS COTEGIPE 175 BELENZINHO", "CEP": "03058-000", "CLAS_SUB": "CO1", "CNAE": "4755-5/02", "TIP_CC": "COM-Tipo02", "FAS_CON": "ABN", "GRU_TEN": "BT", "TEN_FORN": "10", "GRU_TAR": "B3", "SIT_ATIV": "DS", "DAT_CON": "01/11/1973", "CAR_INST": 3.0, "LIV": 0, "ARE_LOC": "UB", "TIP_SIST": "RD_INTERLIG", "ENE_01": 34.0, "ENE_02": 35.0, "ENE_03": 38.047, "ENE_04": 35.0, "ENE_05": 35.0, "ENE_06": 35.0, "ENE_07": 29.4, "ENE_08": 1.22, "ENE_09": 0.0, "ENE_10": 0.0, "ENE_11": 0.0, "ENE_12": 0.0, "DIC_01": 7.58, "DIC_02": 0.16, "DIC_03": 0.0, "DIC_04": 0.0, "DIC_05": 0.0, "DIC_06": 0.0, "DIC_07": 0.0, "DIC_08": 0.0, "DIC_09": 0.0, "DIC_10": 0.0, "DIC_11": 0.0, "DIC_12": 0.0, "FIC_01": 2.0, "FIC_02": 2.0, "FIC_03": 0.0, "FIC_04": 0.0, "FIC_05": 0.0, "FIC_06": 0.0, "FIC_07": 0.0, "FIC_08": 0.0, "FIC_09": 0.0, "FIC_10": 0.0, "FIC_11": 0.0, "FIC_12": 0.0, "SEMRED": 0, "DESCR": " ", "COD_ID": "d9387c3b91279e9907f223af05df646353e9b6451e3186de8885ae32ac0a92b4", "__layer": "UCBT_tab" }, "geometry": null },
{ "type": "Feature", "properties": { "DIST": 390, "PAC": "33750994739598154L", "RAMAL": "421441230S1", "PN_CON": "792224", "UNI_TR_MT": "14426186", "CTMT": "TTI0115", "UNI_TR_AT": "DTTI-EQ-TR2", "SUB": "DTTI", "CONJ": 12986, "MUN": "3550308", "CEG_GD": " ", "BRR": "R CONS COTEGIPE 173 BELENZINHO", "CEP": "03058-000", "CLAS_SUB": "RE1", "CNAE": " ", "TIP_CC": "RES-Tipo02", "FAS_CON": "ABN", "GRU_TEN": "BT", "TEN_FORN": "10", "GRU_TAR": "B1", "SIT_ATIV": "AT", "DAT_CON": "01/09/1973", "CAR_INST": 3.0, "LIV": 0, "ARE_LOC": "UB", "TIP_SIST": "RD_INTERLIG", "ENE_01": 121.08, "ENE_02": 219.0, "ENE_03": 233.0, "ENE_04": 206.0, "ENE_05": 214.0, "ENE_06": 214.0, "ENE_07": 175.0, "ENE_08": 192.0, "ENE_09": 191.0, "ENE_10": 238.0, "ENE_11": 207.0, "ENE_12": 209.71, "DIC_01": 7.58, "DIC_02": 0.16, "DIC_03": 0.0, "DIC_04": 0.0, "DIC_05": 0.0, "DIC_06": 0.0, "DIC_07": 0.0, "DIC_08": 0.0, "DIC_09": 0.0, "DIC_10": 0.0, "DIC_11": 0.0, "DIC_12": 0.23, "FIC_01": 2.0, "FIC_02": 2.0, "FIC_03": 0.0, "FIC_04": 0.0, "FIC_05": 0.0, "FIC_06": 0.0, "FIC_07": 0.0, "FIC_08": 0.0, "FIC_09": 0.0, "FIC_10": 0.0, "FIC_11": 0.0, "FIC_12": 1.0, "SEMRED": 0, "DESCR": " ", "COD_ID": "d1cce79f9481f16917495cbf36cac6fb4ff5e1f5f3be68f4522505421f9d3221", "__layer": "UCBT_tab" }, "geometry": null },
{ "type": "Feature", "properties": { "DIST": 390, "PAC": "33743484739597075L", "RAMAL": "421421432S1", "PN_CON": "789997", "UNI_TR_MT": "14426186", "CTMT": "TTI0115", "UNI_TR_AT": "DTTI-EQ-TR2", "SUB": "DTTI", "CONJ": 12986, "MUN": "3550308", "CEG_GD": " ", "BRR": "R CONS COTEGIPE 103 BELENZINHO", "CEP": "03058-000", "CLAS_SUB": "RE1", "CNAE": " ", "TIP_CC": "RES-Tipo05", "FAS_CON": "ABCN", "GRU_TEN": "BT", "TEN_FORN": "10", "GRU_TAR": "B1", "SIT_ATIV": "AT", "DAT_CON": "01/01/1980", "CAR_INST": 7.1, "LIV": 0, "ARE_LOC": "UB", "TIP_SIST": "RD_INTERLIG", "ENE_01": 60.04, "ENE_02": 1000.0, "ENE_03": 1000.0, "ENE_04": 1040.0, "ENE_05": 1080.0, "ENE_06": 1600.0, "ENE_07": 960.0, "ENE_08": 6920.0, "ENE_09": 4440.0, "ENE_10": 4480.0, "ENE_11": 2520.0, "ENE_12": 2213.69, "DIC_01": 7.58, "DIC_02": 0.16, "DIC_03": 0.0, "DIC_04": 0.0, "DIC_05": 0.0, "DIC_06": 0.0, "DIC_07": 0.0, "DIC_08": 0.0, "DIC_09": 0.0, "DIC_10": 0.0, "DIC_11": 0.0, "DIC_12": 0.23, "FIC_01": 2.0, "FIC_02": 2.0, "FIC_03": 0.0, "FIC_04": 0.0, "FIC_05": 0.0, "FIC_06": 0.0, "FIC_07": 0.0, "FIC_08": 0.0, "FIC_09": 0.0, "FIC_10": 0.0, "FIC_11": 0.0, "FIC_12": 1.0, "SEMRED": 0, "DESCR": " ", "COD_ID": "32b7c9ec0d34be2e1a1f7fcb9d14ab40fdbd3f301551c6e8b435b7d698f216f1", "__layer": "UCBT_tab" }, "geometry": null },
{ "type": "Feature", "properties": { "DIST": 390, "PAC": "33743451739597081L", "RAMAL": "421421418S1", "PN_CON": "789997", "UNI_TR_MT": "14426186", "CTMT": "TTI0115", "UNI_TR_AT": "DTTI-EQ-TR2", "SUB": "DTTI", "CONJ": 12986, "MUN": "3550308", "CEG_GD": " ", "BRR": "R CONS COTEGIPE 101 BELENZINHO", "CEP": "03058-000", "CLAS_SUB": "RE1", "CNAE": " ", "TIP_CC": "RES-Tipo01", "FAS_CON": "ABN", "GRU_TEN": "BT", "TEN_FORN": "10", "GRU_TAR": "B1", "SIT_ATIV": "AT", "DAT_CON": "01/02/1957", "CAR_INST": 8.5, "LIV": 0, "ARE_LOC": "UB", "TIP_SIST": "RD_INTERLIG", "ENE_01": 0.0, "ENE_02": 0.0, "ENE_03": 35.0, "ENE_04": 89.0, "ENE_05": 107.0, "ENE_06": 119.0, "ENE_07": 100.0, "ENE_08": 140.0, "ENE_09": 92.0, "ENE_10": 125.0, "ENE_11": 114.0, "ENE_12": 114.56, "DIC_01": 0.0, "DIC_02": 0.0, "DIC_03": 0.0, "DIC_04": 0.0, "DIC_05": 0.0, "DIC_06": 0.0, "DIC_07": 0.0, "DIC_08": 0.0, "DIC_09": 0.0, "DIC_10": 0.0, "DIC_11": 0.0, "DIC_12": 0.23, "FIC_01": 0.0, "FIC_02": 0.0, "FIC_03": 0.0, "FIC_04": 0.0, "FIC_05": 0.0, "FIC_06": 0.0, "FIC_07": 0.0, "FIC_08": 0.0, "FIC_09": 0.0, "FIC_10": 0.0, "FIC_11": 0.0, "FIC_12": 1.0, "SEMRED": 0, "DESCR": " ", "COD_ID": "a447c5c9786b4aca216d0cb42d667b4ed9f9601a1e01f34411d48f1afb9608da", "__layer": "UCBT_tab" }, "geometry": null },
{ "type": "Feature", "properties": { "DIST": 390, "PAC": "33740583739596766L", "RAMAL": "421642037S1", "PN_CON": "789185", "UNI_TR_MT": "14426186", "CTMT": "TTI0115", "UNI_TR_AT": "DTTI-EQ-TR2", "SUB": "DTTI", "CONJ": 12986, "MUN": "3550308", "CEG_GD": " ", "BRR": "R CONS COTEGIPE 71 BELENZINHO", "CEP": "03058-000", "CLAS_SUB": "RE1", "CNAE": " ", "TIP_CC": "RES-Tipo04", "FAS_CON": "ABN", "GRU_TEN": "BT", "TEN_FORN": "10", "GRU_TAR": "B1", "SIT_ATIV": "AT", "DAT_CON": "01/03/1959", "CAR_INST": 0.3, "LIV": 0, "ARE_LOC": "UB", "TIP_SIST": "RD_INTERLIG", "ENE_01": 127.08, "ENE_02": 342.0, "ENE_03": 387.0, "ENE_04": 373.0, "ENE_05": 30.0, "ENE_06": 376.0, "ENE_07": 126.0, "ENE_08": 127.0, "ENE_09": 175.0, "ENE_10": 174.0, "ENE_11": 173.0, "ENE_12": 106.8, "DIC_01": 7.58, "DIC_02": 0.16, "DIC_03": 0.0, "DIC_04": 0.0, "DIC_05": 0.0, "DIC_06": 0.0, "DIC_07": 0.0, "DIC_08": 0.0, "DIC_09": 0.0, "DIC_10": 0.0, "DIC_11": 0.0, "DIC_12": 0.23, "FIC_01": 2.0, "FIC_02": 2.0, "FIC_03": 0.0, "FIC_04": 0.0, "FIC_05": 0.0, "FIC_06": 0.0, "FIC_07": 0.0, "FIC_08": 0.0, "FIC_09": 0.0, "FIC_10": 0.0, "FIC_11": 0.0, "FIC_12": 1.0, "SEMRED": 0, "DESCR": " ", "COD_ID": "1f5e85ef71aab682ab25f8b075a4bb7143f846e70629709e2f4bc2789bd6662c", "__layer": "UCBT_tab" }, "geometry": null },
{ "type": "Feature", "properties": { "DIST": 390, "PAC": "33737083739595949L", "RAMAL": "421459830S1", "PN_CON": "788175", "UNI_TR_MT": "14426186", "CTMT": "TTI0115", "UNI_TR_AT": "DTTI-EQ-TR2", "SUB": "DTTI", "CONJ": 12986, "MUN": "3550308", "CEG_GD": " ", "BRR": "R CONS COTEGIPE 39 BELENZINHO", "CEP": "03058-000", "CLAS_SUB": "RE1", "CNAE": " ", "TIP_CC": "RES-Tipo02", "FAS_CON": "AN", "GRU_TEN": "BT", "TEN_FORN": "10", "GRU_TAR": "B1", "SIT_ATIV": "AT", "DAT_CON": "01/02/1950", "CAR_INST": 2.0, "LIV": 0, "ARE_LOC": "UB", "TIP_SIST": "RD_INTERLIG", "ENE_01": 181.12, "ENE_02": 233.0, "ENE_03": 272.0, "ENE_04": 225.0, "ENE_05": 233.0, "ENE_06": 143.0, "ENE_07": 134.0, "ENE_08": 128.0, "ENE_09": 105.0, "ENE_10": 160.0, "ENE_11": 149.0, "ENE_12": 127.19, "DIC_01": 7.58, "DIC_02": 0.16, "DIC_03": 0.0, "DIC_04": 0.0, "DIC_05": 0.0, "DIC_06": 0.0, "DIC_07": 0.0, "DIC_08": 0.0, "DIC_09": 0.0, "DIC_10": 0.0, "DIC_11": 0.0, "DIC_12": 0.23, "FIC_01": 2.0, "FIC_02": 2.0, "FIC_03": 0.0, "FIC_04": 0.0, "FIC_05": 0.0, "FIC_06": 0.0, "FIC_07": 0.0, "FIC_08": 0.0, "FIC_09": 0.0, "FIC_10": 0.0, "FIC_11": 0.0, "FIC_12": 1.0, "SEMRED": 0, "DESCR": " ", "COD_ID": "88e1b9b3fcf8cf40c00811851f0e6feb1b51e48683228c84df31e85021e78992", "__layer": "UCBT_tab" }, "geometry": null },
{ "type": "Feature", "properties": { "DIST": 390, "PAC": "33740654739596743L", "RAMAL": "421642055S1", "PN_CON": "789185", "UNI_TR_MT": "14426186", "CTMT": "TTI0115", "UNI_TR_AT": "DTTI-EQ-TR2", "SUB": "DTTI", "CONJ": 12986, "MUN": "3550308", "CEG_GD": " ", "BRR": "R CONS COTEGIPE 62 BELENZINHO", "CEP": "03058-000", "CLAS_SUB": "RE1", "CNAE": " ", "TIP_CC": "RES-Tipo01", "FAS_CON": "ABN", "GRU_TEN": "BT", "TEN_FORN": "10", "GRU_TAR": "B1", "SIT_ATIV": "AT", "DAT_CON": "01/05/1966", "CAR_INST": 0.3, "LIV": 0, "ARE_LOC": "UB", "TIP_SIST": "RD_INTERLIG", "ENE_01": 24.01, "ENE_02": 30.0, "ENE_03": 30.0, "ENE_04": 29.0, "ENE_05": 31.0, "ENE_06": 30.0, "ENE_07": 24.0, "ENE_08": 23.0, "ENE_09": 20.0, "ENE_10": 37.0, "ENE_11": 34.0, "ENE_12": 29.12, "DIC_01": 7.58, "DIC_02": 0.16, "DIC_03": 0.0, "DIC_04": 0.0, "DIC_05": 0.0, "DIC_06": 0.0, "DIC_07": 0.0, "DIC_08": 0.0, "DIC_09": 0.0, "DIC_10": 0.0, "DIC_11": 0.0, "DIC_12": 0.23, "FIC_01": 2.0, "FIC_02": 2.0, "FIC_03": 0.0, "FIC_04": 0.0, "FIC_05": 0.0, "FIC_06": 0.0, "FIC_07": 0.0, "FIC_08": 0.0, "FIC_09": 0.0, "FIC_10": 0.0, "FIC_11": 0.0, "FIC_12": 1.0, "SEMRED": 0, "DESCR": " ", "COD_ID": "00f7f5fe8f596b0614fc6ed566b242ebbd45348bca692212ee0bc8bcbc7eab23", "__layer": "UCBT_tab" }, "geometry": null },
{ "type": "Feature", "properties": { "DIST": 390, "PAC": "33743516739597064L", "RAMAL": "421421446S1", "PN_CON": "789997", "UNI_TR_MT": "14426186", "CTMT": "TTI0115", "UNI_TR_AT": "DTTI-EQ-TR2", "SUB": "DTTI", "CONJ": 12986, "MUN": "3550308", "CEG_GD": " ", "BRR": "R CONS COTEGIPE 98 BELENZINHO", "CEP": "03058-000", "CLAS_SUB": "RE1", "CNAE": " ", "TIP_CC": "RES-Tipo02", "FAS_CON": "ABN", "GRU_TEN": "BT", "TEN_FORN": "10", "GRU_TAR": "B1", "SIT_ATIV": "AT", "DAT_CON": "01/06/1958", "CAR_INST": 8.0, "LIV": 0, "ARE_LOC": "UB", "TIP_SIST": "RD_INTERLIG", "ENE_01": 122.08, "ENE_02": 190.0, "ENE_03": 201.0, "ENE_04": 203.0, "ENE_05": 220.0, "ENE_06": 193.0, "ENE_07": 194.0, "ENE_08": 227.0, "ENE_09": 153.0, "ENE_10": 221.0, "ENE_11": 205.0, "ENE_12": 205.83, "DIC_01": 7.58, "DIC_02": 0.16, "DIC_03": 0.0, "DIC_04": 0.0, "DIC_05": 0.0, "DIC_06": 0.0, "DIC_07": 0.0, "DIC_08": 0.0, "DIC_09": 0.0, "DIC_10": 0.0, "DIC_11": 0.0, "DIC_12": 0.23, "FIC_01": 2.0, "FIC_02": 2.0, "FIC_03": 0.0, "FIC_04": 0.0, "FIC_05": 0.0, "FIC_06": 0.0, "FIC_07": 0.0, "FIC_08": 0.0, "FIC_09": 0.0, "FIC_10": 0.0, "FIC_11": 0.0, "FIC_12": 1.0, "SEMRED": 0, "DESCR": " ", "COD_ID": "7c212478f781d96f51fd26f663f513a3f4b4de8981ddd7e8268ff1cc1bdb2e9a", "__layer": "UCBT_tab" }, "geometry": null },
{ "type": "Feature", "properties": { "DIST": 390, "PAC": "33743531739597056L", "RAMAL": "421421452S1", "PN_CON": "789997", "UNI_TR_MT": "14426186", "CTMT": "TTI0115", "UNI_TR_AT": "DTTI-EQ-TR2", "SUB": "DTTI", "CONJ": 12986, "MUN": "3550308", "CEG_GD": " ", "BRR": "R CONS COTEGIPE 112 BELENZINHO", "CEP": "03058-000", "CLAS_SUB": "RE1", "CNAE": " ", "TIP_CC": "RES-Tipo03", "FAS_CON": "ABN", "GRU_TEN": "BT", "TEN_FORN": "10", "GRU_TAR": "B1", "SIT_ATIV": "AT", "DAT_CON": "01/06/1967", "CAR_INST": 0.3, "LIV": 0, "ARE_LOC": "UB", "TIP_SIST": "RD_INTERLIG", "ENE_01": 63.04, "ENE_02": 103.0, "ENE_03": 131.0, "ENE_04": 99.0, "ENE_05": 117.0, "ENE_06": 117.0, "ENE_07": 111.0, "ENE_08": 112.0, "ENE_09": 104.0, "ENE_10": 140.0, "ENE_11": 114.0, "ENE_12": 124.27, "DIC_01": 7.58, "DIC_02": 0.16, "DIC_03": 0.0, "DIC_04": 0.0, "DIC_05": 0.0, "DIC_06": 0.0, "DIC_07": 0.0, "DIC_08": 0.0, "DIC_09": 0.0, "DIC_10": 0.0, "DIC_11": 0.0, "DIC_12": 0.23, "FIC_01": 2.0, "FIC_02": 2.0, "FIC_03": 0.0, "FIC_04": 0.0, "FIC_05": 0.0, "FIC_06": 0.0, "FIC_07": 0.0, "FIC_08": 0.0, "FIC_09": 0.0, "FIC_10": 0.0, "FIC_11": 0.0, "FIC_12": 1.0, "SEMRED": 0, "DESCR": " ", "COD_ID": "8f4ca680343d1f1c7e88ec1d5f37dd7c8cbdd01104bbf1c63bb07133c70f149b", "__layer": "UCBT_tab" }, "geometry": null },
{ "type": "Feature", "properties": { "DIST": 390, "PAC": "33747331739597053L", "RAMAL": "421441154S1", "PN_CON": "791067", "UNI_TR_MT": "14426186", "CTMT": "TTI0115", "UNI_TR_AT": "DTTI-EQ-TR2", "SUB": "DTTI", "CONJ": 12986, "MUN": "3550308", "CEG_GD": " ", "BRR": "R CONS COTEGIPE 172 BELENZINHO", "CEP": "03058-000", "CLAS_SUB": "RE1", "CNAE": " ", "TIP_CC": "RES-Tipo02", "FAS_CON": "ABN", "GRU_TEN": "BT", "TEN_FORN": "10", "GRU_TAR": "B1", "SIT_ATIV": "AT", "DAT_CON": "01/09/1982", "CAR_INST": 2.9, "LIV": 0, "ARE_LOC": "UB", "TIP_SIST": "RD_INTERLIG", "ENE_01": 95.56, "ENE_02": 176.0, "ENE_03": 201.0, "ENE_04": 204.0, "ENE_05": 200.0, "ENE_06": 185.0, "ENE_07": 148.0, "ENE_08": 175.0, "ENE_09": 150.0, "ENE_10": 177.0, "ENE_11": 161.0, "ENE_12": 158.26, "DIC_01": 7.58, "DIC_02": 0.16, "DIC_03": 0.0, "DIC_04": 0.0, "DIC_05": 0.0, "DIC_06": 0.0, "DIC_07": 0.0, "DIC_08": 0.0, "DIC_09": 0.0, "DIC_10": 0.0, "DIC_11": 0.0, "DIC_12": 0.23, "FIC_01": 2.0, "FIC_02": 2.0, "FIC_03": 0.0, "FIC_04": 0.0, "FIC_05": 0.0, "FIC_06": 0.0, "FIC_07": 0.0, "FIC_08": 0.0, "FIC_09": 0.0, "FIC_10": 0.0, "FIC_11": 0.0, "FIC_12": 1.0, "SEMRED": 0, "DESCR": " ", "COD_ID": "08227f6566e132212f31142a7fb6773582f9baaddb383b5eb6955983830dc966", "__layer": "UCBT_tab" }, "geometry": null },
{ "type": "Feature", "properties": { "DIST": 390, "PAC": "33744866739597149L", "RAMAL": "421693455S1", "PN_CON": "790302", "UNI_TR_MT": "14426186", "CTMT": "TTI0115", "UNI_TR_AT": "DTTI-EQ-TR2", "SUB": "DTTI", "CONJ": 12986, "MUN": "3550308", "CEG_GD": " ", "BRR": "R CONS COTEGIPE 172 BELENZINHO", "CEP": "03058-000", "CLAS_SUB": "RE1", "CNAE": " ", "TIP_CC": "RES-Tipo03", "FAS_CON": "ABN", "GRU_TEN": "BT", "TEN_FORN": "10", "GRU_TAR": "B1", "SIT_ATIV": "AT", "DAT_CON": "01/09/1982", "CAR_INST": 5.1, "LIV": 0, "ARE_LOC": "UB", "TIP_SIST": "RD_INTERLIG", "ENE_01": 51.53, "ENE_02": 110.0, "ENE_03": 71.0, "ENE_04": 0.0, "ENE_05": 39.0, "ENE_06": 148.0, "ENE_07": 109.0, "ENE_08": 129.0, "ENE_09": 127.0, "ENE_10": 132.0, "ENE_11": 122.0, "ENE_12": 115.53, "DIC_01": 7.58, "DIC_02": 0.16, "DIC_03": 0.0, "DIC_04": 0.0, "DIC_05": 0.0, "DIC_06": 0.0, "DIC_07": 0.0, "DIC_08": 0.0, "DIC_09": 0.0, "DIC_10": 0.0, "DIC_11": 0.0, "DIC_12": 0.23, "FIC_01": 2.0, "FIC_02": 2.0, "FIC_03": 0.0, "FIC_04": 0.0, "FIC_05": 0.0, "FIC_06": 0.0, "FIC_07": 0.0, "FIC_08": 0.0, "FIC_09": 0.0, "FIC_10": 0.0, "FIC_11": 0.0, "FIC_12": 1.0, "SEMRED": 0, "DESCR": " ", "COD_ID": "c457323000a5f82de9ba517c0ac297647104b1cd9bd909f221f50967fb7fc1be", "__layer": "UCBT_tab" }, "geometry": null },
{ "type": "Feature", "properties": { "DIST": 390, "PAC": "33841598739617041L", "RAMAL": "9737153S1", "PN_CON": "817687", "UNI_TR_MT": "14433831", "CTMT": "TTI0103", "UNI_TR_AT": "DTTI-EQ-TR1", "SUB": "DTTI", "CONJ": 12986, "MUN": "3550308", "CEG_GD": " ", "BRR": "R CONS COTEGIPE 1127 BELENZINHO", "CEP": "03058-000", "CLAS_SUB": "CO1", "CNAE": "6110-8/03", "TIP_CC": "COM-Tipo03", "FAS_CON": "ABN", "GRU_TEN": "BT", "TEN_FORN": "10", "GRU_TAR": "B3", "SIT_ATIV": "AT", "DAT_CON": "01/05/1972", "CAR_INST": 180.0, "LIV": 0, "ARE_LOC": "UB", "TIP_SIST": "RD_INTERLIG", "ENE_01": 2502.0, "ENE_02": 2191.0, "ENE_03": 2514.395, "ENE_04": 2403.0, "ENE_05": 2513.0, "ENE_06": 2184.0, "ENE_07": 1756.44, "ENE_08": 1137.04, "ENE_09": 2272.0, "ENE_10": 2726.0, "ENE_11": 1492.11, "ENE_12": 2418.44, "DIC_01": 0.0, "DIC_02": 0.0, "DIC_03": 0.0, "DIC_04": 0.0, "DIC_05": 0.0, "DIC_06": 0.0, "DIC_07": 0.0, "DIC_08": 0.0, "DIC_09": 0.0, "DIC_10": 2.07, "DIC_11": 0.0, "DIC_12": 0.0, "FIC_01": 0.0, "FIC_02": 0.0, "FIC_03": 0.0, "FIC_04": 0.0, "FIC_05": 0.0, "FIC_06": 0.0, "FIC_07": 0.0, "FIC_08": 0.0, "FIC_09": 0.0, "FIC_10": 1.0, "FIC_11": 0.0, "FIC_12": 0.0, "SEMRED": 0, "DESCR": " ", "COD_ID": "65c999d3c1f9cc20f52af3b03859849951513c8310830163501587e8a4f288db", "__layer": "UCBT_tab" }, "geometry": null },
{ "type": "Feature", "properties": { "DIST": 390, "PAC": "33736869739596279L", "RAMAL": "421459788S1", "PN_CON": "788175", "UNI_TR_MT": "14426186", "CTMT": "TTI0115", "UNI_TR_AT": "DTTI-EQ-TR2", "SUB": "DTTI", "CONJ": 12986, "MUN": "3550308", "CEG_GD": " ", "BRR": "R CONS COTEGIPE 52 BELENZINHO", "CEP": "03058-000", "CLAS_SUB": "RE1", "CNAE": " ", "TIP_CC": "RES-Tipo03", "FAS_CON": "ABN", "GRU_TEN": "BT", "TEN_FORN": "10", "GRU_TAR": "B1", "SIT_ATIV": "AT", "DAT_CON": "04/08/1994", "CAR_INST": 7.0, "LIV": 0, "ARE_LOC": "UB", "TIP_SIST": "RD_INTERLIG", "ENE_01": 82.05, "ENE_02": 135.0, "ENE_03": 142.0, "ENE_04": 143.0, "ENE_05": 161.0, "ENE_06": 153.0, "ENE_07": 142.0, "ENE_08": 152.0, "ENE_09": 143.0, "ENE_10": 169.0, "ENE_11": 154.0, "ENE_12": 155.34, "DIC_01": 7.58, "DIC_02": 0.16, "DIC_03": 0.0, "DIC_04": 0.0, "DIC_05": 0.0, "DIC_06": 0.0, "DIC_07": 0.0, "DIC_08": 0.0, "DIC_09": 0.0, "DIC_10": 0.0, "DIC_11": 0.0, "DIC_12": 0.23, "FIC_01": 2.0, "FIC_02": 2.0, "FIC_03": 0.0, "FIC_04": 0.0, "FIC_05": 0.0, "FIC_06": 0.0, "FIC_07": 0.0, "FIC_08": 0.0, "FIC_09": 0.0, "FIC_10": 0.0, "FIC_11": 0.0, "FIC_12": 1.0, "SEMRED": 0, "DESCR": " ", "COD_ID": "df78c4c0b7979d667fc7d6076ead39a94f269bf0f4bfb6680618d730378291a0", "__layer": "UCBT_tab" }, "geometry": null },
{ "type": "Feature", "properties": { "DIST": 390, "PAC": "33740716739596704L", "RAMAL": "421642073S1", "PN_CON": "789185", "UNI_TR_MT": "14426186", "CTMT": "TTI0115", "UNI_TR_AT": "DTTI-EQ-TR2", "SUB": "DTTI", "CONJ": 12986, "MUN": "3550308", "CEG_GD": " ", "BRR": "R CONS COTEGIPE 65 BELENZINHO", "CEP": "03058-000", "CLAS_SUB": "RE1", "CNAE": " ", "TIP_CC": "RES-Tipo01", "FAS_CON": "ABN", "GRU_TEN": "BT", "TEN_FORN": "10", "GRU_TAR": "B1", "SIT_ATIV": "AT", "DAT_CON": "18/12/2006", "CAR_INST": 8.0, "LIV": 0, "ARE_LOC": "UB", "TIP_SIST": "RD_INTERLIG", "ENE_01": 28.01, "ENE_02": 74.0, "ENE_03": 56.0, "ENE_04": 76.0, "ENE_05": 77.0, "ENE_06": 85.0, "ENE_07": 79.0, "ENE_08": 96.0, "ENE_09": 70.0, "ENE_10": 76.0, "ENE_11": 84.0, "ENE_12": 71.84, "DIC_01": 7.58, "DIC_02": 0.16, "DIC_03": 0.0, "DIC_04": 0.0, "DIC_05": 0.0, "DIC_06": 0.0, "DIC_07": 0.0, "DIC_08": 0.0, "DIC_09": 0.0, "DIC_10": 0.0, "DIC_11": 0.0, "DIC_12": 0.23, "FIC_01": 2.0, "FIC_02": 2.0, "FIC_03": 0.0, "FIC_04": 0.0, "FIC_05": 0.0, "FIC_06": 0.0, "FIC_07": 0.0, "FIC_08": 0.0, "FIC_09": 0.0, "FIC_10": 0.0, "FIC_11": 0.0, "FIC_12": 1.0, "SEMRED": 0, "DESCR": " ", "COD_ID": "66c2737848b23850b3f1f3cffd3a4e808ed573ae377d0d7047a1e026b4b641e5", "__layer": "UCBT_tab" }, "geometry": null },
{ "type": "Feature", "properties": { "DIST": 390, "PAC": "33781308739601545L", "RAMAL": "421410846S1", "PN_CON": "801160", "UNI_TR_MT": "14427639", "CTMT": "TTI0114", "UNI_TR_AT": "DTTI-EQ-TR1", "SUB": "DTTI", "CONJ": 12986, "MUN": "3550308", "CEG_GD": " ", "BRR": "R CONS COTEGIPE 488 BELENZINHO", "CEP": "03058-000", "CLAS_SUB": "CO1", "CNAE": "6120-5/01", "TIP_CC": "COM-Tipo02", "FAS_CON": "ABCN", "GRU_TEN": "BT", "TEN_FORN": "10", "GRU_TAR": "B3", "SIT_ATIV": "AT", "DAT_CON": "26/08/2008", "CAR_INST": 0.7, "LIV": 0, "ARE_LOC": "UB", "TIP_SIST": "RD_INTERLIG", "ENE_01": 437.33, "ENE_02": 396.33, "ENE_03": 445.699, "ENE_04": 396.33, "ENE_05": 437.33, "ENE_06": 423.67, "ENE_07": 332.92, "ENE_08": 266.77, "ENE_09": 410.0, "ENE_10": 437.33, "ENE_11": 241.9, "ENE_12": 379.0, "DIC_01": 0.0, "DIC_02": 0.0, "DIC_03": 0.08, "DIC_04": 1.02, "DIC_05": 0.0, "DIC_06": 0.0, "DIC_07": 0.0, "DIC_08": 0.0, "DIC_09": 4.99, "DIC_10": 0.0, "DIC_11": 0.0, "DIC_12": 0.0, "FIC_01": 0.0, "FIC_02": 0.0, "FIC_03": 1.0, "FIC_04": 1.0, "FIC_05": 0.0, "FIC_06": 0.0, "FIC_07": 0.0, "FIC_08": 0.0, "FIC_09": 1.0, "FIC_10": 0.0, "FIC_11": 0.0, "FIC_12": 0.0, "SEMRED": 0, "DESCR": " ", "COD_ID": "53f88c1800b11546791e605e44aa26a7f6b28edad1a5446db9068300f03405e4", "__layer": "UCBT_tab" }, "geometry": null },
{ "type": "Feature", "properties": { "DIST": 390, "PAC": "33811759739608770L", "RAMAL": "421379793S1", "PN_CON": "809335", "UNI_TR_MT": "14432746", "CTMT": "TTI0114", "UNI_TR_AT": "DTTI-EQ-TR1", "SUB": "DTTI", "CONJ": 12986, "MUN": "3550308", "CEG_GD": " ", "BRR": "R CONS COTEGIPE 781 BELENZINHO", "CEP": "03058-000", "CLAS_SUB": "RE1", "CNAE": " ", "TIP_CC": "RES-Tipo03", "FAS_CON": "ABN", "GRU_TEN": "BT", "TEN_FORN": "10", "GRU_TAR": "B1", "SIT_ATIV": "AT", "DAT_CON": "25/11/2011", "CAR_INST": 11.8, "LIV": 0, "ARE_LOC": "UB", "TIP_SIST": "RD_INTERLIG", "ENE_01": 43.52, "ENE_02": 75.0, "ENE_03": 69.0, "ENE_04": 69.0, "ENE_05": 63.0, "ENE_06": 64.0, "ENE_07": 64.0, "ENE_08": 65.0, "ENE_09": 71.0, "ENE_10": 67.0, "ENE_11": 67.0, "ENE_12": 81.55, "DIC_01": 0.0, "DIC_02": 0.0, "DIC_03": 0.08, "DIC_04": 1.02, "DIC_05": 0.0, "DIC_06": 0.0, "DIC_07": 0.0, "DIC_08": 0.0, "DIC_09": 1.76, "DIC_10": 0.0, "DIC_11": 0.0, "DIC_12": 0.0, "FIC_01": 0.0, "FIC_02": 0.0, "FIC_03": 1.0, "FIC_04": 1.0, "FIC_05": 0.0, "FIC_06": 0.0, "FIC_07": 0.0, "FIC_08": 0.0, "FIC_09": 1.0, "FIC_10": 0.0, "FIC_11": 0.0, "FIC_12": 0.0, "SEMRED": 0, "DESCR": " ", "COD_ID": "05f4b55e06cd5c912447daadbb4a7167cbfa2e9ce669fe3211e7cb42565ff068", "__layer": "UCBT_tab" }, "geometry": null },
{ "type": "Feature", "properties": { "DIST": 390, "PAC": "33754071739611908L", "RAMAL": "9662054S1", "PN_CON": "792872", "UNI_TR_MT": "14426514", "CTMT": "TTI0115", "UNI_TR_AT": "DTTI-EQ-TR2", "SUB": "DTTI", "CONJ": 12986, "MUN": "3550308", "CEG_GD": " ", "BRR": "R CONS COTEGIPE 219 BELENZINHO", "CEP": "03058-000", "CLAS_SUB": "RE1", "CNAE": " ", "TIP_CC": "RES-Tipo02", "FAS_CON": "ABN", "GRU_TEN": "BT", "TEN_FORN": "10", "GRU_TAR": "B1", "SIT_ATIV": "AT", "DAT_CON": "09/12/2013", "CAR_INST": 10.8, "LIV": 0, "ARE_LOC": "UB", "TIP_SIST": "RD_INTERLIG", "ENE_01": 83.05, "ENE_02": 151.0, "ENE_03": 145.0, "ENE_04": 169.0, "ENE_05": 155.0, "ENE_06": 167.0, "ENE_07": 130.0, "ENE_08": 103.0, "ENE_09": 174.0, "ENE_10": 149.0, "ENE_11": 134.0, "ENE_12": 141.75, "DIC_01": 8.36, "DIC_02": 0.16, "DIC_03": 0.0, "DIC_04": 0.0, "DIC_05": 0.0, "DIC_06": 0.0, "DIC_07": 0.0, "DIC_08": 0.0, "DIC_09": 0.0, "DIC_10": 0.0, "DIC_11": 0.0, "DIC_12": 0.23, "FIC_01": 2.0, "FIC_02": 2.0, "FIC_03": 0.0, "FIC_04": 0.0, "FIC_05": 0.0, "FIC_06": 0.0, "FIC_07": 0.0, "FIC_08": 0.0, "FIC_09": 0.0, "FIC_10": 0.0, "FIC_11": 0.0, "FIC_12": 1.0, "SEMRED": 0, "DESCR": " ", "COD_ID": "29ef9b19a42e6f7c270a5641bfbd41f503435681459bfe8b77b90749d398e61e", "__layer": "UCBT_tab" }, "geometry": null },
{ "type": "Feature", "properties": { "DIST": 390, "PAC": "33754071739611908L", "RAMAL": "9662054S1", "PN_CON": "792872", "UNI_TR_MT": "14426514", "CTMT": "TTI0115", "UNI_TR_AT": "DTTI-EQ-TR2", "SUB": "DTTI", "CONJ": 12986, "MUN": "3550308", "CEG_GD": " ", "BRR": "R CONS COTEGIPE 219 BELENZINHO", "CEP": "03058-000", "CLAS_SUB": "RE1", "CNAE": " ", "TIP_CC": "RES-Tipo01", "FAS_CON": "ABN", "GRU_TEN": "BT", "TEN_FORN": "10", "GRU_TAR": "B1", "SIT_ATIV": "DS", "DAT_CON": "09/12/2013", "CAR_INST": 10.8, "LIV": 0, "ARE_LOC": "UB", "TIP_SIST": "RD_INTERLIG", "ENE_01": 25.01, "ENE_02": 0.0, "ENE_03": 0.0, "ENE_04": 0.0, "ENE_05": 0.0, "ENE_06": 0.0, "ENE_07": 0.0, "ENE_08": 0.0, "ENE_09": 0.0, "ENE_10": 0.0, "ENE_11": 0.0, "ENE_12": 0.0, "DIC_01": 8.36, "DIC_02": 0.0, "DIC_03": 0.0, "DIC_04": 0.0, "DIC_05": 0.0, "DIC_06": 0.0, "DIC_07": 0.0, "DIC_08": 0.0, "DIC_09": 0.0, "DIC_10": 0.0, "DIC_11": 0.0, "DIC_12": 0.0, "FIC_01": 2.0, "FIC_02": 0.0, "FIC_03": 0.0, "FIC_04": 0.0, "FIC_05": 0.0, "FIC_06": 0.0, "FIC_07": 0.0, "FIC_08": 0.0, "FIC_09": 0.0, "FIC_10": 0.0, "FIC_11": 0.0, "FIC_12": 0.0, "SEMRED": 0, "DESCR": " ", "COD_ID": "f7095e72e6da179a7aa1120c3bfb0be41385f994c60f6bfa761f944781f358cc", "__layer": "UCBT_tab" }, "geometry": null },
{ "type": "Feature", "properties": { "DIST": 390, "PAC": "33754071739611908L", "RAMAL": "9662054S1", "PN_CON": "792872", "UNI_TR_MT": "14426514", "CTMT": "TTI0115", "UNI_TR_AT": "DTTI-EQ-TR2", "SUB": "DTTI", "CONJ": 12986, "MUN": "3550308", "CEG_GD": " ", "BRR": "R CONS COTEGIPE 219 BELENZINHO", "CEP": "03058-000", "CLAS_SUB": "RE1", "CNAE": " ", "TIP_CC": "RES-Tipo03", "FAS_CON": "ABN", "GRU_TEN": "BT", "TEN_FORN": "10", "GRU_TAR": "B1", "SIT_ATIV": "AT", "DAT_CON": "09/12/2013", "CAR_INST": 10.8, "LIV": 0, "ARE_LOC": "UB", "TIP_SIST": "RD_INTERLIG", "ENE_01": 53.03, "ENE_02": 122.0, "ENE_03": 140.0, "ENE_04": 155.0, "ENE_05": 136.0, "ENE_06": 139.0, "ENE_07": 122.0, "ENE_08": 99.0, "ENE_09": 136.0, "ENE_10": 144.0, "ENE_11": 145.0, "ENE_12": 138.84, "DIC_01": 8.36, "DIC_02": 0.16, "DIC_03": 0.0, "DIC_04": 0.0, "DIC_05": 0.0, "DIC_06": 0.0, "DIC_07": 0.0, "DIC_08": 0.0, "DIC_09": 0.0, "DIC_10": 0.0, "DIC_11": 0.0, "DIC_12": 0.23, "FIC_01": 2.0, "FIC_02": 2.0, "FIC_03": 0.0, "FIC_04": 0.0, "FIC_05": 0.0, "FIC_06": 0.0, "FIC_07": 0.0, "FIC_08": 0.0, "FIC_09": 0.0, "FIC_10": 0.0, "FIC_11": 0.0, "FIC_12": 1.0, "SEMRED": 0, "DESCR": " ", "COD_ID": "bf43a543fdbdfcf682475b3f9b607c1dcb4fe6d45057c3f6767e302939bcc80a", "__layer": "UCBT_tab" }, "geometry": null },
{ "type": "Feature", "properties": { "DIST": 390, "PAC": "33754071739611908L", "RAMAL": "9662054S1", "PN_CON": "792872", "UNI_TR_MT": "14426514", "CTMT": "TTI0115", "UNI_TR_AT": "DTTI-EQ-TR2", "SUB": "DTTI", "CONJ": 12986, "MUN": "3550308", "CEG_GD": " ", "BRR": "R CONS COTEGIPE 219 BELENZINHO", "CEP": "03058-000", "CLAS_SUB": "RE1", "CNAE": " ", "TIP_CC": "RES-Tipo02", "FAS_CON": "ABN", "GRU_TEN": "BT", "TEN_FORN": "10", "GRU_TAR": "B1", "SIT_ATIV": "AT", "DAT_CON": "09/12/2013", "CAR_INST": 10.8, "LIV": 0, "ARE_LOC": "UB", "TIP_SIST": "RD_INTERLIG", "ENE_01": 98.06, "ENE_02": 176.0, "ENE_03": 164.0, "ENE_04": 195.0, "ENE_05": 164.0, "ENE_06": 171.0, "ENE_07": 136.0, "ENE_08": 142.0, "ENE_09": 158.0, "ENE_10": 162.0, "ENE_11": 126.0, "ENE_12": 152.43, "DIC_01": 8.36, "DIC_02": 0.16, "DIC_03": 0.0, "DIC_04": 0.0, "DIC_05": 0.0, "DIC_06": 0.0, "DIC_07": 0.0, "DIC_08": 0.0, "DIC_09": 0.0, "DIC_10": 0.0, "DIC_11": 0.0, "DIC_12": 0.23, "FIC_01": 2.0, "FIC_02": 2.0, "FIC_03": 0.0, "FIC_04": 0.0, "FIC_05": 0.0, "FIC_06": 0.0, "FIC_07": 0.0, "FIC_08": 0.0, "FIC_09": 0.0, "FIC_10": 0.0, "FIC_11": 0.0, "FIC_12": 1.0, "SEMRED": 0, "DESCR": " ", "COD_ID": "a5c52713baef881cb42c3c413021db6c83550095bebd4a0168e77248b960217f", "__layer": "UCBT_tab" }, "geometry": null },
{ "type": "Feature", "properties": { "DIST": 390, "PAC": "33754071739611908L", "RAMAL": "9662054S1", "PN_CON": "792872", "UNI_TR_MT": "14426514", "CTMT": "TTI0115", "UNI_TR_AT": "DTTI-EQ-TR2", "SUB": "DTTI", "CONJ": 12986, "MUN": "3550308", "CEG_GD": " ", "BRR": "R CONS COTEGIPE 219 BELENZINHO", "CEP": "03058-000", "CLAS_SUB": "RE1", "CNAE": " ", "TIP_CC": "RES-Tipo03", "FAS_CON": "ABN", "GRU_TEN": "BT", "TEN_FORN": "10", "GRU_TAR": "B1", "SIT_ATIV": "AT", "DAT_CON": "09/12/2013", "CAR_INST": 10.8, "LIV": 0, "ARE_LOC": "UB", "TIP_SIST": "RD_INTERLIG", "ENE_01": 74.04, "ENE_02": 130.0, "ENE_03": 118.0, "ENE_04": 139.0, "ENE_05": 134.0, "ENE_06": 141.0, "ENE_07": 125.0, "ENE_08": 122.0, "ENE_09": 140.0, "ENE_10": 139.0, "ENE_11": 129.0, "ENE_12": 123.3, "DIC_01": 8.36, "DIC_02": 0.16, "DIC_03": 0.0, "DIC_04": 0.0, "DIC_05": 0.0, "DIC_06": 0.0, "DIC_07": 0.0, "DIC_08": 0.0, "DIC_09": 0.0, "DIC_10": 0.0, "DIC_11": 0.0, "DIC_12": 0.23, "FIC_01": 2.0, "FIC_02": 2.0, "FIC_03": 0.0, "FIC_04": 0.0, "FIC_05": 0.0, "FIC_06": 0.0, "FIC_07": 0.0, "FIC_08": 0.0, "FIC_09": 0.0, "FIC_10": 0.0, "FIC_11": 0.0, "FIC_12": 1.0, "SEMRED": 0, "DESCR": " ", "COD_ID": "456b72e904da0bad0d29d0469a84ee7d953f06383296abddfdfd42d3f91eb37f", "__layer": "UCBT_tab" }, "geometry": null },
{ "type": "Feature", "properties": { "DIST": 390, "PAC": "33754071739611908L", "RAMAL": "9662054S1", "PN_CON": "792872", "UNI_TR_MT": "14426514", "CTMT": "TTI0115", "UNI_TR_AT": "DTTI-EQ-TR2", "SUB": "DTTI", "CONJ": 12986, "MUN": "3550308", "CEG_GD": " ", "BRR": "R CONS COTEGIPE 219 BELENZINHO", "CEP": "03058-000", "CLAS_SUB": "RE1", "CNAE": " ", "TIP_CC": "RES-Tipo04", "FAS_CON": "ABN", "GRU_TEN": "BT", "TEN_FORN": "10", "GRU_TAR": "B1", "SIT_ATIV": "AT", "DAT_CON": "09/12/2013", "CAR_INST": 10.8, "LIV": 0, "ARE_LOC": "UB", "TIP_SIST": "RD_INTERLIG", "ENE_01": 128.58, "ENE_02": 250.0, "ENE_03": 227.0, "ENE_04": 258.0, "ENE_05": 236.0, "ENE_06": 265.0, "ENE_07": 205.0, "ENE_08": 218.0, "ENE_09": 245.0, "ENE_10": 244.0, "ENE_11": 212.0, "ENE_12": 226.22, "DIC_01": 8.36, "DIC_02": 0.16, "DIC_03": 0.0, "DIC_04": 0.0, "DIC_05": 0.0, "DIC_06": 0.0, "DIC_07": 0.0, "DIC_08": 0.0, "DIC_09": 0.0, "DIC_10": 0.0, "DIC_11": 0.0, "DIC_12": 0.23, "FIC_01": 2.0, "FIC_02": 2.0, "FIC_03": 0.0, "FIC_04": 0.0, "FIC_05": 0.0, "FIC_06": 0.0, "FIC_07": 0.0, "FIC_08": 0.0, "FIC_09": 0.0, "FIC_10": 0.0, "FIC_11": 0.0, "FIC_12": 1.0, "SEMRED": 0, "DESCR": " ", "COD_ID": "919993bba5e3148aaf97191d12244ef032c2ffcdb9b83b7f68f695f17828cdde", "__layer": "UCBT_tab" }, "geometry": null },
{ "type": "Feature", "properties": { "DIST": 390, "PAC": "33754071739611908L", "RAMAL": "9662054S1", "PN_CON": "792872", "UNI_TR_MT": "14426514", "CTMT": "TTI0115", "UNI_TR_AT": "DTTI-EQ-TR2", "SUB": "DTTI", "CONJ": 12986, "MUN": "3550308", "CEG_GD": " ", "BRR": "R CONS COTEGIPE 219 BELENZINHO", "CEP": "03058-000", "CLAS_SUB": "RE1", "CNAE": " ", "TIP_CC": "RES-Tipo01", "FAS_CON": "ABN", "GRU_TEN": "BT", "TEN_FORN": "10", "GRU_TAR": "B1", "SIT_ATIV": "AT", "DAT_CON": "09/12/2013", "CAR_INST": 10.8, "LIV": 0, "ARE_LOC": "UB", "TIP_SIST": "RD_INTERLIG", "ENE_01": 4.5, "ENE_02": 9.0, "ENE_03": 11.0, "ENE_04": 14.0, "ENE_05": 19.0, "ENE_06": 154.0, "ENE_07": 122.0, "ENE_08": 126.0, "ENE_09": 149.0, "ENE_10": 139.0, "ENE_11": 113.0, "ENE_12": 50.48, "DIC_01": 8.36, "DIC_02": 0.16, "DIC_03": 0.0, "DIC_04": 0.0, "DIC_05": 0.0, "DIC_06": 0.0, "DIC_07": 0.0, "DIC_08": 0.0, "DIC_09": 0.0, "DIC_10": 0.0, "DIC_11": 0.0, "DIC_12": 0.23, "FIC_01": 2.0, "FIC_02": 2.0, "FIC_03": 0.0, "FIC_04": 0.0, "FIC_05": 0.0, "FIC_06": 0.0, "FIC_07": 0.0, "FIC_08": 0.0, "FIC_09": 0.0, "FIC_10": 0.0, "FIC_11": 0.0, "FIC_12": 1.0, "SEMRED": 0, "DESCR": " ", "COD_ID": "d73e9063462fb5583244b7cde20d1744bff14519cc2a0458ef66eee17d86767f", "__layer": "UCBT_tab" }, "geometry": null },
{ "type": "Feature", "properties": { "DIST": 390, "PAC": "33754071739611908L", "RAMAL": "9662054S1", "PN_CON": "792872", "UNI_TR_MT": "14426514", "CTMT": "TTI0115", "UNI_TR_AT": "DTTI-EQ-TR2", "SUB": "DTTI", "CONJ": 12986, "MUN": "3550308", "CEG_GD": " ", "BRR": "R CONS COTEGIPE 219 BELENZINHO", "CEP": "03058-000", "CLAS_SUB": "RE1", "CNAE": " ", "TIP_CC": "RES-Tipo03", "FAS_CON": "ABN", "GRU_TEN": "BT", "TEN_FORN": "10", "GRU_TAR": "B1", "SIT_ATIV": "AT", "DAT_CON": "09/12/2013", "CAR_INST": 10.8, "LIV": 0, "ARE_LOC": "UB", "TIP_SIST": "RD_INTERLIG", "ENE_01": 81.55, "ENE_02": 140.0, "ENE_03": 132.0, "ENE_04": 178.0, "ENE_05": 164.0, "ENE_06": 160.0, "ENE_07": 130.0, "ENE_08": 140.0, "ENE_09": 146.0, "ENE_10": 146.0, "ENE_11": 173.0, "ENE_12": 142.72, "DIC_01": 8.36, "DIC_02": 0.16, "DIC_03": 0.0, "DIC_04": 0.0, "DIC_05": 0.0, "DIC_06": 0.0, "DIC_07": 0.0, "DIC_08": 0.0, "DIC_09": 0.0, "DIC_10": 0.0, "DIC_11": 0.0, "DIC_12": 0.23, "FIC_01": 2.0, "FIC_02": 2.0, "FIC_03": 0.0, "FIC_04": 0.0, "FIC_05": 0.0, "FIC_06": 0.0, "FIC_07": 0.0, "FIC_08": 0.0, "FIC_09": 0.0, "FIC_10": 0.0, "FIC_11": 0.0, "FIC_12": 1.0, "SEMRED": 0, "DESCR": " ", "COD_ID": "9b01daf3f7360bfdf01c7248f4851fb94acbf013681b726cf7ffb1af26ce7e63", "__layer": "UCBT_tab" }, "geometry": null },
{ "type": "Feature", "properties": { "DIST": 390, "PAC": "33754071739611908L", "RAMAL": "9662054S1", "PN_CON": "792872", "UNI_TR_MT": "14426514", "CTMT": "TTI0115", "UNI_TR_AT": "DTTI-EQ-TR2", "SUB": "DTTI", "CONJ": 12986, "MUN": "3550308", "CEG_GD": " ", "BRR": "R CONS COTEGIPE 219 BELENZINHO", "CEP": "03058-000", "CLAS_SUB": "RE1", "CNAE": " ", "TIP_CC": "RES-Tipo01", "FAS_CON": "ABN", "GRU_TEN": "BT", "TEN_FORN": "10", "GRU_TAR": "B1", "SIT_ATIV": "AT", "DAT_CON": "09/12/2013", "CAR_INST": 8.4, "LIV": 0, "ARE_LOC": "UB", "TIP_SIST": "RD_INTERLIG", "ENE_01": 41.02, "ENE_02": 145.0, "ENE_03": 127.0, "ENE_04": 137.0, "ENE_05": 111.0, "ENE_06": 149.0, "ENE_07": 118.0, "ENE_08": 116.0, "ENE_09": 109.0, "ENE_10": 109.0, "ENE_11": 109.0, "ENE_12": 105.83, "DIC_01": 8.36, "DIC_02": 0.16, "DIC_03": 0.0, "DIC_04": 0.0, "DIC_05": 0.0, "DIC_06": 0.0, "DIC_07": 0.0, "DIC_08": 0.0, "DIC_09": 0.0, "DIC_10": 0.0, "DIC_11": 0.0, "DIC_12": 0.23, "FIC_01": 2.0, "FIC_02": 2.0, "FIC_03": 0.0, "FIC_04": 0.0, "FIC_05": 0.0, "FIC_06": 0.0, "FIC_07": 0.0, "FIC_08": 0.0, "FIC_09": 0.0, "FIC_10": 0.0, "FIC_11": 0.0, "FIC_12": 1.0, "SEMRED": 0, "DESCR": " ", "COD_ID": "bf77f64d97109ebe13ea437a2de97ed9cf2bd1713babea53cc413993235ee3be", "__layer": "UCBT_tab" }, "geometry": null },
{ "type": "Feature", "properties": { "DIST": 390, "PAC": "33754071739611908L", "RAMAL": "9662054S1", "PN_CON": "792872", "UNI_TR_MT": "14426514", "CTMT": "TTI0115", "UNI_TR_AT": "DTTI-EQ-TR2", "SUB": "DTTI", "CONJ": 12986, "MUN": "3550308", "CEG_GD": " ", "BRR": "R CONS COTEGIPE 219 BELENZINHO", "CEP": "03058-000", "CLAS_SUB": "RE1", "CNAE": " ", "TIP_CC": "RES-Tipo02", "FAS_CON": "ABN", "GRU_TEN": "BT", "TEN_FORN": "10", "GRU_TAR": "B1", "SIT_ATIV": "AT", "DAT_CON": "09/12/2013", "CAR_INST": 10.8, "LIV": 0, "ARE_LOC": "UB", "TIP_SIST": "RD_INTERLIG", "ENE_01": 96.06, "ENE_02": 164.0, "ENE_03": 168.0, "ENE_04": 194.0, "ENE_05": 169.0, "ENE_06": 195.0, "ENE_07": 162.0, "ENE_08": 168.0, "ENE_09": 175.0, "ENE_10": 161.0, "ENE_11": 158.0, "ENE_12": 156.31, "DIC_01": 8.36, "DIC_02": 0.16, "DIC_03": 0.0, "DIC_04": 0.0, "DIC_05": 0.0, "DIC_06": 0.0, "DIC_07": 0.0, "DIC_08": 0.0, "DIC_09": 0.0, "DIC_10": 0.0, "DIC_11": 0.0, "DIC_12": 0.23, "FIC_01": 2.0, "FIC_02": 2.0, "FIC_03": 0.0, "FIC_04": 0.0, "FIC_05": 0.0, "FIC_06": 0.0, "FIC_07": 0.0, "FIC_08": 0.0, "FIC_09": 0.0, "FIC_10": 0.0, "FIC_11": 0.0, "FIC_12": 1.0, "SEMRED": 0, "DESCR": " ", "COD_ID": "abe25d409c357fead1aa47e6f038fd0fae53c83df84c59b1ba3ae32ad6434aaa", "__layer": "UCBT_tab" }, "geometry": null },
{ "type": "Feature", "properties": { "DIST": 390, "PAC": "33754071739611908L", "RAMAL": "9662054S1", "PN_CON": "792872", "UNI_TR_MT": "14426514", "CTMT": "TTI0115", "UNI_TR_AT": "DTTI-EQ-TR2", "SUB": "DTTI", "CONJ": 12986, "MUN": "3550308", "CEG_GD": " ", "BRR": "R CONS COTEGIPE 219 BELENZINHO", "CEP": "03058-000", "CLAS_SUB": "RE1", "CNAE": " ", "TIP_CC": "RES-Tipo01", "FAS_CON": "ABN", "GRU_TEN": "BT", "TEN_FORN": "10", "GRU_TAR": "B1", "SIT_ATIV": "AT", "DAT_CON": "09/12/2013", "CAR_INST": 10.5, "LIV": 0, "ARE_LOC": "UB", "TIP_SIST": "RD_INTERLIG", "ENE_01": 46.53, "ENE_02": 90.0, "ENE_03": 82.0, "ENE_04": 96.0, "ENE_05": 101.0, "ENE_06": 101.0, "ENE_07": 85.0, "ENE_08": 98.0, "ENE_09": 97.0, "ENE_10": 95.0, "ENE_11": 106.0, "ENE_12": 101.94, "DIC_01": 8.36, "DIC_02": 0.16, "DIC_03": 0.0, "DIC_04": 0.0, "DIC_05": 0.0, "DIC_06": 0.0, "DIC_07": 0.0, "DIC_08": 0.0, "DIC_09": 0.0, "DIC_10": 0.0, "DIC_11": 0.0, "DIC_12": 0.23, "FIC_01": 2.0, "FIC_02": 2.0, "FIC_03": 0.0, "FIC_04": 0.0, "FIC_05": 0.0, "FIC_06": 0.0, "FIC_07": 0.0, "FIC_08": 0.0, "FIC_09": 0.0, "FIC_10": 0.0, "FIC_11": 0.0, "FIC_12": 1.0, "SEMRED": 0, "DESCR": " ", "COD_ID": "f9e53c26bafcd9075ec7d5991b20871fe3c5c0c0ce21059b0d5a19bcec66f4b3", "__layer": "UCBT_tab" }, "geometry": null },
{ "type": "Feature", "properties": { "DIST": 390, "PAC": "33754071739611908L", "RAMAL": "9662054S1", "PN_CON": "792872", "UNI_TR_MT": "14426514", "CTMT": "TTI0115", "UNI_TR_AT": "DTTI-EQ-TR2", "SUB": "DTTI", "CONJ": 12986, "MUN": "3550308", "CEG_GD": " ", "BRR": "R CONS COTEGIPE 219 BELENZINHO", "CEP": "03058-000", "CLAS_SUB": "RE1", "CNAE": " ", "TIP_CC": "RES-Tipo01", "FAS_CON": "ABN", "GRU_TEN": "BT", "TEN_FORN": "10", "GRU_TAR": "B1", "SIT_ATIV": "DS", "DAT_CON": "09/12/2013", "CAR_INST": 10.0, "LIV": 0, "ARE_LOC": "UB", "TIP_SIST": "RD_INTERLIG", "ENE_01": 50.03, "ENE_02": 99.0, "ENE_03": 144.0, "ENE_04": 152.0, "ENE_05": 124.0, "ENE_06": 118.0, "ENE_07": 83.0, "ENE_08": 99.0, "ENE_09": 125.0, "ENE_10": 116.0, "ENE_11": 187.0, "ENE_12": 0.0, "DIC_01": 8.36, "DIC_02": 0.16, "DIC_03": 0.0, "DIC_04": 0.0, "DIC_05": 0.0, "DIC_06": 0.0, "DIC_07": 0.0, "DIC_08": 0.0, "DIC_09": 0.0, "DIC_10": 0.0, "DIC_11": 0.0, "DIC_12": 0.0, "FIC_01": 2.0, "FIC_02": 2.0, "FIC_03": 0.0, "FIC_04": 0.0, "FIC_05": 0.0, "FIC_06": 0.0, "FIC_07": 0.0, "FIC_08": 0.0, "FIC_09": 0.0, "FIC_10": 0.0, "FIC_11": 0.0, "FIC_12": 0.0, "SEMRED": 0, "DESCR": " ", "COD_ID": "dc88fc9b7db1b937d963f307447da40be969e6bec897330fbe4afba69dd95549", "__layer": "UCBT_tab" }, "geometry": null },
{ "type": "Feature", "properties": { "DIST": 390, "PAC": "33754071739611908L", "RAMAL": "9662054S1", "PN_CON": "792872", "UNI_TR_MT": "14426514", "CTMT": "TTI0115", "UNI_TR_AT": "DTTI-EQ-TR2", "SUB": "DTTI", "CONJ": 12986, "MUN": "3550308", "CEG_GD": " ", "BRR": "R CONS COTEGIPE 219 BELENZINHO", "CEP": "03058-000", "CLAS_SUB": "RE1", "CNAE": " ", "TIP_CC": "RES-Tipo03", "FAS_CON": "ABN", "GRU_TEN": "BT", "TEN_FORN": "10", "GRU_TAR": "B1", "SIT_ATIV": "AT", "DAT_CON": "09/12/2013", "CAR_INST": 4.5, "LIV": 0, "ARE_LOC": "UB", "TIP_SIST": "RD_INTERLIG", "ENE_01": 65.54, "ENE_02": 50.0, "ENE_03": 123.0, "ENE_04": 124.0, "ENE_05": 123.0, "ENE_06": 124.0, "ENE_07": 124.0, "ENE_08": 123.0, "ENE_09": 50.0, "ENE_10": 113.0, "ENE_11": 104.0, "ENE_12": 106.8, "DIC_01": 8.36, "DIC_02": 0.16, "DIC_03": 0.0, "DIC_04": 0.0, "DIC_05": 0.0, "DIC_06": 0.0, "DIC_07": 0.0, "DIC_08": 0.0, "DIC_09": 0.0, "DIC_10": 0.0, "DIC_11": 0.0, "DIC_12": 0.23, "FIC_01": 2.0, "FIC_02": 2.0, "FIC_03": 0.0, "FIC_04": 0.0, "FIC_05": 0.0, "FIC_06": 0.0, "FIC_07": 0.0, "FIC_08": 0.0, "FIC_09": 0.0, "FIC_10": 0.0, "FIC_11": 0.0, "FIC_12": 1.0, "SEMRED": 0, "DESCR": " ", "COD_ID": "a14cb30ff08538bc6638f8430877e76f671a14c9150fceb8b21d5dd1d8ff8eda", "__layer": "UCBT_tab" }, "geometry": null },
{ "type": "Feature", "properties": { "DIST": 390, "PAC": "33754071739611908L", "RAMAL": "9662054S1", "PN_CON": "792872", "UNI_TR_MT": "14426514", "CTMT": "TTI0115", "UNI_TR_AT": "DTTI-EQ-TR2", "SUB": "DTTI", "CONJ": 12986, "MUN": "3550308", "CEG_GD": " ", "BRR": "R CONS COTEGIPE 219 BELENZINHO", "CEP": "03058-000", "CLAS_SUB": "RE1", "CNAE": " ", "TIP_CC": "RES-Tipo03", "FAS_CON": "ABN", "GRU_TEN": "BT", "TEN_FORN": "10", "GRU_TAR": "B1", "SIT_ATIV": "AT", "DAT_CON": "09/12/2013", "CAR_INST": 10.5, "LIV": 0, "ARE_LOC": "UB", "TIP_SIST": "RD_INTERLIG", "ENE_01": 69.54, "ENE_02": 121.0, "ENE_03": 144.0, "ENE_04": 202.0, "ENE_05": 146.0, "ENE_06": 136.0, "ENE_07": 128.0, "ENE_08": 120.0, "ENE_09": 132.0, "ENE_10": 136.0, "ENE_11": 119.0, "ENE_12": 142.72, "DIC_01": 8.36, "DIC_02": 0.16, "DIC_03": 0.0, "DIC_04": 0.0, "DIC_05": 0.0, "DIC_06": 0.0, "DIC_07": 0.0, "DIC_08": 0.0, "DIC_09": 0.0, "DIC_10": 0.0, "DIC_11": 0.0, "DIC_12": 0.23, "FIC_01": 2.0, "FIC_02": 2.0, "FIC_03": 0.0, "FIC_04": 0.0, "FIC_05": 0.0, "FIC_06": 0.0, "FIC_07": 0.0, "FIC_08": 0.0, "FIC_09": 0.0, "FIC_10": 0.0, "FIC_11": 0.0, "FIC_12": 1.0, "SEMRED": 0, "DESCR": " ", "COD_ID": "d58416785829abf4b90a5711e11a5c9deecb64e3eaa19c42891fb266e002b4b3", "__layer": "UCBT_tab" }, "geometry": null },
{ "type": "Feature", "properties": { "DIST": 390, "PAC": "33754071739611908L", "RAMAL": "9662054S1", "PN_CON": "792872", "UNI_TR_MT": "14426514", "CTMT": "TTI0115", "UNI_TR_AT": "DTTI-EQ-TR2", "SUB": "DTTI", "CONJ": 12986, "MUN": "3550308", "CEG_GD": " ", "BRR": "R CONS COTEGIPE 219 BELENZINHO", "CEP": "03058-000", "CLAS_SUB": "RE1", "CNAE": " ", "TIP_CC": "RES-Tipo05", "FAS_CON": "ABN", "GRU_TEN": "BT", "TEN_FORN": "10", "GRU_TAR": "B1", "SIT_ATIV": "AT", "DAT_CON": "05/03/2014", "CAR_INST": 1.0, "LIV": 0, "ARE_LOC": "UB", "TIP_SIST": "RD_INTERLIG", "ENE_01": 86.05, "ENE_02": 132.0, "ENE_03": 116.0, "ENE_04": 145.0, "ENE_05": 115.0, "ENE_06": 125.0, "ENE_07": 92.0, "ENE_08": 90.0, "ENE_09": 50.0, "ENE_10": 107.0, "ENE_11": 105.0, "ENE_12": 107.77, "DIC_01": 8.36, "DIC_02": 0.16, "DIC_03": 0.0, "DIC_04": 0.0, "DIC_05": 0.0, "DIC_06": 0.0, "DIC_07": 0.0, "DIC_08": 0.0, "DIC_09": 0.0, "DIC_10": 0.0, "DIC_11": 0.0, "DIC_12": 0.23, "FIC_01": 2.0, "FIC_02": 2.0, "FIC_03": 0.0, "FIC_04": 0.0, "FIC_05": 0.0, "FIC_06": 0.0, "FIC_07": 0.0, "FIC_08": 0.0, "FIC_09": 0.0, "FIC_10": 0.0, "FIC_11": 0.0, "FIC_12": 1.0, "SEMRED": 0, "DESCR": " ", "COD_ID": "0025c9af49714c977003cdc7ca14530cd02c77bf515763ac68d65be1214ff75e", "__layer": "UCBT_tab" }, "geometry": null },
{ "type": "Feature", "properties": { "DIST": 390, "PAC": "33795666739604869L", "RAMAL": "421783869S1", "PN_CON": "805034", "UNI_TR_MT": "14432141", "CTMT": "TTI0114", "UNI_TR_AT": "DTTI-EQ-TR1", "SUB": "DTTI", "CONJ": 12986, "MUN": "3550308", "CEG_GD": " ", "BRR": "R CONS COTEGIPE 630 BELENZINHO", "CEP": "03058-000", "CLAS_SUB": "RE1", "CNAE": " ", "TIP_CC": "RES-Tipo02", "FAS_CON": "ABN", "GRU_TEN": "BT", "TEN_FORN": "10", "GRU_TAR": "B1", "SIT_ATIV": "AT", "DAT_CON": "09/03/2021", "CAR_INST": 6.4, "LIV": 0, "ARE_LOC": "UB", "TIP_SIST": "RD_INTERLIG", "ENE_01": 65.04, "ENE_02": 129.0, "ENE_03": 116.0, "ENE_04": 113.0, "ENE_05": 157.0, "ENE_06": 159.0, "ENE_07": 129.0, "ENE_08": 140.0, "ENE_09": 154.0, "ENE_10": 136.0, "ENE_11": 94.0, "ENE_12": 102.91, "DIC_01": 0.0, "DIC_02": 0.0, "DIC_03": 0.08, "DIC_04": 1.02, "DIC_05": 0.0, "DIC_06": 0.0, "DIC_07": 0.0, "DIC_08": 0.0, "DIC_09": 4.99, "DIC_10": 0.0, "DIC_11": 0.0, "DIC_12": 0.0, "FIC_01": 0.0, "FIC_02": 0.0, "FIC_03": 1.0, "FIC_04": 1.0, "FIC_05": 0.0, "FIC_06": 0.0, "FIC_07": 0.0, "FIC_08": 0.0, "FIC_09": 1.0, "FIC_10": 0.0, "FIC_11": 0.0, "FIC_12": 0.0, "SEMRED": 0, "DESCR": " ", "COD_ID": "c590d16fe8c5cf3c0ac1c0d31668d4d85069ac5479d85a91eee4b7486117a322", "__layer": "UCBT_tab" }, "geometry": null },
{ "type": "Feature", "properties": { "DIST": 390, "PAC": "33830406739614519L", "RAMAL": "9727800S1", "PN_CON": "814212", "UNI_TR_MT": "14433230", "CTMT": "TTI0114", "UNI_TR_AT": "DTTI-EQ-TR1", "SUB": "DTTI", "CONJ": 12986, "MUN": "3550308", "CEG_GD": " ", "BRR": "R CONS COTEGIPE 999 BELENZINHO", "CEP": "03058-000", "CLAS_SUB": "RE1", "CNAE": " ", "TIP_CC": "RES-Tipo01", "FAS_CON": "ABN", "GRU_TEN": "BT", "TEN_FORN": "10", "GRU_TAR": "B1", "SIT_ATIV": "AT", "DAT_CON": "18/10/2022", "CAR_INST": 10.0, "LIV": 0, "ARE_LOC": "UB", "TIP_SIST": "RD_INTERLIG", "ENE_01": 496.1, "ENE_02": 1.0, "ENE_03": 30.0, "ENE_04": 30.0, "ENE_05": 30.0, "ENE_06": 2.0, "ENE_07": 147.0, "ENE_08": 240.0, "ENE_09": 261.0, "ENE_10": 255.0, "ENE_11": 254.0, "ENE_12": 207.77, "DIC_01": 0.0, "DIC_02": 0.0, "DIC_03": 0.08, "DIC_04": 1.02, "DIC_05": 0.0, "DIC_06": 0.0, "DIC_07": 0.0, "DIC_08": 0.0, "DIC_09": 1.76, "DIC_10": 12.71, "DIC_11": 0.0, "DIC_12": 0.0, "FIC_01": 0.0, "FIC_02": 0.0, "FIC_03": 1.0, "FIC_04": 1.0, "FIC_05": 0.0, "FIC_06": 0.0, "FIC_07": 0.0, "FIC_08": 0.0, "FIC_09": 1.0, "FIC_10": 2.0, "FIC_11": 0.0, "FIC_12": 0.0, "SEMRED": 0, "DESCR": " ", "COD_ID": "c15a9fd5339b5f295357794192113714469e12f95a4f5199954f208cc95a044a", "__layer": "UCBT_tab" }, "geometry": null },
{ "type": "Feature", "properties": { "DIST": 390, "PAC": "33735747739597297L", "RAMAL": "455002685S1", "PN_CON": "787701", "UNI_TR_MT": "14426186", "CTMT": "TTI0115", "UNI_TR_AT": "DTTI-EQ-TR2", "SUB": "DTTI", "CONJ": 12986, "MUN": "3550308", "CEG_GD": " ", "BRR": "R CONS COTEGIPE 20 BELENZINHO", "CEP": "03058-000", "CLAS_SUB": "RE1", "CNAE": " ", "TIP_CC": "RES-Tipo05", "FAS_CON": "ABN", "GRU_TEN": "BT", "TEN_FORN": "10", "GRU_TAR": "B1", "SIT_ATIV": "AT", "DAT_CON": "30/01/2023", "CAR_INST": 2.0, "LIV": 0, "ARE_LOC": "UB", "TIP_SIST": "RD_INTERLIG", "ENE_01": 4927.96, "ENE_02": 402.0, "ENE_03": 191.0, "ENE_04": 66.0, "ENE_05": 30.0, "ENE_06": 30.0, "ENE_07": 32.0, "ENE_08": 34.0, "ENE_09": 30.0, "ENE_10": 46.0, "ENE_11": 34.0, "ENE_12": 24.27, "DIC_01": 7.58, "DIC_02": 0.16, "DIC_03": 0.0, "DIC_04": 0.0, "DIC_05": 0.0, "DIC_06": 0.0, "DIC_07": 0.0, "DIC_08": 0.0, "DIC_09": 0.0, "DIC_10": 0.0, "DIC_11": 0.0, "DIC_12": 0.23, "FIC_01": 2.0, "FIC_02": 2.0, "FIC_03": 0.0, "FIC_04": 0.0, "FIC_05": 0.0, "FIC_06": 0.0, "FIC_07": 0.0, "FIC_08": 0.0, "FIC_09": 0.0, "FIC_10": 0.0, "FIC_11": 0.0, "FIC_12": 1.0, "SEMRED": 0, "DESCR": " ", "COD_ID": "f65ce14db36432e29c1e86987073afcb6ddc8bbf728b9f19f86e07da0c8dbabd", "__layer": "UCBT_tab" }, "geometry": null },
{ "type": "Feature", "properties": { "DIST": 390, "PAC": "33737336739595656L", "RAMAL": "455290821S1", "PN_CON": "788175", "UNI_TR_MT": "14426186", "CTMT": "TTI0115", "UNI_TR_AT": "DTTI-EQ-TR2", "SUB": "DTTI", "CONJ": 12986, "MUN": "3550308", "CEG_GD": " ", "BRR": "R CONS COTEGIPE 28 BELENZINHO", "CEP": "03058-000", "CLAS_SUB": "RE1", "CNAE": " ", "TIP_CC": "RES-Tipo03", "FAS_CON": "ABN", "GRU_TEN": "BT", "TEN_FORN": "10", "GRU_TAR": "B1", "SIT_ATIV": "AT", "DAT_CON": "30/01/2023", "CAR_INST": 2.0, "LIV": 0, "ARE_LOC": "UB", "TIP_SIST": "RD_INTERLIG", "ENE_01": 2447.44, "ENE_02": 252.0, "ENE_03": 194.0, "ENE_04": 187.0, "ENE_05": 201.0, "ENE_06": 173.0, "ENE_07": 166.0, "ENE_08": 177.0, "ENE_09": 178.0, "ENE_10": 202.0, "ENE_11": 206.0, "ENE_12": 200.0, "DIC_01": 7.58, "DIC_02": 0.16, "DIC_03": 0.0, "DIC_04": 0.0, "DIC_05": 0.0, "DIC_06": 0.0, "DIC_07": 0.0, "DIC_08": 0.0, "DIC_09": 0.0, "DIC_10": 0.0, "DIC_11": 0.0, "DIC_12": 0.23, "FIC_01": 2.0, "FIC_02": 2.0, "FIC_03": 0.0, "FIC_04": 0.0, "FIC_05": 0.0, "FIC_06": 0.0, "FIC_07": 0.0, "FIC_08": 0.0, "FIC_09": 0.0, "FIC_10": 0.0, "FIC_11": 0.0, "FIC_12": 1.0, "SEMRED": 0, "DESCR": " ", "COD_ID": "e6940cf30b93f2a687fe40104b69165c853915db493d2ca070f9611c8c449b60", "__layer": "UCBT_tab" }, "geometry": null },
{ "type": "Feature", "properties": { "DIST": 390, "PAC": "33808954739608044L", "RAMAL": "421617163S1", "PN_CON": "808527", "UNI_TR_MT": "14432746", "CTMT": "TTI0114", "UNI_TR_AT": "DTTI-EQ-TR1", "SUB": "DTTI", "CONJ": 12986, "MUN": "3550308", "CEG_GD": " ", "BRR": "R CONS COTEGIPE 767 BELENZINHO", "CEP": "03058-000", "CLAS_SUB": "IN", "CNAE": "1610-2/03", "TIP_CC": "IND-Tipo05", "FAS_CON": "ABCN", "GRU_TEN": "BT", "TEN_FORN": "10", "GRU_TAR": "B3", "SIT_ATIV": "AT", "DAT_CON": "01/01/1980", "CAR_INST": 33.9, "LIV": 0, "ARE_LOC": "UB", "TIP_SIST": "RD_INTERLIG", "ENE_01": 551.8, "ENE_02": 417.0, "ENE_03": 714.4, "ENE_04": 452.0, "ENE_05": 548.7, "ENE_06": 5655.3, "ENE_07": 104.39, "ENE_08": 2934.62, "ENE_09": 516.8, "ENE_10": 398.4, "ENE_11": 388.0, "ENE_12": 585.92, "DIC_01": 0.0, "DIC_02": 0.0, "DIC_03": 0.08, "DIC_04": 1.02, "DIC_05": 0.0, "DIC_06": 0.0, "DIC_07": 0.0, "DIC_08": 0.0, "DIC_09": 1.76, "DIC_10": 0.0, "DIC_11": 0.0, "DIC_12": 0.0, "FIC_01": 0.0, "FIC_02": 0.0, "FIC_03": 1.0, "FIC_04": 1.0, "FIC_05": 0.0, "FIC_06": 0.0, "FIC_07": 0.0, "FIC_08": 0.0, "FIC_09": 1.0, "FIC_10": 0.0, "FIC_11": 0.0, "FIC_12": 0.0, "SEMRED": 0, "DESCR": " ", "COD_ID": "6a8510bc1c50ff8a556933689bdfa083df8e983655a21cf0413eac7e6c06bd1f", "__layer": "UCBT_tab" }, "geometry": null },
{ "type": "Feature", "properties": { "DIST": 390, "PAC": "33814921739608690L", "RAMAL": "9717023S1", "PN_CON": "810405", "UNI_TR_MT": "14432746", "CTMT": "TTI0114", "UNI_TR_AT": "DTTI-EQ-TR1", "SUB": "DTTI", "CONJ": 12986, "MUN": "3550308", "CEG_GD": " ", "BRR": "R CONS COTEGIPE 808 BELENZINHO", "CEP": "03058-000", "CLAS_SUB": "RE1", "CNAE": " ", "TIP_CC": "RES-Tipo01", "FAS_CON": "ABCN", "GRU_TEN": "BT", "TEN_FORN": "10", "GRU_TAR": "B1", "SIT_ATIV": "AT", "DAT_CON": "01/03/1950", "CAR_INST": 2.2, "LIV": 0, "ARE_LOC": "UB", "TIP_SIST": "RD_INTERLIG", "ENE_01": 54.53, "ENE_02": 93.0, "ENE_03": 104.0, "ENE_04": 100.0, "ENE_05": 92.0, "ENE_06": 79.0, "ENE_07": 99.0, "ENE_08": 84.0, "ENE_09": 88.0, "ENE_10": 94.0, "ENE_11": 124.0, "ENE_12": 51.45, "DIC_01": 0.0, "DIC_02": 0.0, "DIC_03": 0.08, "DIC_04": 1.02, "DIC_05": 0.0, "DIC_06": 0.0, "DIC_07": 0.0, "DIC_08": 0.0, "DIC_09": 1.76, "DIC_10": 0.0, "DIC_11": 0.0, "DIC_12": 0.0, "FIC_01": 0.0, "FIC_02": 0.0, "FIC_03": 1.0, "FIC_04": 1.0, "FIC_05": 0.0, "FIC_06": 0.0, "FIC_07": 0.0, "FIC_08": 0.0, "FIC_09": 1.0, "FIC_10": 0.0, "FIC_11": 0.0, "FIC_12": 0.0, "SEMRED": 0, "DESCR": " ", "COD_ID": "f15965341e695ca5a1263a6a09cd686a2e1e115f10defe97e6a13827414b108c", "__layer": "UCBT_tab" }, "geometry": null },
{ "type": "Feature", "properties": { "DIST": 390, "PAC": "33826251739611080L", "RAMAL": "9724485S1", "PN_CON": "812974", "UNI_TR_MT": "14433230", "CTMT": "TTI0114", "UNI_TR_AT": "DTTI-EQ-TR1", "SUB": "DTTI", "CONJ": 12986, "MUN": "3550308", "CEG_GD": " ", "BRR": "R CONS COTEGIPE 942 BELENZINHO", "CEP": "03058-000", "CLAS_SUB": "RE1", "CNAE": " ", "TIP_CC": "RES-Tipo02", "FAS_CON": "ABN", "GRU_TEN": "BT", "TEN_FORN": "10", "GRU_TAR": "B1", "SIT_ATIV": "AT", "DAT_CON": "01/06/1969", "CAR_INST": 0.3, "LIV": 0, "ARE_LOC": "UB", "TIP_SIST": "RD_INTERLIG", "ENE_01": 94.56, "ENE_02": 188.0, "ENE_03": 124.0, "ENE_04": 30.0, "ENE_05": 30.0, "ENE_06": 124.0, "ENE_07": 119.0, "ENE_08": 115.0, "ENE_09": 109.0, "ENE_10": 102.0, "ENE_11": 94.0, "ENE_12": 73.78, "DIC_01": 0.0, "DIC_02": 0.0, "DIC_03": 0.08, "DIC_04": 1.02, "DIC_05": 0.0, "DIC_06": 0.0, "DIC_07": 0.0, "DIC_08": 0.0, "DIC_09": 1.76, "DIC_10": 10.18, "DIC_11": 0.0, "DIC_12": 0.0, "FIC_01": 0.0, "FIC_02": 0.0, "FIC_03": 1.0, "FIC_04": 1.0, "FIC_05": 0.0, "FIC_06": 0.0, "FIC_07": 0.0, "FIC_08": 0.0, "FIC_09": 1.0, "FIC_10": 1.0, "FIC_11": 0.0, "FIC_12": 0.0, "SEMRED": 0, "DESCR": " ", "COD_ID": "265b5aabf89cbd6f757a3dd41c06fe8e6f7933604e9219cc00923f78d7947061", "__layer": "UCBT_tab" }, "geometry": null },
{ "type": "Feature", "properties": { "DIST": 390, "PAC": "33819662739609524L", "RAMAL": "9719755S1", "PN_CON": "811341", "UNI_TR_MT": "14433230", "CTMT": "TTI0114", "UNI_TR_AT": "DTTI-EQ-TR1", "SUB": "DTTI", "CONJ": 12986, "MUN": "3550308", "CEG_GD": " ", "BRR": "R CONS COTEGIPE 881 BELENZINHO", "CEP": "03058-000", "CLAS_SUB": "RE1", "CNAE": " ", "TIP_CC": "RES-Tipo04", "FAS_CON": "ABN", "GRU_TEN": "BT", "TEN_FORN": "10", "GRU_TAR": "B1", "SIT_ATIV": "AT", "DAT_CON": "01/10/1970", "CAR_INST": 10.5, "LIV": 0, "ARE_LOC": "UB", "TIP_SIST": "RD_INTERLIG", "ENE_01": 272.68, "ENE_02": 443.0, "ENE_03": 489.0, "ENE_04": 563.0, "ENE_05": 532.0, "ENE_06": 453.0, "ENE_07": 400.0, "ENE_08": 426.0, "ENE_09": 416.0, "ENE_10": 435.0, "ENE_11": 451.0, "ENE_12": 487.4, "DIC_01": 0.0, "DIC_02": 0.0, "DIC_03": 0.08, "DIC_04": 1.02, "DIC_05": 0.0, "DIC_06": 0.0, "DIC_07": 0.0, "DIC_08": 0.0, "DIC_09": 1.76, "DIC_10": 10.18, "DIC_11": 0.0, "DIC_12": 0.0, "FIC_01": 0.0, "FIC_02": 0.0, "FIC_03": 1.0, "FIC_04": 1.0, "FIC_05": 0.0, "FIC_06": 0.0, "FIC_07": 0.0, "FIC_08": 0.0, "FIC_09": 1.0, "FIC_10": 1.0, "FIC_11": 0.0, "FIC_12": 0.0, "SEMRED": 0, "DESCR": " ", "COD_ID": "f60d320d30ddfcfa83a5504641bca7bd6dfc63eb882f6f76061d68c42d229046", "__layer": "UCBT_tab" }, "geometry": null },
{ "type": "Feature", "properties": { "DIST": 390, "PAC": "33795525739604833L", "RAMAL": "421783903S1", "PN_CON": "805034", "UNI_TR_MT": "14432141", "CTMT": "TTI0114", "UNI_TR_AT": "DTTI-EQ-TR1", "SUB": "DTTI", "CONJ": 12986, "MUN": "3550308", "CEG_GD": " ", "BRR": "R CONS COTEGIPE 638 BELENZINHO", "CEP": "03058-000", "CLAS_SUB": "RE1", "CNAE": " ", "TIP_CC": "RES-Tipo01", "FAS_CON": "ABN", "GRU_TEN": "BT", "TEN_FORN": "10", "GRU_TAR": "B1", "SIT_ATIV": "AT", "DAT_CON": "01/10/1953", "CAR_INST": 17.7, "LIV": 0, "ARE_LOC": "UB", "TIP_SIST": "RD_INTERLIG", "ENE_01": 0.0, "ENE_02": 0.0, "ENE_03": 0.0, "ENE_04": 0.0, "ENE_05": 0.0, "ENE_06": 0.0, "ENE_07": 30.0, "ENE_08": 30.0, "ENE_09": 30.0, "ENE_10": 30.0, "ENE_11": 30.0, "ENE_12": 29.12, "DIC_01": 0.0, "DIC_02": 0.0, "DIC_03": 0.0, "DIC_04": 0.0, "DIC_05": 0.0, "DIC_06": 0.0, "DIC_07": 0.0, "DIC_08": 0.0, "DIC_09": 4.99, "DIC_10": 0.0, "DIC_11": 0.0, "DIC_12": 0.0, "FIC_01": 0.0, "FIC_02": 0.0, "FIC_03": 0.0, "FIC_04": 0.0, "FIC_05": 0.0, "FIC_06": 0.0, "FIC_07": 0.0, "FIC_08": 0.0, "FIC_09": 2.0, "FIC_10": 0.0, "FIC_11": 0.0, "FIC_12": 0.0, "SEMRED": 0, "DESCR": " ", "COD_ID": "80cfe636c922a95ae75cc12b7fc07ca31814f19bae78c3e3d14e4b5b12e3cce9", "__layer": "UCBT_tab" }, "geometry": null },
{ "type": "Feature", "properties": { "DIST": 390, "PAC": "33795697739604861L", "RAMAL": "421783881S1", "PN_CON": "805034", "UNI_TR_MT": "14432141", "CTMT": "TTI0114", "UNI_TR_AT": "DTTI-EQ-TR1", "SUB": "DTTI", "CONJ": 12986, "MUN": "3550308", "CEG_GD": " ", "BRR": "R CONS COTEGIPE 650 BELENZINHO", "CEP": "03058-000", "CLAS_SUB": "RE1", "CNAE": " ", "TIP_CC": "RES-Tipo05", "FAS_CON": "ABN", "GRU_TEN": "BT", "TEN_FORN": "10", "GRU_TAR": "B1", "SIT_ATIV": "AT", "DAT_CON": "01/04/1952", "CAR_INST": 0.4, "LIV": 0, "ARE_LOC": "UB", "TIP_SIST": "RD_INTERLIG", "ENE_01": 183.12, "ENE_02": 327.0, "ENE_03": 353.0, "ENE_04": 372.0, "ENE_05": 410.0, "ENE_06": 378.0, "ENE_07": 373.0, "ENE_08": 432.0, "ENE_09": 406.0, "ENE_10": 451.0, "ENE_11": 395.0, "ENE_12": 387.39, "DIC_01": 0.0, "DIC_02": 0.0, "DIC_03": 0.08, "DIC_04": 1.02, "DIC_05": 0.0, "DIC_06": 0.0, "DIC_07": 0.0, "DIC_08": 0.0, "DIC_09": 4.99, "DIC_10": 0.0, "DIC_11": 0.0, "DIC_12": 0.0, "FIC_01": 0.0, "FIC_02": 0.0, "FIC_03": 1.0, "FIC_04": 1.0, "FIC_05": 0.0, "FIC_06": 0.0, "FIC_07": 0.0, "FIC_08": 0.0, "FIC_09": 2.0, "FIC_10": 0.0, "FIC_11": 0.0, "FIC_12": 0.0, "SEMRED": 0, "DESCR": " ", "COD_ID": "5a1c1dd6e80e83144290a47e30db45bc6ec466cdbb2a1c9c97b706212592c027", "__layer": "UCBT_tab" }, "geometry": null },
{ "type": "Feature", "properties": { "DIST": 390, "PAC": "33788094739603480L", "RAMAL": "421441103S1", "PN_CON": "357579689", "UNI_TR_MT": "14427639", "CTMT": "TTI0114", "UNI_TR_AT": "DTTI-EQ-TR1", "SUB": "DTTI", "CONJ": 12986, "MUN": "3550308", "CEG_GD": " ", "BRR": "R CONS COTEGIPE 564 BELENZINHO", "CEP": "03058-000", "CLAS_SUB": "RE1", "CNAE": " ", "TIP_CC": "RES-Tipo05", "FAS_CON": "ABN", "GRU_TEN": "BT", "TEN_FORN": "10", "GRU_TAR": "B1", "SIT_ATIV": "AT", "DAT_CON": "01/09/1963", "CAR_INST": 5.0, "LIV": 0, "ARE_LOC": "UB", "TIP_SIST": "RD_INTERLIG", "ENE_01": 462.81, "ENE_02": 852.0, "ENE_03": 920.0, "ENE_04": 902.0, "ENE_05": 1026.0, "ENE_06": 856.0, "ENE_07": 832.0, "ENE_08": 874.0, "ENE_09": 879.0, "ENE_10": 951.0, "ENE_11": 877.0, "ENE_12": 846.64, "DIC_01": 0.0, "DIC_02": 0.0, "DIC_03": 0.08, "DIC_04": 1.02, "DIC_05": 0.0, "DIC_06": 0.0, "DIC_07": 0.0, "DIC_08": 0.0, "DIC_09": 4.99, "DIC_10": 0.0, "DIC_11": 0.0, "DIC_12": 0.0, "FIC_01": 0.0, "FIC_02": 0.0, "FIC_03": 1.0, "FIC_04": 1.0, "FIC_05": 0.0, "FIC_06": 0.0, "FIC_07": 0.0, "FIC_08": 0.0, "FIC_09": 2.0, "FIC_10": 0.0, "FIC_11": 0.0, "FIC_12": 0.0, "SEMRED": 0, "DESCR": " ", "COD_ID": "ee622a9a7146ca03b7c4c5c8fd3d70823852c9175b20a43ba7d09c3b329fb279", "__layer": "UCBT_tab" }, "geometry": null },
{ "type": "Feature", "properties": { "DIST": 390, "PAC": "33744707739597260L", "RAMAL": "421693412S1", "PN_CON": "790302", "UNI_TR_MT": "14426186", "CTMT": "TTI0115", "UNI_TR_AT": "DTTI-EQ-TR2", "SUB": "DTTI", "CONJ": 12986, "MUN": "3550308", "CEG_GD": " ", "BRR": "R CONS COTEGIPE 115 BELENZINHO", "CEP": "03058-000", "CLAS_SUB": "RE1", "CNAE": " ", "TIP_CC": "RES-Tipo05", "FAS_CON": "ABCN", "GRU_TEN": "BT", "TEN_FORN": "10", "GRU_TAR": "B1", "SIT_ATIV": "AT", "DAT_CON": "01/01/1980", "CAR_INST": 7.9, "LIV": 0, "ARE_LOC": "UB", "TIP_SIST": "RD_INTERLIG", "ENE_01": 1521.02, "ENE_02": 3760.0, "ENE_03": 3440.0, "ENE_04": 6520.0, "ENE_05": 9600.0, "ENE_06": 4680.0, "ENE_07": 5080.0, "ENE_08": 13920.0, "ENE_09": 9800.0, "ENE_10": 11440.0, "ENE_11": 7000.0, "ENE_12": 9515.02, "DIC_01": 7.58, "DIC_02": 0.16, "DIC_03": 0.0, "DIC_04": 0.0, "DIC_05": 0.0, "DIC_06": 0.0, "DIC_07": 0.0, "DIC_08": 0.0, "DIC_09": 0.0, "DIC_10": 0.0, "DIC_11": 0.0, "DIC_12": 0.23, "FIC_01": 2.0, "FIC_02": 2.0, "FIC_03": 0.0, "FIC_04": 0.0, "FIC_05": 0.0, "FIC_06": 0.0, "FIC_07": 0.0, "FIC_08": 0.0, "FIC_09": 0.0, "FIC_10": 0.0, "FIC_11": 0.0, "FIC_12": 1.0, "SEMRED": 0, "DESCR": " ", "COD_ID": "022a588955223c3180a2c5260a0de7dfe708a6799962107c6334bab71afe52f5", "__layer": "UCBT_tab" }, "geometry": null },
{ "type": "Feature", "properties": { "DIST": 390, "PAC": "33736596739597679L", "RAMAL": "102341016S1", "PN_CON": "788175", "UNI_TR_MT": "14426186", "CTMT": "TTI0115", "UNI_TR_AT": "DTTI-EQ-TR2", "SUB": "DTTI", "CONJ": 12986, "MUN": "3550308", "CEG_GD": " ", "BRR": "R CONS COTEGIPE 57 BELENZINHO", "CEP": "03058-000", "CLAS_SUB": "RE1", "CNAE": " ", "TIP_CC": "RES-Tipo02", "FAS_CON": "AB", "GRU_TEN": "BT", "TEN_FORN": "10", "GRU_TAR": "B1", "SIT_ATIV": "AT", "DAT_CON": "01/06/1976", "CAR_INST": 3.0, "LIV": 0, "ARE_LOC": "UB", "TIP_SIST": "RD_INTERLIG", "ENE_01": 75.05, "ENE_02": 213.0, "ENE_03": 207.0, "ENE_04": 219.0, "ENE_05": 294.0, "ENE_06": 256.0, "ENE_07": 208.0, "ENE_08": 183.0, "ENE_09": 230.0, "ENE_10": 276.0, "ENE_11": 264.0, "ENE_12": 239.81, "DIC_01": 7.58, "DIC_02": 0.16, "DIC_03": 0.0, "DIC_04": 0.0, "DIC_05": 0.0, "DIC_06": 0.0, "DIC_07": 0.0, "DIC_08": 0.0, "DIC_09": 0.0, "DIC_10": 0.0, "DIC_11": 0.0, "DIC_12": 0.23, "FIC_01": 2.0, "FIC_02": 2.0, "FIC_03": 0.0, "FIC_04": 0.0, "FIC_05": 0.0, "FIC_06": 0.0, "FIC_07": 0.0, "FIC_08": 0.0, "FIC_09": 0.0, "FIC_10": 0.0, "FIC_11": 0.0, "FIC_12": 1.0, "SEMRED": 0, "DESCR": " ", "COD_ID": "55e806e4932adf2ab946e4c1d6f8a1ebb75edf9e5f85f5b0e60126bc12ccbe7b", "__layer": "UCBT_tab" }, "geometry": null },
{ "type": "Feature", "properties": { "DIST": 390, "PAC": "33740766739596649L", "RAMAL": "421642085S1", "PN_CON": "789185", "UNI_TR_MT": "14426186", "CTMT": "TTI0115", "UNI_TR_AT": "DTTI-EQ-TR2", "SUB": "DTTI", "CONJ": 12986, "MUN": "3550308", "CEG_GD": " ", "BRR": "R CONS COTEGIPE 80 BELENZINHO", "CEP": "03058-000", "CLAS_SUB": "CO1", "CNAE": "6822-6/00", "TIP_CC": "RES-Tipo04", "FAS_CON": "ABN", "GRU_TEN": "BT", "TEN_FORN": "10", "GRU_TAR": "B3", "SIT_ATIV": "AT", "DAT_CON": "01/10/1975", "CAR_INST": 6.4, "LIV": 0, "ARE_LOC": "UB", "TIP_SIST": "RD_INTERLIG", "ENE_01": 199.0, "ENE_02": 191.0, "ENE_03": 160.887, "ENE_04": 80.0, "ENE_05": 99.0, "ENE_06": 177.0, "ENE_07": 213.36, "ENE_08": 231.19, "ENE_09": 294.0, "ENE_10": 315.0, "ENE_11": 218.3, "ENE_12": 275.4, "DIC_01": 7.58, "DIC_02": 0.16, "DIC_03": 0.0, "DIC_04": 0.0, "DIC_05": 0.0, "DIC_06": 0.0, "DIC_07": 0.0, "DIC_08": 0.0, "DIC_09": 0.0, "DIC_10": 0.0, "DIC_11": 0.0, "DIC_12": 0.23, "FIC_01": 2.0, "FIC_02": 2.0, "FIC_03": 0.0, "FIC_04": 0.0, "FIC_05": 0.0, "FIC_06": 0.0, "FIC_07": 0.0, "FIC_08": 0.0, "FIC_09": 0.0, "FIC_10": 0.0, "FIC_11": 0.0, "FIC_12": 1.0, "SEMRED": 0, "DESCR": " ", "COD_ID": "ba027fa74e55cd6745f0eff5077b18d5c3152c937acccf76625851a48bb3f3e2", "__layer": "UCBT_tab" }, "geometry": null },
{ "type": "Feature", "properties": { "DIST": 390, "PAC": "33812017739608785L", "RAMAL": "9714379S1", "PN_CON": "809335", "UNI_TR_MT": "14432825", "CTMT": "TTI0114", "UNI_TR_AT": "DTTI-EQ-TR1", "SUB": "DTTI", "CONJ": 12986, "MUN": "3550308", "CEG_GD": " ", "BRR": "R CONS COTEGIPE 790 BELENZINHO", "CEP": "03058-000", "CLAS_SUB": "RE1", "CNAE": " ", "TIP_CC": "RES-Tipo04", "FAS_CON": "ABN", "GRU_TEN": "BT", "TEN_FORN": "10", "GRU_TAR": "B1", "SIT_ATIV": "AT", "DAT_CON": "18/11/1996", "CAR_INST": 19.2, "LIV": 0, "ARE_LOC": "UB", "TIP_SIST": "RD_INTERLIG", "ENE_01": 126.58, "ENE_02": 284.0, "ENE_03": 235.0, "ENE_04": 313.0, "ENE_05": 306.0, "ENE_06": 319.0, "ENE_07": 269.0, "ENE_08": 309.0, "ENE_09": 320.0, "ENE_10": 301.0, "ENE_11": 316.0, "ENE_12": 282.53, "DIC_01": 0.0, "DIC_02": 0.0, "DIC_03": 0.08, "DIC_04": 1.02, "DIC_05": 0.0, "DIC_06": 0.0, "DIC_07": 0.0, "DIC_08": 0.0, "DIC_09": 1.76, "DIC_10": 0.0, "DIC_11": 0.0, "DIC_12": 0.0, "FIC_01": 0.0, "FIC_02": 0.0, "FIC_03": 1.0, "FIC_04": 1.0, "FIC_05": 0.0, "FIC_06": 0.0, "FIC_07": 0.0, "FIC_08": 0.0, "FIC_09": 1.0, "FIC_10": 0.0, "FIC_11": 0.0, "FIC_12": 0.0, "SEMRED": 0, "DESCR": " ", "COD_ID": "45a913a9bae4d590caf8576a0087a14b4a8d6185c4767d7ef521815b68b2b411", "__layer": "UCBT_tab" }, "geometry": null },
{ "type": "Feature", "properties": { "DIST": 390, "PAC": "33755783739598466L", "RAMAL": "421487272S1", "PN_CON": "793567", "UNI_TR_MT": "14426519", "CTMT": "TTI0115", "UNI_TR_AT": "DTTI-EQ-TR2", "SUB": "DTTI", "CONJ": 12986, "MUN": "3550308", "CEG_GD": " ", "BRR": "R CONS COTEGIPE 245 BELENZINHO", "CEP": "03058-000", "CLAS_SUB": "CO1", "CNAE": "4672-9/00", "TIP_CC": "COM-Tipo02", "FAS_CON": "ABCN", "GRU_TEN": "BT", "TEN_FORN": "10", "GRU_TAR": "B3", "SIT_ATIV": "AT", "DAT_CON": "09/05/2006", "CAR_INST": 8.0, "LIV": 0, "ARE_LOC": "UB", "TIP_SIST": "RD_INTERLIG", "ENE_01": 132.0, "ENE_02": 116.0, "ENE_03": 146.755, "ENE_04": 127.0, "ENE_05": 452.0, "ENE_06": 316.0, "ENE_07": 125.16, "ENE_08": 91.5, "ENE_09": 232.0, "ENE_10": 461.0, "ENE_11": 189.98, "ENE_12": 321.31, "DIC_01": 3.76, "DIC_02": 0.16, "DIC_03": 0.0, "DIC_04": 0.0, "DIC_05": 0.0, "DIC_06": 0.0, "DIC_07": 0.0, "DIC_08": 0.0, "DIC_09": 0.0, "DIC_10": 0.0, "DIC_11": 0.0, "DIC_12": 0.23, "FIC_01": 1.0, "FIC_02": 2.0, "FIC_03": 0.0, "FIC_04": 0.0, "FIC_05": 0.0, "FIC_06": 0.0, "FIC_07": 0.0, "FIC_08": 0.0, "FIC_09": 0.0, "FIC_10": 0.0, "FIC_11": 0.0, "FIC_12": 1.0, "SEMRED": 0, "DESCR": " ", "COD_ID": "e28e5528112880ec226c922031a44f91e836fc774fc0e9845f06414884c9ae44", "__layer": "UCBT_tab" }, "geometry": null },
{ "type": "Feature", "properties": { "DIST": 390, "PAC": "33736136739597543L", "RAMAL": "102341015S1", "PN_CON": "788175", "UNI_TR_MT": "14426186", "CTMT": "TTI0115", "UNI_TR_AT": "DTTI-EQ-TR2", "SUB": "DTTI", "CONJ": 12986, "MUN": "3550308", "CEG_GD": " ", "BRR": "R CONS COTEGIPE 57 BELENZINHO", "CEP": "03058-000", "CLAS_SUB": "RE1", "CNAE": " ", "TIP_CC": "RES-Tipo04", "FAS_CON": "AB", "GRU_TEN": "BT", "TEN_FORN": "10", "GRU_TAR": "B1", "SIT_ATIV": "AT", "DAT_CON": "07/04/2012", "CAR_INST": 5.6, "LIV": 0, "ARE_LOC": "UB", "TIP_SIST": "RD_INTERLIG", "ENE_01": 166.61, "ENE_02": 355.0, "ENE_03": 281.0, "ENE_04": 259.0, "ENE_05": 389.0, "ENE_06": 183.0, "ENE_07": 319.0, "ENE_08": 112.0, "ENE_09": 241.0, "ENE_10": 290.0, "ENE_11": 266.0, "ENE_12": 237.87, "DIC_01": 7.58, "DIC_02": 0.16, "DIC_03": 0.0, "DIC_04": 0.0, "DIC_05": 0.0, "DIC_06": 0.0, "DIC_07": 0.0, "DIC_08": 0.0, "DIC_09": 0.0, "DIC_10": 0.0, "DIC_11": 0.0, "DIC_12": 0.23, "FIC_01": 2.0, "FIC_02": 2.0, "FIC_03": 0.0, "FIC_04": 0.0, "FIC_05": 0.0, "FIC_06": 0.0, "FIC_07": 0.0, "FIC_08": 0.0, "FIC_09": 0.0, "FIC_10": 0.0, "FIC_11": 0.0, "FIC_12": 1.0, "SEMRED": 0, "DESCR": " ", "COD_ID": "b10b8038ee2a4b16a2545d853b419464b560c81e7c757d992c7f70e6609b5cd5", "__layer": "UCBT_tab" }, "geometry": null },
{ "type": "Feature", "properties": { "DIST": 390, "PAC": "33754071739611908L", "RAMAL": "9662054S1", "PN_CON": "792872", "UNI_TR_MT": "14426514", "CTMT": "TTI0115", "UNI_TR_AT": "DTTI-EQ-TR2", "SUB": "DTTI", "CONJ": 12986, "MUN": "3550308", "CEG_GD": " ", "BRR": "R CONS COTEGIPE 219 BELENZINHO", "CEP": "03058-000", "CLAS_SUB": "RE1", "CNAE": " ", "TIP_CC": "RES-Tipo03", "FAS_CON": "ABN", "GRU_TEN": "BT", "TEN_FORN": "10", "GRU_TAR": "B1", "SIT_ATIV": "AT", "DAT_CON": "09/12/2013", "CAR_INST": 10.8, "LIV": 0, "ARE_LOC": "UB", "TIP_SIST": "RD_INTERLIG", "ENE_01": 63.54, "ENE_02": 147.0, "ENE_03": 121.0, "ENE_04": 150.0, "ENE_05": 135.0, "ENE_06": 134.0, "ENE_07": 114.0, "ENE_08": 99.0, "ENE_09": 85.0, "ENE_10": 131.0, "ENE_11": 117.0, "ENE_12": 124.27, "DIC_01": 8.36, "DIC_02": 0.16, "DIC_03": 0.0, "DIC_04": 0.0, "DIC_05": 0.0, "DIC_06": 0.0, "DIC_07": 0.0, "DIC_08": 0.0, "DIC_09": 0.0, "DIC_10": 0.0, "DIC_11": 0.0, "DIC_12": 0.23, "FIC_01": 2.0, "FIC_02": 2.0, "FIC_03": 0.0, "FIC_04": 0.0, "FIC_05": 0.0, "FIC_06": 0.0, "FIC_07": 0.0, "FIC_08": 0.0, "FIC_09": 0.0, "FIC_10": 0.0, "FIC_11": 0.0, "FIC_12": 1.0, "SEMRED": 0, "DESCR": " ", "COD_ID": "63b158d6f00d1e8feff2d82ffa2e77fb80cdf97ef6db5d8bd1242f4e2d451e07", "__layer": "UCBT_tab" }, "geometry": null },
{ "type": "Feature", "properties": { "DIST": 390, "PAC": "33754071739611908L", "RAMAL": "9662054S1", "PN_CON": "792872", "UNI_TR_MT": "14426514", "CTMT": "TTI0115", "UNI_TR_AT": "DTTI-EQ-TR2", "SUB": "DTTI", "CONJ": 12986, "MUN": "3550308", "CEG_GD": " ", "BRR": "R CONS COTEGIPE 219 BELENZINHO", "CEP": "03058-000", "CLAS_SUB": "RE1", "CNAE": " ", "TIP_CC": "RES-Tipo03", "FAS_CON": "ABN", "GRU_TEN": "BT", "TEN_FORN": "10", "GRU_TAR": "B1", "SIT_ATIV": "AT", "DAT_CON": "09/12/2013", "CAR_INST": 10.8, "LIV": 0, "ARE_LOC": "UB", "TIP_SIST": "RD_INTERLIG", "ENE_01": 49.53, "ENE_02": 85.0, "ENE_03": 121.0, "ENE_04": 121.0, "ENE_05": 110.0, "ENE_06": 109.0, "ENE_07": 86.0, "ENE_08": 74.0, "ENE_09": 114.0, "ENE_10": 103.0, "ENE_11": 110.0, "ENE_12": 109.71, "DIC_01": 8.36, "DIC_02": 0.16, "DIC_03": 0.0, "DIC_04": 0.0, "DIC_05": 0.0, "DIC_06": 0.0, "DIC_07": 0.0, "DIC_08": 0.0, "DIC_09": 0.0, "DIC_10": 0.0, "DIC_11": 0.0, "DIC_12": 0.23, "FIC_01": 2.0, "FIC_02": 2.0, "FIC_03": 0.0, "FIC_04": 0.0, "FIC_05": 0.0, "FIC_06": 0.0, "FIC_07": 0.0, "FIC_08": 0.0, "FIC_09": 0.0, "FIC_10": 0.0, "FIC_11": 0.0, "FIC_12": 1.0, "SEMRED": 0, "DESCR": " ", "COD_ID": "ca79183dd00654c6091bbd03bee4ba6e4a80dea48e139f0a3d99f2078cf7387e", "__layer": "UCBT_tab" }, "geometry": null },
{ "type": "Feature", "properties": { "DIST": 390, "PAC": "33754071739611908L", "RAMAL": "9662054S1", "PN_CON": "792872", "UNI_TR_MT": "14426514", "CTMT": "TTI0115", "UNI_TR_AT": "DTTI-EQ-TR2", "SUB": "DTTI", "CONJ": 12986, "MUN": "3550308", "CEG_GD": " ", "BRR": "R CONS COTEGIPE 219 BELENZINHO", "CEP": "03058-000", "CLAS_SUB": "RE1", "CNAE": " ", "TIP_CC": "RES-Tipo01", "FAS_CON": "ABCN", "GRU_TEN": "BT", "TEN_FORN": "10", "GRU_TAR": "B1", "SIT_ATIV": "DS", "DAT_CON": "09/12/2013", "CAR_INST": 5.6, "LIV": 0, "ARE_LOC": "UB", "TIP_SIST": "RD_INTERLIG", "ENE_01": 49.03, "ENE_02": 120.0, "ENE_03": 105.0, "ENE_04": 138.0, "ENE_05": 114.0, "ENE_06": 106.0, "ENE_07": 58.0, "ENE_08": 0.0, "ENE_09": 0.0, "ENE_10": 0.0, "ENE_11": 0.0, "ENE_12": 0.0, "DIC_01": 8.36, "DIC_02": 0.16, "DIC_03": 0.0, "DIC_04": 0.0, "DIC_05": 0.0, "DIC_06": 0.0, "DIC_07": 0.0, "DIC_08": 0.0, "DIC_09": 0.0, "DIC_10": 0.0, "DIC_11": 0.0, "DIC_12": 0.0, "FIC_01": 2.0, "FIC_02": 2.0, "FIC_03": 0.0, "FIC_04": 0.0, "FIC_05": 0.0, "FIC_06": 0.0, "FIC_07": 0.0, "FIC_08": 0.0, "FIC_09": 0.0, "FIC_10": 0.0, "FIC_11": 0.0, "FIC_12": 0.0, "SEMRED": 0, "DESCR": " ", "COD_ID": "d1c7bf7d3de5140043114c60debcef051feabb607127b39d7aa951aabf04787f", "__layer": "UCBT_tab" }, "geometry": null },
{ "type": "Feature", "properties": { "DIST": 390, "PAC": "33754071739611908L", "RAMAL": "9662054S1", "PN_CON": "792872", "UNI_TR_MT": "14426514", "CTMT": "TTI0115", "UNI_TR_AT": "DTTI-EQ-TR2", "SUB": "DTTI", "CONJ": 12986, "MUN": "3550308", "CEG_GD": " ", "BRR": "R CONS COTEGIPE 219 BELENZINHO", "CEP": "03058-000", "CLAS_SUB": "RE1", "CNAE": " ", "TIP_CC": "RES-Tipo03", "FAS_CON": "ABN", "GRU_TEN": "BT", "TEN_FORN": "10", "GRU_TAR": "B1", "SIT_ATIV": "AT", "DAT_CON": "09/12/2013", "CAR_INST": 10.8, "LIV": 0, "ARE_LOC": "UB", "TIP_SIST": "RD_INTERLIG", "ENE_01": 52.03, "ENE_02": 90.0, "ENE_03": 80.0, "ENE_04": 116.0, "ENE_05": 125.0, "ENE_06": 100.0, "ENE_07": 82.0, "ENE_08": 77.0, "ENE_09": 78.0, "ENE_10": 108.0, "ENE_11": 94.0, "ENE_12": 93.2, "DIC_01": 8.36, "DIC_02": 0.16, "DIC_03": 0.0, "DIC_04": 0.0, "DIC_05": 0.0, "DIC_06": 0.0, "DIC_07": 0.0, "DIC_08": 0.0, "DIC_09": 0.0, "DIC_10": 0.0, "DIC_11": 0.0, "DIC_12": 0.23, "FIC_01": 2.0, "FIC_02": 2.0, "FIC_03": 0.0, "FIC_04": 0.0, "FIC_05": 0.0, "FIC_06": 0.0, "FIC_07": 0.0, "FIC_08": 0.0, "FIC_09": 0.0, "FIC_10": 0.0, "FIC_11": 0.0, "FIC_12": 1.0, "SEMRED": 0, "DESCR": " ", "COD_ID": "8ea44f11f444e97baed29b3c11354a5dd822c0bed591630bd4c851c005aebca0", "__layer": "UCBT_tab" }, "geometry": null },
{ "type": "Feature", "properties": { "DIST": 390, "PAC": "33754071739611908L", "RAMAL": "9662054S1", "PN_CON": "792872", "UNI_TR_MT": "14426514", "CTMT": "TTI0115", "UNI_TR_AT": "DTTI-EQ-TR2", "SUB": "DTTI", "CONJ": 12986, "MUN": "3550308", "CEG_GD": " ", "BRR": "R CONS COTEGIPE 219 BELENZINHO", "CEP": "03058-000", "CLAS_SUB": "RE1", "CNAE": " ", "TIP_CC": "RES-Tipo03", "FAS_CON": "ABN", "GRU_TEN": "BT", "TEN_FORN": "10", "GRU_TAR": "B1", "SIT_ATIV": "AT", "DAT_CON": "09/12/2013", "CAR_INST": 10.8, "LIV": 0, "ARE_LOC": "UB", "TIP_SIST": "RD_INTERLIG", "ENE_01": 82.05, "ENE_02": 140.0, "ENE_03": 130.0, "ENE_04": 174.0, "ENE_05": 164.0, "ENE_06": 184.0, "ENE_07": 135.0, "ENE_08": 104.0, "ENE_09": 133.0, "ENE_10": 147.0, "ENE_11": 121.0, "ENE_12": 137.87, "DIC_01": 8.36, "DIC_02": 0.16, "DIC_03": 0.0, "DIC_04": 0.0, "DIC_05": 0.0, "DIC_06": 0.0, "DIC_07": 0.0, "DIC_08": 0.0, "DIC_09": 0.0, "DIC_10": 0.0, "DIC_11": 0.0, "DIC_12": 0.23, "FIC_01": 2.0, "FIC_02": 2.0, "FIC_03": 0.0, "FIC_04": 0.0, "FIC_05": 0.0, "FIC_06": 0.0, "FIC_07": 0.0, "FIC_08": 0.0, "FIC_09": 0.0, "FIC_10": 0.0, "FIC_11": 0.0, "FIC_12": 1.0, "SEMRED": 0, "DESCR": " ", "COD_ID": "dd9cdc75ba60559069ff0f59cc4eb57500fbd14a454589c23be90ad776a72197", "__layer": "UCBT_tab" }, "geometry": null },
{ "type": "Feature", "properties": { "DIST": 390, "PAC": "33754071739611908L", "RAMAL": "9662054S1", "PN_CON": "792872", "UNI_TR_MT": "14426514", "CTMT": "TTI0115", "UNI_TR_AT": "DTTI-EQ-TR2", "SUB": "DTTI", "CONJ": 12986, "MUN": "3550308", "CEG_GD": " ", "BRR": "R CONS COTEGIPE 219 BELENZINHO", "CEP": "03058-000", "CLAS_SUB": "RE1", "CNAE": " ", "TIP_CC": "RES-Tipo04", "FAS_CON": "ABN", "GRU_TEN": "BT", "TEN_FORN": "10", "GRU_TAR": "B1", "SIT_ATIV": "AT", "DAT_CON": "09/12/2013", "CAR_INST": 10.8, "LIV": 0, "ARE_LOC": "UB", "TIP_SIST": "RD_INTERLIG", "ENE_01": 144.09, "ENE_02": 244.0, "ENE_03": 221.0, "ENE_04": 311.0, "ENE_05": 274.0, "ENE_06": 320.0, "ENE_07": 269.0, "ENE_08": 239.0, "ENE_09": 242.0, "ENE_10": 277.0, "ENE_11": 270.0, "ENE_12": 302.92, "DIC_01": 8.36, "DIC_02": 0.16, "DIC_03": 0.0, "DIC_04": 0.0, "DIC_05": 0.0, "DIC_06": 0.0, "DIC_07": 0.0, "DIC_08": 0.0, "DIC_09": 0.0, "DIC_10": 0.0, "DIC_11": 0.0, "DIC_12": 0.23, "FIC_01": 2.0, "FIC_02": 2.0, "FIC_03": 0.0, "FIC_04": 0.0, "FIC_05": 0.0, "FIC_06": 0.0, "FIC_07": 0.0, "FIC_08": 0.0, "FIC_09": 0.0, "FIC_10": 0.0, "FIC_11": 0.0, "FIC_12": 1.0, "SEMRED": 0, "DESCR": " ", "COD_ID": "7a4fa76de6371d11c58a08cb472e0f620361432f13c3ad08228ea70491e46f7f", "__layer": "UCBT_tab" }, "geometry": null },
{ "type": "Feature", "properties": { "DIST": 390, "PAC": "33754071739611908L", "RAMAL": "9662054S1", "PN_CON": "792872", "UNI_TR_MT": "14426514", "CTMT": "TTI0115", "UNI_TR_AT": "DTTI-EQ-TR2", "SUB": "DTTI", "CONJ": 12986, "MUN": "3550308", "CEG_GD": " ", "BRR": "R CONS COTEGIPE 219 BELENZINHO", "CEP": "03058-000", "CLAS_SUB": "RE1", "CNAE": " ", "TIP_CC": "RES-Tipo02", "FAS_CON": "ABN", "GRU_TEN": "BT", "TEN_FORN": "10", "GRU_TAR": "B1", "SIT_ATIV": "AT", "DAT_CON": "09/12/2013", "CAR_INST": 10.8, "LIV": 0, "ARE_LOC": "UB", "TIP_SIST": "RD_INTERLIG", "ENE_01": 130.08, "ENE_02": 240.0, "ENE_03": 240.0, "ENE_04": 288.0, "ENE_05": 256.0, "ENE_06": 271.0, "ENE_07": 218.0, "ENE_08": 240.0, "ENE_09": 268.0, "ENE_10": 357.0, "ENE_11": 261.0, "ENE_12": 264.09, "DIC_01": 8.36, "DIC_02": 0.16, "DIC_03": 0.0, "DIC_04": 0.0, "DIC_05": 0.0, "DIC_06": 0.0, "DIC_07": 0.0, "DIC_08": 0.0, "DIC_09": 0.0, "DIC_10": 0.0, "DIC_11": 0.0, "DIC_12": 0.23, "FIC_01": 2.0, "FIC_02": 2.0, "FIC_03": 0.0, "FIC_04": 0.0, "FIC_05": 0.0, "FIC_06": 0.0, "FIC_07": 0.0, "FIC_08": 0.0, "FIC_09": 0.0, "FIC_10": 0.0, "FIC_11": 0.0, "FIC_12": 1.0, "SEMRED": 0, "DESCR": " ", "COD_ID": "b836085c1e87f4d91a8af69136eacf479dba5fa2412fa42499881046fadff42d", "__layer": "UCBT_tab" }, "geometry": null },
{ "type": "Feature", "properties": { "DIST": 390, "PAC": "33754071739611908L", "RAMAL": "9662054S1", "PN_CON": "792872", "UNI_TR_MT": "14426514", "CTMT": "TTI0115", "UNI_TR_AT": "DTTI-EQ-TR2", "SUB": "DTTI", "CONJ": 12986, "MUN": "3550308", "CEG_GD": " ", "BRR": "R CONS COTEGIPE 219 BELENZINHO", "CEP": "03058-000", "CLAS_SUB": "RE1", "CNAE": " ", "TIP_CC": "RES-Tipo03", "FAS_CON": "ABN", "GRU_TEN": "BT", "TEN_FORN": "10", "GRU_TAR": "B1", "SIT_ATIV": "AT", "DAT_CON": "09/12/2013", "CAR_INST": 10.8, "LIV": 0, "ARE_LOC": "UB", "TIP_SIST": "RD_INTERLIG", "ENE_01": 71.54, "ENE_02": 130.0, "ENE_03": 126.0, "ENE_04": 159.0, "ENE_05": 134.0, "ENE_06": 148.0, "ENE_07": 109.0, "ENE_08": 99.0, "ENE_09": 116.0, "ENE_10": 128.0, "ENE_11": 111.0, "ENE_12": 120.39, "DIC_01": 8.36, "DIC_02": 0.16, "DIC_03": 0.0, "DIC_04": 0.0, "DIC_05": 0.0, "DIC_06": 0.0, "DIC_07": 0.0, "DIC_08": 0.0, "DIC_09": 0.0, "DIC_10": 0.0, "DIC_11": 0.0, "DIC_12": 0.23, "FIC_01": 2.0, "FIC_02": 2.0, "FIC_03": 0.0, "FIC_04": 0.0, "FIC_05": 0.0, "FIC_06": 0.0, "FIC_07": 0.0, "FIC_08": 0.0, "FIC_09": 0.0, "FIC_10": 0.0, "FIC_11": 0.0, "FIC_12": 1.0, "SEMRED": 0, "DESCR": " ", "COD_ID": "f3bc57bd97670ad9c693f67947fb39a13dac0b522b08d4943acf8ed2a6b13eca", "__layer": "UCBT_tab" }, "geometry": null },
{ "type": "Feature", "properties": { "DIST": 390, "PAC": "33754071739611908L", "RAMAL": "9662054S1", "PN_CON": "792872", "UNI_TR_MT": "14426514", "CTMT": "TTI0115", "UNI_TR_AT": "DTTI-EQ-TR2", "SUB": "DTTI", "CONJ": 12986, "MUN": "3550308", "CEG_GD": " ", "BRR": "R CONS COTEGIPE 219 BELENZINHO", "CEP": "03058-000", "CLAS_SUB": "RE1", "CNAE": " ", "TIP_CC": "RES-Tipo02", "FAS_CON": "ABCN", "GRU_TEN": "BT", "TEN_FORN": "10", "GRU_TAR": "B1", "SIT_ATIV": "AT", "DAT_CON": "09/12/2013", "CAR_INST": 10.8, "LIV": 0, "ARE_LOC": "UB", "TIP_SIST": "RD_INTERLIG", "ENE_01": 117.07, "ENE_02": 220.0, "ENE_03": 227.0, "ENE_04": 258.0, "ENE_05": 247.0, "ENE_06": 251.0, "ENE_07": 213.0, "ENE_08": 95.0, "ENE_09": 223.0, "ENE_10": 223.0, "ENE_11": 221.0, "ENE_12": 214.57, "DIC_01": 8.36, "DIC_02": 0.16, "DIC_03": 0.0, "DIC_04": 0.0, "DIC_05": 0.0, "DIC_06": 0.0, "DIC_07": 0.0, "DIC_08": 0.0, "DIC_09": 0.0, "DIC_10": 0.0, "DIC_11": 0.0, "DIC_12": 0.23, "FIC_01": 2.0, "FIC_02": 2.0, "FIC_03": 0.0, "FIC_04": 0.0, "FIC_05": 0.0, "FIC_06": 0.0, "FIC_07": 0.0, "FIC_08": 0.0, "FIC_09": 0.0, "FIC_10": 0.0, "FIC_11": 0.0, "FIC_12": 1.0, "SEMRED": 0, "DESCR": " ", "COD_ID": "6caff2bce060d22b8f2285ea60960c08f79051532634a205b95dfbfad0fa01b4", "__layer": "UCBT_tab" }, "geometry": null },
{ "type": "Feature", "properties": { "DIST": 390, "PAC": "33754071739611908L", "RAMAL": "9662054S1", "PN_CON": "792872", "UNI_TR_MT": "14426514", "CTMT": "TTI0115", "UNI_TR_AT": "DTTI-EQ-TR2", "SUB": "DTTI", "CONJ": 12986, "MUN": "3550308", "CEG_GD": " ", "BRR": "R CONS COTEGIPE 219 BELENZINHO", "CEP": "03058-000", "CLAS_SUB": "RE1", "CNAE": " ", "TIP_CC": "RES-Tipo03", "FAS_CON": "ABN", "GRU_TEN": "BT", "TEN_FORN": "10", "GRU_TAR": "B1", "SIT_ATIV": "AT", "DAT_CON": "09/12/2013", "CAR_INST": 10.8, "LIV": 0, "ARE_LOC": "UB", "TIP_SIST": "RD_INTERLIG", "ENE_01": 52.53, "ENE_02": 86.0, "ENE_03": 88.0, "ENE_04": 102.0, "ENE_05": 91.0, "ENE_06": 93.0, "ENE_07": 81.0, "ENE_08": 68.0, "ENE_09": 84.0, "ENE_10": 72.0, "ENE_11": 63.0, "ENE_12": 48.54, "DIC_01": 8.36, "DIC_02": 0.16, "DIC_03": 0.0, "DIC_04": 0.0, "DIC_05": 0.0, "DIC_06": 0.0, "DIC_07": 0.0, "DIC_08": 0.0, "DIC_09": 0.0, "DIC_10": 0.0, "DIC_11": 0.0, "DIC_12": 0.23, "FIC_01": 2.0, "FIC_02": 2.0, "FIC_03": 0.0, "FIC_04": 0.0, "FIC_05": 0.0, "FIC_06": 0.0, "FIC_07": 0.0, "FIC_08": 0.0, "FIC_09": 0.0, "FIC_10": 0.0, "FIC_11": 0.0, "FIC_12": 1.0, "SEMRED": 0, "DESCR": " ", "COD_ID": "bad8c9ee7c073d628ef3a85714bdf2505bc416baf7823cfff825f686135879c1", "__layer": "UCBT_tab" }, "geometry": null },
{ "type": "Feature", "properties": { "DIST": 390, "PAC": "33754071739611908L", "RAMAL": "9662054S1", "PN_CON": "792872", "UNI_TR_MT": "14426514", "CTMT": "TTI0115", "UNI_TR_AT": "DTTI-EQ-TR2", "SUB": "DTTI", "CONJ": 12986, "MUN": "3550308", "CEG_GD": " ", "BRR": "R CONS COTEGIPE 219 BELENZINHO", "CEP": "03058-000", "CLAS_SUB": "RE1", "CNAE": " ", "TIP_CC": "RES-Tipo01", "FAS_CON": "ABN", "GRU_TEN": "BT", "TEN_FORN": "10", "GRU_TAR": "B1", "SIT_ATIV": "AT", "DAT_CON": "09/12/2013", "CAR_INST": 10.8, "LIV": 0, "ARE_LOC": "UB", "TIP_SIST": "RD_INTERLIG", "ENE_01": 39.02, "ENE_02": 74.0, "ENE_03": 67.0, "ENE_04": 81.0, "ENE_05": 74.0, "ENE_06": 73.0, "ENE_07": 62.0, "ENE_08": 64.0, "ENE_09": 71.0, "ENE_10": 71.0, "ENE_11": 69.0, "ENE_12": 71.84, "DIC_01": 8.36, "DIC_02": 0.16, "DIC_03": 0.0, "DIC_04": 0.0, "DIC_05": 0.0, "DIC_06": 0.0, "DIC_07": 0.0, "DIC_08": 0.0, "DIC_09": 0.0, "DIC_10": 0.0, "DIC_11": 0.0, "DIC_12": 0.23, "FIC_01": 2.0, "FIC_02": 2.0, "FIC_03": 0.0, "FIC_04": 0.0, "FIC_05": 0.0, "FIC_06": 0.0, "FIC_07": 0.0, "FIC_08": 0.0, "FIC_09": 0.0, "FIC_10": 0.0, "FIC_11": 0.0, "FIC_12": 1.0, "SEMRED": 0, "DESCR": " ", "COD_ID": "a5481e8e12dd42c3fa75bf52358caa32c9f9f4212014bd3a98fc98daada52ec2", "__layer": "UCBT_tab" }, "geometry": null },
{ "type": "Feature", "properties": { "DIST": 390, "PAC": "33754071739611908L", "RAMAL": "9662054S1", "PN_CON": "792872", "UNI_TR_MT": "14426514", "CTMT": "TTI0115", "UNI_TR_AT": "DTTI-EQ-TR2", "SUB": "DTTI", "CONJ": 12986, "MUN": "3550308", "CEG_GD": " ", "BRR": "R CONS COTEGIPE 219 BELENZINHO", "CEP": "03058-000", "CLAS_SUB": "RE1", "CNAE": " ", "TIP_CC": "RES-Tipo02", "FAS_CON": "ABN", "GRU_TEN": "BT", "TEN_FORN": "10", "GRU_TAR": "B1", "SIT_ATIV": "AT", "DAT_CON": "09/12/2013", "CAR_INST": 10.8, "LIV": 0, "ARE_LOC": "UB", "TIP_SIST": "RD_INTERLIG", "ENE_01": 104.07, "ENE_02": 180.0, "ENE_03": 148.0, "ENE_04": 206.0, "ENE_05": 164.0, "ENE_06": 175.0, "ENE_07": 125.0, "ENE_08": 166.0, "ENE_09": 176.0, "ENE_10": 182.0, "ENE_11": 184.0, "ENE_12": 206.8, "DIC_01": 8.36, "DIC_02": 0.16, "DIC_03": 0.0, "DIC_04": 0.0, "DIC_05": 0.0, "DIC_06": 0.0, "DIC_07": 0.0, "DIC_08": 0.0, "DIC_09": 0.0, "DIC_10": 0.0, "DIC_11": 0.0, "DIC_12": 0.23, "FIC_01": 2.0, "FIC_02": 2.0, "FIC_03": 0.0, "FIC_04": 0.0, "FIC_05": 0.0, "FIC_06": 0.0, "FIC_07": 0.0, "FIC_08": 0.0, "FIC_09": 0.0, "FIC_10": 0.0, "FIC_11": 0.0, "FIC_12": 1.0, "SEMRED": 0, "DESCR": " ", "COD_ID": "bc09227cad82e5b03d9518ec56a97275dd44f00eb4dd67274fd199d9e4dc0039", "__layer": "UCBT_tab" }, "geometry": null },
{ "type": "Feature", "properties": { "DIST": 390, "PAC": "33754071739611908L", "RAMAL": "9662054S1", "PN_CON": "792872", "UNI_TR_MT": "14426514", "CTMT": "TTI0115", "UNI_TR_AT": "DTTI-EQ-TR2", "SUB": "DTTI", "CONJ": 12986, "MUN": "3550308", "CEG_GD": " ", "BRR": "R CONS COTEGIPE 219 BELENZINHO", "CEP": "03058-000", "CLAS_SUB": "RE1", "CNAE": " ", "TIP_CC": "RES-Tipo01", "FAS_CON": "ABN", "GRU_TEN": "BT", "TEN_FORN": "10", "GRU_TAR": "B1", "SIT_ATIV": "AT", "DAT_CON": "09/12/2013", "CAR_INST": 10.8, "LIV": 0, "ARE_LOC": "UB", "TIP_SIST": "RD_INTERLIG", "ENE_01": 43.52, "ENE_02": 75.0, "ENE_03": 101.0, "ENE_04": 95.0, "ENE_05": 106.0, "ENE_06": 107.0, "ENE_07": 83.0, "ENE_08": 90.0, "ENE_09": 94.0, "ENE_10": 89.0, "ENE_11": 81.0, "ENE_12": 91.26, "DIC_01": 8.36, "DIC_02": 0.16, "DIC_03": 0.0, "DIC_04": 0.0, "DIC_05": 0.0, "DIC_06": 0.0, "DIC_07": 0.0, "DIC_08": 0.0, "DIC_09": 0.0, "DIC_10": 0.0, "DIC_11": 0.0, "DIC_12": 0.23, "FIC_01": 2.0, "FIC_02": 2.0, "FIC_03": 0.0, "FIC_04": 0.0, "FIC_05": 0.0, "FIC_06": 0.0, "FIC_07": 0.0, "FIC_08": 0.0, "FIC_09": 0.0, "FIC_10": 0.0, "FIC_11": 0.0, "FIC_12": 1.0, "SEMRED": 0, "DESCR": " ", "COD_ID": "4ce7312ffe7c677ef573f694168d0543b2ce7dc64243b2bc11cb9e9e0036c32d", "__layer": "UCBT_tab" }, "geometry": null },
{ "type": "Feature", "properties": { "DIST": 390, "PAC": "33754071739611908L", "RAMAL": "9662054S1", "PN_CON": "792872", "UNI_TR_MT": "14426514", "CTMT": "TTI0115", "UNI_TR_AT": "DTTI-EQ-TR2", "SUB": "DTTI", "CONJ": 12986, "MUN": "3550308", "CEG_GD": " ", "BRR": "R CONS COTEGIPE 219 BELENZINHO", "CEP": "03058-000", "CLAS_SUB": "RE1", "CNAE": " ", "TIP_CC": "RES-Tipo03", "FAS_CON": "ABN", "GRU_TEN": "BT", "TEN_FORN": "10", "GRU_TAR": "B1", "SIT_ATIV": "AT", "DAT_CON": "09/12/2013", "CAR_INST": 10.8, "LIV": 0, "ARE_LOC": "UB", "TIP_SIST": "RD_INTERLIG", "ENE_01": 93.56, "ENE_02": 135.0, "ENE_03": 154.0, "ENE_04": 184.0, "ENE_05": 147.0, "ENE_06": 161.0, "ENE_07": 138.0, "ENE_08": 113.0, "ENE_09": 122.0, "ENE_10": 134.0, "ENE_11": 155.0, "ENE_12": 157.28, "DIC_01": 8.36, "DIC_02": 0.16, "DIC_03": 0.0, "DIC_04": 0.0, "DIC_05": 0.0, "DIC_06": 0.0, "DIC_07": 0.0, "DIC_08": 0.0, "DIC_09": 0.0, "DIC_10": 0.0, "DIC_11": 0.0, "DIC_12": 0.23, "FIC_01": 2.0, "FIC_02": 2.0, "FIC_03": 0.0, "FIC_04": 0.0, "FIC_05": 0.0, "FIC_06": 0.0, "FIC_07": 0.0, "FIC_08": 0.0, "FIC_09": 0.0, "FIC_10": 0.0, "FIC_11": 0.0, "FIC_12": 1.0, "SEMRED": 0, "DESCR": " ", "COD_ID": "4368e5979962f79dcd36c3985f8243a94eea5c1f8e10bbdd83dc23f38eede978", "__layer": "UCBT_tab" }, "geometry": null },
{ "type": "Feature", "properties": { "DIST": 390, "PAC": "33754071739611908L", "RAMAL": "9662054S1", "PN_CON": "792872", "UNI_TR_MT": "14426514", "CTMT": "TTI0115", "UNI_TR_AT": "DTTI-EQ-TR2", "SUB": "DTTI", "CONJ": 12986, "MUN": "3550308", "CEG_GD": " ", "BRR": "R CONS COTEGIPE 219 BELENZINHO", "CEP": "03058-000", "CLAS_SUB": "RE1", "CNAE": " ", "TIP_CC": "RES-Tipo03", "FAS_CON": "ABN", "GRU_TEN": "BT", "TEN_FORN": "10", "GRU_TAR": "B1", "SIT_ATIV": "AT", "DAT_CON": "09/12/2013", "CAR_INST": 10.8, "LIV": 0, "ARE_LOC": "UB", "TIP_SIST": "RD_INTERLIG", "ENE_01": 19.51, "ENE_02": 207.0, "ENE_03": 176.0, "ENE_04": 213.0, "ENE_05": 212.0, "ENE_06": 230.0, "ENE_07": 190.0, "ENE_08": 197.0, "ENE_09": 203.0, "ENE_10": 176.0, "ENE_11": 156.0, "ENE_12": 181.56, "DIC_01": 8.36, "DIC_02": 0.16, "DIC_03": 0.0, "DIC_04": 0.0, "DIC_05": 0.0, "DIC_06": 0.0, "DIC_07": 0.0, "DIC_08": 0.0, "DIC_09": 0.0, "DIC_10": 0.0, "DIC_11": 0.0, "DIC_12": 0.23, "FIC_01": 2.0, "FIC_02": 2.0, "FIC_03": 0.0, "FIC_04": 0.0, "FIC_05": 0.0, "FIC_06": 0.0, "FIC_07": 0.0, "FIC_08": 0.0, "FIC_09": 0.0, "FIC_10": 0.0, "FIC_11": 0.0, "FIC_12": 1.0, "SEMRED": 0, "DESCR": " ", "COD_ID": "0cad29a89305046e58adb4d3a9dfaad846df4c02a6e2c2318d6e4b6250edddc7", "__layer": "UCBT_tab" }, "geometry": null },
{ "type": "Feature", "properties": { "DIST": 390, "PAC": "33754071739611908L", "RAMAL": "9662054S1", "PN_CON": "792872", "UNI_TR_MT": "14426514", "CTMT": "TTI0115", "UNI_TR_AT": "DTTI-EQ-TR2", "SUB": "DTTI", "CONJ": 12986, "MUN": "3550308", "CEG_GD": " ", "BRR": "R CONS COTEGIPE 219 BELENZINHO", "CEP": "03058-000", "CLAS_SUB": "RE1", "CNAE": " ", "TIP_CC": "RES-Tipo02", "FAS_CON": "ABN", "GRU_TEN": "BT", "TEN_FORN": "10", "GRU_TAR": "B1", "SIT_ATIV": "AT", "DAT_CON": "09/12/2013", "CAR_INST": 10.8, "LIV": 0, "ARE_LOC": "UB", "TIP_SIST": "RD_INTERLIG", "ENE_01": 92.56, "ENE_02": 185.0, "ENE_03": 170.0, "ENE_04": 198.0, "ENE_05": 163.0, "ENE_06": 205.0, "ENE_07": 157.0, "ENE_08": 179.0, "ENE_09": 201.0, "ENE_10": 197.0, "ENE_11": 185.0, "ENE_12": 186.41, "DIC_01": 8.36, "DIC_02": 0.16, "DIC_03": 0.0, "DIC_04": 0.0, "DIC_05": 0.0, "DIC_06": 0.0, "DIC_07": 0.0, "DIC_08": 0.0, "DIC_09": 0.0, "DIC_10": 0.0, "DIC_11": 0.0, "DIC_12": 0.23, "FIC_01": 2.0, "FIC_02": 2.0, "FIC_03": 0.0, "FIC_04": 0.0, "FIC_05": 0.0, "FIC_06": 0.0, "FIC_07": 0.0, "FIC_08": 0.0, "FIC_09": 0.0, "FIC_10": 0.0, "FIC_11": 0.0, "FIC_12": 1.0, "SEMRED": 0, "DESCR": " ", "COD_ID": "78b0f9dc68980182d0fb9aeb0bbc4de84ffef1f7fa0e695587819b15887ebd81", "__layer": "UCBT_tab" }, "geometry": null },
{ "type": "Feature", "properties": { "DIST": 390, "PAC": "33754071739611908L", "RAMAL": "9662054S1", "PN_CON": "792872", "UNI_TR_MT": "14426514", "CTMT": "TTI0115", "UNI_TR_AT": "DTTI-EQ-TR2", "SUB": "DTTI", "CONJ": 12986, "MUN": "3550308", "CEG_GD": " ", "BRR": "R CONS COTEGIPE 219 BELENZINHO", "CEP": "03058-000", "CLAS_SUB": "RE1", "CNAE": " ", "TIP_CC": "RES-Tipo04", "FAS_CON": "ABN", "GRU_TEN": "BT", "TEN_FORN": "10", "GRU_TAR": "B1", "SIT_ATIV": "AT", "DAT_CON": "09/12/2013", "CAR_INST": 10.8, "LIV": 0, "ARE_LOC": "UB", "TIP_SIST": "RD_INTERLIG", "ENE_01": 107.07, "ENE_02": 226.0, "ENE_03": 213.0, "ENE_04": 240.0, "ENE_05": 234.0, "ENE_06": 235.0, "ENE_07": 232.0, "ENE_08": 230.0, "ENE_09": 50.0, "ENE_10": 213.0, "ENE_11": 212.0, "ENE_12": 204.86, "DIC_01": 8.36, "DIC_02": 0.16, "DIC_03": 0.0, "DIC_04": 0.0, "DIC_05": 0.0, "DIC_06": 0.0, "DIC_07": 0.0, "DIC_08": 0.0, "DIC_09": 0.0, "DIC_10": 0.0, "DIC_11": 0.0, "DIC_12": 0.23, "FIC_01": 2.0, "FIC_02": 2.0, "FIC_03": 0.0, "FIC_04": 0.0, "FIC_05": 0.0, "FIC_06": 0.0, "FIC_07": 0.0, "FIC_08": 0.0, "FIC_09": 0.0, "FIC_10": 0.0, "FIC_11": 0.0, "FIC_12": 1.0, "SEMRED": 0, "DESCR": " ", "COD_ID": "e8fbc21b529b774331578a43887c32444f5e83af91a5eb3fcc434d0da28ca982", "__layer": "UCBT_tab" }, "geometry": null },
{ "type": "Feature", "properties": { "DIST": 390, "PAC": "33754071739611908L", "RAMAL": "9662054S1", "PN_CON": "792872", "UNI_TR_MT": "14426514", "CTMT": "TTI0115", "UNI_TR_AT": "DTTI-EQ-TR2", "SUB": "DTTI", "CONJ": 12986, "MUN": "3550308", "CEG_GD": " ", "BRR": "R CONS COTEGIPE 219 BELENZINHO", "CEP": "03058-000", "CLAS_SUB": "RE1", "CNAE": " ", "TIP_CC": "RES-Tipo03", "FAS_CON": "ABN", "GRU_TEN": "BT", "TEN_FORN": "10", "GRU_TAR": "B1", "SIT_ATIV": "AT", "DAT_CON": "09/12/2013", "CAR_INST": 12.4, "LIV": 0, "ARE_LOC": "UB", "TIP_SIST": "RD_INTERLIG", "ENE_01": 71.04, "ENE_02": 106.0, "ENE_03": 119.0, "ENE_04": 116.0, "ENE_05": 143.0, "ENE_06": 139.0, "ENE_07": 109.0, "ENE_08": 102.0, "ENE_09": 126.0, "ENE_10": 129.0, "ENE_11": 120.0, "ENE_12": 114.56, "DIC_01": 8.36, "DIC_02": 0.16, "DIC_03": 0.0, "DIC_04": 0.0, "DIC_05": 0.0, "DIC_06": 0.0, "DIC_07": 0.0, "DIC_08": 0.0, "DIC_09": 0.0, "DIC_10": 0.0, "DIC_11": 0.0, "DIC_12": 0.23, "FIC_01": 2.0, "FIC_02": 2.0, "FIC_03": 0.0, "FIC_04": 0.0, "FIC_05": 0.0, "FIC_06": 0.0, "FIC_07": 0.0, "FIC_08": 0.0, "FIC_09": 0.0, "FIC_10": 0.0, "FIC_11": 0.0, "FIC_12": 1.0, "SEMRED": 0, "DESCR": " ", "COD_ID": "19b4d84473bc9a5559197f0881f16b65fa19bb0d2a67b14e9649c13ff79a8f0f", "__layer": "UCBT_tab" }, "geometry": null },
{ "type": "Feature", "properties": { "DIST": 390, "PAC": "33754071739611908L", "RAMAL": "9662054S1", "PN_CON": "792872", "UNI_TR_MT": "14426514", "CTMT": "TTI0115", "UNI_TR_AT": "DTTI-EQ-TR2", "SUB": "DTTI", "CONJ": 12986, "MUN": "3550308", "CEG_GD": " ", "BRR": "R CONS COTEGIPE 219 BELENZINHO", "CEP": "03058-000", "CLAS_SUB": "RE1", "CNAE": " ", "TIP_CC": "RES-Tipo02", "FAS_CON": "ABN", "GRU_TEN": "BT", "TEN_FORN": "10", "GRU_TAR": "B1", "SIT_ATIV": "AT", "DAT_CON": "09/12/2013", "CAR_INST": 10.8, "LIV": 0, "ARE_LOC": "UB", "TIP_SIST": "RD_INTERLIG", "ENE_01": 84.05, "ENE_02": 153.0, "ENE_03": 164.0, "ENE_04": 232.0, "ENE_05": 169.0, "ENE_06": 190.0, "ENE_07": 178.0, "ENE_08": 201.0, "ENE_09": 197.0, "ENE_10": 172.0, "ENE_11": 178.0, "ENE_12": 186.41, "DIC_01": 8.36, "DIC_02": 0.16, "DIC_03": 0.0, "DIC_04": 0.0, "DIC_05": 0.0, "DIC_06": 0.0, "DIC_07": 0.0, "DIC_08": 0.0, "DIC_09": 0.0, "DIC_10": 0.0, "DIC_11": 0.0, "DIC_12": 0.23, "FIC_01": 2.0, "FIC_02": 2.0, "FIC_03": 0.0, "FIC_04": 0.0, "FIC_05": 0.0, "FIC_06": 0.0, "FIC_07": 0.0, "FIC_08": 0.0, "FIC_09": 0.0, "FIC_10": 0.0, "FIC_11": 0.0, "FIC_12": 1.0, "SEMRED": 0, "DESCR": " ", "COD_ID": "18e668ddb8f8e8e196e803b149b34bf08c4514e9c4a1d415b440a4a20af591ba", "__layer": "UCBT_tab" }, "geometry": null },
{ "type": "Feature", "properties": { "DIST": 390, "PAC": "33754071739611908L", "RAMAL": "9662054S1", "PN_CON": "792872", "UNI_TR_MT": "14426514", "CTMT": "TTI0115", "UNI_TR_AT": "DTTI-EQ-TR2", "SUB": "DTTI", "CONJ": 12986, "MUN": "3550308", "CEG_GD": " ", "BRR": "R CONS COTEGIPE 219 BELENZINHO", "CEP": "03058-000", "CLAS_SUB": "RE1", "CNAE": " ", "TIP_CC": "RES-Tipo01", "FAS_CON": "ABN", "GRU_TEN": "BT", "TEN_FORN": "10", "GRU_TAR": "B1", "SIT_ATIV": "AT", "DAT_CON": "09/12/2013", "CAR_INST": 10.8, "LIV": 0, "ARE_LOC": "UB", "TIP_SIST": "RD_INTERLIG", "ENE_01": 50.03, "ENE_02": 91.0, "ENE_03": 85.0, "ENE_04": 97.0, "ENE_05": 93.0, "ENE_06": 97.0, "ENE_07": 78.0, "ENE_08": 83.0, "ENE_09": 98.0, "ENE_10": 98.0, "ENE_11": 90.0, "ENE_12": 88.35, "DIC_01": 8.36, "DIC_02": 0.16, "DIC_03": 0.0, "DIC_04": 0.0, "DIC_05": 0.0, "DIC_06": 0.0, "DIC_07": 0.0, "DIC_08": 0.0, "DIC_09": 0.0, "DIC_10": 0.0, "DIC_11": 0.0, "DIC_12": 0.23, "FIC_01": 2.0, "FIC_02": 2.0, "FIC_03": 0.0, "FIC_04": 0.0, "FIC_05": 0.0, "FIC_06": 0.0, "FIC_07": 0.0, "FIC_08": 0.0, "FIC_09": 0.0, "FIC_10": 0.0, "FIC_11": 0.0, "FIC_12": 1.0, "SEMRED": 0, "DESCR": " ", "COD_ID": "ece50b5952d5b153f0fbec1a5de49b281e9d3f310f4cc263e1d38a80b8c7ba73", "__layer": "UCBT_tab" }, "geometry": null },
{ "type": "Feature", "properties": { "DIST": 390, "PAC": "33754071739611908L", "RAMAL": "9662054S1", "PN_CON": "792872", "UNI_TR_MT": "14426514", "CTMT": "TTI0115", "UNI_TR_AT": "DTTI-EQ-TR2", "SUB": "DTTI", "CONJ": 12986, "MUN": "3550308", "CEG_GD": " ", "BRR": "R CONS COTEGIPE 219 BELENZINHO", "CEP": "03058-000", "CLAS_SUB": "RE1", "CNAE": " ", "TIP_CC": "RES-Tipo03", "FAS_CON": "ABN", "GRU_TEN": "BT", "TEN_FORN": "10", "GRU_TAR": "B1", "SIT_ATIV": "AT", "DAT_CON": "09/12/2013", "CAR_INST": 10.8, "LIV": 0, "ARE_LOC": "UB", "TIP_SIST": "RD_INTERLIG", "ENE_01": 59.54, "ENE_02": 136.0, "ENE_03": 127.0, "ENE_04": 142.0, "ENE_05": 120.0, "ENE_06": 131.0, "ENE_07": 124.0, "ENE_08": 147.0, "ENE_09": 88.0, "ENE_10": 24.0, "ENE_11": 150.0, "ENE_12": 138.84, "DIC_01": 8.36, "DIC_02": 0.16, "DIC_03": 0.0, "DIC_04": 0.0, "DIC_05": 0.0, "DIC_06": 0.0, "DIC_07": 0.0, "DIC_08": 0.0, "DIC_09": 0.0, "DIC_10": 0.0, "DIC_11": 0.0, "DIC_12": 0.23, "FIC_01": 2.0, "FIC_02": 2.0, "FIC_03": 0.0, "FIC_04": 0.0, "FIC_05": 0.0, "FIC_06": 0.0, "FIC_07": 0.0, "FIC_08": 0.0, "FIC_09": 0.0, "FIC_10": 0.0, "FIC_11": 0.0, "FIC_12": 1.0, "SEMRED": 0, "DESCR": " ", "COD_ID": "281ea1efed41b6a9504a7772315ea166a6f330ce6601aeeebc0b4a6aff8cc9b2", "__layer": "UCBT_tab" }, "geometry": null },
{ "type": "Feature", "properties": { "DIST": 390, "PAC": "33754071739611908L", "RAMAL": "9662054S1", "PN_CON": "792872", "UNI_TR_MT": "14426514", "CTMT": "TTI0115", "UNI_TR_AT": "DTTI-EQ-TR2", "SUB": "DTTI", "CONJ": 12986, "MUN": "3550308", "CEG_GD": " ", "BRR": "R CONS COTEGIPE 219 BELENZINHO", "CEP": "03058-000", "CLAS_SUB": "RE1", "CNAE": " ", "TIP_CC": "RES-Tipo02", "FAS_CON": "ABN", "GRU_TEN": "BT", "TEN_FORN": "10", "GRU_TAR": "B1", "SIT_ATIV": "AT", "DAT_CON": "09/12/2013", "CAR_INST": 10.8, "LIV": 0, "ARE_LOC": "UB", "TIP_SIST": "RD_INTERLIG", "ENE_01": 167.61, "ENE_02": 301.0, "ENE_03": 259.0, "ENE_04": 293.0, "ENE_05": 264.0, "ENE_06": 252.0, "ENE_07": 200.0, "ENE_08": 175.0, "ENE_09": 209.0, "ENE_10": 229.0, "ENE_11": 197.0, "ENE_12": 217.48, "DIC_01": 8.36, "DIC_02": 0.16, "DIC_03": 0.0, "DIC_04": 0.0, "DIC_05": 0.0, "DIC_06": 0.0, "DIC_07": 0.0, "DIC_08": 0.0, "DIC_09": 0.0, "DIC_10": 0.0, "DIC_11": 0.0, "DIC_12": 0.23, "FIC_01": 2.0, "FIC_02": 2.0, "FIC_03": 0.0, "FIC_04": 0.0, "FIC_05": 0.0, "FIC_06": 0.0, "FIC_07": 0.0, "FIC_08": 0.0, "FIC_09": 0.0, "FIC_10": 0.0, "FIC_11": 0.0, "FIC_12": 1.0, "SEMRED": 0, "DESCR": " ", "COD_ID": "604d5ff84ba7f683967dcf263694efa3a00a56438f8b2bf04935d394076abd79", "__layer": "UCBT_tab" }, "geometry": null },
{ "type": "Feature", "properties": { "DIST": 390, "PAC": "33754071739611908L", "RAMAL": "9662054S1", "PN_CON": "792872", "UNI_TR_MT": "14426514", "CTMT": "TTI0115", "UNI_TR_AT": "DTTI-EQ-TR2", "SUB": "DTTI", "CONJ": 12986, "MUN": "3550308", "CEG_GD": " ", "BRR": "R CONS COTEGIPE 219 BELENZINHO", "CEP": "03058-000", "CLAS_SUB": "RE1", "CNAE": " ", "TIP_CC": "RES-Tipo02", "FAS_CON": "ABN", "GRU_TEN": "BT", "TEN_FORN": "10", "GRU_TAR": "B1", "SIT_ATIV": "AT", "DAT_CON": "09/12/2013", "CAR_INST": 10.8, "LIV": 0, "ARE_LOC": "UB", "TIP_SIST": "RD_INTERLIG", "ENE_01": 79.05, "ENE_02": 188.0, "ENE_03": 205.0, "ENE_04": 202.0, "ENE_05": 191.0, "ENE_06": 212.0, "ENE_07": 201.0, "ENE_08": 200.0, "ENE_09": 200.0, "ENE_10": 172.0, "ENE_11": 180.0, "ENE_12": 195.15, "DIC_01": 8.36, "DIC_02": 0.16, "DIC_03": 0.0, "DIC_04": 0.0, "DIC_05": 0.0, "DIC_06": 0.0, "DIC_07": 0.0, "DIC_08": 0.0, "DIC_09": 0.0, "DIC_10": 0.0, "DIC_11": 0.0, "DIC_12": 0.23, "FIC_01": 2.0, "FIC_02": 2.0, "FIC_03": 0.0, "FIC_04": 0.0, "FIC_05": 0.0, "FIC_06": 0.0, "FIC_07": 0.0, "FIC_08": 0.0, "FIC_09": 0.0, "FIC_10": 0.0, "FIC_11": 0.0, "FIC_12": 1.0, "SEMRED": 0, "DESCR": " ", "COD_ID": "1d0535aa479cdbe0397e5bee91e9ebb166e903623dd532288d4970b0df91e4c0", "__layer": "UCBT_tab" }, "geometry": null },
{ "type": "Feature", "properties": { "DIST": 390, "PAC": "33754071739611908L", "RAMAL": "9662054S1", "PN_CON": "792872", "UNI_TR_MT": "14426514", "CTMT": "TTI0115", "UNI_TR_AT": "DTTI-EQ-TR2", "SUB": "DTTI", "CONJ": 12986, "MUN": "3550308", "CEG_GD": " ", "BRR": "R CONS COTEGIPE 219 BELENZINHO", "CEP": "03058-000", "CLAS_SUB": "RE1", "CNAE": " ", "TIP_CC": "RES-Tipo02", "FAS_CON": "ABN", "GRU_TEN": "BT", "TEN_FORN": "10", "GRU_TAR": "B1", "SIT_ATIV": "AT", "DAT_CON": "09/12/2013", "CAR_INST": 10.5, "LIV": 0, "ARE_LOC": "UB", "TIP_SIST": "RD_INTERLIG", "ENE_01": 110.07, "ENE_02": 205.0, "ENE_03": 291.0, "ENE_04": 391.0, "ENE_05": 304.0, "ENE_06": 264.0, "ENE_07": 144.0, "ENE_08": 131.0, "ENE_09": 189.0, "ENE_10": 226.0, "ENE_11": 173.0, "ENE_12": 182.53, "DIC_01": 8.36, "DIC_02": 0.16, "DIC_03": 0.0, "DIC_04": 0.0, "DIC_05": 0.0, "DIC_06": 0.0, "DIC_07": 0.0, "DIC_08": 0.0, "DIC_09": 0.0, "DIC_10": 0.0, "DIC_11": 0.0, "DIC_12": 0.23, "FIC_01": 2.0, "FIC_02": 2.0, "FIC_03": 0.0, "FIC_04": 0.0, "FIC_05": 0.0, "FIC_06": 0.0, "FIC_07": 0.0, "FIC_08": 0.0, "FIC_09": 0.0, "FIC_10": 0.0, "FIC_11": 0.0, "FIC_12": 1.0, "SEMRED": 0, "DESCR": " ", "COD_ID": "302b591aa382387c3104e21f38c48a1129ac041ab46b1b725a7a5957740332d2", "__layer": "UCBT_tab" }, "geometry": null },
{ "type": "Feature", "properties": { "DIST": 390, "PAC": "33754071739611908L", "RAMAL": "9662054S1", "PN_CON": "792872", "UNI_TR_MT": "14426514", "CTMT": "TTI0115", "UNI_TR_AT": "DTTI-EQ-TR2", "SUB": "DTTI", "CONJ": 12986, "MUN": "3550308", "CEG_GD": " ", "BRR": "R CONS COTEGIPE 219 BELENZINHO", "CEP": "03058-000", "CLAS_SUB": "RE1", "CNAE": " ", "TIP_CC": "RES-Tipo03", "FAS_CON": "ABN", "GRU_TEN": "BT", "TEN_FORN": "10", "GRU_TAR": "B1", "SIT_ATIV": "AT", "DAT_CON": "09/12/2013", "CAR_INST": 10.5, "LIV": 0, "ARE_LOC": "UB", "TIP_SIST": "RD_INTERLIG", "ENE_01": 82.05, "ENE_02": 174.0, "ENE_03": 144.0, "ENE_04": 188.0, "ENE_05": 144.0, "ENE_06": 175.0, "ENE_07": 120.0, "ENE_08": 140.0, "ENE_09": 142.0, "ENE_10": 122.0, "ENE_11": 170.0, "ENE_12": 141.75, "DIC_01": 8.36, "DIC_02": 0.16, "DIC_03": 0.0, "DIC_04": 0.0, "DIC_05": 0.0, "DIC_06": 0.0, "DIC_07": 0.0, "DIC_08": 0.0, "DIC_09": 0.0, "DIC_10": 0.0, "DIC_11": 0.0, "DIC_12": 0.23, "FIC_01": 2.0, "FIC_02": 2.0, "FIC_03": 0.0, "FIC_04": 0.0, "FIC_05": 0.0, "FIC_06": 0.0, "FIC_07": 0.0, "FIC_08": 0.0, "FIC_09": 0.0, "FIC_10": 0.0, "FIC_11": 0.0, "FIC_12": 1.0, "SEMRED": 0, "DESCR": " ", "COD_ID": "49ed3db339ae8aa2b0a14526f603fb8e9b98006702e7c8b703c4117470b9e1aa", "__layer": "UCBT_tab" }, "geometry": null },
{ "type": "Feature", "properties": { "DIST": 390, "PAC": "33754071739611908L", "RAMAL": "9662054S1", "PN_CON": "792872", "UNI_TR_MT": "14426514", "CTMT": "TTI0115", "UNI_TR_AT": "DTTI-EQ-TR2", "SUB": "DTTI", "CONJ": 12986, "MUN": "3550308", "CEG_GD": " ", "BRR": "R CONS COTEGIPE 219 BELENZINHO", "CEP": "03058-000", "CLAS_SUB": "RE1", "CNAE": " ", "TIP_CC": "RES-Tipo03", "FAS_CON": "ABCN", "GRU_TEN": "BT", "TEN_FORN": "10", "GRU_TAR": "B1", "SIT_ATIV": "AT", "DAT_CON": "09/12/2013", "CAR_INST": 5.0, "LIV": 0, "ARE_LOC": "UB", "TIP_SIST": "RD_INTERLIG", "ENE_01": 63.04, "ENE_02": 114.0, "ENE_03": 106.0, "ENE_04": 127.0, "ENE_05": 134.0, "ENE_06": 124.0, "ENE_07": 130.0, "ENE_08": 189.0, "ENE_09": 218.0, "ENE_10": 146.0, "ENE_11": 143.0, "ENE_12": 133.01, "DIC_01": 8.36, "DIC_02": 0.16, "DIC_03": 0.0, "DIC_04": 0.0, "DIC_05": 0.0, "DIC_06": 0.0, "DIC_07": 0.0, "DIC_08": 0.0, "DIC_09": 0.0, "DIC_10": 0.0, "DIC_11": 0.0, "DIC_12": 0.23, "FIC_01": 2.0, "FIC_02": 2.0, "FIC_03": 0.0, "FIC_04": 0.0, "FIC_05": 0.0, "FIC_06": 0.0, "FIC_07": 0.0, "FIC_08": 0.0, "FIC_09": 0.0, "FIC_10": 0.0, "FIC_11": 0.0, "FIC_12": 1.0, "SEMRED": 0, "DESCR": " ", "COD_ID": "e0dc079e240f91614e007413765393319fa7e8058e1846d45d7f610615e6afc2", "__layer": "UCBT_tab" }, "geometry": null },
{ "type": "Feature", "properties": { "DIST": 390, "PAC": "33754071739611908L", "RAMAL": "9662054S1", "PN_CON": "792872", "UNI_TR_MT": "14426514", "CTMT": "TTI0115", "UNI_TR_AT": "DTTI-EQ-TR2", "SUB": "DTTI", "CONJ": 12986, "MUN": "3550308", "CEG_GD": " ", "BRR": "R CONS COTEGIPE 219 BELENZINHO", "CEP": "03058-000", "CLAS_SUB": "RE1", "CNAE": " ", "TIP_CC": "RES-Tipo03", "FAS_CON": "ABN", "GRU_TEN": "BT", "TEN_FORN": "10", "GRU_TAR": "B1", "SIT_ATIV": "AT", "DAT_CON": "09/12/2013", "CAR_INST": 10.5, "LIV": 0, "ARE_LOC": "UB", "TIP_SIST": "RD_INTERLIG", "ENE_01": 87.55, "ENE_02": 190.0, "ENE_03": 166.0, "ENE_04": 200.0, "ENE_05": 137.0, "ENE_06": 180.0, "ENE_07": 135.0, "ENE_08": 151.0, "ENE_09": 149.0, "ENE_10": 155.0, "ENE_11": 131.0, "ENE_12": 134.95, "DIC_01": 8.36, "DIC_02": 0.16, "DIC_03": 0.0, "DIC_04": 0.0, "DIC_05": 0.0, "DIC_06": 0.0, "DIC_07": 0.0, "DIC_08": 0.0, "DIC_09": 0.0, "DIC_10": 0.0, "DIC_11": 0.0, "DIC_12": 0.23, "FIC_01": 2.0, "FIC_02": 2.0, "FIC_03": 0.0, "FIC_04": 0.0, "FIC_05": 0.0, "FIC_06": 0.0, "FIC_07": 0.0, "FIC_08": 0.0, "FIC_09": 0.0, "FIC_10": 0.0, "FIC_11": 0.0, "FIC_12": 1.0, "SEMRED": 0, "DESCR": " ", "COD_ID": "9487dba29676f7e77d4fb1febd95a0916d2c52a1686b79464f498d2d52d4664f", "__layer": "UCBT_tab" }, "geometry": null },
{ "type": "Feature", "properties": { "DIST": 390, "PAC": "33754071739611908L", "RAMAL": "9662054S1", "PN_CON": "792872", "UNI_TR_MT": "14426514", "CTMT": "TTI0115", "UNI_TR_AT": "DTTI-EQ-TR2", "SUB": "DTTI", "CONJ": 12986, "MUN": "3550308", "CEG_GD": " ", "BRR": "R CONS COTEGIPE 219 BELENZINHO", "CEP": "03058-000", "CLAS_SUB": "RE1", "CNAE": " ", "TIP_CC": "RES-Tipo03", "FAS_CON": "ABN", "GRU_TEN": "BT", "TEN_FORN": "10", "GRU_TAR": "B1", "SIT_ATIV": "AT", "DAT_CON": "09/12/2013", "CAR_INST": 10.5, "LIV": 0, "ARE_LOC": "UB", "TIP_SIST": "RD_INTERLIG", "ENE_01": 85.55, "ENE_02": 126.0, "ENE_03": 120.0, "ENE_04": 142.0, "ENE_05": 128.0, "ENE_06": 132.0, "ENE_07": 105.0, "ENE_08": 104.0, "ENE_09": 118.0, "ENE_10": 107.0, "ENE_11": 90.0, "ENE_12": 99.03, "DIC_01": 8.36, "DIC_02": 0.16, "DIC_03": 0.0, "DIC_04": 0.0, "DIC_05": 0.0, "DIC_06": 0.0, "DIC_07": 0.0, "DIC_08": 0.0, "DIC_09": 0.0, "DIC_10": 0.0, "DIC_11": 0.0, "DIC_12": 0.23, "FIC_01": 2.0, "FIC_02": 2.0, "FIC_03": 0.0, "FIC_04": 0.0, "FIC_05": 0.0, "FIC_06": 0.0, "FIC_07": 0.0, "FIC_08": 0.0, "FIC_09": 0.0, "FIC_10": 0.0, "FIC_11": 0.0, "FIC_12": 1.0, "SEMRED": 0, "DESCR": " ", "COD_ID": "6b1b07cb8a5f8b7f4c6c288e7501c8e6a023e345c329c5e85ba034b04c5e175d", "__layer": "UCBT_tab" }, "geometry": null },
{ "type": "Feature", "properties": { "DIST": 390, "PAC": "33754071739611908L", "RAMAL": "9662054S1", "PN_CON": "792872", "UNI_TR_MT": "14426514", "CTMT": "TTI0115", "UNI_TR_AT": "DTTI-EQ-TR2", "SUB": "DTTI", "CONJ": 12986, "MUN": "3550308", "CEG_GD": " ", "BRR": "R CONS COTEGIPE 219 BELENZINHO", "CEP": "03058-000", "CLAS_SUB": "RE1", "CNAE": " ", "TIP_CC": "RES-Tipo01", "FAS_CON": "ABN", "GRU_TEN": "BT", "TEN_FORN": "10", "GRU_TAR": "B1", "SIT_ATIV": "AT", "DAT_CON": "09/12/2013", "CAR_INST": 10.5, "LIV": 0, "ARE_LOC": "UB", "TIP_SIST": "RD_INTERLIG", "ENE_01": 3.0, "ENE_02": 50.0, "ENE_03": 4.0, "ENE_04": 5.0, "ENE_05": 6.0, "ENE_06": 28.0, "ENE_07": 48.0, "ENE_08": 48.0, "ENE_09": 52.0, "ENE_10": 47.0, "ENE_11": 50.0, "ENE_12": 39.8, "DIC_01": 8.36, "DIC_02": 0.16, "DIC_03": 0.0, "DIC_04": 0.0, "DIC_05": 0.0, "DIC_06": 0.0, "DIC_07": 0.0, "DIC_08": 0.0, "DIC_09": 0.0, "DIC_10": 0.0, "DIC_11": 0.0, "DIC_12": 0.23, "FIC_01": 2.0, "FIC_02": 2.0, "FIC_03": 0.0, "FIC_04": 0.0, "FIC_05": 0.0, "FIC_06": 0.0, "FIC_07": 0.0, "FIC_08": 0.0, "FIC_09": 0.0, "FIC_10": 0.0, "FIC_11": 0.0, "FIC_12": 1.0, "SEMRED": 0, "DESCR": " ", "COD_ID": "b06161e78820ace2f3e450a6950af7f09885ca187a37d699e709cac278783aa7", "__layer": "UCBT_tab" }, "geometry": null },
{ "type": "Feature", "properties": { "DIST": 390, "PAC": "33754071739611908L", "RAMAL": "9662054S1", "PN_CON": "792872", "UNI_TR_MT": "14426514", "CTMT": "TTI0115", "UNI_TR_AT": "DTTI-EQ-TR2", "SUB": "DTTI", "CONJ": 12986, "MUN": "3550308", "CEG_GD": " ", "BRR": "R CONS COTEGIPE 219 BELENZINHO", "CEP": "03058-000", "CLAS_SUB": "RE1", "CNAE": " ", "TIP_CC": "RES-Tipo01", "FAS_CON": "ABN", "GRU_TEN": "BT", "TEN_FORN": "10", "GRU_TAR": "B1", "SIT_ATIV": "AT", "DAT_CON": "09/12/2013", "CAR_INST": 10.5, "LIV": 0, "ARE_LOC": "UB", "TIP_SIST": "RD_INTERLIG", "ENE_01": 59.54, "ENE_02": 117.0, "ENE_03": 100.0, "ENE_04": 122.0, "ENE_05": 121.0, "ENE_06": 135.0, "ENE_07": 117.0, "ENE_08": 123.0, "ENE_09": 119.0, "ENE_10": 114.0, "ENE_11": 122.0, "ENE_12": 124.27, "DIC_01": 8.36, "DIC_02": 0.16, "DIC_03": 0.0, "DIC_04": 0.0, "DIC_05": 0.0, "DIC_06": 0.0, "DIC_07": 0.0, "DIC_08": 0.0, "DIC_09": 0.0, "DIC_10": 0.0, "DIC_11": 0.0, "DIC_12": 0.23, "FIC_01": 2.0, "FIC_02": 2.0, "FIC_03": 0.0, "FIC_04": 0.0, "FIC_05": 0.0, "FIC_06": 0.0, "FIC_07": 0.0, "FIC_08": 0.0, "FIC_09": 0.0, "FIC_10": 0.0, "FIC_11": 0.0, "FIC_12": 1.0, "SEMRED": 0, "DESCR": " ", "COD_ID": "427bc7d0f1bff1d97e0ecf7de3bf45f187c09d82ccdb9fb00a13a97027edcdf0", "__layer": "UCBT_tab" }, "geometry": null },
{ "type": "Feature", "properties": { "DIST": 390, "PAC": "33754071739611908L", "RAMAL": "9662054S1", "PN_CON": "792872", "UNI_TR_MT": "14426514", "CTMT": "TTI0115", "UNI_TR_AT": "DTTI-EQ-TR2", "SUB": "DTTI", "CONJ": 12986, "MUN": "3550308", "CEG_GD": " ", "BRR": "R CONS COTEGIPE 219 BELENZINHO", "CEP": "03058-000", "CLAS_SUB": "RE1", "CNAE": " ", "TIP_CC": "RES-Tipo02", "FAS_CON": "ABN", "GRU_TEN": "BT", "TEN_FORN": "10", "GRU_TAR": "B1", "SIT_ATIV": "AT", "DAT_CON": "09/12/2013", "CAR_INST": 10.5, "LIV": 0, "ARE_LOC": "UB", "TIP_SIST": "RD_INTERLIG", "ENE_01": 94.06, "ENE_02": 127.0, "ENE_03": 161.0, "ENE_04": 209.0, "ENE_05": 204.0, "ENE_06": 191.0, "ENE_07": 166.0, "ENE_08": 161.0, "ENE_09": 174.0, "ENE_10": 187.0, "ENE_11": 180.0, "ENE_12": 189.32, "DIC_01": 8.36, "DIC_02": 0.16, "DIC_03": 0.0, "DIC_04": 0.0, "DIC_05": 0.0, "DIC_06": 0.0, "DIC_07": 0.0, "DIC_08": 0.0, "DIC_09": 0.0, "DIC_10": 0.0, "DIC_11": 0.0, "DIC_12": 0.23, "FIC_01": 2.0, "FIC_02": 2.0, "FIC_03": 0.0, "FIC_04": 0.0, "FIC_05": 0.0, "FIC_06": 0.0, "FIC_07": 0.0, "FIC_08": 0.0, "FIC_09": 0.0, "FIC_10": 0.0, "FIC_11": 0.0, "FIC_12": 1.0, "SEMRED": 0, "DESCR": " ", "COD_ID": "ffecce2d9ddec20465a2f4a0d11733d1697f787de5e40942ffed0ab3caf3d42c", "__layer": "UCBT_tab" }, "geometry": null },
{ "type": "Feature", "properties": { "DIST": 390, "PAC": "33754071739611908L", "RAMAL": "9662054S1", "PN_CON": "792872", "UNI_TR_MT": "14426514", "CTMT": "TTI0115", "UNI_TR_AT": "DTTI-EQ-TR2", "SUB": "DTTI", "CONJ": 12986, "MUN": "3550308", "CEG_GD": " ", "BRR": "R CONS COTEGIPE 219 BELENZINHO", "CEP": "03058-000", "CLAS_SUB": "RE1", "CNAE": " ", "TIP_CC": "RES-Tipo03", "FAS_CON": "ABN", "GRU_TEN": "BT", "TEN_FORN": "10", "GRU_TAR": "B1", "SIT_ATIV": "AT", "DAT_CON": "09/12/2013", "CAR_INST": 10.5, "LIV": 0, "ARE_LOC": "UB", "TIP_SIST": "RD_INTERLIG", "ENE_01": 61.54, "ENE_02": 138.0, "ENE_03": 115.0, "ENE_04": 130.0, "ENE_05": 112.0, "ENE_06": 111.0, "ENE_07": 97.0, "ENE_08": 100.0, "ENE_09": 85.0, "ENE_10": 96.0, "ENE_11": 77.0, "ENE_12": 54.37, "DIC_01": 8.36, "DIC_02": 0.16, "DIC_03": 0.0, "DIC_04": 0.0, "DIC_05": 0.0, "DIC_06": 0.0, "DIC_07": 0.0, "DIC_08": 0.0, "DIC_09": 0.0, "DIC_10": 0.0, "DIC_11": 0.0, "DIC_12": 0.23, "FIC_01": 2.0, "FIC_02": 2.0, "FIC_03": 0.0, "FIC_04": 0.0, "FIC_05": 0.0, "FIC_06": 0.0, "FIC_07": 0.0, "FIC_08": 0.0, "FIC_09": 0.0, "FIC_10": 0.0, "FIC_11": 0.0, "FIC_12": 1.0, "SEMRED": 0, "DESCR": " ", "COD_ID": "8674b9d772514cdd6c942fc31e77d6f1154dcd42d72d87dbcb14509d38743da4", "__layer": "UCBT_tab" }, "geometry": null },
{ "type": "Feature", "properties": { "DIST": 390, "PAC": "33754071739611908L", "RAMAL": "9662054S1", "PN_CON": "792872", "UNI_TR_MT": "14426514", "CTMT": "TTI0115", "UNI_TR_AT": "DTTI-EQ-TR2", "SUB": "DTTI", "CONJ": 12986, "MUN": "3550308", "CEG_GD": " ", "BRR": "R CONS COTEGIPE 219 BELENZINHO", "CEP": "03058-000", "CLAS_SUB": "RE1", "CNAE": " ", "TIP_CC": "RES-Tipo03", "FAS_CON": "ABN", "GRU_TEN": "BT", "TEN_FORN": "10", "GRU_TAR": "B1", "SIT_ATIV": "AT", "DAT_CON": "09/12/2013", "CAR_INST": 10.5, "LIV": 0, "ARE_LOC": "UB", "TIP_SIST": "RD_INTERLIG", "ENE_01": 67.54, "ENE_02": 124.0, "ENE_03": 122.0, "ENE_04": 136.0, "ENE_05": 130.0, "ENE_06": 143.0, "ENE_07": 107.0, "ENE_08": 122.0, "ENE_09": 133.0, "ENE_10": 131.0, "ENE_11": 131.0, "ENE_12": 112.62, "DIC_01": 8.36, "DIC_02": 0.16, "DIC_03": 0.0, "DIC_04": 0.0, "DIC_05": 0.0, "DIC_06": 0.0, "DIC_07": 0.0, "DIC_08": 0.0, "DIC_09": 0.0, "DIC_10": 0.0, "DIC_11": 0.0, "DIC_12": 0.23, "FIC_01": 2.0, "FIC_02": 2.0, "FIC_03": 0.0, "FIC_04": 0.0, "FIC_05": 0.0, "FIC_06": 0.0, "FIC_07": 0.0, "FIC_08": 0.0, "FIC_09": 0.0, "FIC_10": 0.0, "FIC_11": 0.0, "FIC_12": 1.0, "SEMRED": 0, "DESCR": " ", "COD_ID": "62e80b3b7fa788db5d0dabeb1cc3d30406b4a400c27d5afe082ee47944c69e86", "__layer": "UCBT_tab" }, "geometry": null },
{ "type": "Feature", "properties": { "DIST": 390, "PAC": "33754071739611908L", "RAMAL": "9662054S1", "PN_CON": "792872", "UNI_TR_MT": "14426514", "CTMT": "TTI0115", "UNI_TR_AT": "DTTI-EQ-TR2", "SUB": "DTTI", "CONJ": 12986, "MUN": "3550308", "CEG_GD": " ", "BRR": "R CONS COTEGIPE 219 BELENZINHO", "CEP": "03058-000", "CLAS_SUB": "RE1", "CNAE": " ", "TIP_CC": "RES-Tipo02", "FAS_CON": "ABN", "GRU_TEN": "BT", "TEN_FORN": "10", "GRU_TAR": "B1", "SIT_ATIV": "AT", "DAT_CON": "09/12/2013", "CAR_INST": 10.5, "LIV": 0, "ARE_LOC": "UB", "TIP_SIST": "RD_INTERLIG", "ENE_01": 119.08, "ENE_02": 195.0, "ENE_03": 158.0, "ENE_04": 200.0, "ENE_05": 201.0, "ENE_06": 215.0, "ENE_07": 210.0, "ENE_08": 202.0, "ENE_09": 230.0, "ENE_10": 214.0, "ENE_11": 217.0, "ENE_12": 214.57, "DIC_01": 8.36, "DIC_02": 0.16, "DIC_03": 0.0, "DIC_04": 0.0, "DIC_05": 0.0, "DIC_06": 0.0, "DIC_07": 0.0, "DIC_08": 0.0, "DIC_09": 0.0, "DIC_10": 0.0, "DIC_11": 0.0, "DIC_12": 0.23, "FIC_01": 2.0, "FIC_02": 2.0, "FIC_03": 0.0, "FIC_04": 0.0, "FIC_05": 0.0, "FIC_06": 0.0, "FIC_07": 0.0, "FIC_08": 0.0, "FIC_09": 0.0, "FIC_10": 0.0, "FIC_11": 0.0, "FIC_12": 1.0, "SEMRED": 0, "DESCR": " ", "COD_ID": "176438c9d5c9c404889cca31e2bf0fb44044068de377942cc0d8044531b55894", "__layer": "UCBT_tab" }, "geometry": null },
{ "type": "Feature", "properties": { "DIST": 390, "PAC": "33754071739611908L", "RAMAL": "9662054S1", "PN_CON": "792872", "UNI_TR_MT": "14426514", "CTMT": "TTI0115", "UNI_TR_AT": "DTTI-EQ-TR2", "SUB": "DTTI", "CONJ": 12986, "MUN": "3550308", "CEG_GD": " ", "BRR": "R CONS COTEGIPE 219 BELENZINHO", "CEP": "03058-000", "CLAS_SUB": "RE1", "CNAE": " ", "TIP_CC": "RES-Tipo02", "FAS_CON": "ABN", "GRU_TEN": "BT", "TEN_FORN": "10", "GRU_TAR": "B1", "SIT_ATIV": "AT", "DAT_CON": "09/12/2013", "CAR_INST": 10.5, "LIV": 0, "ARE_LOC": "UB", "TIP_SIST": "RD_INTERLIG", "ENE_01": 89.56, "ENE_02": 166.0, "ENE_03": 225.0, "ENE_04": 413.0, "ENE_05": 180.0, "ENE_06": 165.0, "ENE_07": 153.0, "ENE_08": 142.0, "ENE_09": 132.0, "ENE_10": 156.0, "ENE_11": 99.0, "ENE_12": 229.13, "DIC_01": 8.36, "DIC_02": 0.16, "DIC_03": 0.0, "DIC_04": 0.0, "DIC_05": 0.0, "DIC_06": 0.0, "DIC_07": 0.0, "DIC_08": 0.0, "DIC_09": 0.0, "DIC_10": 0.0, "DIC_11": 0.0, "DIC_12": 0.23, "FIC_01": 2.0, "FIC_02": 2.0, "FIC_03": 0.0, "FIC_04": 0.0, "FIC_05": 0.0, "FIC_06": 0.0, "FIC_07": 0.0, "FIC_08": 0.0, "FIC_09": 0.0, "FIC_10": 0.0, "FIC_11": 0.0, "FIC_12": 1.0, "SEMRED": 0, "DESCR": " ", "COD_ID": "848389885f9094e7481da2feb0164ed3deb33fa49b049c8fcae6a957ea2ccbfe", "__layer": "UCBT_tab" }, "geometry": null },
{ "type": "Feature", "properties": { "DIST": 390, "PAC": "33755786739598784L", "RAMAL": "421429898S1", "PN_CON": "793567", "UNI_TR_MT": "14426519", "CTMT": "TTI0115", "UNI_TR_AT": "DTTI-EQ-TR2", "SUB": "DTTI", "CONJ": 12986, "MUN": "3550308", "CEG_GD": " ", "BRR": "R CONS COTEGIPE 227 BELENZINHO", "CEP": "03058-000", "CLAS_SUB": "RE1", "CNAE": " ", "TIP_CC": "RES-Tipo03", "FAS_CON": "ABN", "GRU_TEN": "BT", "TEN_FORN": "10", "GRU_TAR": "B1", "SIT_ATIV": "AT", "DAT_CON": "20/02/2014", "CAR_INST": 3.0, "LIV": 0, "ARE_LOC": "UB", "TIP_SIST": "RD_INTERLIG", "ENE_01": 62.04, "ENE_02": 123.0, "ENE_03": 110.0, "ENE_04": 144.0, "ENE_05": 115.0, "ENE_06": 135.0, "ENE_07": 120.0, "ENE_08": 112.0, "ENE_09": 109.0, "ENE_10": 119.0, "ENE_11": 127.0, "ENE_12": 123.3, "DIC_01": 3.76, "DIC_02": 0.16, "DIC_03": 0.0, "DIC_04": 0.0, "DIC_05": 0.0, "DIC_06": 0.0, "DIC_07": 0.0, "DIC_08": 0.0, "DIC_09": 0.0, "DIC_10": 0.0, "DIC_11": 0.0, "DIC_12": 0.23, "FIC_01": 1.0, "FIC_02": 2.0, "FIC_03": 0.0, "FIC_04": 0.0, "FIC_05": 0.0, "FIC_06": 0.0, "FIC_07": 0.0, "FIC_08": 0.0, "FIC_09": 0.0, "FIC_10": 0.0, "FIC_11": 0.0, "FIC_12": 1.0, "SEMRED": 0, "DESCR": " ", "COD_ID": "c17d948003ba78b5ab674e3f015ef6ccd13b0c965648315a93bdd68999a70877", "__layer": "UCBT_tab" }, "geometry": null },
{ "type": "Feature", "properties": { "DIST": 390, "PAC": "33822810739612185L", "RAMAL": "421537999S1", "PN_CON": "812224", "UNI_TR_MT": "14433230", "CTMT": "TTI0114", "UNI_TR_AT": "DTTI-EQ-TR1", "SUB": "DTTI", "CONJ": 12986, "MUN": "3550308", "CEG_GD": " ", "BRR": "R CONS COTEGIPE 891 BELENZINHO", "CEP": "03058-000", "CLAS_SUB": "RE1", "CNAE": " ", "TIP_CC": "RES-Tipo01", "FAS_CON": "ABCN", "GRU_TEN": "BT", "TEN_FORN": "10", "GRU_TAR": "B1", "SIT_ATIV": "AT", "DAT_CON": "27/05/2014", "CAR_INST": 21.1, "LIV": 0, "ARE_LOC": "UB", "TIP_SIST": "RD_INTERLIG", "ENE_01": 15.01, "ENE_02": 30.0, "ENE_03": 14.0, "ENE_04": 2.0, "ENE_05": 0.0, "ENE_06": 0.0, "ENE_07": 13.0, "ENE_08": 0.0, "ENE_09": 0.0, "ENE_10": 14.0, "ENE_11": 30.0, "ENE_12": 29.12, "DIC_01": 0.0, "DIC_02": 10.78, "DIC_03": 0.08, "DIC_04": 1.02, "DIC_05": 0.0, "DIC_06": 0.0, "DIC_07": 0.0, "DIC_08": 0.0, "DIC_09": 0.0, "DIC_10": 10.18, "DIC_11": 0.0, "DIC_12": 0.0, "FIC_01": 0.0, "FIC_02": 1.0, "FIC_03": 1.0, "FIC_04": 1.0, "FIC_05": 0.0, "FIC_06": 0.0, "FIC_07": 0.0, "FIC_08": 0.0, "FIC_09": 0.0, "FIC_10": 1.0, "FIC_11": 0.0, "FIC_12": 0.0, "SEMRED": 0, "DESCR": " ", "COD_ID": "8a3b1f5d5f74fdd67c9d05c0646339d1bbce48d19c214001daec68bd9deffeac", "__layer": "UCBT_tab" }, "geometry": null },
{ "type": "Feature", "properties": { "DIST": 390, "PAC": "33740766739596649L", "RAMAL": "421642085S1", "PN_CON": "789185", "UNI_TR_MT": "14426186", "CTMT": "TTI0115", "UNI_TR_AT": "DTTI-EQ-TR2", "SUB": "DTTI", "CONJ": 12986, "MUN": "3550308", "CEG_GD": " ", "BRR": "R CONS COTEGIPE 80 BELENZINHO", "CEP": "03058-000", "CLAS_SUB": "CO1", "CNAE": "6822-6/00", "TIP_CC": "RES-Tipo04", "FAS_CON": "ABN", "GRU_TEN": "BT", "TEN_FORN": "10", "GRU_TAR": "B3", "SIT_ATIV": "AT", "DAT_CON": "26/11/2015", "CAR_INST": 7.8, "LIV": 0, "ARE_LOC": "UB", "TIP_SIST": "RD_INTERLIG", "ENE_01": 224.0, "ENE_02": 237.0, "ENE_03": 307.641, "ENE_04": 287.0, "ENE_05": 294.0, "ENE_06": 258.0, "ENE_07": 204.12, "ENE_08": 168.36, "ENE_09": 233.0, "ENE_10": 286.0, "ENE_11": 141.6, "ENE_12": 258.19, "DIC_01": 7.58, "DIC_02": 0.16, "DIC_03": 0.0, "DIC_04": 0.0, "DIC_05": 0.0, "DIC_06": 0.0, "DIC_07": 0.0, "DIC_08": 0.0, "DIC_09": 0.0, "DIC_10": 0.0, "DIC_11": 0.0, "DIC_12": 0.23, "FIC_01": 2.0, "FIC_02": 2.0, "FIC_03": 0.0, "FIC_04": 0.0, "FIC_05": 0.0, "FIC_06": 0.0, "FIC_07": 0.0, "FIC_08": 0.0, "FIC_09": 0.0, "FIC_10": 0.0, "FIC_11": 0.0, "FIC_12": 1.0, "SEMRED": 0, "DESCR": " ", "COD_ID": "4071f36caedf94b457d551f64c71d129f30dd5e55346a223ad4b55e49a7fadd7", "__layer": "UCBT_tab" }, "geometry": null },
{ "type": "Feature", "properties": { "DIST": 390, "PAC": "33740766739596649L", "RAMAL": "421642085S1", "PN_CON": "789185", "UNI_TR_MT": "14426186", "CTMT": "TTI0115", "UNI_TR_AT": "DTTI-EQ-TR2", "SUB": "DTTI", "CONJ": 12986, "MUN": "3550308", "CEG_GD": " ", "BRR": "R CONS COTEGIPE 80 BELENZINHO", "CEP": "03058-000", "CLAS_SUB": "CO1", "CNAE": "6822-6/00", "TIP_CC": "RES-Tipo02", "FAS_CON": "ABN", "GRU_TEN": "BT", "TEN_FORN": "10", "GRU_TAR": "B3", "SIT_ATIV": "AT", "DAT_CON": "24/11/2015", "CAR_INST": 1.1, "LIV": 0, "ARE_LOC": "UB", "TIP_SIST": "RD_INTERLIG", "ENE_01": 219.0, "ENE_02": 190.0, "ENE_03": 198.934, "ENE_04": 168.0, "ENE_05": 162.0, "ENE_06": 214.0, "ENE_07": 168.0, "ENE_08": 187.27, "ENE_09": 300.0, "ENE_10": 377.0, "ENE_11": 168.15, "ENE_12": 305.05, "DIC_01": 7.58, "DIC_02": 0.16, "DIC_03": 0.0, "DIC_04": 0.0, "DIC_05": 0.0, "DIC_06": 0.0, "DIC_07": 0.0, "DIC_08": 0.0, "DIC_09": 0.0, "DIC_10": 0.0, "DIC_11": 0.0, "DIC_12": 0.23, "FIC_01": 2.0, "FIC_02": 2.0, "FIC_03": 0.0, "FIC_04": 0.0, "FIC_05": 0.0, "FIC_06": 0.0, "FIC_07": 0.0, "FIC_08": 0.0, "FIC_09": 0.0, "FIC_10": 0.0, "FIC_11": 0.0, "FIC_12": 1.0, "SEMRED": 0, "DESCR": " ", "COD_ID": "caaa307adb52b3132daa9e2e4bc79c6eaa3a45e8a7f29c1d438559315b815e9d", "__layer": "UCBT_tab" }, "geometry": null },
{ "type": "Feature", "properties": { "DIST": 390, "PAC": "33750521739598068L", "RAMAL": "9659750S1", "PN_CON": "792224", "UNI_TR_MT": "14426186", "CTMT": "TTI0115", "UNI_TR_AT": "DTTI-EQ-TR2", "SUB": "DTTI", "CONJ": 12986, "MUN": "3550308", "CEG_GD": " ", "BRR": "R CONS COTEGIPE 181 BELENZINHO", "CEP": "03058-000", "CLAS_SUB": "RE1", "CNAE": " ", "TIP_CC": "RES-Tipo01", "FAS_CON": "ABN", "GRU_TEN": "BT", "TEN_FORN": "10", "GRU_TAR": "B1", "SIT_ATIV": "AT", "DAT_CON": "27/06/2018", "CAR_INST": 6.6, "LIV": 0, "ARE_LOC": "UB", "TIP_SIST": "RD_INTERLIG", "ENE_01": 44.52, "ENE_02": 75.0, "ENE_03": 104.0, "ENE_04": 86.0, "ENE_05": 112.0, "ENE_06": 96.0, "ENE_07": 90.0, "ENE_08": 98.0, "ENE_09": 95.0, "ENE_10": 114.0, "ENE_11": 107.0, "ENE_12": 98.06, "DIC_01": 7.58, "DIC_02": 0.16, "DIC_03": 0.0, "DIC_04": 0.0, "DIC_05": 0.0, "DIC_06": 0.0, "DIC_07": 0.0, "DIC_08": 0.0, "DIC_09": 0.0, "DIC_10": 0.0, "DIC_11": 0.0, "DIC_12": 0.23, "FIC_01": 2.0, "FIC_02": 2.0, "FIC_03": 0.0, "FIC_04": 0.0, "FIC_05": 0.0, "FIC_06": 0.0, "FIC_07": 0.0, "FIC_08": 0.0, "FIC_09": 0.0, "FIC_10": 0.0, "FIC_11": 0.0, "FIC_12": 1.0, "SEMRED": 0, "DESCR": " ", "COD_ID": "d4d04a939fc9c6d84dabc7d6bc2c3b0e0b6771a50fe51593ad3f457c0ddee66e", "__layer": "UCBT_tab" }, "geometry": null },
{ "type": "Feature", "properties": { "DIST": 390, "PAC": "33784828739602465L", "RAMAL": "421538122S1", "PN_CON": "802102", "UNI_TR_MT": "14427639", "CTMT": "TTI0114", "UNI_TR_AT": "DTTI-EQ-TR1", "SUB": "DTTI", "CONJ": 12986, "MUN": "3550308", "CEG_GD": " ", "BRR": "R CONS COTEGIPE 522 BELENZINHO", "CEP": "03058-000", "CLAS_SUB": "CO1", "CNAE": "6110-8/03", "TIP_CC": "COM-Tipo02", "FAS_CON": "ABN", "GRU_TEN": "BT", "TEN_FORN": "10", "GRU_TAR": "B3", "SIT_ATIV": "AT", "DAT_CON": "15/08/2019", "CAR_INST": 4.5, "LIV": 0, "ARE_LOC": "UB", "TIP_SIST": "RD_INTERLIG", "ENE_01": 30.0, "ENE_02": 30.0, "ENE_03": 32.612, "ENE_04": 199.0, "ENE_05": 279.0, "ENE_06": 246.0, "ENE_07": 193.2, "ENE_08": 154.94, "ENE_09": 239.0, "ENE_10": 256.0, "ENE_11": 141.01, "ENE_12": 220.9, "DIC_01": 0.0, "DIC_02": 0.0, "DIC_03": 0.08, "DIC_04": 3.35, "DIC_05": 0.0, "DIC_06": 0.0, "DIC_07": 0.0, "DIC_08": 0.0, "DIC_09": 4.99, "DIC_10": 0.0, "DIC_11": 0.0, "DIC_12": 0.0, "FIC_01": 0.0, "FIC_02": 0.0, "FIC_03": 1.0, "FIC_04": 2.0, "FIC_05": 0.0, "FIC_06": 0.0, "FIC_07": 0.0, "FIC_08": 0.0, "FIC_09": 1.0, "FIC_10": 0.0, "FIC_11": 0.0, "FIC_12": 0.0, "SEMRED": 0, "DESCR": " ", "COD_ID": "99c108ec25d201e2fe333796700b549bfb75fc59213dd5dc94b7c8a9dde9afa5", "__layer": "UCBT_tab" }, "geometry": null },
{ "type": "Feature", "properties": { "DIST": 390, "PAC": "33746755739598226L", "RAMAL": "446711052S1", "PN_CON": "790929", "UNI_TR_MT": "14426186", "CTMT": "TTI0115", "UNI_TR_AT": "DTTI-EQ-TR2", "SUB": "DTTI", "CONJ": 12986, "MUN": "3550308", "CEG_GD": " ", "BRR": "R CONS COTEGIPE 130 BELENZINHO", "CEP": "03058-000", "CLAS_SUB": "RE1", "CNAE": " ", "TIP_CC": "RES-Tipo02", "FAS_CON": "ABN", "GRU_TEN": "BT", "TEN_FORN": "10", "GRU_TAR": "B1", "SIT_ATIV": "AT", "DAT_CON": "12/03/2020", "CAR_INST": 17.3, "LIV": 0, "ARE_LOC": "UB", "TIP_SIST": "RD_INTERLIG", "ENE_01": 96.56, "ENE_02": 87.0, "ENE_03": 164.0, "ENE_04": 149.0, "ENE_05": 186.0, "ENE_06": 173.0, "ENE_07": 177.0, "ENE_08": 196.0, "ENE_09": 185.0, "ENE_10": 208.0, "ENE_11": 175.0, "ENE_12": 177.67, "DIC_01": 7.58, "DIC_02": 0.16, "DIC_03": 0.0, "DIC_04": 0.0, "DIC_05": 0.0, "DIC_06": 0.0, "DIC_07": 0.0, "DIC_08": 0.0, "DIC_09": 0.0, "DIC_10": 0.0, "DIC_11": 0.0, "DIC_12": 0.23, "FIC_01": 2.0, "FIC_02": 2.0, "FIC_03": 0.0, "FIC_04": 0.0, "FIC_05": 0.0, "FIC_06": 0.0, "FIC_07": 0.0, "FIC_08": 0.0, "FIC_09": 0.0, "FIC_10": 0.0, "FIC_11": 0.0, "FIC_12": 1.0, "SEMRED": 0, "DESCR": " ", "COD_ID": "5efc1e05dd4b544aa27d490aafb521a315953078014f0e74323a899063fb0888", "__layer": "UCBT_tab" }, "geometry": null },
{ "type": "Feature", "properties": { "DIST": 390, "PAC": "33830406739614519L", "RAMAL": "9727800S1", "PN_CON": "814212", "UNI_TR_MT": "14433230", "CTMT": "TTI0114", "UNI_TR_AT": "DTTI-EQ-TR1", "SUB": "DTTI", "CONJ": 12986, "MUN": "3550308", "CEG_GD": " ", "BRR": "R CONS COTEGIPE 999 BELENZINHO", "CEP": "03058-000", "CLAS_SUB": "RE1", "CNAE": " ", "TIP_CC": "RES-Tipo01", "FAS_CON": "ABN", "GRU_TEN": "BT", "TEN_FORN": "10", "GRU_TAR": "B1", "SIT_ATIV": "AT", "DAT_CON": "18/10/2022", "CAR_INST": 10.0, "LIV": 0, "ARE_LOC": "UB", "TIP_SIST": "RD_INTERLIG", "ENE_01": 3158.52, "ENE_02": 190.0, "ENE_03": 190.0, "ENE_04": 206.0, "ENE_05": 200.0, "ENE_06": 214.0, "ENE_07": 197.0, "ENE_08": 199.0, "ENE_09": 239.0, "ENE_10": 209.0, "ENE_11": 215.0, "ENE_12": 201.95, "DIC_01": 0.0, "DIC_02": 0.0, "DIC_03": 0.08, "DIC_04": 1.02, "DIC_05": 0.0, "DIC_06": 0.0, "DIC_07": 0.0, "DIC_08": 0.0, "DIC_09": 1.76, "DIC_10": 12.71, "DIC_11": 0.0, "DIC_12": 0.0, "FIC_01": 0.0, "FIC_02": 0.0, "FIC_03": 1.0, "FIC_04": 1.0, "FIC_05": 0.0, "FIC_06": 0.0, "FIC_07": 0.0, "FIC_08": 0.0, "FIC_09": 1.0, "FIC_10": 2.0, "FIC_11": 0.0, "FIC_12": 0.0, "SEMRED": 0, "DESCR": " ", "COD_ID": "71d686def04b100e6c18ac74dfaed39911b4796a6b221e13e27e0178ea82cef8", "__layer": "UCBT_tab" }, "geometry": null },
{ "type": "Feature", "properties": { "DIST": 390, "PAC": "33753483739598266L", "RAMAL": "421599937S1", "PN_CON": "792896", "UNI_TR_MT": "14426519", "CTMT": "TTI0115", "UNI_TR_AT": "DTTI-EQ-TR2", "SUB": "DTTI", "CONJ": 12986, "MUN": "3550308", "CEG_GD": " ", "BRR": "R CONS COTEGIPE 211 BELENZINHO", "CEP": "03058-000", "CLAS_SUB": "RE1", "CNAE": " ", "TIP_CC": "RES-Tipo01", "FAS_CON": "ABN", "GRU_TEN": "BT", "TEN_FORN": "10", "GRU_TAR": "B1", "SIT_ATIV": "AT", "DAT_CON": "12/03/2024", "CAR_INST": 10.5, "LIV": 0, "ARE_LOC": "UB", "TIP_SIST": "RD_INTERLIG", "ENE_01": 0.0, "ENE_02": 0.0, "ENE_03": 0.0, "ENE_04": 0.0, "ENE_05": 50.0, "ENE_06": 1141.0, "ENE_07": 368.0, "ENE_08": 360.0, "ENE_09": 291.0, "ENE_10": 296.0, "ENE_11": 210.0, "ENE_12": 148.55, "DIC_01": 0.0, "DIC_02": 0.0, "DIC_03": 0.0, "DIC_04": 0.0, "DIC_05": 0.0, "DIC_06": 0.0, "DIC_07": 0.0, "DIC_08": 0.0, "DIC_09": 0.0, "DIC_10": 0.0, "DIC_11": 0.0, "DIC_12": 0.23, "FIC_01": 0.0, "FIC_02": 0.0, "FIC_03": 0.0, "FIC_04": 0.0, "FIC_05": 0.0, "FIC_06": 0.0, "FIC_07": 0.0, "FIC_08": 0.0, "FIC_09": 0.0, "FIC_10": 0.0, "FIC_11": 0.0, "FIC_12": 1.0, "SEMRED": 0, "DESCR": " ", "COD_ID": "171ba3cb3abaf6f1ed039f63057daa2be04242ccc58485e903df17c5f55a0eb2", "__layer": "UCBT_tab" }, "geometry": null },
{ "type": "Feature", "properties": { "DIST": 390, "PAC": "33808996739608020L", "RAMAL": "421617176S1", "PN_CON": "808527", "UNI_TR_MT": "14432746", "CTMT": "TTI0114", "UNI_TR_AT": "DTTI-EQ-TR1", "SUB": "DTTI", "CONJ": 12986, "MUN": "3550308", "CEG_GD": " ", "BRR": "R CONS COTEGIPE 769 BELENZINHO", "CEP": "03058-000", "CLAS_SUB": "RE1", "CNAE": " ", "TIP_CC": "RES-Tipo02", "FAS_CON": "ABN", "GRU_TEN": "BT", "TEN_FORN": "10", "GRU_TAR": "B1", "SIT_ATIV": "AT", "DAT_CON": "01/04/1985", "CAR_INST": 3.0, "LIV": 0, "ARE_LOC": "UB", "TIP_SIST": "RD_INTERLIG", "ENE_01": 92.06, "ENE_02": 156.0, "ENE_03": 167.0, "ENE_04": 187.0, "ENE_05": 164.0, "ENE_06": 162.0, "ENE_07": 219.0, "ENE_08": 222.0, "ENE_09": 214.0, "ENE_10": 186.0, "ENE_11": 179.0, "ENE_12": 155.34, "DIC_01": 0.0, "DIC_02": 0.0, "DIC_03": 0.08, "DIC_04": 1.02, "DIC_05": 0.0, "DIC_06": 0.0, "DIC_07": 0.0, "DIC_08": 0.0, "DIC_09": 1.76, "DIC_10": 0.0, "DIC_11": 0.0, "DIC_12": 0.0, "FIC_01": 0.0, "FIC_02": 0.0, "FIC_03": 1.0, "FIC_04": 1.0, "FIC_05": 0.0, "FIC_06": 0.0, "FIC_07": 0.0, "FIC_08": 0.0, "FIC_09": 1.0, "FIC_10": 0.0, "FIC_11": 0.0, "FIC_12": 0.0, "SEMRED": 0, "DESCR": " ", "COD_ID": "4873aba31dbabce218d1640487d4157a7e3adc7b51f2d0959e73d57911f3af47", "__layer": "UCBT_tab" }, "geometry": null },
{ "type": "Feature", "properties": { "DIST": 390, "PAC": "33819310739611385L", "RAMAL": "421649643S1", "PN_CON": "811341", "UNI_TR_MT": "14433230", "CTMT": "TTI0114", "UNI_TR_AT": "DTTI-EQ-TR1", "SUB": "DTTI", "CONJ": 12986, "MUN": "3550308", "CEG_GD": " ", "BRR": "R CONS COTEGIPE 883 BELENZINHO", "CEP": "03058-000", "CLAS_SUB": "RE2", "CNAE": " ", "TIP_CC": "RES-Tipo02", "FAS_CON": "ABN", "GRU_TEN": "BT", "TEN_FORN": "10", "GRU_TAR": "B1BR", "SIT_ATIV": "AT", "DAT_CON": "01/07/1980", "CAR_INST": 3.0, "LIV": 0, "ARE_LOC": "UB", "TIP_SIST": "RD_INTERLIG", "ENE_01": 77.55, "ENE_02": 162.0, "ENE_03": 168.0, "ENE_04": 180.0, "ENE_05": 198.0, "ENE_06": 212.0, "ENE_07": 191.0, "ENE_08": 158.0, "ENE_09": 170.0, "ENE_10": 162.0, "ENE_11": 157.0, "ENE_12": 148.55, "DIC_01": 0.0, "DIC_02": 0.0, "DIC_03": 0.08, "DIC_04": 1.02, "DIC_05": 0.0, "DIC_06": 0.0, "DIC_07": 0.0, "DIC_08": 0.0, "DIC_09": 1.76, "DIC_10": 10.18, "DIC_11": 0.0, "DIC_12": 0.0, "FIC_01": 0.0, "FIC_02": 0.0, "FIC_03": 1.0, "FIC_04": 1.0, "FIC_05": 0.0, "FIC_06": 0.0, "FIC_07": 0.0, "FIC_08": 0.0, "FIC_09": 1.0, "FIC_10": 1.0, "FIC_11": 0.0, "FIC_12": 0.0, "SEMRED": 0, "DESCR": " ", "COD_ID": "2bf70e7fcd1c1d2afedd9f898cc20c914ac99349bbf2c5b4e8bc22a16155eadf", "__layer": "UCBT_tab" }, "geometry": null },
{ "type": "Feature", "properties": { "DIST": 390, "PAC": "33795666739604869L", "RAMAL": "421783869S1", "PN_CON": "805034", "UNI_TR_MT": "14432141", "CTMT": "TTI0114", "UNI_TR_AT": "DTTI-EQ-TR1", "SUB": "DTTI", "CONJ": 12986, "MUN": "3550308", "CEG_GD": " ", "BRR": "R CONS COTEGIPE 630 BELENZINHO", "CEP": "03058-000", "CLAS_SUB": "RE1", "CNAE": " ", "TIP_CC": "RES-Tipo03", "FAS_CON": "ABN", "GRU_TEN": "BT", "TEN_FORN": "10", "GRU_TAR": "B1", "SIT_ATIV": "AT", "DAT_CON": "01/02/1961", "CAR_INST": 4.4, "LIV": 0, "ARE_LOC": "UB", "TIP_SIST": "RD_INTERLIG", "ENE_01": 77.55, "ENE_02": 109.0, "ENE_03": 134.0, "ENE_04": 115.0, "ENE_05": 148.0, "ENE_06": 132.0, "ENE_07": 104.0, "ENE_08": 118.0, "ENE_09": 107.0, "ENE_10": 125.0, "ENE_11": 107.0, "ENE_12": 103.88, "DIC_01": 0.0, "DIC_02": 0.0, "DIC_03": 0.08, "DIC_04": 1.02, "DIC_05": 0.0, "DIC_06": 0.0, "DIC_07": 0.0, "DIC_08": 0.0, "DIC_09": 4.99, "DIC_10": 0.0, "DIC_11": 0.0, "DIC_12": 0.0, "FIC_01": 0.0, "FIC_02": 0.0, "FIC_03": 1.0, "FIC_04": 1.0, "FIC_05": 0.0, "FIC_06": 0.0, "FIC_07": 0.0, "FIC_08": 0.0, "FIC_09": 2.0, "FIC_10": 0.0, "FIC_11": 0.0, "FIC_12": 0.0, "SEMRED": 0, "DESCR": " ", "COD_ID": "0c60083f6d0d85ebb1dc1cc0778d1850489ca91a45b6ecbb05aa0c8daffc78bb", "__layer": "UCBT_tab" }, "geometry": null },
{ "type": "Feature", "properties": { "DIST": 390, "PAC": "33753459739598269L", "RAMAL": "421599931S1", "PN_CON": "792896", "UNI_TR_MT": "14426519", "CTMT": "TTI0115", "UNI_TR_AT": "DTTI-EQ-TR2", "SUB": "DTTI", "CONJ": 12986, "MUN": "3550308", "CEG_GD": " ", "BRR": "R CONS COTEGIPE 201 BELENZINHO", "CEP": "03058-000", "CLAS_SUB": "RE1", "CNAE": " ", "TIP_CC": "RES-Tipo04", "FAS_CON": "ABN", "GRU_TEN": "BT", "TEN_FORN": "10", "GRU_TAR": "B1", "SIT_ATIV": "AT", "DAT_CON": "01/11/1976", "CAR_INST": 2.8, "LIV": 0, "ARE_LOC": "UB", "TIP_SIST": "RD_INTERLIG", "ENE_01": 136.59, "ENE_02": 227.0, "ENE_03": 220.0, "ENE_04": 205.0, "ENE_05": 276.0, "ENE_06": 252.0, "ENE_07": 230.0, "ENE_08": 265.0, "ENE_09": 241.0, "ENE_10": 274.0, "ENE_11": 249.0, "ENE_12": 229.13, "DIC_01": 3.76, "DIC_02": 0.16, "DIC_03": 0.0, "DIC_04": 0.0, "DIC_05": 0.0, "DIC_06": 0.0, "DIC_07": 0.0, "DIC_08": 0.0, "DIC_09": 0.0, "DIC_10": 0.0, "DIC_11": 0.0, "DIC_12": 0.23, "FIC_01": 1.0, "FIC_02": 2.0, "FIC_03": 0.0, "FIC_04": 0.0, "FIC_05": 0.0, "FIC_06": 0.0, "FIC_07": 0.0, "FIC_08": 0.0, "FIC_09": 0.0, "FIC_10": 0.0, "FIC_11": 0.0, "FIC_12": 1.0, "SEMRED": 0, "DESCR": " ", "COD_ID": "8a8441f0f25ca060d8d44ecd89cece7abea9ec246f19703a59413dc24306cd74", "__layer": "UCBT_tab" }, "geometry": null },
{ "type": "Feature", "properties": { "DIST": 390, "PAC": "33737136739595523L", "RAMAL": "370722966S1", "PN_CON": "788175", "UNI_TR_MT": "14426186", "CTMT": "TTI0115", "UNI_TR_AT": "DTTI-EQ-TR2", "SUB": "DTTI", "CONJ": 12986, "MUN": "3550308", "CEG_GD": " ", "BRR": "R CONS COTEGIPE 55 BELENZINHO", "CEP": "03058-000", "CLAS_SUB": "RE1", "CNAE": " ", "TIP_CC": "RES-Tipo04", "FAS_CON": "ABN", "GRU_TEN": "BT", "TEN_FORN": "10", "GRU_TAR": "B1", "SIT_ATIV": "AT", "DAT_CON": "01/12/1986", "CAR_INST": 6.5, "LIV": 0, "ARE_LOC": "UB", "TIP_SIST": "RD_INTERLIG", "ENE_01": 138.59, "ENE_02": 163.0, "ENE_03": 254.0, "ENE_04": 262.0, "ENE_05": 261.0, "ENE_06": 265.0, "ENE_07": 234.0, "ENE_08": 215.0, "ENE_09": 275.0, "ENE_10": 241.0, "ENE_11": 227.0, "ENE_12": 207.77, "DIC_01": 7.58, "DIC_02": 0.16, "DIC_03": 0.0, "DIC_04": 0.0, "DIC_05": 0.0, "DIC_06": 0.0, "DIC_07": 0.0, "DIC_08": 0.0, "DIC_09": 0.0, "DIC_10": 0.0, "DIC_11": 0.0, "DIC_12": 0.23, "FIC_01": 2.0, "FIC_02": 2.0, "FIC_03": 0.0, "FIC_04": 0.0, "FIC_05": 0.0, "FIC_06": 0.0, "FIC_07": 0.0, "FIC_08": 0.0, "FIC_09": 0.0, "FIC_10": 0.0, "FIC_11": 0.0, "FIC_12": 1.0, "SEMRED": 0, "DESCR": " ", "COD_ID": "1305401064ca37ff7ccd38c988dc4ac288c40fa2e5b3a7f8b354028d51eba101", "__layer": "UCBT_tab" }, "geometry": null },
{ "type": "Feature", "properties": { "DIST": 390, "PAC": "33840223739616685L", "RAMAL": "9735619S1", "PN_CON": "817146", "UNI_TR_MT": "14433831", "CTMT": "TTI0103", "UNI_TR_AT": "DTTI-EQ-TR1", "SUB": "DTTI", "CONJ": 12986, "MUN": "3550308", "CEG_GD": " ", "BRR": "R CONS COTEGIPE 1099 BELENZINHO", "CEP": "03058-000", "CLAS_SUB": "RE1", "CNAE": " ", "TIP_CC": "RES-Tipo01", "FAS_CON": "ABN", "GRU_TEN": "BT", "TEN_FORN": "10", "GRU_TAR": "B1", "SIT_ATIV": "AT", "DAT_CON": "07/05/1997", "CAR_INST": 4.5, "LIV": 0, "ARE_LOC": "UB", "TIP_SIST": "RD_INTERLIG", "ENE_01": 51.53, "ENE_02": 228.0, "ENE_03": 155.0, "ENE_04": 141.0, "ENE_05": 153.0, "ENE_06": 127.0, "ENE_07": 125.0, "ENE_08": 115.0, "ENE_09": 132.0, "ENE_10": 132.0, "ENE_11": 124.0, "ENE_12": 120.39, "DIC_01": 0.0, "DIC_02": 0.0, "DIC_03": 0.0, "DIC_04": 0.0, "DIC_05": 0.0, "DIC_06": 0.0, "DIC_07": 0.0, "DIC_08": 0.0, "DIC_09": 0.0, "DIC_10": 2.07, "DIC_11": 0.0, "DIC_12": 0.0, "FIC_01": 0.0, "FIC_02": 0.0, "FIC_03": 0.0, "FIC_04": 0.0, "FIC_05": 0.0, "FIC_06": 0.0, "FIC_07": 0.0, "FIC_08": 0.0, "FIC_09": 0.0, "FIC_10": 1.0, "FIC_11": 0.0, "FIC_12": 0.0, "SEMRED": 0, "DESCR": " ", "COD_ID": "5b4365466e011e74ba474089046e67e4cfe70a29a9fda895065e5092fecf9dd8", "__layer": "UCBT_tab" }, "geometry": null },
{ "type": "Feature", "properties": { "DIST": 390, "PAC": "33753554739598243L", "RAMAL": "421599955S1", "PN_CON": "792896", "UNI_TR_MT": "14426519", "CTMT": "TTI0115", "UNI_TR_AT": "DTTI-EQ-TR2", "SUB": "DTTI", "CONJ": 12986, "MUN": "3550308", "CEG_GD": " ", "BRR": "R CONS COTEGIPE 245 BELENZINHO", "CEP": "03058-000", "CLAS_SUB": "RE1", "CNAE": " ", "TIP_CC": "RES-Tipo01", "FAS_CON": "ABN", "GRU_TEN": "BT", "TEN_FORN": "10", "GRU_TAR": "B1", "SIT_ATIV": "AT", "DAT_CON": "26/05/2006", "CAR_INST": 8.1, "LIV": 0, "ARE_LOC": "UB", "TIP_SIST": "RD_INTERLIG", "ENE_01": 0.0, "ENE_02": 0.0, "ENE_03": 0.0, "ENE_04": 0.0, "ENE_05": 101.0, "ENE_06": 66.0, "ENE_07": 47.0, "ENE_08": 31.0, "ENE_09": 35.0, "ENE_10": 56.0, "ENE_11": 59.0, "ENE_12": 42.72, "DIC_01": 0.0, "DIC_02": 0.0, "DIC_03": 0.0, "DIC_04": 0.0, "DIC_05": 0.0, "DIC_06": 0.0, "DIC_07": 0.0, "DIC_08": 0.0, "DIC_09": 0.0, "DIC_10": 0.0, "DIC_11": 0.0, "DIC_12": 0.23, "FIC_01": 0.0, "FIC_02": 0.0, "FIC_03": 0.0, "FIC_04": 0.0, "FIC_05": 0.0, "FIC_06": 0.0, "FIC_07": 0.0, "FIC_08": 0.0, "FIC_09": 0.0, "FIC_10": 0.0, "FIC_11": 0.0, "FIC_12": 1.0, "SEMRED": 0, "DESCR": " ", "COD_ID": "2db74c5d0d2eb5c1236c715779249441a7eb2d09f8d52661452e3b66ce2ea168", "__layer": "UCBT_tab" }, "geometry": null },
{ "type": "Feature", "properties": { "DIST": 390, "PAC": "33755783739598466L", "RAMAL": "421487272S1", "PN_CON": "793567", "UNI_TR_MT": "14426519", "CTMT": "TTI0115", "UNI_TR_AT": "DTTI-EQ-TR2", "SUB": "DTTI", "CONJ": 12986, "MUN": "3550308", "CEG_GD": " ", "BRR": "R CONS COTEGIPE 245 BELENZINHO", "CEP": "03058-000", "CLAS_SUB": "IN", "CNAE": "2592-6/01", "TIP_CC": "IND-Tipo05", "FAS_CON": "ABN", "GRU_TEN": "BT", "TEN_FORN": "10", "GRU_TAR": "B3", "SIT_ATIV": "AT", "DAT_CON": "13/07/2006", "CAR_INST": 3.1, "LIV": 0, "ARE_LOC": "UB", "TIP_SIST": "RD_INTERLIG", "ENE_01": 353.0, "ENE_02": 416.0, "ENE_03": 503.0, "ENE_04": 473.0, "ENE_05": 498.0, "ENE_06": 512.0, "ENE_07": 493.0, "ENE_08": 544.0, "ENE_09": 543.0, "ENE_10": 495.0, "ENE_11": 525.0, "ENE_12": 462.31, "DIC_01": 3.76, "DIC_02": 0.16, "DIC_03": 0.0, "DIC_04": 0.0, "DIC_05": 0.0, "DIC_06": 0.0, "DIC_07": 0.0, "DIC_08": 0.0, "DIC_09": 0.0, "DIC_10": 0.0, "DIC_11": 0.0, "DIC_12": 0.23, "FIC_01": 1.0, "FIC_02": 2.0, "FIC_03": 0.0, "FIC_04": 0.0, "FIC_05": 0.0, "FIC_06": 0.0, "FIC_07": 0.0, "FIC_08": 0.0, "FIC_09": 0.0, "FIC_10": 0.0, "FIC_11": 0.0, "FIC_12": 1.0, "SEMRED": 0, "DESCR": " ", "COD_ID": "2ac0a832afedee497906711a32f74dc701ce1060f079479276e6a8bd5bd8e140", "__layer": "UCBT_tab" }, "geometry": null },
{ "type": "Feature", "properties": { "DIST": 390, "PAC": "33754071739611908L", "RAMAL": "9662054S1", "PN_CON": "792872", "UNI_TR_MT": "14426514", "CTMT": "TTI0115", "UNI_TR_AT": "DTTI-EQ-TR2", "SUB": "DTTI", "CONJ": 12986, "MUN": "3550308", "CEG_GD": " ", "BRR": "R CONS COTEGIPE 219 BELENZINHO", "CEP": "03058-000", "CLAS_SUB": "RE1", "CNAE": " ", "TIP_CC": "RES-Tipo01", "FAS_CON": "ABN", "GRU_TEN": "BT", "TEN_FORN": "10", "GRU_TAR": "B1", "SIT_ATIV": "AT", "DAT_CON": "09/12/2013", "CAR_INST": 10.8, "LIV": 0, "ARE_LOC": "UB", "TIP_SIST": "RD_INTERLIG", "ENE_01": 34.52, "ENE_02": 65.0, "ENE_03": 50.0, "ENE_04": 61.0, "ENE_05": 26.0, "ENE_06": 50.0, "ENE_07": 50.0, "ENE_08": 50.0, "ENE_09": 50.0, "ENE_10": 30.0, "ENE_11": 104.0, "ENE_12": 88.35, "DIC_01": 8.36, "DIC_02": 0.16, "DIC_03": 0.0, "DIC_04": 0.0, "DIC_05": 0.0, "DIC_06": 0.0, "DIC_07": 0.0, "DIC_08": 0.0, "DIC_09": 0.0, "DIC_10": 0.0, "DIC_11": 0.0, "DIC_12": 0.23, "FIC_01": 2.0, "FIC_02": 2.0, "FIC_03": 0.0, "FIC_04": 0.0, "FIC_05": 0.0, "FIC_06": 0.0, "FIC_07": 0.0, "FIC_08": 0.0, "FIC_09": 0.0, "FIC_10": 0.0, "FIC_11": 0.0, "FIC_12": 1.0, "SEMRED": 0, "DESCR": " ", "COD_ID": "756221c742517571bed847e1f0158560ff4339af9854b83171bd204a4a066976", "__layer": "UCBT_tab" }, "geometry": null },
{ "type": "Feature", "properties": { "DIST": 390, "PAC": "33754071739611908L", "RAMAL": "9662054S1", "PN_CON": "792872", "UNI_TR_MT": "14426514", "CTMT": "TTI0115", "UNI_TR_AT": "DTTI-EQ-TR2", "SUB": "DTTI", "CONJ": 12986, "MUN": "3550308", "CEG_GD": " ", "BRR": "R CONS COTEGIPE 219 BELENZINHO", "CEP": "03058-000", "CLAS_SUB": "RE1", "CNAE": " ", "TIP_CC": "RES-Tipo04", "FAS_CON": "ABN", "GRU_TEN": "BT", "TEN_FORN": "10", "GRU_TAR": "B1", "SIT_ATIV": "AT", "DAT_CON": "09/12/2013", "CAR_INST": 10.8, "LIV": 0, "ARE_LOC": "UB", "TIP_SIST": "RD_INTERLIG", "ENE_01": 148.09, "ENE_02": 261.0, "ENE_03": 268.0, "ENE_04": 296.0, "ENE_05": 292.0, "ENE_06": 313.0, "ENE_07": 272.0, "ENE_08": 241.0, "ENE_09": 293.0, "ENE_10": 319.0, "ENE_11": 305.0, "ENE_12": 191.27, "DIC_01": 8.36, "DIC_02": 0.16, "DIC_03": 0.0, "DIC_04": 0.0, "DIC_05": 0.0, "DIC_06": 0.0, "DIC_07": 0.0, "DIC_08": 0.0, "DIC_09": 0.0, "DIC_10": 0.0, "DIC_11": 0.0, "DIC_12": 0.23, "FIC_01": 2.0, "FIC_02": 2.0, "FIC_03": 0.0, "FIC_04": 0.0, "FIC_05": 0.0, "FIC_06": 0.0, "FIC_07": 0.0, "FIC_08": 0.0, "FIC_09": 0.0, "FIC_10": 0.0, "FIC_11": 0.0, "FIC_12": 1.0, "SEMRED": 0, "DESCR": " ", "COD_ID": "1cbc41c7da4405d1888bcdb256e16208954951cfd80249aa5bc656266e9fbbc5", "__layer": "UCBT_tab" }, "geometry": null },
{ "type": "Feature", "properties": { "DIST": 390, "PAC": "33754071739611908L", "RAMAL": "9662054S1", "PN_CON": "792872", "UNI_TR_MT": "14426514", "CTMT": "TTI0115", "UNI_TR_AT": "DTTI-EQ-TR2", "SUB": "DTTI", "CONJ": 12986, "MUN": "3550308", "CEG_GD": " ", "BRR": "R CONS COTEGIPE 219 BELENZINHO", "CEP": "03058-000", "CLAS_SUB": "RE1", "CNAE": " ", "TIP_CC": "RES-Tipo03", "FAS_CON": "ABN", "GRU_TEN": "BT", "TEN_FORN": "10", "GRU_TAR": "B1", "SIT_ATIV": "AT", "DAT_CON": "09/12/2013", "CAR_INST": 10.8, "LIV": 0, "ARE_LOC": "UB", "TIP_SIST": "RD_INTERLIG", "ENE_01": 79.55, "ENE_02": 131.0, "ENE_03": 111.0, "ENE_04": 123.0, "ENE_05": 87.0, "ENE_06": 110.0, "ENE_07": 90.0, "ENE_08": 99.0, "ENE_09": 100.0, "ENE_10": 111.0, "ENE_11": 107.0, "ENE_12": 104.85, "DIC_01": 8.36, "DIC_02": 0.16, "DIC_03": 0.0, "DIC_04": 0.0, "DIC_05": 0.0, "DIC_06": 0.0, "DIC_07": 0.0, "DIC_08": 0.0, "DIC_09": 0.0, "DIC_10": 0.0, "DIC_11": 0.0, "DIC_12": 0.23, "FIC_01": 2.0, "FIC_02": 2.0, "FIC_03": 0.0, "FIC_04": 0.0, "FIC_05": 0.0, "FIC_06": 0.0, "FIC_07": 0.0, "FIC_08": 0.0, "FIC_09": 0.0, "FIC_10": 0.0, "FIC_11": 0.0, "FIC_12": 1.0, "SEMRED": 0, "DESCR": " ", "COD_ID": "7c8f605db02b4a29b6752772c918a349f342a88f41b4cd77fd9d31e0fe9a519e", "__layer": "UCBT_tab" }, "geometry": null },
{ "type": "Feature", "properties": { "DIST": 390, "PAC": "33754071739611908L", "RAMAL": "9662054S1", "PN_CON": "792872", "UNI_TR_MT": "14426514", "CTMT": "TTI0115", "UNI_TR_AT": "DTTI-EQ-TR2", "SUB": "DTTI", "CONJ": 12986, "MUN": "3550308", "CEG_GD": " ", "BRR": "R CONS COTEGIPE 219 BELENZINHO", "CEP": "03058-000", "CLAS_SUB": "RE1", "CNAE": " ", "TIP_CC": "RES-Tipo01", "FAS_CON": "ABN", "GRU_TEN": "BT", "TEN_FORN": "10", "GRU_TAR": "B1", "SIT_ATIV": "AT", "DAT_CON": "09/12/2013", "CAR_INST": 10.8, "LIV": 0, "ARE_LOC": "UB", "TIP_SIST": "RD_INTERLIG", "ENE_01": 29.51, "ENE_02": 99.0, "ENE_03": 123.0, "ENE_04": 142.0, "ENE_05": 122.0, "ENE_06": 131.0, "ENE_07": 101.0, "ENE_08": 95.0, "ENE_09": 86.0, "ENE_10": 103.0, "ENE_11": 50.0, "ENE_12": 33.01, "DIC_01": 8.36, "DIC_02": 0.16, "DIC_03": 0.0, "DIC_04": 0.0, "DIC_05": 0.0, "DIC_06": 0.0, "DIC_07": 0.0, "DIC_08": 0.0, "DIC_09": 0.0, "DIC_10": 0.0, "DIC_11": 0.0, "DIC_12": 0.23, "FIC_01": 2.0, "FIC_02": 2.0, "FIC_03": 0.0, "FIC_04": 0.0, "FIC_05": 0.0, "FIC_06": 0.0, "FIC_07": 0.0, "FIC_08": 0.0, "FIC_09": 0.0, "FIC_10": 0.0, "FIC_11": 0.0, "FIC_12": 1.0, "SEMRED": 0, "DESCR": " ", "COD_ID": "a323c0ff1fe0ece9e68e0d3eabdc8a40b9ff7077fe6aeac2ba666a1e13917083", "__layer": "UCBT_tab" }, "geometry": null },
{ "type": "Feature", "properties": { "DIST": 390, "PAC": "33754071739611908L", "RAMAL": "9662054S1", "PN_CON": "792872", "UNI_TR_MT": "14426514", "CTMT": "TTI0115", "UNI_TR_AT": "DTTI-EQ-TR2", "SUB": "DTTI", "CONJ": 12986, "MUN": "3550308", "CEG_GD": " ", "BRR": "R CONS COTEGIPE 219 BELENZINHO", "CEP": "03058-000", "CLAS_SUB": "RE1", "CNAE": " ", "TIP_CC": "RES-Tipo03", "FAS_CON": "ABN", "GRU_TEN": "BT", "TEN_FORN": "10", "GRU_TAR": "B1", "SIT_ATIV": "AT", "DAT_CON": "09/12/2013", "CAR_INST": 10.8, "LIV": 0, "ARE_LOC": "UB", "TIP_SIST": "RD_INTERLIG", "ENE_01": 52.03, "ENE_02": 123.0, "ENE_03": 100.0, "ENE_04": 122.0, "ENE_05": 107.0, "ENE_06": 108.0, "ENE_07": 106.0, "ENE_08": 108.0, "ENE_09": 50.0, "ENE_10": 104.0, "ENE_11": 100.0, "ENE_12": 100.0, "DIC_01": 8.36, "DIC_02": 0.16, "DIC_03": 0.0, "DIC_04": 0.0, "DIC_05": 0.0, "DIC_06": 0.0, "DIC_07": 0.0, "DIC_08": 0.0, "DIC_09": 0.0, "DIC_10": 0.0, "DIC_11": 0.0, "DIC_12": 0.23, "FIC_01": 2.0, "FIC_02": 2.0, "FIC_03": 0.0, "FIC_04": 0.0, "FIC_05": 0.0, "FIC_06": 0.0, "FIC_07": 0.0, "FIC_08": 0.0, "FIC_09": 0.0, "FIC_10": 0.0, "FIC_11": 0.0, "FIC_12": 1.0, "SEMRED": 0, "DESCR": " ", "COD_ID": "d54d41521bcdc68738423f60f7bde9ebe88db78ad53b6d00dc7f38368e4f88a1", "__layer": "UCBT_tab" }, "geometry": null },
{ "type": "Feature", "properties": { "DIST": 390, "PAC": "33754071739611908L", "RAMAL": "9662054S1", "PN_CON": "792872", "UNI_TR_MT": "14426514", "CTMT": "TTI0115", "UNI_TR_AT": "DTTI-EQ-TR2", "SUB": "DTTI", "CONJ": 12986, "MUN": "3550308", "CEG_GD": " ", "BRR": "R CONS COTEGIPE 219 BELENZINHO", "CEP": "03058-000", "CLAS_SUB": "RE1", "CNAE": " ", "TIP_CC": "RES-Tipo04", "FAS_CON": "ABN", "GRU_TEN": "BT", "TEN_FORN": "10", "GRU_TAR": "B1", "SIT_ATIV": "AT", "DAT_CON": "09/12/2013", "CAR_INST": 10.8, "LIV": 0, "ARE_LOC": "UB", "TIP_SIST": "RD_INTERLIG", "ENE_01": 142.09, "ENE_02": 282.0, "ENE_03": 259.0, "ENE_04": 287.0, "ENE_05": 251.0, "ENE_06": 269.0, "ENE_07": 218.0, "ENE_08": 240.0, "ENE_09": 286.0, "ENE_10": 258.0, "ENE_11": 250.0, "ENE_12": 266.03, "DIC_01": 8.36, "DIC_02": 0.16, "DIC_03": 0.0, "DIC_04": 0.0, "DIC_05": 0.0, "DIC_06": 0.0, "DIC_07": 0.0, "DIC_08": 0.0, "DIC_09": 0.0, "DIC_10": 0.0, "DIC_11": 0.0, "DIC_12": 0.23, "FIC_01": 2.0, "FIC_02": 2.0, "FIC_03": 0.0, "FIC_04": 0.0, "FIC_05": 0.0, "FIC_06": 0.0, "FIC_07": 0.0, "FIC_08": 0.0, "FIC_09": 0.0, "FIC_10": 0.0, "FIC_11": 0.0, "FIC_12": 1.0, "SEMRED": 0, "DESCR": " ", "COD_ID": "90a220de6bd5eaf5414f48b0029191361e1769cac7f395e69289c5296a0be233", "__layer": "UCBT_tab" }, "geometry": null },
{ "type": "Feature", "properties": { "DIST": 390, "PAC": "33754071739611908L", "RAMAL": "9662054S1", "PN_CON": "792872", "UNI_TR_MT": "14426514", "CTMT": "TTI0115", "UNI_TR_AT": "DTTI-EQ-TR2", "SUB": "DTTI", "CONJ": 12986, "MUN": "3550308", "CEG_GD": " ", "BRR": "R CONS COTEGIPE 219 BELENZINHO", "CEP": "03058-000", "CLAS_SUB": "RE5", "CNAE": " ", "TIP_CC": "RES-Tipo02", "FAS_CON": "ABN", "GRU_TEN": "BT", "TEN_FORN": "10", "GRU_TAR": "B1BR", "SIT_ATIV": "AT", "DAT_CON": "09/12/2013", "CAR_INST": 10.8, "LIV": 0, "ARE_LOC": "UB", "TIP_SIST": "RD_INTERLIG", "ENE_01": 85.05, "ENE_02": 199.0, "ENE_03": 177.0, "ENE_04": 205.0, "ENE_05": 179.0, "ENE_06": 193.0, "ENE_07": 190.0, "ENE_08": 203.0, "ENE_09": 194.0, "ENE_10": 172.0, "ENE_11": 170.0, "ENE_12": 179.62, "DIC_01": 8.36, "DIC_02": 0.16, "DIC_03": 0.0, "DIC_04": 0.0, "DIC_05": 0.0, "DIC_06": 0.0, "DIC_07": 0.0, "DIC_08": 0.0, "DIC_09": 0.0, "DIC_10": 0.0, "DIC_11": 0.0, "DIC_12": 0.23, "FIC_01": 2.0, "FIC_02": 2.0, "FIC_03": 0.0, "FIC_04": 0.0, "FIC_05": 0.0, "FIC_06": 0.0, "FIC_07": 0.0, "FIC_08": 0.0, "FIC_09": 0.0, "FIC_10": 0.0, "FIC_11": 0.0, "FIC_12": 1.0, "SEMRED": 0, "DESCR": " ", "COD_ID": "2c31c8f267f4aa5a75b88a6bfba4ef28d52391c4fc2eefc5d841c58e5f970313", "__layer": "UCBT_tab" }, "geometry": null },
{ "type": "Feature", "properties": { "DIST": 390, "PAC": "33754071739611908L", "RAMAL": "9662054S1", "PN_CON": "792872", "UNI_TR_MT": "14426514", "CTMT": "TTI0115", "UNI_TR_AT": "DTTI-EQ-TR2", "SUB": "DTTI", "CONJ": 12986, "MUN": "3550308", "CEG_GD": " ", "BRR": "R CONS COTEGIPE 219 BELENZINHO", "CEP": "03058-000", "CLAS_SUB": "RE1", "CNAE": " ", "TIP_CC": "RES-Tipo01", "FAS_CON": "ABN", "GRU_TEN": "BT", "TEN_FORN": "10", "GRU_TAR": "B1", "SIT_ATIV": "AT", "DAT_CON": "09/12/2013", "CAR_INST": 10.5, "LIV": 0, "ARE_LOC": "UB", "TIP_SIST": "RD_INTERLIG", "ENE_01": 48.53, "ENE_02": 74.0, "ENE_03": 58.0, "ENE_04": 78.0, "ENE_05": 105.0, "ENE_06": 69.0, "ENE_07": 74.0, "ENE_08": 65.0, "ENE_09": 63.0, "ENE_10": 71.0, "ENE_11": 56.0, "ENE_12": 76.7, "DIC_01": 8.36, "DIC_02": 0.16, "DIC_03": 0.0, "DIC_04": 0.0, "DIC_05": 0.0, "DIC_06": 0.0, "DIC_07": 0.0, "DIC_08": 0.0, "DIC_09": 0.0, "DIC_10": 0.0, "DIC_11": 0.0, "DIC_12": 0.23, "FIC_01": 2.0, "FIC_02": 2.0, "FIC_03": 0.0, "FIC_04": 0.0, "FIC_05": 0.0, "FIC_06": 0.0, "FIC_07": 0.0, "FIC_08": 0.0, "FIC_09": 0.0, "FIC_10": 0.0, "FIC_11": 0.0, "FIC_12": 1.0, "SEMRED": 0, "DESCR": " ", "COD_ID": "23d69b494a56a77149d2e7c131f849965ea5c818fbf05124c48fc0fdb51f9486", "__layer": "UCBT_tab" }, "geometry": null },
{ "type": "Feature", "properties": { "DIST": 390, "PAC": "33754071739611908L", "RAMAL": "9662054S1", "PN_CON": "792872", "UNI_TR_MT": "14426514", "CTMT": "TTI0115", "UNI_TR_AT": "DTTI-EQ-TR2", "SUB": "DTTI", "CONJ": 12986, "MUN": "3550308", "CEG_GD": " ", "BRR": "R CONS COTEGIPE 219 BELENZINHO", "CEP": "03058-000", "CLAS_SUB": "RE1", "CNAE": " ", "TIP_CC": "RES-Tipo02", "FAS_CON": "ABN", "GRU_TEN": "BT", "TEN_FORN": "10", "GRU_TAR": "B1", "SIT_ATIV": "AT", "DAT_CON": "09/12/2013", "CAR_INST": 10.5, "LIV": 0, "ARE_LOC": "UB", "TIP_SIST": "RD_INTERLIG", "ENE_01": 66.54, "ENE_02": 165.0, "ENE_03": 127.0, "ENE_04": 226.0, "ENE_05": 129.0, "ENE_06": 167.0, "ENE_07": 123.0, "ENE_08": 109.0, "ENE_09": 145.0, "ENE_10": 257.0, "ENE_11": 156.0, "ENE_12": 202.92, "DIC_01": 8.36, "DIC_02": 0.16, "DIC_03": 0.0, "DIC_04": 0.0, "DIC_05": 0.0, "DIC_06": 0.0, "DIC_07": 0.0, "DIC_08": 0.0, "DIC_09": 0.0, "DIC_10": 0.0, "DIC_11": 0.0, "DIC_12": 0.23, "FIC_01": 2.0, "FIC_02": 2.0, "FIC_03": 0.0, "FIC_04": 0.0, "FIC_05": 0.0, "FIC_06": 0.0, "FIC_07": 0.0, "FIC_08": 0.0, "FIC_09": 0.0, "FIC_10": 0.0, "FIC_11": 0.0, "FIC_12": 1.0, "SEMRED": 0, "DESCR": " ", "COD_ID": "60accaa78cba455384d7e5dffa9fe196bac0a8fb682cb5624780021e5055ba52", "__layer": "UCBT_tab" }, "geometry": null },
{ "type": "Feature", "properties": { "DIST": 390, "PAC": "33754071739611908L", "RAMAL": "9662054S1", "PN_CON": "792872", "UNI_TR_MT": "14426514", "CTMT": "TTI0115", "UNI_TR_AT": "DTTI-EQ-TR2", "SUB": "DTTI", "CONJ": 12986, "MUN": "3550308", "CEG_GD": " ", "BRR": "R CONS COTEGIPE 219 BELENZINHO", "CEP": "03058-000", "CLAS_SUB": "RE1", "CNAE": " ", "TIP_CC": "RES-Tipo01", "FAS_CON": "ABN", "GRU_TEN": "BT", "TEN_FORN": "10", "GRU_TAR": "B1", "SIT_ATIV": "AT", "DAT_CON": "09/12/2013", "CAR_INST": 10.5, "LIV": 0, "ARE_LOC": "UB", "TIP_SIST": "RD_INTERLIG", "ENE_01": 22.01, "ENE_02": 40.0, "ENE_03": 36.0, "ENE_04": 43.0, "ENE_05": 50.0, "ENE_06": 44.0, "ENE_07": 37.0, "ENE_08": 39.0, "ENE_09": 43.0, "ENE_10": 42.0, "ENE_11": 50.0, "ENE_12": 48.54, "DIC_01": 8.36, "DIC_02": 0.16, "DIC_03": 0.0, "DIC_04": 0.0, "DIC_05": 0.0, "DIC_06": 0.0, "DIC_07": 0.0, "DIC_08": 0.0, "DIC_09": 0.0, "DIC_10": 0.0, "DIC_11": 0.0, "DIC_12": 0.23, "FIC_01": 2.0, "FIC_02": 2.0, "FIC_03": 0.0, "FIC_04": 0.0, "FIC_05": 0.0, "FIC_06": 0.0, "FIC_07": 0.0, "FIC_08": 0.0, "FIC_09": 0.0, "FIC_10": 0.0, "FIC_11": 0.0, "FIC_12": 1.0, "SEMRED": 0, "DESCR": " ", "COD_ID": "c54ad3eb547ee64e2648653f7e5ac5fb94dc9607e589ad73bce8e8d45c68fa7f", "__layer": "UCBT_tab" }, "geometry": null },
{ "type": "Feature", "properties": { "DIST": 390, "PAC": "33754071739611908L", "RAMAL": "9662054S1", "PN_CON": "792872", "UNI_TR_MT": "14426514", "CTMT": "TTI0115", "UNI_TR_AT": "DTTI-EQ-TR2", "SUB": "DTTI", "CONJ": 12986, "MUN": "3550308", "CEG_GD": " ", "BRR": "R CONS COTEGIPE 219 BELENZINHO", "CEP": "03058-000", "CLAS_SUB": "RE1", "CNAE": " ", "TIP_CC": "RES-Tipo03", "FAS_CON": "ABN", "GRU_TEN": "BT", "TEN_FORN": "10", "GRU_TAR": "B1", "SIT_ATIV": "AT", "DAT_CON": "09/12/2013", "CAR_INST": 6.3, "LIV": 0, "ARE_LOC": "UB", "TIP_SIST": "RD_INTERLIG", "ENE_01": 89.56, "ENE_02": 230.0, "ENE_03": 204.0, "ENE_04": 236.0, "ENE_05": 214.0, "ENE_06": 224.0, "ENE_07": 176.0, "ENE_08": 183.0, "ENE_09": 199.0, "ENE_10": 218.0, "ENE_11": 219.0, "ENE_12": 233.99, "DIC_01": 8.36, "DIC_02": 0.16, "DIC_03": 0.0, "DIC_04": 0.0, "DIC_05": 0.0, "DIC_06": 0.0, "DIC_07": 0.0, "DIC_08": 0.0, "DIC_09": 0.0, "DIC_10": 0.0, "DIC_11": 0.0, "DIC_12": 0.23, "FIC_01": 2.0, "FIC_02": 2.0, "FIC_03": 0.0, "FIC_04": 0.0, "FIC_05": 0.0, "FIC_06": 0.0, "FIC_07": 0.0, "FIC_08": 0.0, "FIC_09": 0.0, "FIC_10": 0.0, "FIC_11": 0.0, "FIC_12": 1.0, "SEMRED": 0, "DESCR": " ", "COD_ID": "f3a1d86ccc58d99ee1d7f54111d91e24b12629fb2d0947f2b4bf47ef936c51ae", "__layer": "UCBT_tab" }, "geometry": null },
{ "type": "Feature", "properties": { "DIST": 390, "PAC": "33754071739611908L", "RAMAL": "9662054S1", "PN_CON": "792872", "UNI_TR_MT": "14426514", "CTMT": "TTI0115", "UNI_TR_AT": "DTTI-EQ-TR2", "SUB": "DTTI", "CONJ": 12986, "MUN": "3550308", "CEG_GD": " ", "BRR": "R CONS COTEGIPE 219 BELENZINHO", "CEP": "03058-000", "CLAS_SUB": "RE1", "CNAE": " ", "TIP_CC": "RES-Tipo01", "FAS_CON": "ABCN", "GRU_TEN": "BT", "TEN_FORN": "10", "GRU_TAR": "B1", "SIT_ATIV": "AT", "DAT_CON": "09/12/2013", "CAR_INST": 10.5, "LIV": 0, "ARE_LOC": "UB", "TIP_SIST": "RD_INTERLIG", "ENE_01": 59.03, "ENE_02": 101.0, "ENE_03": 90.0, "ENE_04": 117.0, "ENE_05": 109.0, "ENE_06": 127.0, "ENE_07": 94.0, "ENE_08": 87.0, "ENE_09": 100.0, "ENE_10": 95.0, "ENE_11": 92.0, "ENE_12": 98.06, "DIC_01": 8.36, "DIC_02": 0.16, "DIC_03": 0.0, "DIC_04": 0.0, "DIC_05": 0.0, "DIC_06": 0.0, "DIC_07": 0.0, "DIC_08": 0.0, "DIC_09": 0.0, "DIC_10": 0.0, "DIC_11": 0.0, "DIC_12": 0.23, "FIC_01": 2.0, "FIC_02": 2.0, "FIC_03": 0.0, "FIC_04": 0.0, "FIC_05": 0.0, "FIC_06": 0.0, "FIC_07": 0.0, "FIC_08": 0.0, "FIC_09": 0.0, "FIC_10": 0.0, "FIC_11": 0.0, "FIC_12": 1.0, "SEMRED": 0, "DESCR": " ", "COD_ID": "4ce3e0e143fb536de07fdb092861e00adb4bc33c37b4a16a7ab1a85630a42b68", "__layer": "UCBT_tab" }, "geometry": null },
{ "type": "Feature", "properties": { "DIST": 390, "PAC": "33740766739596649L", "RAMAL": "421642085S1", "PN_CON": "789185", "UNI_TR_MT": "14426186", "CTMT": "TTI0115", "UNI_TR_AT": "DTTI-EQ-TR2", "SUB": "DTTI", "CONJ": 12986, "MUN": "3550308", "CEG_GD": " ", "BRR": "R CONS COTEGIPE 80 BELENZINHO", "CEP": "03058-000", "CLAS_SUB": "CO1", "CNAE": "6822-6/00", "TIP_CC": "RES-Tipo04", "FAS_CON": "ABN", "GRU_TEN": "BT", "TEN_FORN": "10", "GRU_TAR": "B3", "SIT_ATIV": "AT", "DAT_CON": "25/11/2015", "CAR_INST": 4.7, "LIV": 0, "ARE_LOC": "UB", "TIP_SIST": "RD_INTERLIG", "ENE_01": 305.0, "ENE_02": 271.0, "ENE_03": 321.773, "ENE_04": 164.0, "ENE_05": 108.0, "ENE_06": 92.0, "ENE_07": 169.68, "ENE_08": 119.56, "ENE_09": 179.0, "ENE_10": 481.0, "ENE_11": 195.29, "ENE_12": 359.56, "DIC_01": 7.58, "DIC_02": 0.16, "DIC_03": 0.0, "DIC_04": 0.0, "DIC_05": 0.0, "DIC_06": 0.0, "DIC_07": 0.0, "DIC_08": 0.0, "DIC_09": 0.0, "DIC_10": 0.0, "DIC_11": 0.0, "DIC_12": 0.23, "FIC_01": 2.0, "FIC_02": 2.0, "FIC_03": 0.0, "FIC_04": 0.0, "FIC_05": 0.0, "FIC_06": 0.0, "FIC_07": 0.0, "FIC_08": 0.0, "FIC_09": 0.0, "FIC_10": 0.0, "FIC_11": 0.0, "FIC_12": 1.0, "SEMRED": 0, "DESCR": " ", "COD_ID": "09fd99d45de6c58654827451a91b71acc3ff192001ac23005f4ecc76e875ae03", "__layer": "UCBT_tab" }, "geometry": null }
]
}
